{"data": {"Page": {"pageInfo": {"total": 12298, "hasNextPage": true}, "media": [{"id": 98433, "title": {"romaji": "Yarimoku Beach ni Shuugakuryokou de!! The Animation", "english": null}, "type": "ANIME", "status": "FINISHED", "description": "Based on the adult manga by Shiwasu no Okina.<br>\n<br>\nContinued story from Nudist Beach ni Shuugakuryokou de !! The Animation. Where they are while on a sightseeing trip, they stop by the Sex Beach. Beach that allows everyone to have sex as freely as a boyfriend or spouse. This time the story is more specific to the MILF teachers of their mentors.<br>\n<br>\n(Source: Nekopoi and Has Been Translated)", "startDate": {"year": 2017, "month": 5, "day": 26}, "endDate": {"year": 2017, "month": 5, "day": 26}, "season": "SPRING", "episodes": 1, "duration": 25, "genres": ["Hentai", "Romance"], "averageScore": 57, "trending": 0, "popularity": 366, "streamingEpisodes": [], "coverImage": {"large": "https://s3.anilist.co/media/anime/cover/medium/nx98433-x81xwH5N5YnU.jpg", "medium": "https://s3.anilist.co/media/anime/cover/small/nx98433-x81xwH5N5YnU.jpg"}, "bannerImage": "https://s3.anilist.co/media/anime/banner/98433-GndUSdKihImd.jpg", "isAdult": true, "format": "OVA"}, {"id": 98434, "title": {"romaji": "Tensei Kendo no Harem Colosseum", "english": null}, "type": "ANIME", "status": "RELEASING", "description": "Telling a fight in the Colosseum. A drama that is doing a battle at the Colosseum to entertain the audience. Behind the drama there is a romantic and harem story created.<br>\n<br>\n(Source: Nekopoi and Has Been Translated)", "startDate": {"year": 2017, "month": 5, "day": 26}, "endDate": {"year": null, "month": null, "day": null}, "season": "SPRING", "episodes": 0, "duration": 22, "genres": ["Hentai", "Romance"], "averageScore": 56, "trending": 0, "popularity": 362, "streamingEpisodes": [], "coverImage": {"large": "https://s3.anilist.co/media/anime/cover/medium/nx98434-EWdEnjvizlbH.jpg", "medium": "https://s3.anilist.co/media/anime/cover/small/nx98434-EWdEnjvizlbH.jpg"}, "bannerImage": "https://s3.anilist.co/media/anime/banner/98434-CeVebTIOVTwD.jpg", "isAdult": true, "format": "OVA"}, {"id": 98435, "title": {"romaji": "Baka Dakedo Chinchin Shaburu no Dake wa Jouzu na Chii-chan", "english": null}, "type": "ANIME", "status": "FINISHED", "description": "Based on the erotic game by OrcSoft.<br>\n<br>\n\"Hey, Kou-chin. Sorry to bug you but, will you help me study?\"<br>\n<br>\nIt was a Saturday. There was still a month of summer vacation to go. Due to complicated family circumstances, Kouta - \"Kou-chin\" - who lives alone meet Chieri - \"Chi-chan\" - a classmate of Kouta's at the conbini near his house.<br>\n<br>\nChi-chan oozed sex. Her big tits and lazily protruding ass were a distraction from whatever he was supposed to be helping her with. She had the kind of body that, if you sat behind her at school, your grades would plummet. Somehow or another she was renting her own place. Whether she had a sugar daddy or did the whole \"paid date\" scene, Kouta didn't know. There were rumors about her, though.<br>\n<br>\nThis ditzy kurogal was his benefactor for the summer. Kouta helped her study - though he could hardly focus - and as a bonus he was endlessly visually entertained. He knew Chi-chan had a boyfriend so...... well, he didn't torture himself with fantasies, but at the same time Chi-chan had a flirty, cockteasing way.<br>\n<br>\n\"Help me study, Kou-chiii~n. Take care of me and I'll take care of your chiiiiiin~\"<br>\n<br>\n(Source: DLsite English)", "startDate": {"year": 2017, "month": 6, "day": 30}, "endDate": {"year": 2017, "month": 7, "day": 28}, "season": "SUMMER", "episodes": 2, "duration": 20, "genres": ["Hentai"], "averageScore": 60, "trending": 0, "popularity": 403, "streamingEpisodes": [], "coverImage": {"large": "https://s3.anilist.co/media/anime/cover/medium/nx98435-X0rM0Ll7EQqa.jpg", "medium": "https://s3.anilist.co/media/anime/cover/small/nx98435-X0rM0Ll7EQqa.jpg"}, "bannerImage": "https://s3.anilist.co/media/anime/banner/98435-1bB8Imnb3ojh.jpg", "isAdult": true, "format": "OVA"}, {"id": 98436, "title": {"romaji": "Mahoutsukai no Yome", "english": "The Ancient Magus' Bride"}, "type": "ANIME", "status": "FINISHED", "description": "Chise Hatori has lived a life full of neglect and abuse, devoid of anything resembling love. Far from the warmth of family, she has had her share of troubles and pitfalls. Just when all hope seems lost, a fateful encounter awaits her. When a man with the head of a beast, wielding strange powers, obtains her through a slave auction, Chise's life will never be the same again.<br><br>\n\n(Source: Seven Seas)", "startDate": {"year": 2017, "month": 10, "day": 8}, "endDate": {"year": 2018, "month": 3, "day": 25}, "season": "FALL", "episodes": 24, "duration": 25, "genres": ["Fantasy", "Slice of Life"], "averageScore": 78, "trending": 1, "popularity": 27714, "streamingEpisodes": [{"title": "Episode 1 - April showers bring May flowers", "url": "http://www.crunchyroll.com/the-ancient-magus-bride/episode-1-april-showers-bring-may-flowers-773745"}, {"title": "Episode 2 - One today is worth two tomorrows", "url": "http://www.crunchyroll.com/the-ancient-magus-bride/episode-2-one-today-is-worth-two-tomorrows-773747"}, {"title": "Episode 3 - The balance distinguishes not between gold and lead", "url": "http://www.crunchyroll.com/the-ancient-magus-bride/episode-3-the-balance-distinguishes-not-between-gold-and-lead-773753"}, {"title": "Episode 4 - Everything must have a beginning", "url": "http://www.crunchyroll.com/the-ancient-magus-bride/episode-4-everything-must-have-a-beginning-773757"}, {"title": "Episode 5 - Love conquers all", "url": "http://www.crunchyroll.com/the-ancient-magus-bride/episode-5-love-conquers-all-773759"}, {"title": "Episode 6 - The Faerie Queene", "url": "http://www.crunchyroll.com/the-ancient-magus-bride/episode-6-the-faerie-queene-773763"}, {"title": "Episode 7 - Talk of the devil, and he is sure to appear.", "url": "http://www.crunchyroll.com/the-ancient-magus-bride/episode-7-talk-of-the-devil-and-he-is-sure-to-appear-773767"}, {"title": "Episode 8 - Let sleeping dogs lie.", "url": "http://www.crunchyroll.com/the-ancient-magus-bride/episode-8-let-sleeping-dogs-lie-773771"}, {"title": "Episode 9 - None so deaf as those who will not hear", "url": "http://www.crunchyroll.com/the-ancient-magus-bride/episode-9-none-so-deaf-as-those-who-will-not-hear-773775"}, {"title": "Episode 10 - We live and learn", "url": "http://www.crunchyroll.com/the-ancient-magus-bride/episode-10-we-live-and-learn-773779"}, {"title": "Episode 11 - Lovers ever run before the clock", "url": "http://www.crunchyroll.com/the-ancient-magus-bride/episode-11-lovers-ever-run-before-the-clock-773783"}, {"title": "Episode 12 - Better to ask the way than go astray", "url": "http://www.crunchyroll.com/the-ancient-magus-bride/episode-12-better-to-ask-the-way-than-go-astray-773789"}, {"title": "Episode 13 - East, west, home's best.", "url": "http://www.crunchyroll.com/the-ancient-magus-bride/episode-13-east-west-homes-best-773793"}, {"title": "Episode 14 - Looks breed love.", "url": "http://www.crunchyroll.com/the-ancient-magus-bride/episode-14-looks-breed-love-773797"}, {"title": "Episode 15 - There is no place like home", "url": "http://www.crunchyroll.com/the-ancient-magus-bride/episode-15-there-is-no-place-like-home-773805"}, {"title": "Episode 16 - God's mill grinds slow but sure", "url": "http://www.crunchyroll.com/the-ancient-magus-bride/episode-16-gods-mill-grinds-slow-but-sure-773807"}, {"title": "Episode 17 - Look before you leap", "url": "http://www.crunchyroll.com/the-ancient-magus-bride/episode-17-look-before-you-leap-773811"}, {"title": "Episode 18 - Forgive and forget", "url": "http://www.crunchyroll.com/the-ancient-magus-bride/episode-18-forgive-and-forget-773815"}, {"title": "Episode 19 - Any port in a storm.", "url": "http://www.crunchyroll.com/the-ancient-magus-bride/episode-19-any-port-in-a-storm-773819"}, {"title": "Episode 20 - You can't make an omelet without breaking a few eggs", "url": "http://www.crunchyroll.com/the-ancient-magus-bride/episode-20-you-cant-make-an-omelet-without-breaking-a-few-eggs-773823"}, {"title": "Episode 21 - Necessity has no law.", "url": "http://www.crunchyroll.com/the-ancient-magus-bride/episode-21-necessity-has-no-law-773827"}, {"title": "Episode 22 - As you sow, so shall you reap.", "url": "http://www.crunchyroll.com/the-ancient-magus-bride/episode-22-as-you-sow-so-shall-you-reap-773831"}, {"title": "Episode 23 - Nothing seek, nothing find.", "url": "http://www.crunchyroll.com/the-ancient-magus-bride/episode-23-nothing-seek-nothing-find-773835"}, {"title": "Episode 24 - Live and let live", "url": "http://www.crunchyroll.com/the-ancient-magus-bride/episode-24-live-and-let-live-773839"}], "coverImage": {"large": "https://s3.anilist.co/media/anime/cover/medium/nx98436-UMxpGC5mcqHy.jpg", "medium": "https://s3.anilist.co/media/anime/cover/small/nx98436-UMxpGC5mcqHy.jpg"}, "bannerImage": "https://s3.anilist.co/media/anime/banner/98436-r7qXSv0AeTcw.jpg", "isAdult": false, "format": "TV"}, {"id": 98437, "title": {"romaji": "Overlord II", "english": null}, "type": "ANIME", "status": "FINISHED", "description": "The second season of <i>Overlord</i>.", "startDate": {"year": 2018, "month": 1, "day": 9}, "endDate": {"year": 2018, "month": 4, "day": 3}, "season": "WINTER", "episodes": 13, "duration": 24, "genres": ["Action", "Adventure", "Fantasy"], "averageScore": 76, "trending": 3, "popularity": 22579, "streamingEpisodes": [{"title": "Episode 13 - Player vs Player", "url": "http://www.crunchyroll.com/overlord/episode-13-player-vs-player-775064"}, {"title": "Episode 12 - Massacre", "url": "http://www.crunchyroll.com/overlord/episode-12-massacre-775063"}, {"title": "Episode 11 - Another Battle", "url": "http://www.crunchyroll.com/overlord/episode-11-another-battle-775062"}, {"title": "Episode 10 - Preparation for War", "url": "http://www.crunchyroll.com/overlord/episode-10-preparation-for-war-775061"}, {"title": "Episode 9 - War of Words", "url": "http://www.crunchyroll.com/overlord/episode-9-war-of-words-775060"}, {"title": "Episode 8 - A Handful of Hope", "url": "http://www.crunchyroll.com/overlord/episode-8-a-handful-of-hope-775059"}, {"title": "Episode 7 - Butterfly Entangled in a Spider\u2019s Web", "url": "http://www.crunchyroll.com/overlord/episode-7-butterfly-entangled-in-a-spiders-web-775058"}, {"title": "Episode 6 - Invitation to Death", "url": "http://www.crunchyroll.com/overlord/episode-6-invitation-to-death-775057"}, {"title": "Episode 5 - Two Leaders", "url": "http://www.crunchyroll.com/overlord/episode-5-two-leaders-775056"}, {"title": "Episode 4 - Giant of the East, Demon Snake of the West", "url": "http://www.crunchyroll.com/overlord/episode-4-giant-of-the-east-demon-snake-of-the-west-775055"}, {"title": "Episode 3 - Enri\u2019s Upheaval and Hectic Days", "url": "http://www.crunchyroll.com/overlord/episode-3-enris-upheaval-and-hectic-days-775054"}, {"title": "Episode 2 - Carne Village Once More", "url": "http://www.crunchyroll.com/overlord/episode-2-carne-village-once-more-775053"}, {"title": "Episode 1 - A Ruler's Melancholy", "url": "http://www.crunchyroll.com/overlord/episode-1-a-rulers-melancholy-775052"}], "coverImage": {"large": "https://s3.anilist.co/media/anime/cover/medium/98437-SbumkH30Ff0m.jpg", "medium": "https://s3.anilist.co/media/anime/cover/small/98437-SbumkH30Ff0m.jpg"}, "bannerImage": "https://s3.anilist.co/media/anime/banner/98437-yZXtJz59UMAo.jpg", "isAdult": false, "format": "TV"}, {"id": 98438, "title": {"romaji": "Hoozuki no Reitetsu 2", "english": "Hozuki\u2019s Coolheadedness 2"}, "type": "ANIME", "status": "FINISHED", "description": "The second season of Hoozuki no Reitetsu.", "startDate": {"year": 2017, "month": 10, "day": 7}, "endDate": {"year": 2017, "month": 12, "day": 31}, "season": "FALL", "episodes": 13, "duration": 23, "genres": ["Comedy", "Fantasy", "Supernatural"], "averageScore": 75, "trending": 0, "popularity": 2382, "streamingEpisodes": [], "coverImage": {"large": "https://s3.anilist.co/media/anime/cover/medium/nx98438-DdWr6KxfD5v4.jpg", "medium": "https://s3.anilist.co/media/anime/cover/small/nx98438-DdWr6KxfD5v4.jpg"}, "bannerImage": "https://s3.anilist.co/media/anime/banner/98438-QjTO0wY6KuyJ.jpg", "isAdult": false, "format": "TV"}, {"id": 98439, "title": {"romaji": "Mitsuboshi Colors", "english": "Mitsuboshi Colors"}, "type": "ANIME", "status": "FINISHED", "description": "Hark! The city is in peril! Who you gonna call? Colors! \n<br><br>\nSacchan, Yui and Kotoha are here to protect the city, solving mysteries and battling enemies with help from their friends.\n<br>But their quest isn't an easy one as their arch-nemesis Saitou, the violent police officer of Ueno, meets them at every turn.", "startDate": {"year": 2018, "month": 1, "day": 7}, "endDate": {"year": 2018, "month": 3, "day": 25}, "season": "WINTER", "episodes": 12, "duration": 24, "genres": ["Comedy", "Slice of Life"], "averageScore": 71, "trending": 0, "popularity": 7496, "streamingEpisodes": [], "coverImage": {"large": "https://s3.anilist.co/media/anime/cover/medium/98439-YqWGvn4Qa8A5.jpg", "medium": "https://s3.anilist.co/media/anime/cover/small/98439-YqWGvn4Qa8A5.jpg"}, "bannerImage": "https://s3.anilist.co/media/anime/banner/98439-JPdhih1rfB8f.png", "isAdult": false, "format": "TV"}, {"id": 98441, "title": {"romaji": "T-sensei", "english": null}, "type": "ANIME", "status": "NOT_YET_RELEASED", "description": "T-sensei initially started as a childcare worker living in Tokyo calling himself T-sensei describing his life of tending kindergarteners on his Twitter since 2012, which received various positive responses.", "startDate": {"year": null, "month": null, "day": null}, "endDate": {"year": null, "month": null, "day": null}, "season": null, "episodes": null, "duration": null, "genres": ["Slice of Life", "Comedy", "Drama"], "averageScore": null, "trending": 0, "popularity": 100, "streamingEpisodes": [], "coverImage": {"large": "https://s3.anilist.co/media/anime/cover/medium/nx98441-yL3xLVbBiJJx.jpg", "medium": "https://s3.anilist.co/media/anime/cover/small/nx98441-yL3xLVbBiJJx.jpg"}, "bannerImage": null, "isAdult": false, "format": "ONA"}, {"id": 98442, "title": {"romaji": "Sekai no Yami Zukan", "english": "The World YAMIZUKAN"}, "type": "ANIME", "status": "FINISHED", "description": "The anime will be in an omnibus short format that will tell stories of the strange and bizarre in our world, including UFOs, cryptids, curses, ancient civilizations, supernatural powers, spiritual experiences, bizarre cases, different dimensions, and urban legends, told in a picture show style.<br><br>\n\n(Source: ANN)", "startDate": {"year": 2017, "month": 4, "day": 3}, "endDate": {"year": 2017, "month": 6, "day": 26}, "season": "SPRING", "episodes": 13, "duration": 5, "genres": ["Horror", "Supernatural"], "averageScore": 39, "trending": 0, "popularity": 1526, "streamingEpisodes": [{"title": "Episode 1 - The Black Shadow of Temptation", "url": "http://www.crunchyroll.com/the-world-yamizukan/episode-1-the-black-shadow-of-temptation-733369"}, {"title": "Episode 2 - The Fairy in the Snow", "url": "http://www.crunchyroll.com/the-world-yamizukan/episode-2-the-fairy-in-the-snow-733371"}, {"title": "Episode 3 - The Reaper Racing Across the Plain", "url": "http://www.crunchyroll.com/the-world-yamizukan/episode-3-the-reaper-racing-across-the-plain-733373"}, {"title": "Episode 4 - What the Mysterious Circle Really Was", "url": "http://www.crunchyroll.com/the-world-yamizukan/episode-4-what-the-mysterious-circle-really-was-733375"}, {"title": "Episode 5 - The Mechanical Men Come", "url": "http://www.crunchyroll.com/the-world-yamizukan/episode-5-the-mechanical-men-come-733377"}, {"title": "Episode 6 - The Nightmare That Disappeared Into the Sand", "url": "http://www.crunchyroll.com/the-world-yamizukan/episode-6-the-nightmare-that-disappeared-into-the-sand-733379"}, {"title": "Episode 7 - The Innocent Clown", "url": "http://www.crunchyroll.com/the-world-yamizukan/episode-7-the-innocent-clown-733381"}, {"title": "Episode 8 - The Mysterious Natives Who Never Get Sick", "url": "http://www.crunchyroll.com/the-world-yamizukan/episode-8-the-mysterious-natives-who-never-get-sick-733383"}, {"title": "Episode 9 - The Cursed Box That Brings Misery", "url": "http://www.crunchyroll.com/the-world-yamizukan/episode-9-the-cursed-box-that-brings-misery-733385"}, {"title": "Episode 10 - The Strange Mask That Sees the End", "url": "http://www.crunchyroll.com/the-world-yamizukan/episode-10-the-strange-mask-that-sees-the-end-733387"}, {"title": "Episode 11 - The Call from Beneath the Earth", "url": "http://www.crunchyroll.com/the-world-yamizukan/episode-11-the-call-from-beneath-the-earth-733389"}, {"title": "Episode 12 - The Red Eyes at the Bottom of the Sea", "url": "http://www.crunchyroll.com/the-world-yamizukan/episode-12-the-red-eyes-at-the-bottom-of-the-sea-733391"}, {"title": "Episode 13 - The Tree Shrouded in Fog", "url": "http://www.crunchyroll.com/the-world-yamizukan/episode-13-the-tree-shrouded-in-fog-733393"}], "coverImage": {"large": "https://s3.anilist.co/media/anime/cover/medium/98442-IR77h747nvhV.jpg", "medium": "https://s3.anilist.co/media/anime/cover/small/98442-IR77h747nvhV.jpg"}, "bannerImage": "https://s3.anilist.co/media/anime/banner/98442-HBKPA1WxafMr.jpg", "isAdult": false, "format": "TV_SHORT"}, {"id": 98443, "title": {"romaji": "Juuni Taisen", "english": "JUNI TAISEN\uff1aZODIAC WAR"}, "type": "ANIME", "status": "FINISHED", "description": "The record of the bloody battle between the twelve proud warriors\u2014<br>\nThe 12th Twelve Tournament that gets held every twelve years\u2026<br>\nTwelve brave warriors who bear the names of the signs of the zodiac fight each other for the lives and souls.<br>\nThe participants are twelve very strange warriors: \u201cRat,\u201d \u201cOx,\u201d \u201cTiger,\u201d \u201cRabbit,\u201d \u201cDragon,\u201d \u201cSnake,\u201d \u201cHorse,\u201d \u201cGoat,\u201d Monkey,\u201d \u201cRooster,\u201d \u201cDog,\u201d and \u201cPig.\u201d<br>\nThe victor of this tournament gets to have one wish granted, whatever the wish may be.<br>\nThe one wish they want granted\u2014<br>\nWho will be the final survivor?<br>\nWhose tears will flow on the bloody battlefield filled with conspiracy and murder?<br>\nA soul-shaking battle royale is about to begin.<br>\n<br>\n(Source: Crunchyroll)", "startDate": {"year": 2017, "month": 10, "day": 3}, "endDate": {"year": 2017, "month": 12, "day": 19}, "season": "FALL", "episodes": 12, "duration": 24, "genres": ["Action", "Thriller"], "averageScore": 61, "trending": 2, "popularity": 13838, "streamingEpisodes": [{"title": "Episode 1 - Even Boars May Become Pigs After Seven Generations", "url": "http://www.crunchyroll.com/juni-taisenzodiac-war/episode-1-even-boars-may-become-pigs-after-seven-generations-767937"}, {"title": "Episode 2 - Tricks Both Mongrel and Fowl", "url": "http://www.crunchyroll.com/juni-taisenzodiac-war/episode-2-tricks-both-mongrel-and-fowl-767939"}, {"title": "Episode 3 - Cutting a Chicken with a Beef Cleaver", "url": "http://www.crunchyroll.com/juni-taisenzodiac-war/episode-3-cutting-a-chicken-with-a-beef-cleaver-767943"}, {"title": "Episode 4 - The Enemy, a Noble Primate", "url": "http://www.crunchyroll.com/juni-taisenzodiac-war/episode-4-the-enemy-a-noble-primate-767947"}, {"title": "Episode 5 - A Wolf in Sheep's Clothing", "url": "http://www.crunchyroll.com/juni-taisenzodiac-war/episode-5-a-wolf-in-sheeps-clothing-767951"}, {"title": "Episode 6 - Even a Champion Racehorse May Stumble", "url": "http://www.crunchyroll.com/juni-taisenzodiac-war/episode-6-even-a-champion-racehorse-may-stumble-767957"}, {"title": "Episode 7 - In Like a Dragon, Out Like a Snake (Part 1)", "url": "http://www.crunchyroll.com/juni-taisenzodiac-war/episode-7-in-like-a-dragon-out-like-a-snake-part-1-767973"}, {"title": "Episode 8 - In Like a Dragon, Out Like a Snake (Part 2)", "url": "http://www.crunchyroll.com/juni-taisenzodiac-war/episode-8-in-like-a-dragon-out-like-a-snake-part-2-767977"}, {"title": "Episode 9 - The Man Who Chases Two Rabbits Catches Neither", "url": "http://www.crunchyroll.com/juni-taisenzodiac-war/episode-9-the-man-who-chases-two-rabbits-catches-neither-767981"}, {"title": "Episode 10 - A Tiger May Die, But It Leaves Its Skin", "url": "http://www.crunchyroll.com/juni-taisenzodiac-war/episode-10-a-tiger-may-die-but-it-leaves-its-skin-767987"}, {"title": "Episode 11 - To Treat a Man to Beef From His Own Cow", "url": "http://www.crunchyroll.com/juni-taisenzodiac-war/episode-11-to-treat-a-man-to-beef-from-his-own-cow-767991"}, {"title": "Episode 12 - The One Wish That Must Be Granted, and the Ninety-nine That Can Be Done Without", "url": "http://www.crunchyroll.com/juni-taisenzodiac-war/episode-12-the-one-wish-that-must-be-granted-and-the-ninety-nine-that-can-be-done-without-767995"}], "coverImage": {"large": "https://s3.anilist.co/media/anime/cover/medium/nx98443-1d7qImgzb6Dj.jpg", "medium": "https://s3.anilist.co/media/anime/cover/small/nx98443-1d7qImgzb6Dj.jpg"}, "bannerImage": "https://s3.anilist.co/media/anime/banner/98443-L05QIn58OWvP.jpg", "isAdult": false, "format": "TV"}, {"id": 98444, "title": {"romaji": "Yuru Camp\u25b3", "english": "Laid-Back Camp"}, "type": "ANIME", "status": "FINISHED", "description": "Rin likes to go camping by herself along the lakes that provide a scenic view of Mt. Fuji. Nadeshiko loves to take cycling trips by herself to places where she can see Mt. Fuji. After they meet, Rin and Nadeshiko take camping trips, eat cup ramen together, and enjoy the scenery. <br><br>(Source: ANN)", "startDate": {"year": 2018, "month": 1, "day": 4}, "endDate": {"year": 2018, "month": 3, "day": 22}, "season": "WINTER", "episodes": 12, "duration": 24, "genres": ["Slice of Life"], "averageScore": 81, "trending": 0, "popularity": 17947, "streamingEpisodes": [{"title": "Episode 1 - Mount Fuji and Curry Noodles", "url": "http://www.crunchyroll.com/laid-back-camp/episode-1-mount-fuji-and-curry-noodles-772659"}, {"title": "Episode 2 - Welcome to the Outdoor Activities Club", "url": "http://www.crunchyroll.com/laid-back-camp/episode-2-welcome-to-the-outdoor-activities-club-772661"}, {"title": "Episode 3 - Mount Fuji and Relaxed Hot Pot Camp", "url": "http://www.crunchyroll.com/laid-back-camp/episode-3-mount-fuji-and-relaxed-hot-pot-camp-772663"}, {"title": "Episode 4 - The Outdoor Activities Club and the Solo Camping Girl", "url": "http://www.crunchyroll.com/laid-back-camp/episode-4-the-outdoor-activities-club-and-the-solo-camping-girl-772671"}, {"title": "Episode 5 - Two Camps, Two Campers' Views", "url": "http://www.crunchyroll.com/laid-back-camp/episode-5-two-camps-two-campers-views-772675"}, {"title": "Episode 6 - Meat and Fall Colors and the Mystery Lake", "url": "http://www.crunchyroll.com/laid-back-camp/episode-6-meat-and-fall-colors-and-the-mystery-lake-772679"}, {"title": "Episode 7 - A Night on the Lake Shore and Campers", "url": "http://www.crunchyroll.com/laid-back-camp/episode-7-a-night-on-the-lake-shore-and-campers-772683"}, {"title": "Episode 8 - Exams, Caribou, Steamed Buns, Yum!", "url": "http://www.crunchyroll.com/laid-back-camp/episode-8-exams-caribou-steamed-buns-yum-772687"}, {"title": "Episode 9 - A Night of Navigator Nadeshiko and Hot Spring Steam", "url": "http://www.crunchyroll.com/laid-back-camp/episode-9-a-night-of-navigator-nadeshiko-and-hot-spring-steam-772691"}, {"title": "Episode 10 - Clumsy Travelers and Camp Meetings", "url": "http://www.crunchyroll.com/laid-back-camp/episode-10-clumsy-travelers-and-camp-meetings-772695"}, {"title": "Episode 11 - Christmas Camp!", "url": "http://www.crunchyroll.com/laid-back-camp/episode-11-christmas-camp-772699"}, {"title": "Episode 12 - Mount Fuji and the Laid-Back Camp Girls", "url": "http://www.crunchyroll.com/laid-back-camp/episode-12-mount-fuji-and-the-laid-back-camp-girls-772705"}], "coverImage": {"large": "https://s3.anilist.co/media/anime/cover/medium/nx98444-8c1bzGc2B2sV.jpg", "medium": "https://s3.anilist.co/media/anime/cover/small/nx98444-8c1bzGc2B2sV.jpg"}, "bannerImage": "https://s3.anilist.co/media/anime/banner/98444-F5UBGNqKalPN.png", "isAdult": false, "format": "TV"}, {"id": 98448, "title": {"romaji": "Kino no Tabi  -the Beautiful World- the Animated Series", "english": "Kino's Journey -the Beautiful World- the Animated Series"}, "type": "ANIME", "status": "FINISHED", "description": "The story follows the travels of Kino, a young adventurer who rides a talking motorcycle named Hermes. They explore the people and cultures of different places throughout their adventures, spending only three days at each location.<br><br>\n\nSource: (ANN)", "startDate": {"year": 2017, "month": 10, "day": 6}, "endDate": {"year": 2017, "month": 12, "day": 22}, "season": "FALL", "episodes": 12, "duration": 24, "genres": ["Adventure", "Drama", "Fantasy", "Slice of Life"], "averageScore": 71, "trending": 1, "popularity": 11129, "streamingEpisodes": [{"title": "Episode 1 - A Country Where People Can Kill Others", "url": "http://www.crunchyroll.com/kinos-journey-the-beautiful-world-the-animated-series/episode-1-a-country-where-people-can-kill-others-749557"}, {"title": "Episode 2 - Colosseum", "url": "http://www.crunchyroll.com/kinos-journey-the-beautiful-world-the-animated-series/episode-2-colosseum-749559"}, {"title": "Episode 3 - Bothersome Country", "url": "http://www.crunchyroll.com/kinos-journey-the-beautiful-world-the-animated-series/episode-3-bothersome-country-749561"}, {"title": "Episode 4 - Ship Country", "url": "http://www.crunchyroll.com/kinos-journey-the-beautiful-world-the-animated-series/episode-4-ship-country-749563"}, {"title": "Episode 5 - Country of Liars", "url": "http://www.crunchyroll.com/kinos-journey-the-beautiful-world-the-animated-series/episode-5-country-of-liars-749565"}, {"title": "Episode 6 - In the Clouds", "url": "http://www.crunchyroll.com/kinos-journey-the-beautiful-world-the-animated-series/episode-6-in-the-clouds-749567"}, {"title": "Episode 7 - Historic Country", "url": "http://www.crunchyroll.com/kinos-journey-the-beautiful-world-the-animated-series/episode-7-historic-country-749569"}, {"title": "Episode 8 - Country of Radio Waves", "url": "http://www.crunchyroll.com/kinos-journey-the-beautiful-world-the-animated-series/episode-8-country-of-radio-waves-749571"}, {"title": "Episode 9 - Various Countries", "url": "http://www.crunchyroll.com/kinos-journey-the-beautiful-world-the-animated-series/episode-9-various-countries-749573"}, {"title": "Episode 10 - Kind Country", "url": "http://www.crunchyroll.com/kinos-journey-the-beautiful-world-the-animated-series/episode-10-kind-country-749575"}, {"title": "Episode 11 - Country of Adults", "url": "http://www.crunchyroll.com/kinos-journey-the-beautiful-world-the-animated-series/episode-11-country-of-adults-749577"}, {"title": "Episode 12 -  Fields of Sheep", "url": "http://www.crunchyroll.com/kinos-journey-the-beautiful-world-the-animated-series/episode-12-fields-of-sheep-749579"}], "coverImage": {"large": "https://s3.anilist.co/media/anime/cover/medium/nx98448-OdfxrjAhkYvp.jpg", "medium": "https://s3.anilist.co/media/anime/cover/small/nx98448-OdfxrjAhkYvp.jpg"}, "bannerImage": "https://s3.anilist.co/media/anime/banner/98448-8ZemNjkScyzs.jpg", "isAdult": false, "format": "TV"}, {"id": 98449, "title": {"romaji": "Kujira no Kora wa Sajou ni Utau", "english": "Children of the Whales"}, "type": "ANIME", "status": "FINISHED", "description": "Chakuro is the 14-year-old archivist of the Mud Whale, a nigh-utopian island that floats across the surface of an endless sea of sand. Nine in ten of the inhabitants of the Mud Whale have been blessed and cursed with the ability to use saimia, special powers that doom them to an early death.<br><br>\n\nChakuro and his friends have stumbled across other islands, but they have never met, seen, or even heard of a human who wasn't from their own. One day, Chakuro visits an island as large as the Mud Whale and meets a girl who will change his destiny.<br><br>\n\n(Source: Batoto)", "startDate": {"year": 2017, "month": 10, "day": 8}, "endDate": {"year": 2017, "month": 12, "day": 24}, "season": "FALL", "episodes": 12, "duration": 24, "genres": ["Adventure", "Mystery", "Drama", "Fantasy", "Sci-Fi", "Romance"], "averageScore": 67, "trending": 1, "popularity": 10347, "streamingEpisodes": [], "coverImage": {"large": "https://s3.anilist.co/media/anime/cover/medium/nx98449-jgDuWOtfIvaE.jpg", "medium": "https://s3.anilist.co/media/anime/cover/small/nx98449-jgDuWOtfIvaE.jpg"}, "bannerImage": "https://s3.anilist.co/media/anime/banner/98449-70WzX4yNEWJZ.jpg", "isAdult": false, "format": "TV"}, {"id": 98450, "title": {"romaji": "Komatsu Sakyo Anime Gekijou", "english": "Sakyo Komatsu's Animation Theater"}, "type": "ANIME", "status": "FINISHED", "description": "A collection of short sci-fi series.", "startDate": {"year": 1989, "month": 10, "day": 19}, "endDate": {"year": 1999, "month": 3, "day": 29}, "season": "FALL", "episodes": 24, "duration": 5, "genres": ["Sci-Fi", "Comedy"], "averageScore": null, "trending": 0, "popularity": 16, "streamingEpisodes": [], "coverImage": {"large": "https://s3.anilist.co/media/anime/cover/medium/98450-aKQ9XM6zj1wi.jpg", "medium": "https://s3.anilist.co/media/anime/cover/small/98450-aKQ9XM6zj1wi.jpg"}, "bannerImage": null, "isAdult": false, "format": "TV_SHORT"}, {"id": 98451, "title": {"romaji": "Ancien to Mahou no Tablet: Mou Hitotsu no Hirune Hime", "english": null}, "type": "ANIME", "status": "FINISHED", "description": "The story will center on the adventure of Ancien, a girl that keeps appearing in Kokone's dreams. The story of the dream is one that Kokone's father told her as a mysterious fairy tale when she was little. Source: (ANN)\n\n(Source: ANN)", "startDate": {"year": 2017, "month": 3, "day": 10}, "endDate": {"year": 2017, "month": 3, "day": 17}, "season": "SPRING", "episodes": 2, "duration": 22, "genres": ["Drama", "Fantasy"], "averageScore": null, "trending": 0, "popularity": 217, "streamingEpisodes": [], "coverImage": {"large": "https://s3.anilist.co/media/anime/cover/medium/98451-ax9RmRUCaLsY.jpg", "medium": "https://s3.anilist.co/media/anime/cover/small/98451-ax9RmRUCaLsY.jpg"}, "bannerImage": null, "isAdult": false, "format": "ONA"}, {"id": 98452, "title": {"romaji": "Donten ni Warau Gaiden: Ketsubetsu, Yamainu no Chikai", "english": null}, "type": "ANIME", "status": "FINISHED", "description": "The first part in an anime film trilogy adaptation of the Donten ni Warau Gaiden (Laughing Under the Clouds - Side Story) spinoff manga.", "startDate": {"year": 2017, "month": 12, "day": 2}, "endDate": {"year": 2017, "month": 12, "day": 2}, "season": "FALL", "episodes": 1, "duration": 60, "genres": ["Action"], "averageScore": null, "trending": 0, "popularity": 845, "streamingEpisodes": [], "coverImage": {"large": "https://s3.anilist.co/media/anime/cover/medium/nx98452-rOuSbBaEpQG3.jpg", "medium": "https://s3.anilist.co/media/anime/cover/small/nx98452-rOuSbBaEpQG3.jpg"}, "bannerImage": null, "isAdult": false, "format": "MOVIE"}, {"id": 98460, "title": {"romaji": "DEVILMAN crybaby", "english": "Devilman Crybaby"}, "type": "ANIME", "status": "FINISHED", "description": "New Devilman project marking Go Nagai's 50th anniversary as a creator.<br><br>The protagonist Akira Fudou learns from his best friend, Ryou Asuka, that an ancient race of demons has returned to take back the world from humans. Ryou tells Akira that the only way to defeat the demons is to incorporate their supernatural powers, and suggests that he unite with a demon himself. Akira succeeds in transforming into Devilman, who possesses both the powers of a demon and the soul of a human. The battle of Devilman and Akira Fudou begins. <br><br>(Source: Netflix)", "startDate": {"year": 2018, "month": 1, "day": 5}, "endDate": {"year": 2018, "month": 1, "day": 5}, "season": "WINTER", "episodes": 10, "duration": 25, "genres": ["Horror", "Supernatural", "Action", "Drama", "Psychological"], "averageScore": 77, "trending": 0, "popularity": 20091, "streamingEpisodes": [], "coverImage": {"large": "https://s3.anilist.co/media/anime/cover/medium/nx98460-WTidxsFZrHfv.jpg", "medium": "https://s3.anilist.co/media/anime/cover/small/nx98460-WTidxsFZrHfv.jpg"}, "bannerImage": "https://s3.anilist.co/media/anime/banner/98460-41KTwGaWg4WR.jpg", "isAdult": false, "format": "ONA"}, {"id": 98465, "title": {"romaji": "Panpaka Pants O NEW-san", "english": null}, "type": "ANIME", "status": "FINISHED", "description": "The third season of Panpaka Pants.<br><br>\n\nThe anime follows Panpaka, a male piglet whose mission it is to collect \"wonderful underwear.\" Panpaka travels with his cat friend Pu-nyan, and the two of them overcome various hurdles to encounter special underwear, such as mermaid underwear or Kung-Fu underwear.<br><br>\n\n(Source: ANN)", "startDate": {"year": 2017, "month": 4, "day": 7}, "endDate": {"year": 2017, "month": 9, "day": 15}, "season": "SPRING", "episodes": 24, "duration": 5, "genres": ["Comedy"], "averageScore": null, "trending": 0, "popularity": 25, "streamingEpisodes": [], "coverImage": {"large": "https://s3.anilist.co/media/anime/cover/medium/nx98465-r2oYs1RBY98w.jpg", "medium": "https://s3.anilist.co/media/anime/cover/small/nx98465-r2oYs1RBY98w.jpg"}, "bannerImage": null, "isAdult": false, "format": "TV_SHORT"}, {"id": 98467, "title": {"romaji": "Zo Zo Zo Zombie-kun", "english": null}, "type": "ANIME", "status": "FINISHED", "description": "A gag manga about \"creepy cute\" zombies.", "startDate": {"year": 2017, "month": 3, "day": 18}, "endDate": {"year": 2017, "month": 3, "day": 25}, "season": "SPRING", "episodes": 3, "duration": 3, "genres": ["Comedy"], "averageScore": null, "trending": 0, "popularity": 24, "streamingEpisodes": [], "coverImage": {"large": "https://s3.anilist.co/media/anime/cover/medium/98467-F6ucY8lfuC1y.jpg", "medium": "https://s3.anilist.co/media/anime/cover/small/98467-F6ucY8lfuC1y.jpg"}, "bannerImage": null, "isAdult": false, "format": "ONA"}, {"id": 98468, "title": {"romaji": "Lunatan: 10,000-nen no Himitsu", "english": null}, "type": "ANIME", "status": "FINISHED", "description": "In the anime's story, there was a prospering civilization thanks to giants called Luna who once brought the energy known as Mana. However, a giant tsunami struck the world and destroyed the civilization. The story takes place underground 10,000 years after the tsunami hit. The main characters are Mokugyo (voiced by Katsuyuki Konishi), a fish named with plant life growing from his back, and a talkative creature named Toriiruka (Tomoko Kaneda). The lonely, needle-covered animal named Harry (Kazutomi Yamamoto) and Yona (Houko Kuwashima), a descendent of the ancients entrusted with with the rebirth of civilization, join the group. Mokugyo and Toriiruka may be able to safely return above ground.\n\nSource: ANN", "startDate": {"year": 2017, "month": 6, "day": 5}, "endDate": {"year": 2017, "month": 6, "day": 16}, "season": "SPRING", "episodes": 10, "duration": 4, "genres": [], "averageScore": null, "trending": 0, "popularity": 21, "streamingEpisodes": [], "coverImage": {"large": "https://s3.anilist.co/media/anime/cover/medium/nx98468-bbdeRX0sFvzW.jpg", "medium": "https://s3.anilist.co/media/anime/cover/small/nx98468-bbdeRX0sFvzW.jpg"}, "bannerImage": null, "isAdult": false, "format": "ONA"}, {"id": 98469, "title": {"romaji": "Koukyoushihen Eureka Seven Hi-Evolution 1", "english": null}, "type": "ANIME", "status": "FINISHED", "description": "The films will follow The First Summer of Love phenomenon that occurred a decade before the first Eureka Seven series. The anime franchise thus far has hinted at, but never depicted in full, \"the beginning of it all.\" The films will then have the same basic story as the first Eureka Seven series, but will have an original ending. The trilogy will have completely re-recorded lines, redone footage, and new scenes.", "startDate": {"year": 2017, "month": 9, "day": 16}, "endDate": {"year": 2017, "month": 9, "day": 16}, "season": "SUMMER", "episodes": 1, "duration": 93, "genres": ["Adventure", "Drama", "Mecha", "Sci-Fi"], "averageScore": 55, "trending": 0, "popularity": 1306, "streamingEpisodes": [], "coverImage": {"large": "https://s3.anilist.co/media/anime/cover/medium/nx98469-gIj5hYCWzcGw.png", "medium": "https://s3.anilist.co/media/anime/cover/small/nx98469-gIj5hYCWzcGw.png"}, "bannerImage": null, "isAdult": false, "format": "MOVIE"}, {"id": 98470, "title": {"romaji": "Koukyoushihen Eureka Seven Hi-Evolution: ANEMONE", "english": null}, "type": "ANIME", "status": "NOT_YET_RELEASED", "description": "The films will follow The First Summer of Love phenomenon that occurred a decade before the first Eureka Seven series. The anime franchise thus far has hinted at, but never depicted in full, \"the beginning of it all.\" The films will then have the same basic story as the first Eureka Seven series, but will have an original ending. The trilogy will have completely re-recorded lines, redone footage, and new scenes.", "startDate": {"year": 2018, "month": 11, "day": 10}, "endDate": {"year": 2018, "month": 11, "day": 10}, "season": "FALL", "episodes": 1, "duration": null, "genres": ["Adventure", "Drama", "Sci-Fi", "Mecha"], "averageScore": null, "trending": 0, "popularity": 898, "streamingEpisodes": [], "coverImage": {"large": "https://s3.anilist.co/media/anime/cover/medium/nx98470-Ktf4cp5K0aSZ.jpg", "medium": "https://s3.anilist.co/media/anime/cover/small/nx98470-Ktf4cp5K0aSZ.jpg"}, "bannerImage": null, "isAdult": false, "format": "MOVIE"}, {"id": 98471, "title": {"romaji": "Koukyoushihen Eureka Seven Hi-Evolution 3", "english": null}, "type": "ANIME", "status": "NOT_YET_RELEASED", "description": "The films will follow The First Summer of Love phenomenon that occurred a decade before the first Eureka Seven series. The anime franchise thus far has hinted at, but never depicted in full, \"the beginning of it all.\" The films will then have the same basic story as the first Eureka Seven series, but will have an original ending. The trilogy will have completely re-recorded lines, redone footage, and new scenes.", "startDate": {"year": 2019, "month": null, "day": null}, "endDate": {"year": null, "month": null, "day": null}, "season": null, "episodes": 1, "duration": null, "genres": ["Adventure", "Drama", "Sci-Fi", "Mecha"], "averageScore": null, "trending": 0, "popularity": 713, "streamingEpisodes": [], "coverImage": {"large": "https://s3.anilist.co/media/anime/cover/medium/nx98471-LJ3k3kFnk56e.jpg", "medium": "https://s3.anilist.co/media/anime/cover/small/nx98471-LJ3k3kFnk56e.jpg"}, "bannerImage": null, "isAdult": false, "format": "MOVIE"}, {"id": 98472, "title": {"romaji": "Africa no Salaryman", "english": "Africa no Salaryman"}, "type": "ANIME", "status": "FINISHED", "description": "The comedy manga follows a lion, toucan, and lizard as they live the lives of office workers in a capitalist society in Japan, while also dealing with their unique situations as animals living beyond the savanna and the food chain.<br><br>(Source: ANN)", "startDate": {"year": 2017, "month": 6, "day": 5}, "endDate": {"year": 2017, "month": 6, "day": 30}, "season": "SPRING", "episodes": 10, "duration": 3, "genres": ["Comedy"], "averageScore": null, "trending": 0, "popularity": 151, "streamingEpisodes": [], "coverImage": {"large": "https://s3.anilist.co/media/anime/cover/medium/nx98472-rzb9SI0lUPjP.jpg", "medium": "https://s3.anilist.co/media/anime/cover/small/nx98472-rzb9SI0lUPjP.jpg"}, "bannerImage": null, "isAdult": false, "format": "ONA"}, {"id": 98473, "title": {"romaji": "Lostorage conflated WIXOSS", "english": null}, "type": "ANIME", "status": "FINISHED", "description": "The second season of <i>Lostorage incited WIXOSS</i>. <br><br>\n\nThe peaceful days turn out to be short-lived as the shadow of another Selector Battle looms large. Kiyoi Mizushima is the first to notice that things are amiss, and she makes her move to put an end to the cycle of darkness.The Battle this time includes a new card, \"Key,\" and has been set up with rules different than before. With both the mastermind and their motive shrouded in mystery, the darkness grows ever deeper and more menacing. Suzuko Homura, Chinatsu Morishita, Hanna Mikage, Ruuko Kominato, Yuzuki Kurebayashi, Hitoe Uemura, and Akira Aoi, the Selectors gather once again.<br><br>\n\n(Source: ANN)", "startDate": {"year": 2018, "month": 4, "day": 7}, "endDate": {"year": 2018, "month": 6, "day": 23}, "season": "SPRING", "episodes": 12, "duration": 23, "genres": ["Psychological"], "averageScore": 66, "trending": 0, "popularity": 2321, "streamingEpisodes": [{"title": "Episode 1 - Memories / Front and Back", "url": "http://www.crunchyroll.com/lostorage-incited-wixoss/episode-1-memories-front-and-back-721833"}, {"title": "Episode 2 - Girl / Ideal and Reality", "url": "http://www.crunchyroll.com/lostorage-incited-wixoss/episode-2-girl-ideal-and-reality-721835"}, {"title": "Episode 3 - Selector / Honey and Poison", "url": "http://www.crunchyroll.com/lostorage-incited-wixoss/episode-3-selector-honey-and-poison-721837"}, {"title": "Episode 4 - Reunion / Bright Light and Chaos", "url": "http://www.crunchyroll.com/lostorage-incited-wixoss/episode-4-reunion-bright-light-and-chaos-721839"}, {"title": "Episode 5 - Friend / Bonds and Chains", "url": "http://www.crunchyroll.com/lostorage-incited-wixoss/episode-5-friend-bonds-and-chains-721841"}, {"title": "Episode 6 - Battle / Past and Present", "url": "http://www.crunchyroll.com/lostorage-incited-wixoss/episode-6-battle-past-and-present-721843"}, {"title": "Episode 7 - Evolution / Pure White and Pitch Black", "url": "http://www.crunchyroll.com/lostorage-incited-wixoss/episode-7-evolution-pure-white-and-pitch-black-721845"}, {"title": "Episode 8 - Darkness / Fervent Desire and Loss", "url": "http://www.crunchyroll.com/lostorage-incited-wixoss/episode-8-darkness-fervent-desire-and-loss-721847"}, {"title": "Episode 9 - Truth / Ending and Beginning", "url": "http://www.crunchyroll.com/lostorage-incited-wixoss/episode-9-truth-ending-and-beginning-721849"}, {"title": "Episode 10 - Devouring Prey / Tragedy and Comedy", "url": "http://www.crunchyroll.com/lostorage-incited-wixoss/episode-10-devouring-prey-tragedy-and-comedy-721851"}, {"title": "Episode 11 - The Two / Suzuko and Chinatsu", "url": "http://www.crunchyroll.com/lostorage-incited-wixoss/episode-11-the-two-suzuko-and-chinatsu-721853"}, {"title": "Episode 12 - Dawn", "url": "http://www.crunchyroll.com/lostorage-incited-wixoss/episode-12-dawn-721855"}], "coverImage": {"large": "https://s3.anilist.co/media/anime/cover/medium/nx98473-1Sge8XSDWtoY.jpg", "medium": "https://s3.anilist.co/media/anime/cover/small/nx98473-1Sge8XSDWtoY.jpg"}, "bannerImage": null, "isAdult": false, "format": "TV"}, {"id": 98474, "title": {"romaji": "High&Low g-sword", "english": "HiGH&LOW g-sword"}, "type": "ANIME", "status": "FINISHED", "description": "In the story, a legendary powerful team called Mugen once dominated a town. The group faced resistance from the formidable Amamiya Brothers, the only ones willing and powerful enough to not give in. In the end, Mugen suddenly disbanded and the Amamiya Brothers disappeared without a trace. Afterward, a group of five gangs \u2014 Sannoh Hoodlum Squad, White Rascals, Oya High School, Rude Boys, and Daruma Ikka \u2014 take over, calling themselves \"G-SWORD\" and naming the area \"SWORD\" after their gang names.", "startDate": {"year": 2017, "month": 3, "day": 27}, "endDate": {"year": 2017, "month": 3, "day": 31}, "season": "SPRING", "episodes": 5, "duration": 1, "genres": [], "averageScore": null, "trending": 0, "popularity": 66, "streamingEpisodes": [], "coverImage": {"large": "https://s3.anilist.co/media/anime/cover/medium/98474-j63LqzESyoSv.jpg", "medium": "https://s3.anilist.co/media/anime/cover/small/98474-j63LqzESyoSv.jpg"}, "bannerImage": null, "isAdult": false, "format": "TV_SHORT"}, {"id": 98475, "title": {"romaji": "Clione no Akari", "english": "Lights of the Clione"}, "type": "ANIME", "status": "FINISHED", "description": "The story centers around an illness-stricken, constantly bullied orphan girl named Minori. After one rainy day, she doesn't turn up at school, having been admitted into a hospital in a distant town. Two months pass, and the girl's two school friends, Takashi and Ky\u014dko, receive a mysterious email with no sender listed. The email reveals a summer festival taking place at a nearby town.<br><br>\n\n(Source: ANN)", "startDate": {"year": 2017, "month": 7, "day": 12}, "endDate": {"year": 2017, "month": 9, "day": 27}, "season": "SUMMER", "episodes": 12, "duration": 10, "genres": ["Drama", "Slice of Life"], "averageScore": 47, "trending": 0, "popularity": 1604, "streamingEpisodes": [], "coverImage": {"large": "https://s3.anilist.co/media/anime/cover/medium/nx98475-I2WJBV5X01gb.jpg", "medium": "https://s3.anilist.co/media/anime/cover/small/nx98475-I2WJBV5X01gb.jpg"}, "bannerImage": "https://s3.anilist.co/media/anime/banner/98475-jra3Ns49y3yD.jpg", "isAdult": false, "format": "TV_SHORT"}, {"id": 98476, "title": {"romaji": "Biblia Koshodou no Jiken Techou", "english": "Biblia Koshodou no Jiken Techou"}, "type": "ANIME", "status": "NOT_YET_RELEASED", "description": "Biblia Koshodou no Jiken Techou is a mystery series where Shinokawa Shioriko, a young owner of a bookstore in Kamakura, unravel mysteries of ancient books that are taken there.\n\nThe story begins with a young man named Daisuke, who grew up practically without reading books due to a \"phobia,\" brings the complete (and autographed) works of Natsume Soseki, Japanese writer of the Meiji era, inherited from his grandmother in the mysterious bookstore. Will the shy and introvert Shioriko solve the mystery of the books?", "startDate": {"year": null, "month": null, "day": null}, "endDate": {"year": null, "month": null, "day": null}, "season": null, "episodes": 1, "duration": null, "genres": ["Drama", "Mystery"], "averageScore": null, "trending": 0, "popularity": 266, "streamingEpisodes": [], "coverImage": {"large": "https://s3.anilist.co/media/anime/cover/medium/98476-wSNcRfThkoK4.jpg", "medium": "https://s3.anilist.co/media/anime/cover/small/98476-wSNcRfThkoK4.jpg"}, "bannerImage": null, "isAdult": false, "format": "MOVIE"}, {"id": 98477, "title": {"romaji": "Shiyan Pin Jiating", "english": "Frankenstein Family"}, "type": "ANIME", "status": "FINISHED", "description": "A scientist couple has been arrested for conducting illegal studies, allegedly for performing genetic modification on five of their children. Youngest children, Dannis, is the only one who grew up as a normal human, and has become the only family member who has to tend to rest of the members and to try to find a medicine to turn them into normal humans again.<br>\n<br>\nDog human, plant gene, spider web gene, as well as mind reading, how will these family members who grew up in the laboratory survive in the outside world?!<br>\n<br>\n(Source: MAL News; edited)", "startDate": {"year": 2018, "month": 4, "day": 9}, "endDate": {"year": 2018, "month": 6, "day": 19}, "season": "SPRING", "episodes": 12, "duration": 18, "genres": ["Sci-Fi", "Supernatural", "Slice of Life"], "averageScore": 58, "trending": 1, "popularity": 3431, "streamingEpisodes": [{"title": "Episode 1 - Family", "url": "http://www.crunchyroll.com/frankenstein-family/episode-1-family-777103"}, {"title": "Episode 2 - Heartbeat", "url": "http://www.crunchyroll.com/frankenstein-family/episode-2-heartbeat-777104"}, {"title": "Episode 3 - Reality", "url": "http://www.crunchyroll.com/frankenstein-family/episode-3-reality-777105"}, {"title": "Episode 4 - Homing", "url": "http://www.crunchyroll.com/frankenstein-family/episode-4-homing-777106"}, {"title": "Episode 5 - Infiltration", "url": "http://www.crunchyroll.com/frankenstein-family/episode-5-infiltration-777107"}, {"title": "Episode 6 - Monster", "url": "http://www.crunchyroll.com/frankenstein-family/episode-6-monster-777108"}, {"title": "Episode 7 - Sisters", "url": "http://www.crunchyroll.com/frankenstein-family/episode-7-sisters-777307"}, {"title": "Episode 8 - Observation", "url": "http://www.crunchyroll.com/frankenstein-family/episode-8-observation-777109"}, {"title": "Episode 9 - Nature", "url": "http://www.crunchyroll.com/frankenstein-family/episode-9-nature-777110"}, {"title": "Episode 10 - Split", "url": "http://www.crunchyroll.com/frankenstein-family/episode-10-split-777111"}, {"title": "Episode 11 - Scales", "url": "http://www.crunchyroll.com/frankenstein-family/episode-11-scales-777112"}, {"title": "Episode 12 - Frankenstein Family", "url": "http://www.crunchyroll.com/frankenstein-family/episode-12-frankenstein-family-777113"}], "coverImage": {"large": "https://s3.anilist.co/media/anime/cover/medium/nx98477-nhh6Sl7JkXZN.jpg", "medium": "https://s3.anilist.co/media/anime/cover/small/nx98477-nhh6Sl7JkXZN.jpg"}, "bannerImage": "https://s3.anilist.co/media/anime/banner/98477-zKjLnT6TAJl2.jpg", "isAdult": false, "format": "TV"}, {"id": 98478, "title": {"romaji": "3-gatsu no Lion 2", "english": "March Comes in Like a Lion 2"}, "type": "ANIME", "status": "FINISHED", "description": "The second season of 3-gatsu no Lion.", "startDate": {"year": 2017, "month": 10, "day": 14}, "endDate": {"year": 2018, "month": 3, "day": 31}, "season": "FALL", "episodes": 22, "duration": 25, "genres": ["Drama", "Slice of Life"], "averageScore": 89, "trending": 2, "popularity": 11845, "streamingEpisodes": [{"title": "Episode 1 - Chapter 1 Rei Kiriyama / Chapter 2 The Town Along the River", "url": "http://www.crunchyroll.com/march-comes-in-like-a-lion/episode-1-chapter-1-rei-kiriyama-chapter-2-the-town-along-the-river-762297"}, {"title": "Episode 2 - Chapter 3 Akari / Chapter 4 Beyond the Bridge", "url": "http://www.crunchyroll.com/march-comes-in-like-a-lion/episode-2-chapter-3-akari-chapter-4-beyond-the-bridge-762299"}, {"title": "Episode 3 - Chapter 5 Harunobu / Chapter 6 Beyond the Night Sky", "url": "http://www.crunchyroll.com/march-comes-in-like-a-lion/episode-3-chapter-5-harunobu-chapter-6-beyond-the-night-sky-762301"}, {"title": "Episode 4 - Chapter 7 Hina / Chapter 8 V.S.", "url": "http://www.crunchyroll.com/march-comes-in-like-a-lion/episode-4-chapter-7-hina-chapter-8-vs-762303"}, {"title": "Episode 5 - Chapter 9 Agreement / Chapter 10 Over the Cuckoo's Nest", "url": "http://www.crunchyroll.com/march-comes-in-like-a-lion/episode-5-chapter-9-agreement-chapter-10-over-the-cuckoos-nest-762305"}, {"title": "Episode 6 - Chapter 11 Child of God (Part One) / Chapter 12 Child of God (Part Two)", "url": "http://www.crunchyroll.com/march-comes-in-like-a-lion/episode-6-chapter-11-child-of-god-part-one-chapter-12-child-of-god-part-two-762307"}, {"title": "Episode 7 - Chapter 13 Child of God (Part Three) / Chapter 14 Important Things. Important Matters / Chapter 15 Teach Me How to Play Shogi", "url": "http://www.crunchyroll.com/march-comes-in-like-a-lion/episode-7-chapter-13-child-of-god-part-three-chapter-14-important-things-important-matters-chapter-15-teach-me-how-to-play-shogi-762309"}, {"title": "Episode 8 - Chapter 15 Teach Me How to Play Shogi / Chapter 16 Image / Chapter 17 Distant Thunder", "url": "http://www.crunchyroll.com/march-comes-in-like-a-lion/episode-8-chapter-15-teach-me-how-to-play-shogi-chapter-16-image-chapter-17-distant-thunder-762311"}, {"title": "Episode 9 - Chapter 18 Distant Thunder (Part 2) / Chapter 19 Distant Thunder (Part 3)", "url": "http://www.crunchyroll.com/march-comes-in-like-a-lion/episode-9-chapter-18-distant-thunder-part-2-chapter-19-distant-thunder-part-3-762313"}, {"title": "Episode 10 - Chapter 20 Something Given (Part 1) / Chapter 21 Something Given (Part 2)", "url": "http://www.crunchyroll.com/march-comes-in-like-a-lion/episode-10-chapter-20-something-given-part-1-chapter-21-something-given-part-2-762333"}, {"title": "Episode 11 - Chapter 22 The Old Year / Chapter 23 The New Year", "url": "http://www.crunchyroll.com/march-comes-in-like-a-lion/episode-11-chapter-22-the-old-year-chapter-23-the-new-year-762335"}, {"title": "Episode 11.5 - Omnibus Special Episode", "url": "http://www.crunchyroll.com/march-comes-in-like-a-lion/episode-115-omnibus-special-episode-762383"}, {"title": "Episode 12 - Chapter 24 What Lies on the Opposite Shore / Chapter 25 Black River (Part 1)", "url": "http://www.crunchyroll.com/march-comes-in-like-a-lion/episode-12-chapter-24-what-lies-on-the-opposite-shore-chapter-25-black-river-part-1-762337"}, {"title": "Episode 13 - Chapter 26 Black River (Part 2) / Chapter 27 Beyond the Door", "url": "http://www.crunchyroll.com/march-comes-in-like-a-lion/episode-13-chapter-26-black-river-part-2-chapter-27-beyond-the-door-762341"}, {"title": "Episode 14 - Chapter 28 Blinding Darkness / Chapter 29 Just a Little Water", "url": "http://www.crunchyroll.com/march-comes-in-like-a-lion/episode-14-chapter-28-blinding-darkness-chapter-29-just-a-little-water-762347"}, {"title": "Episode 15 - Chapter 30 Moonlight / Chapter 31 Lump of Ego", "url": "http://www.crunchyroll.com/march-comes-in-like-a-lion/episode-15-chapter-30-moonlight-chapter-31-lump-of-ego-762349"}, {"title": "Episode 16 - Chapter 32 Running Through the Night / Chapter 33 Middle of the Slope", "url": "http://www.crunchyroll.com/march-comes-in-like-a-lion/episode-16-chapter-32-running-through-the-night-chapter-33-middle-of-the-slope-762353"}, {"title": "Episode 17 - Chapter 34 Silver Thread / Chapter 35 Water's Surface / Chapter 36 Base of the Blue Night", "url": "http://www.crunchyroll.com/march-comes-in-like-a-lion/episode-17-chapter-34-silver-thread-chapter-35-waters-surface-chapter-36-base-of-the-blue-night-762357"}, {"title": "Episode 18 - Chapter 37 Torrent / Chapter 38 Passing Time", "url": "http://www.crunchyroll.com/march-comes-in-like-a-lion/episode-18-chapter-37-torrent-chapter-38-passing-time-762361"}, {"title": "Episode 19 - Chapter 39 Passing the Night / Chapter 40 Kyoto (Part 1)", "url": "http://www.crunchyroll.com/march-comes-in-like-a-lion/episode-19-chapter-39-passing-the-night-chapter-40-kyoto-part-1-762363"}, {"title": "Episode 20 - Chapter 41 Kyoto (Part 2) / Chapter 42 Kyoto (Part 3)", "url": "http://www.crunchyroll.com/march-comes-in-like-a-lion/episode-20-chapter-41-kyoto-part-2-chapter-42-kyoto-part-3-762367"}, {"title": "Episode 21 - Chapter 43 When the Cherry Blossoms Bloom / Chapter 44 Small Murmur", "url": "http://www.crunchyroll.com/march-comes-in-like-a-lion/episode-21-chapter-43-when-the-cherry-blossoms-bloom-chapter-44-small-murmur-762371"}, {"title": "Episode 22 - Chapter 45 New School Term / Fighter", "url": "http://www.crunchyroll.com/march-comes-in-like-a-lion/episode-22-chapter-45-new-school-term-fighter-762377"}], "coverImage": {"large": "https://s3.anilist.co/media/anime/cover/medium/nx98478-jK91Uw1gq5Nr.jpg", "medium": "https://s3.anilist.co/media/anime/cover/small/nx98478-jK91Uw1gq5Nr.jpg"}, "bannerImage": "https://s3.anilist.co/media/anime/banner/98478-Om9j0dRjdCD2.jpg", "isAdult": false, "format": "TV"}, {"id": 98479, "title": {"romaji": "Gurazeni", "english": "Gurazeni: Money Pitch"}, "type": "ANIME", "status": "FINISHED", "description": "The \"baseball money survival\" story focuses on a baseball team that operates as a highly-stratified society, where the player's performance determines his annual salary. The story follows an eight-year relief pitcher with an odd left-handed side-arm throw as he fights to survive under the team's strict system.<br><br>\n\n(Source: ANN)", "startDate": {"year": 2018, "month": 4, "day": 6}, "endDate": {"year": 2018, "month": 6, "day": 22}, "season": "SPRING", "episodes": 12, "duration": 24, "genres": ["Sports"], "averageScore": 53, "trending": 0, "popularity": 1214, "streamingEpisodes": [{"title": "Episode 14 - The Softy", "url": "http://www.crunchyroll.com/gurazeni-money-pitch/episode-14-the-softy-777665"}, {"title": "Episode 13 - Back in the Majors", "url": "http://www.crunchyroll.com/gurazeni-money-pitch/episode-13-back-in-the-majors-777664"}, {"title": "Episode 12 - The Lonely Gourmet", "url": "http://www.crunchyroll.com/gurazeni-money-pitch/episode-12-the-lonely-gourmet-768709"}, {"title": "Episode 10 - High School Recruit, College Recruit", "url": "http://www.crunchyroll.com/gurazeni-money-pitch/episode-10-high-school-recruit-college-recruit-768705"}, {"title": "Episode 9 - Teacher or Cautionary Tale?", "url": "http://www.crunchyroll.com/gurazeni-money-pitch/episode-9-teacher-or-cautionary-tale-768703"}, {"title": "Episode 8 - The Commute to the Stadium", "url": "http://www.crunchyroll.com/gurazeni-money-pitch/episode-8-the-commute-to-the-stadium-768701"}, {"title": "Episode 7 - A Minor League Player in the Majors", "url": "http://www.crunchyroll.com/gurazeni-money-pitch/episode-7-a-minor-league-player-in-the-majors-768699"}, {"title": "Episode 6 - Multiplier", "url": "http://www.crunchyroll.com/gurazeni-money-pitch/episode-6-multiplier-768697"}, {"title": "Episode 5 - Safe Bets, Risky Bets", "url": "http://www.crunchyroll.com/gurazeni-money-pitch/episode-5-safe-bets-risky-bets-768695"}, {"title": "Episode 4 - Railroad to Retirement / The Man Who Couldn't Make Pro", "url": "http://www.crunchyroll.com/gurazeni-money-pitch/episode-4-railroad-to-retirement-the-man-who-couldnt-make-pro-768693"}, {"title": "Episode 3 - Prefecture Clique", "url": "http://www.crunchyroll.com/gurazeni-money-pitch/episode-3-prefecture-clique-768691"}, {"title": "Episode 2 - Tendency / Buddies", "url": "http://www.crunchyroll.com/gurazeni-money-pitch/episode-2-tendency-buddies-768689"}, {"title": "Episode 1 - My Workplace / Spot Starter", "url": "http://www.crunchyroll.com/gurazeni-money-pitch/episode-1-my-workplace-spot-starter-768687"}], "coverImage": {"large": "https://s3.anilist.co/media/anime/cover/medium/nx98479-YteIiMYKnVP3.jpg", "medium": "https://s3.anilist.co/media/anime/cover/small/nx98479-YteIiMYKnVP3.jpg"}, "bannerImage": "https://s3.anilist.co/media/anime/banner/98479-BCnglozOlch3.jpg", "isAdult": false, "format": "TV"}, {"id": 98480, "title": {"romaji": "Daraku Reijou The Animation: Hakoiri Ojousama Netorare Choukyou Kiroku", "english": null}, "type": "ANIME", "status": "FINISHED", "description": "Ichijou Yurika is a pretty girl who is popular in her school and is also the son of the Head of Company. He enjoys a period of dating with his beloved Yuusuke whom he loves very much. But all that has changed since his father's company burned down. Then his father indirectly sold his own son to others for the sake of saving his company.<br>\n<br>\n(Source: Nekopoi and Has Been Translated and Edited)", "startDate": {"year": 2017, "month": 4, "day": 7}, "endDate": {"year": 2017, "month": 4, "day": 7}, "season": "SPRING", "episodes": 1, "duration": 20, "genres": ["Hentai"], "averageScore": 49, "trending": 0, "popularity": 202, "streamingEpisodes": [], "coverImage": {"large": "https://s3.anilist.co/media/anime/cover/medium/nx98480-d52iCTMJ5rtB.jpg", "medium": "https://s3.anilist.co/media/anime/cover/small/nx98480-d52iCTMJ5rtB.jpg"}, "bannerImage": "https://s3.anilist.co/media/anime/banner/98480-dZ31ydoYsHTJ.jpg", "isAdult": true, "format": "OVA"}, {"id": 98491, "title": {"romaji": "Isekai wa Smartphone to Tomo ni.", "english": "In Another World With My Smartphone"}, "type": "ANIME", "status": "FINISHED", "description": "Touya Mochizuki was accidentally killed, and as an apology, God allows him to be reborn in a fantasy world and will grant him any one wish he desires. And so, Touya chooses to keep his smartphone in the next world. In his second chance at life, he befriends many important figures and comes across the world's secret. He inherits the legacy of an ancient civilization and travels around nonchalantly while possessing powers that rival this world's kings.<br><br>(Source: MAL News)", "startDate": {"year": 2017, "month": 7, "day": 11}, "endDate": {"year": 2017, "month": 9, "day": 26}, "season": "SUMMER", "episodes": 12, "duration": 24, "genres": ["Adventure", "Comedy", "Fantasy", "Romance"], "averageScore": 60, "trending": 0, "popularity": 13281, "streamingEpisodes": [{"title": "Episode 1 - Awakening, and Another World", "url": "http://www.crunchyroll.com/in-another-world-with-my-smartphone/episode-1-awakening-and-another-world-742187"}, {"title": "Episode 2 - First Journey, and Samurai", "url": "http://www.crunchyroll.com/in-another-world-with-my-smartphone/episode-2-first-journey-and-samurai-742189"}, {"title": "Episode 3 - Shougi Board, and Underground Ruins", "url": "http://www.crunchyroll.com/in-another-world-with-my-smartphone/episode-3-shougi-board-and-underground-ruins-742191"}, {"title": "Episode 4 - Engagement, and an Uninvited Visitor", "url": "http://www.crunchyroll.com/in-another-world-with-my-smartphone/episode-4-engagement-and-an-uninvited-visitor-742193"}, {"title": "Episode 5 - Slime Castle, and New Functions", "url": "http://www.crunchyroll.com/in-another-world-with-my-smartphone/episode-5-slime-castle-and-new-functions-742195"}, {"title": "Episode 6 - Moving, and a Dragon", "url": "http://www.crunchyroll.com/in-another-world-with-my-smartphone/episode-6-moving-and-a-dragon-742197"}, {"title": "Episode 7 - Nation of Beastmen, and an Observer", "url": "http://www.crunchyroll.com/in-another-world-with-my-smartphone/episode-7-nation-of-beastmen-and-an-observer-742199"}, {"title": "Episode 8 - Daily Life, and Onward to Eashen", "url": "http://www.crunchyroll.com/in-another-world-with-my-smartphone/episode-8-daily-life-and-onward-to-eashen-742201"}, {"title": "Episode 9 - Oedo, and the Immortal Gem", "url": "http://www.crunchyroll.com/in-another-world-with-my-smartphone/episode-9-oedo-and-the-immortal-gem-742203"}, {"title": "Episode 10 - Ocean, and Vacations", "url": "http://www.crunchyroll.com/in-another-world-with-my-smartphone/episode-10-ocean-and-vacations-742205"}, {"title": "Episode 11 - Panties, and an Aerial Garden", "url": "http://www.crunchyroll.com/in-another-world-with-my-smartphone/episode-11-panties-and-an-aerial-garden-742207"}, {"title": "Episode 12 - Decisions, and With My Smartphone", "url": "http://www.crunchyroll.com/in-another-world-with-my-smartphone/episode-12-decisions-and-with-my-smartphone-742209"}], "coverImage": {"large": "https://s3.anilist.co/media/anime/cover/medium/nx98491-5vyX89aabiHz.jpg", "medium": "https://s3.anilist.co/media/anime/cover/small/nx98491-5vyX89aabiHz.jpg"}, "bannerImage": "https://s3.anilist.co/media/anime/banner/98491-6ot86unqGUj4.jpg", "isAdult": false, "format": "TV"}, {"id": 98495, "title": {"romaji": "Free!: Timeless Medley - Kizuna", "english": null}, "type": "ANIME", "status": "FINISHED", "description": "First part of Free!: Timeless Medley", "startDate": {"year": 2017, "month": 4, "day": 22}, "endDate": {"year": 2017, "month": 4, "day": 22}, "season": "SPRING", "episodes": 1, "duration": 98, "genres": ["Sports", "Slice of Life"], "averageScore": 68, "trending": 0, "popularity": 1705, "streamingEpisodes": [], "coverImage": {"large": "https://s3.anilist.co/media/anime/cover/medium/98495-AvWh6V3DsXJ1.jpg", "medium": "https://s3.anilist.co/media/anime/cover/small/98495-AvWh6V3DsXJ1.jpg"}, "bannerImage": null, "isAdult": false, "format": "MOVIE"}, {"id": 98496, "title": {"romaji": "Free!: Timeless Medley - Yakusoku", "english": null}, "type": "ANIME", "status": "FINISHED", "description": "Second part of Free!: Timeless Medley", "startDate": {"year": 2017, "month": 7, "day": 1}, "endDate": {"year": 2017, "month": 7, "day": 1}, "season": "SUMMER", "episodes": 1, "duration": 98, "genres": ["Sports", "Slice of Life"], "averageScore": 68, "trending": 0, "popularity": 1385, "streamingEpisodes": [], "coverImage": {"large": "https://s3.anilist.co/media/anime/cover/medium/98496-mqq0bS7uFgNG.jpg", "medium": "https://s3.anilist.co/media/anime/cover/small/98496-mqq0bS7uFgNG.jpg"}, "bannerImage": null, "isAdult": false, "format": "MOVIE"}, {"id": 98497, "title": {"romaji": "Free!: Take Your Marks", "english": null}, "type": "ANIME", "status": "FINISHED", "description": "Special sequel anime for Free! to Screen in Fall 2017.\nThe single film is composed of 4 short stories that take place in March as Haruka is about to graduate from high school.\n\nTitles:\n#1: Unmei no Choice! (Destined Choice!)\n#2: Hitou no Cooling Down! (Secret Hot Spring Cooling Down!)\n#3: Kessoku no Butterfly! (United Butterfly!)\n#4: Tabitachi no Eternal Blue! (Departing Eternal Blue!)", "startDate": {"year": 2017, "month": 10, "day": 28}, "endDate": {"year": 2017, "month": 10, "day": 28}, "season": "FALL", "episodes": 1, "duration": 108, "genres": ["Sports", "Slice of Life"], "averageScore": 74, "trending": 0, "popularity": 2244, "streamingEpisodes": [], "coverImage": {"large": "https://s3.anilist.co/media/anime/cover/medium/nx98497-uPjY4lYtQHYZ.jpg", "medium": "https://s3.anilist.co/media/anime/cover/small/nx98497-uPjY4lYtQHYZ.jpg"}, "bannerImage": null, "isAdult": false, "format": "MOVIE"}, {"id": 98501, "title": {"romaji": "Youkai Apartment no Yuuga na Nichijou", "english": "Elegant Yokai Apartment Life"}, "type": "ANIME", "status": "FINISHED", "description": "Yuushi Inaba, a 16-year-old boy whose parents died three years ago. He moved into his uncle's house, but resolved to move into a dormitory in high school. Plans changed when that dormitory burned down. He eventually finds a cheap apartment, but discovers too late that the apartment is home to supernatural creatures such as ghosts, youkai, and mononoke, and his daily life becomes embroiled in the eccentric apartment.<br><br>\n\n(Source: ANN, edited)", "startDate": {"year": 2017, "month": 7, "day": 3}, "endDate": {"year": 2017, "month": 12, "day": 25}, "season": "SUMMER", "episodes": 26, "duration": 24, "genres": ["Mystery", "Slice of Life", "Supernatural"], "averageScore": 64, "trending": 0, "popularity": 3958, "streamingEpisodes": [{"title": "Episode 1 - Yushi and Kotobuki-so", "url": "http://www.crunchyroll.com/elegant-yokai-apartment-life/episode-1-yushi-and-kotobuki-so-768153"}, {"title": "Episode 2 - The Residents of the Yokai Apartments", "url": "http://www.crunchyroll.com/elegant-yokai-apartment-life/episode-2-the-residents-of-the-yokai-apartments-768155"}, {"title": "Episode 3 - Kuri and Shiro", "url": "http://www.crunchyroll.com/elegant-yokai-apartment-life/episode-3-kuri-and-shiro-768161"}, {"title": "Episode 4 - This Side", "url": "http://www.crunchyroll.com/elegant-yokai-apartment-life/episode-4-this-side-768163"}, {"title": "Episode 5 - A Place to Call Home", "url": "http://www.crunchyroll.com/elegant-yokai-apartment-life/episode-5-a-place-to-call-home-768167"}, {"title": "Episode 6 - Petit Hierozoicon", "url": "http://www.crunchyroll.com/elegant-yokai-apartment-life/episode-6-petit-hierozoicon-768169"}, {"title": "Episode 7 - I'm in Training", "url": "http://www.crunchyroll.com/elegant-yokai-apartment-life/episode-7-im-in-training-768173"}, {"title": "Episode 8 - Bookmaster", "url": "http://www.crunchyroll.com/elegant-yokai-apartment-life/episode-8-bookmaster-768177"}, {"title": "Episode 9 - New Term", "url": "http://www.crunchyroll.com/elegant-yokai-apartment-life/episode-9-new-term-768181"}, {"title": "Episode 10 - School Ghost Stories?", "url": "http://www.crunchyroll.com/elegant-yokai-apartment-life/episode-10-school-ghost-stories-768187"}, {"title": "Episode 11 - The Worst Possible Meeting", "url": "http://www.crunchyroll.com/elegant-yokai-apartment-life/episode-11-the-worst-possible-meeting-768189"}, {"title": "Episode 12 - I'm Going to the Future", "url": "http://www.crunchyroll.com/elegant-yokai-apartment-life/episode-12-im-going-to-the-future-768193"}, {"title": "Episode 13 - Metamorphosis", "url": "http://www.crunchyroll.com/elegant-yokai-apartment-life/episode-13-metamorphosis-768199"}, {"title": "Episode 14 - Late Night at the Yokai Apartments", "url": "http://www.crunchyroll.com/elegant-yokai-apartment-life/episode-14-late-night-at-the-yokai-apartments-768203"}, {"title": "Episode 15 - A New Teacher Arrives", "url": "http://www.crunchyroll.com/elegant-yokai-apartment-life/episode-15-a-new-teacher-arrives-768207"}, {"title": "Episode 16 - Look at the Full Moon and Jump", "url": "http://www.crunchyroll.com/elegant-yokai-apartment-life/episode-16-look-at-the-full-moon-and-jump-768213"}, {"title": "Episode 17 - The Road to Hell Is Paved With Good Intentions", "url": "http://www.crunchyroll.com/elegant-yokai-apartment-life/episode-17-the-road-to-hell-is-paved-with-good-intentions-768215"}, {"title": "Episode 18 - Words From Deep Within Your Body", "url": "http://www.crunchyroll.com/elegant-yokai-apartment-life/episode-18-words-from-deep-within-your-body-768217"}, {"title": "Episode 19 - Let's Communication", "url": "http://www.crunchyroll.com/elegant-yokai-apartment-life/episode-19-lets-communication-768221"}, {"title": "Episode 20 - Under the Gilt", "url": "http://www.crunchyroll.com/elegant-yokai-apartment-life/episode-20-under-the-gilt-768223"}, {"title": "Episode 21 - It Isn't a Manga!", "url": "http://www.crunchyroll.com/elegant-yokai-apartment-life/episode-21-it-isnt-a-manga-768227"}, {"title": "Episode 22 - Burning Student Assembly!", "url": "http://www.crunchyroll.com/elegant-yokai-apartment-life/episode-22-burning-student-assembly-768233"}, {"title": "Episode 23 - Do You Like Other Faces? Or Not?", "url": "http://www.crunchyroll.com/elegant-yokai-apartment-life/episode-23-do-you-like-other-faces-or-not-768237"}, {"title": "Episode 24 - The Storm Before the Storm", "url": "http://www.crunchyroll.com/elegant-yokai-apartment-life/episode-24-the-storm-before-the-storm-768243"}, {"title": "Episode 25 - A Great Storm Blows", "url": "http://www.crunchyroll.com/elegant-yokai-apartment-life/episode-25-a-great-storm-blows-768247"}, {"title": "Episode 26 - Elegant Yokai Apartment Life", "url": "http://www.crunchyroll.com/elegant-yokai-apartment-life/episode-26-elegant-yokai-apartment-life-768249"}], "coverImage": {"large": "https://s3.anilist.co/media/anime/cover/medium/nx98501-HRKpqduao2b6.jpg", "medium": "https://s3.anilist.co/media/anime/cover/small/nx98501-HRKpqduao2b6.jpg"}, "bannerImage": null, "isAdult": false, "format": "TV"}, {"id": 98502, "title": {"romaji": "Kobayashi-san Chi no OO Dragon", "english": null}, "type": "ANIME", "status": "FINISHED", "description": "Specials included with the BD/DVD release of Kobayashi-san Chi no Maidragon.", "startDate": {"year": 2017, "month": 3, "day": 15}, "endDate": {"year": 2017, "month": 9, "day": 20}, "season": "SPRING", "episodes": 7, "duration": 4, "genres": ["Comedy", "Fantasy", "Slice of Life"], "averageScore": 69, "trending": 1, "popularity": 4735, "streamingEpisodes": [], "coverImage": {"large": "https://s3.anilist.co/media/anime/cover/medium/nx98502-Tam9saZrC6U8.jpg", "medium": "https://s3.anilist.co/media/anime/cover/small/nx98502-Tam9saZrC6U8.jpg"}, "bannerImage": null, "isAdult": false, "format": "SPECIAL"}, {"id": 98503, "title": {"romaji": "Gakuen Babysitters", "english": "School Babysitters"}, "type": "ANIME", "status": "FINISHED", "description": "The manga centers on the brothers Ryuuichi and Kotarou Kashima. Ryuuichi is in high school and Kotarou is still a toddler. After their parents are killed in a plane crash, the two brothers find themselves living with the chairwoman of the Morinomiya Academy, who herself lost her son and daughter-in-law in the same accident. The chairwoman, however, has one stipulation for the brothers in order to live with her: Ryuuichi has to work at the academy's daycare center as a babysitter.<br><br>\n\n(Source: ANN)", "startDate": {"year": 2018, "month": 1, "day": 7}, "endDate": {"year": 2018, "month": 3, "day": 25}, "season": "WINTER", "episodes": 12, "duration": 24, "genres": ["Comedy", "Slice of Life"], "averageScore": 74, "trending": 0, "popularity": 6138, "streamingEpisodes": [{"title": "Episode 1 - Untitled", "url": "http://www.crunchyroll.com/school-babysitters/episode-1-untitled-758659"}, {"title": "Episode 2 - Untitled", "url": "http://www.crunchyroll.com/school-babysitters/episode-2-untitled-758661"}, {"title": "Episode 3 - Untitled", "url": "http://www.crunchyroll.com/school-babysitters/episode-3-untitled-758663"}, {"title": "Episode 4 - Untitled", "url": "http://www.crunchyroll.com/school-babysitters/episode-4-untitled-758665"}, {"title": "Episode 5 - Untitled", "url": "http://www.crunchyroll.com/school-babysitters/episode-5-untitled-758667"}, {"title": "Episode 6 - Untitled", "url": "http://www.crunchyroll.com/school-babysitters/episode-6-untitled-763119"}, {"title": "Episode 7 - Untitled", "url": "http://www.crunchyroll.com/school-babysitters/episode-7-untitled-758671"}, {"title": "Episode 8 - Untitled", "url": "http://www.crunchyroll.com/school-babysitters/episode-8-untitled-758673"}, {"title": "Episode 9 - Untitled", "url": "http://www.crunchyroll.com/school-babysitters/episode-9-untitled-758675"}, {"title": "Episode 10 - Untitled", "url": "http://www.crunchyroll.com/school-babysitters/episode-10-untitled-758677"}, {"title": "Episode 11 - Untitled", "url": "http://www.crunchyroll.com/school-babysitters/episode-11-untitled-758679"}, {"title": "Episode 12 - Untitled", "url": "http://www.crunchyroll.com/school-babysitters/episode-12-untitled-758681"}], "coverImage": {"large": "https://s3.anilist.co/media/anime/cover/medium/nx98503-40pd64fiK2Jf.jpg", "medium": "https://s3.anilist.co/media/anime/cover/small/nx98503-40pd64fiK2Jf.jpg"}, "bannerImage": "https://s3.anilist.co/media/anime/banner/98503-L2Z1uxvDZa8K.jpg", "isAdult": false, "format": "TV"}, {"id": 98504, "title": {"romaji": "Kidou Senshi Gundam: Twilight Axis", "english": "MOBILE SUIT GUNDAM: Twilight AXIS"}, "type": "ANIME", "status": "FINISHED", "description": "Late U.C. 0096. The Earth Federation government, organizes the Mastema special forces team to enter and investigate part of the shattered asteroid Axis, which is drifting in the Earth Sphere. The investigative team accompanying Mehmet includes two civilians named Arlette Almage and Danton Highleg, who were formerly an engineer and a test pilot.<br>\n\nWhile investigating, they come under attack by a private milita.  As the fighting escalates, Arlette, following a secret agenda of her own, makes her way to the wreckage of the Sazabi that lies abandoned on the surface of Axis...<br><br>\n\n(Source: Gundam.Info, edited)", "startDate": {"year": 2017, "month": 6, "day": 23}, "endDate": {"year": 2017, "month": 9, "day": 1}, "season": "SUMMER", "episodes": 6, "duration": 3, "genres": ["Mecha", "Sci-Fi"], "averageScore": 44, "trending": 0, "popularity": 935, "streamingEpisodes": [], "coverImage": {"large": "https://s3.anilist.co/media/anime/cover/medium/nx98504-NU9e32zvLX0Z.jpg", "medium": "https://s3.anilist.co/media/anime/cover/small/nx98504-NU9e32zvLX0Z.jpg"}, "bannerImage": null, "isAdult": false, "format": "ONA"}, {"id": 98505, "title": {"romaji": "Princess Principal", "english": null}, "type": "ANIME", "status": "FINISHED", "description": "The \"spy action\" series follows five girls in 19th century London, a city within the Albion Kingdom divided into east and west by a large wall. The girls serve as undercover spies enrolled as students at the prestigious Queen's Mayfair school. The girls make use of their individual abilities to remain active in the underground world of disguise, espionage, infiltration, and car chases.<br><br>\n\n(Source: Official Website)", "startDate": {"year": 2017, "month": 7, "day": 9}, "endDate": {"year": 2017, "month": 9, "day": 24}, "season": "SUMMER", "episodes": 12, "duration": 24, "genres": ["Action", "Adventure"], "averageScore": 75, "trending": 0, "popularity": 13190, "streamingEpisodes": [], "coverImage": {"large": "https://s3.anilist.co/media/anime/cover/medium/nx98505-y35nnJrhzY0Q.jpg", "medium": "https://s3.anilist.co/media/anime/cover/small/nx98505-y35nnJrhzY0Q.jpg"}, "bannerImage": "https://s3.anilist.co/media/anime/banner/98505-HaHNHpYDL40Y.jpg", "isAdult": false, "format": "TV"}, {"id": 98506, "title": {"romaji": "Konohana Kitan", "english": "KONOHANA KITAN"}, "type": "ANIME", "status": "FINISHED", "description": "The manga's story is set in Kokohana-tei, a hot spring hotel located in an inn town between our world and the other world, where many people go to visit. The story portrays the lives of fox spirits, who take the form of girls and work at the hotel.<br><br>\n\n(Source: ANN)", "startDate": {"year": 2017, "month": 10, "day": 4}, "endDate": {"year": 2017, "month": 12, "day": 20}, "season": "FALL", "episodes": 12, "duration": 24, "genres": ["Slice of Life", "Supernatural"], "averageScore": 73, "trending": 0, "popularity": 8642, "streamingEpisodes": [{"title": "Episode 1 - Sakuya Konohana", "url": "http://www.crunchyroll.com/konohana-kitan/episode-1-sakuya-konohana-749195"}, {"title": "Episode 2 - Spring Journey", "url": "http://www.crunchyroll.com/konohana-kitan/episode-2-spring-journey-749197"}, {"title": "Episode 3 - Waiting Lovesick", "url": "http://www.crunchyroll.com/konohana-kitan/episode-3-waiting-lovesick-749199"}, {"title": "Episode 4 - Raft Bridge of Dreams", "url": "http://www.crunchyroll.com/konohana-kitan/episode-4-raft-bridge-of-dreams-749201"}, {"title": "Episode 5 - The Spring Rains Bring With It", "url": "http://www.crunchyroll.com/konohana-kitan/episode-5-the-spring-rains-bring-with-it-749203"}, {"title": "Episode 6 - Konohanatei Horror Stories", "url": "http://www.crunchyroll.com/konohana-kitan/episode-6-konohanatei-horror-stories-749205"}, {"title": "Episode 7 - Night of the Summer Festival", "url": "http://www.crunchyroll.com/konohana-kitan/episode-7-night-of-the-summer-festival-749207"}, {"title": "Episode 8 - The Transient Guest", "url": "http://www.crunchyroll.com/konohana-kitan/episode-8-the-transient-guest-749209"}, {"title": "Episode 9 - Evanescent...", "url": "http://www.crunchyroll.com/konohana-kitan/episode-9-evanescent-749211"}, {"title": "Episode 10 - The Sister Strikes", "url": "http://www.crunchyroll.com/konohana-kitan/episode-10-the-sister-strikes-749213"}, {"title": "Episode 11 - A God's Day Off", "url": "http://www.crunchyroll.com/konohana-kitan/episode-11-a-gods-day-off-749215"}, {"title": "Episode 12 - Miracle on New Year's Eve", "url": "http://www.crunchyroll.com/konohana-kitan/episode-12-miracle-on-new-years-eve-749217"}], "coverImage": {"large": "https://s3.anilist.co/media/anime/cover/medium/nx98506-BPHtNhP7Q1TD.jpg", "medium": "https://s3.anilist.co/media/anime/cover/small/nx98506-BPHtNhP7Q1TD.jpg"}, "bannerImage": "https://s3.anilist.co/media/anime/banner/98506-VYYlvIkHDjuN.jpg", "isAdult": false, "format": "TV"}, {"id": 98507, "title": {"romaji": "Hand Shakers: Go ago Go", "english": "Hand Shakers: Go ago Go"}, "type": "ANIME", "status": "FINISHED", "description": "Unaired 13th episode of \"Hand Shakers\" telling a prequel story focusing on Koyori and Makihara's past", "startDate": {"year": 2017, "month": 7, "day": 26}, "endDate": {"year": 2017, "month": 7, "day": 26}, "season": "SUMMER", "episodes": 1, "duration": 23, "genres": ["Action"], "averageScore": 45, "trending": 0, "popularity": 538, "streamingEpisodes": [], "coverImage": {"large": "https://s3.anilist.co/media/anime/cover/medium/nx98507-dUU9Ax1kc46R.jpg", "medium": "https://s3.anilist.co/media/anime/cover/small/nx98507-dUU9Ax1kc46R.jpg"}, "bannerImage": "https://s3.anilist.co/media/anime/banner/98507-OCv1o4IaisU5.jpg", "isAdult": false, "format": "SPECIAL"}, {"id": 98511, "title": {"romaji": "Kimi no Hikari: Asagao to Kase-san.", "english": "Your Light: Kase-san and Morning Glories"}, "type": "ANIME", "status": "FINISHED", "description": "Yamada may be shy and rather clumsy, but the flower gardens at her school have always brought her happiness. Suddenly, a different sort of beauty catches her eye\u2014the vivacious track star, Kase-san. Although the two girls don't seem to have much in common, they soon start a romance where each must learn an important lesson in tending their budding relationship. Can the two girls, so different from each other, learn how to make their first love blossom?<br><br>\n\n(Source: Seven Seas)", "startDate": {"year": 2017, "month": 5, "day": 7}, "endDate": {"year": 2017, "month": 5, "day": 7}, "season": "SPRING", "episodes": 1, "duration": 7, "genres": ["Romance", "Music"], "averageScore": 69, "trending": 0, "popularity": 2264, "streamingEpisodes": [], "coverImage": {"large": "https://s3.anilist.co/media/anime/cover/medium/nx98511-eplbIC7OQIJm.jpg", "medium": "https://s3.anilist.co/media/anime/cover/small/nx98511-eplbIC7OQIJm.jpg"}, "bannerImage": null, "isAdult": false, "format": "ONA"}, {"id": 98512, "title": {"romaji": "18if", "english": null}, "type": "ANIME", "status": "FINISHED", "description": "Haruto Tsukishiro wakes up in a dream world and sees a mysterious girl named Lily. Following this, he meets a man named Kanzaki and learns of the existence of witches, which from here on entangles him in all sorts of incidents.", "startDate": {"year": 2017, "month": 7, "day": 7}, "endDate": {"year": 2017, "month": 9, "day": 29}, "season": "SUMMER", "episodes": 13, "duration": 23, "genres": ["Fantasy", "Adventure"], "averageScore": 55, "trending": 0, "popularity": 4050, "streamingEpisodes": [{"title": "Episode 1 - The Witch of Thunder", "url": "http://www.crunchyroll.com/18if/episode-1-the-witch-of-thunder-741761"}, {"title": "Episode 2 - Time Stopped at Age 12", "url": "http://www.crunchyroll.com/18if/episode-2-time-stopped-at-age-12-741763"}, {"title": "Episode 3 - The Witch of First Love", "url": "http://www.crunchyroll.com/18if/episode-3-the-witch-of-first-love-741765"}, {"title": "Episode 4 - The Witch of Gluttony", "url": "http://www.crunchyroll.com/18if/episode-4-the-witch-of-gluttony-741767"}, {"title": "Episode 5 - The Witch of Ordinariness", "url": "http://www.crunchyroll.com/18if/episode-5-the-witch-of-ordinariness-741769"}, {"title": "Episode 6 - Curses Return Upon the Casters", "url": "http://www.crunchyroll.com/18if/episode-6-curses-return-upon-the-casters-741771"}, {"title": "Episode 7 - And Now There Are None...", "url": "http://www.crunchyroll.com/18if/episode-7-and-now-there-are-none-741773"}, {"title": "Episode 8 - THRESHOLD", "url": "http://www.crunchyroll.com/18if/episode-8-threshold-741775"}, {"title": "Episode 9 - Idols Don't Go to the Bathroom!", "url": "http://www.crunchyroll.com/18if/episode-9-idols-dont-go-to-the-bathroom-741777"}, {"title": "Episode 10 - Dream Dimension \u03b1", "url": "http://www.crunchyroll.com/18if/episode-10-dream-dimension-741779"}, {"title": "Episode 11 - The Thorn Cross Association", "url": "http://www.crunchyroll.com/18if/episode-11-the-thorn-cross-association-741781"}, {"title": "Episode 12 - The Witch Wars", "url": "http://www.crunchyroll.com/18if/episode-12-the-witch-wars-741783"}, {"title": "Episode 13 - Eve's Sigh", "url": "http://www.crunchyroll.com/18if/episode-13-eves-sigh-741785"}], "coverImage": {"large": "https://s3.anilist.co/media/anime/cover/medium/nx98512-iF0yiG1Gj40t.jpg", "medium": "https://s3.anilist.co/media/anime/cover/small/nx98512-iF0yiG1Gj40t.jpg"}, "bannerImage": "https://s3.anilist.co/media/anime/banner/98512-l50AaqVTtZTq.jpg", "isAdult": false, "format": "TV"}, {"id": 98513, "title": {"romaji": "URAHARA", "english": null}, "type": "ANIME", "status": "FINISHED", "description": "Three high school girls are putting together a limited-time shop called \"PARK\" in Japan's Harajuku. One day, aliens come to Earth with the intent to steal the famed district's culture. At the same time, a mysterious girl appears. The three girls band together to defeat the alien threat and protect their beloved Harajuku.<br><br>\n(Source: ANN)", "startDate": {"year": 2017, "month": 10, "day": 4}, "endDate": {"year": 2017, "month": 12, "day": 20}, "season": "FALL", "episodes": 12, "duration": 24, "genres": ["Action", "Sci-Fi"], "averageScore": 50, "trending": 0, "popularity": 3529, "streamingEpisodes": [{"title": "Episode 1 - Donut Crisis", "url": "http://www.crunchyroll.com/urahara/episode-1-donut-crisis-749259"}, {"title": "Episode 2 - Popcorn Panic", "url": "http://www.crunchyroll.com/urahara/episode-2-popcorn-panic-749261"}, {"title": "Episode 3 - Cr\u00eape Craving", "url": "http://www.crunchyroll.com/urahara/episode-3-crpe-craving-749263"}, {"title": "Episode 4 - Ice Cream Fever", "url": "http://www.crunchyroll.com/urahara/episode-4-ice-cream-fever-749265"}, {"title": "Episode 5 - Gummy Gummy Dummy", "url": "http://www.crunchyroll.com/urahara/episode-5-gummy-gummy-dummy-749267"}, {"title": "Episode 6 - Cotton Heart", "url": "http://www.crunchyroll.com/urahara/episode-6-cotton-heart-749269"}, {"title": "Episode 7 - Sakuramochi Blues", "url": "http://www.crunchyroll.com/urahara/episode-7-sakuramochi-blues-749271"}, {"title": "Episode 8 - Fabulous Cr\u00eape", "url": "http://www.crunchyroll.com/urahara/episode-8-fabulous-crpe-749273"}, {"title": "Episode 9 - Bitter Candy", "url": "http://www.crunchyroll.com/urahara/episode-9-bitter-candy-749275"}, {"title": "Episode 10 - Swallowing Queen", "url": "http://www.crunchyroll.com/urahara/episode-10-swallowing-queen-749277"}, {"title": "Episode 11 - Fried Shrimp Runaway", "url": "http://www.crunchyroll.com/urahara/episode-11-fried-shrimp-runaway-749279"}, {"title": "Episode 12 - Goodbye Parfait", "url": "http://www.crunchyroll.com/urahara/episode-12-goodbye-parfait-749281"}], "coverImage": {"large": "https://s3.anilist.co/media/anime/cover/medium/nx98513-IARUSpAhc1Mu.jpg", "medium": "https://s3.anilist.co/media/anime/cover/small/nx98513-IARUSpAhc1Mu.jpg"}, "bannerImage": "https://s3.anilist.co/media/anime/banner/98513-DXFHco9Sr6I6.jpg", "isAdult": false, "format": "TV"}, {"id": 98514, "title": {"romaji": "Uma Musume Pretty Derby", "english": "Umamusume: Pretty Derby"}, "type": "ANIME", "status": "FINISHED", "description": "The game's concept begins with Uma Musume (Horse Girls), girls endowed with excellent running capability, and who aim to become top idols and compete in the national sports entertainment show \"Twinkle Series.\"<br><br>\n\n(Source: ANN)", "startDate": {"year": 2018, "month": 4, "day": 2}, "endDate": {"year": 2018, "month": 6, "day": 18}, "season": "SPRING", "episodes": 13, "duration": 24, "genres": ["Sports", "Drama"], "averageScore": 72, "trending": 0, "popularity": 7339, "streamingEpisodes": [{"title": "Episode 1 - Gate of Dreams!", "url": "http://www.crunchyroll.com/umamusume-pretty-derby/episode-1-gate-of-dreams-767903"}, {"title": "Episode 2 - The Debut Race out of Nowhere", "url": "http://www.crunchyroll.com/umamusume-pretty-derby/episode-2-the-debut-race-out-of-nowhere-767905"}, {"title": "Episode 3 - First Big Win", "url": "http://www.crunchyroll.com/umamusume-pretty-derby/episode-3-first-big-win-767907"}, {"title": "Episode 4 - Special Training!", "url": "http://www.crunchyroll.com/umamusume-pretty-derby/episode-4-special-training-767909"}, {"title": "Episode 5 - The Derby With Rivals", "url": "http://www.crunchyroll.com/umamusume-pretty-derby/episode-5-the-derby-with-rivals-767911"}, {"title": "Episode 6 - Autumn Skies and Horse Girls", "url": "http://www.crunchyroll.com/umamusume-pretty-derby/episode-6-autumn-skies-and-horse-girls-767913"}, {"title": "Episode 7 - Promise", "url": "http://www.crunchyroll.com/umamusume-pretty-derby/episode-7-promise-767915"}, {"title": "Episode 8 - For You", "url": "http://www.crunchyroll.com/umamusume-pretty-derby/episode-8-for-you-767917"}, {"title": "Episode 9 - Dreams of Spica", "url": "http://www.crunchyroll.com/umamusume-pretty-derby/episode-9-dreams-of-spica-767919"}, {"title": "Episode 10 - No Matter How Many Times I Lose", "url": "http://www.crunchyroll.com/umamusume-pretty-derby/episode-10-no-matter-how-many-times-i-lose-767921"}, {"title": "Episode 11 - Welcome Back!", "url": "http://www.crunchyroll.com/umamusume-pretty-derby/episode-11-welcome-back-767923"}, {"title": "Episode 12 - Stage of Dreams", "url": "http://www.crunchyroll.com/umamusume-pretty-derby/episode-12-stage-of-dreams-767925"}, {"title": "Episode 13 - Echo, Fanfare!", "url": "http://www.crunchyroll.com/umamusume-pretty-derby/episode-13-echo-fanfare-767927"}], "coverImage": {"large": "https://s3.anilist.co/media/anime/cover/medium/nx98514-geFGBsXbKLjQ.jpg", "medium": "https://s3.anilist.co/media/anime/cover/small/nx98514-geFGBsXbKLjQ.jpg"}, "bannerImage": "https://s3.anilist.co/media/anime/banner/98514-U5VS9j3Thd92.jpg", "isAdult": false, "format": "TV"}, {"id": 98515, "title": {"romaji": "Hatena\u2606Illusion", "english": null}, "type": "ANIME", "status": "NOT_YET_RELEASED", "description": "The series centers on Makoto Shiranui, a boy who travels to Tokyo seeking to become the apprentice of Mamoru Hoshisato, a world-famous magician and friend of his parents. Ever since he had watched a show by Mamoru and his wife Maive, he had dreamed of being a magician. Their daughter Kana (nicknamed Hatena) has been Makoto's friend since childhood. Even though Tokyo has had a rash of burglaries by a beautiful woman thief, Makoto can rest easy as long as Hatena is there. When he arrives at the Hoshisato residence, a haunted mansion, the family butler Jeeves and the maid Emma greet him, and he is reunited with Hatena, only to find out that they don't really get along now.<br><br>\n\n(Source: ANN)", "startDate": {"year": null, "month": null, "day": null}, "endDate": {"year": null, "month": null, "day": null}, "season": null, "episodes": null, "duration": null, "genres": ["Comedy", "Ecchi", "Romance", "Supernatural"], "averageScore": null, "trending": 0, "popularity": 248, "streamingEpisodes": [], "coverImage": {"large": "https://s3.anilist.co/media/anime/cover/medium/nx98515-sCr8HOrdPOe6.jpg", "medium": "https://s3.anilist.co/media/anime/cover/small/nx98515-sCr8HOrdPOe6.jpg"}, "bannerImage": null, "isAdult": false, "format": "TV"}, {"id": 98516, "title": {"romaji": "Mazinger Z Movie: INFINITY", "english": null}, "type": "ANIME", "status": "FINISHED", "description": "The film is commemorating the 45th anniversary of the original Mazinger Z series.\n\nIt has been 10 years since then. Humanity awaits a new fate.\n\nOnce humanity was on the verge of destruction at the hands of the evil scientist Dr. Hell and his underground empire. Kouji Kabuto, his Mazinger Z super robot, and his friends at the photon power laboratory put an end to Dr. Hell's evil ambitions, and returned peace to the world.\n\nIt has been 10 years since then. Kouji has followed his father and grandfather and now walks the path of a scientist. He encounters a mysterious life form buried in a giant structure buried deep below Mt. Fuji. A new encounter, a new threat, and a new fate await humanity. And Kouji, who was once a hero, makes a decision for the future.\n\nIt can be a god or a demon.\n\nOnce again the future is entrusted to Mazinger Z. \n<br><br>\n(Source: ANN)", "startDate": {"year": 2018, "month": 1, "day": 13}, "endDate": {"year": 2018, "month": 1, "day": 13}, "season": "WINTER", "episodes": 1, "duration": 95, "genres": ["Action", "Comedy", "Mecha", "Sci-Fi", "Supernatural"], "averageScore": 62, "trending": 0, "popularity": 570, "streamingEpisodes": [], "coverImage": {"large": "https://s3.anilist.co/media/anime/cover/medium/nx98516-VvOfjUvuoV39.jpg", "medium": "https://s3.anilist.co/media/anime/cover/small/nx98516-VvOfjUvuoV39.jpg"}, "bannerImage": null, "isAdult": false, "format": "MOVIE"}, {"id": 98517, "title": {"romaji": "Kaito x Ansa", "english": null}, "type": "ANIME", "status": "FINISHED", "description": "Another \"puzzle-solving TV anime\" from the creators of Nazotokine.", "startDate": {"year": 2017, "month": 7, "day": 12}, "endDate": {"year": 2017, "month": 9, "day": 27}, "season": "SUMMER", "episodes": 12, "duration": 7, "genres": ["Mystery"], "averageScore": null, "trending": 0, "popularity": 336, "streamingEpisodes": [], "coverImage": {"large": "https://s3.anilist.co/media/anime/cover/medium/98517-24L5nZGJHITo.jpg", "medium": "https://s3.anilist.co/media/anime/cover/small/98517-24L5nZGJHITo.jpg"}, "bannerImage": null, "isAdult": false, "format": "TV_SHORT"}]}}}