{"data": {"Page": {"pageInfo": {"total": 12297, "hasNextPage": true}, "media": [{"id": 17651, "title": {"romaji": "Genei wo Kakeru Taiyou", "english": "Day Break Illusion"}, "type": "ANIME", "status": "FINISHED", "description": "Since ancient times long past, this world has been ruled by two tarot cards: <br>\nDiablos Tarot\u2014The tarot of the devil that feasts on the souls of living humans and uses that nourishment to bring countless pain and suffering.<br>\nElemental Tarot\u2014The tarot that draws its energy from the power of nature in order to oppose the Diablos Tarot.<br><br>\nGirls chosen from 22 different bloodlines become the wielders of the Elemental Tarot, plunging themselves into this secret battle. To maintain the balance of this world, while carrying unbearable guilt\u2026 <br><br>\nAre they executioners? Or saviors? This is the story of the long, long battle fought by girls who cannot escape the fate they bear.<br><br>\n(Source: ANN)", "startDate": {"year": 2013, "month": 6, "day": 23}, "endDate": {"year": 2013, "month": 9, "day": 28}, "season": "SUMMER", "episodes": 13, "duration": 24, "genres": ["Action", "Mahou Shoujo"], "averageScore": 59, "trending": 0, "popularity": 5237, "streamingEpisodes": [{"title": "PV", "url": "http://www.crunchyroll.com/day-break-illusion/day-break-illusion-pv-627849"}, {"title": "Episode 1 - Dark Spot of the Sun", "url": "http://www.crunchyroll.com/day-break-illusion/episode-1-dark-spot-of-the-sun-628549"}, {"title": "Episode 2 - The Blood-Soaked Future", "url": "http://www.crunchyroll.com/day-break-illusion/episode-2-the-blood-soaked-future-628551"}, {"title": "Episode 3 - Voices of Condolence", "url": "http://www.crunchyroll.com/day-break-illusion/episode-3-voices-of-condolence-628553"}, {"title": "Episode 4 - Is This a Painting?", "url": "http://www.crunchyroll.com/day-break-illusion/episode-4-is-this-a-painting-628555"}, {"title": "Episode 5 - Ah, Money, Money! How Many Sad Things Must Occur in This World Due to Money?", "url": "http://www.crunchyroll.com/day-break-illusion/episode-5-ah-money-money-how-many-sad-things-must-occur-in-this-world-due-to-money-628557"}, {"title": "Episode 6 - Is To the Ends with the Star", "url": "http://www.crunchyroll.com/day-break-illusion/episode-6-is-to-the-ends-with-the-star-628559"}, {"title": "Episode 7 - A Lovely Holiday", "url": "http://www.crunchyroll.com/day-break-illusion/episode-7-a-lovely-holiday-628561"}, {"title": "Episode 8 - The Overflowing Water", "url": "http://www.crunchyroll.com/day-break-illusion/episode-8-the-overflowing-water-628563"}, {"title": "Episode 9 - The Moon's Light, The Sun's Shadow", "url": "http://www.crunchyroll.com/day-break-illusion/episode-9-the-moons-light-the-suns-shadow-628565"}, {"title": "Episode 10 - Like Burning Away...", "url": "http://www.crunchyroll.com/day-break-illusion/episode-10-like-burning-away-628567"}, {"title": "Episode 11 - Your Path", "url": "http://www.crunchyroll.com/day-break-illusion/episode-11-your-path-628569"}, {"title": "Episode 12 - Choosing Your Destiny", "url": "http://www.crunchyroll.com/day-break-illusion/episode-12-choosing-your-destiny-628571"}, {"title": "Episode 13 - The Sun's Smile", "url": "http://www.crunchyroll.com/day-break-illusion/episode-13-the-suns-smile-628573"}], "coverImage": {"large": "https://s3.anilist.co/media/anime/cover/medium/17651.jpg", "medium": "https://s3.anilist.co/media/anime/cover/small/17651.jpg"}, "bannerImage": null, "isAdult": false, "format": "TV"}, {"id": 17653, "title": {"romaji": "Kuromajo-san ga Tooru!! 2nd Season", "english": "Here Comes the Black Witch!! 2"}, "type": "ANIME", "status": "FINISHED", "description": "Continuation of the first season.", "startDate": {"year": 2013, "month": 4, "day": 3}, "endDate": {"year": 2014, "month": 2, "day": 19}, "season": "SPRING", "episodes": 28, "duration": 7, "genres": ["Comedy", "Slice of Life"], "averageScore": null, "trending": 0, "popularity": 65, "streamingEpisodes": [], "coverImage": {"large": "https://s3.anilist.co/media/anime/cover/medium/17653.jpg", "medium": "https://s3.anilist.co/media/anime/cover/small/17653.jpg"}, "bannerImage": null, "isAdult": false, "format": "TV_SHORT"}, {"id": 17655, "title": {"romaji": "Kidou Senshi Gundam AGE: Memory of Eden", "english": null}, "type": "ANIME", "status": "FINISHED", "description": "This project will recompile the television series (from the Asemu arc onward) to focus on the characters Asemu Asuno and Zeheart Galette.", "startDate": {"year": 2013, "month": 7, "day": 26}, "endDate": {"year": 2013, "month": 7, "day": 26}, "season": "SUMMER", "episodes": 1, "duration": 150, "genres": ["Action", "Drama", "Mecha", "Sci-Fi"], "averageScore": 59, "trending": 0, "popularity": 402, "streamingEpisodes": [], "coverImage": {"large": "https://s3.anilist.co/media/anime/cover/medium/17655.jpg", "medium": "https://s3.anilist.co/media/anime/cover/small/17655.jpg"}, "bannerImage": null, "isAdult": false, "format": "OVA"}, {"id": 17657, "title": {"romaji": "Chibi Neko Tomu no Daibouken: Chikyuu wo Sukue! Nakama-tachi", "english": null}, "type": "ANIME", "status": "FINISHED", "description": "Anime adaptation of children's stories \"The Adventures of Tom the small Cat\" by Masumi Lino (&#39151;&#37326;&#30495;&#28548;) (Story) and Yumiko Imai (&#20170;&#20117;&#24339;&#23376;) (Illustrations).", "startDate": {"year": 1992, "month": null, "day": null}, "endDate": {"year": 1992, "month": null, "day": null}, "season": null, "episodes": 1, "duration": 85, "genres": ["Adventure"], "averageScore": null, "trending": 0, "popularity": 18, "streamingEpisodes": [], "coverImage": {"large": "https://s3.anilist.co/media/anime/cover/medium/17657.jpg", "medium": "https://s3.anilist.co/media/anime/cover/small/17657.jpg"}, "bannerImage": null, "isAdult": false, "format": "SPECIAL"}, {"id": 17659, "title": {"romaji": "Gunnm 3D Special", "english": null}, "type": "ANIME", "status": "FINISHED", "description": "A 3 minute 3D-CGI rendered movie clip included with volume 6 of the Gunnm: Complete Edition manga reprint. It showcases Alita in a Third League motorball race with players from two of her races such as \"Armor\" Togo, Degchalev, and Valdicci, and depicts events from both of those races.<br><br>\n(Source: AniDB)", "startDate": {"year": 2000, "month": 8, "day": 18}, "endDate": {"year": 2000, "month": 8, "day": 18}, "season": "SUMMER", "episodes": 1, "duration": 3, "genres": ["Action", "Sci-Fi", "Sports"], "averageScore": 43, "trending": 0, "popularity": 191, "streamingEpisodes": [], "coverImage": {"large": "https://s3.anilist.co/media/anime/cover/medium/17659.jpg", "medium": "https://s3.anilist.co/media/anime/cover/small/17659.jpg"}, "bannerImage": null, "isAdult": false, "format": "OVA"}, {"id": 17665, "title": {"romaji": "Dohyou no Oni-tachi", "english": null}, "type": "ANIME", "status": "FINISHED", "description": "Animated film about the life of the 45th Yokozuna, Wakanohana Kanji I. <br><br>\n(Source: AniDB)", "startDate": {"year": 1994, "month": 5, "day": 21}, "endDate": {"year": 1994, "month": 5, "day": 21}, "season": "SPRING", "episodes": 1, "duration": 91, "genres": ["Drama", "Sports"], "averageScore": null, "trending": 0, "popularity": 18, "streamingEpisodes": [], "coverImage": {"large": "https://s3.anilist.co/media/anime/cover/medium/17665.jpg", "medium": "https://s3.anilist.co/media/anime/cover/small/17665.jpg"}, "bannerImage": null, "isAdult": false, "format": "MOVIE"}, {"id": 17667, "title": {"romaji": "Harisu no Kaze", "english": null}, "type": "ANIME", "status": "FINISHED", "description": "A boy known as a troublemaker transfers into a new school. <br><br>\n(Source: AniDB)", "startDate": {"year": 1966, "month": 5, "day": 5}, "endDate": {"year": 1967, "month": 8, "day": 31}, "season": "SPRING", "episodes": 70, "duration": 25, "genres": ["Comedy"], "averageScore": null, "trending": 0, "popularity": 36, "streamingEpisodes": [], "coverImage": {"large": "https://s3.anilist.co/media/anime/cover/medium/17667.jpg", "medium": "https://s3.anilist.co/media/anime/cover/small/17667.jpg"}, "bannerImage": null, "isAdult": false, "format": "TV"}, {"id": 17669, "title": {"romaji": "Kunimatsu-sama no Otoridai", "english": null}, "type": "ANIME", "status": "FINISHED", "description": "A comedy about a group of kids forming a school baseball team, with the leader being very stubborn and argumentative.<br><br>\n(Source: AniDB)", "startDate": {"year": 1971, "month": 10, "day": 6}, "endDate": {"year": 1972, "month": 9, "day": 25}, "season": "FALL", "episodes": 46, "duration": 22, "genres": ["Comedy", "Sports"], "averageScore": null, "trending": 0, "popularity": 33, "streamingEpisodes": [], "coverImage": {"large": "https://s3.anilist.co/media/anime/cover/medium/17669.jpg", "medium": "https://s3.anilist.co/media/anime/cover/small/17669.jpg"}, "bannerImage": null, "isAdult": false, "format": "TV"}, {"id": 17671, "title": {"romaji": "Animal 1", "english": null}, "type": "ANIME", "status": "FINISHED", "description": "Ichirou Azuma, a young amateur wrestler, wants to participate in the Olympics Games in Mexico.<br><br>\n(Source: ANN)", "startDate": {"year": 1968, "month": 4, "day": 1}, "endDate": {"year": 1968, "month": 9, "day": 30}, "season": "SPRING", "episodes": 27, "duration": 22, "genres": ["Sports"], "averageScore": null, "trending": 0, "popularity": 32, "streamingEpisodes": [], "coverImage": {"large": "https://s3.anilist.co/media/anime/cover/medium/17671.jpg", "medium": "https://s3.anilist.co/media/anime/cover/small/17671.jpg"}, "bannerImage": null, "isAdult": false, "format": "TV"}, {"id": 17673, "title": {"romaji": "Kyubi no Kitsune to Tobimaru (Sesshoseki)", "english": null}, "type": "ANIME", "status": "FINISHED", "description": "The film was adapted from a novel by Okamoto Kidou based on a legend surrounding a sterile patch of land at the foot of Mt. Chausu, an active volcano located in Tochigi Prefecture. Since the Heian period the spot has been known to exude poisonous gas (hydrogen sulfide, sulfur dioxide, arsenic) that has killed animals and people who happened to wander near the area. <br><br>\nA legend arose at one time that long ago in China a kitsune transformed itself into a beautiful maiden, seduced the emperor and caused numerous misfortunes to befall the kingdom, then found her way to Japan, transformed herself into a beautiful maiden called Tamamo, and seduced the emperor etc., before finally being unmasked and killed. <br>\nUpon her death she cursed her killers and transformed herself on this spot into a poisonous stone called Sesshoseki.<br><br>\n(Source: Pelleas Anipages)", "startDate": {"year": 1968, "month": 10, "day": 19}, "endDate": {"year": 1968, "month": 10, "day": 19}, "season": "FALL", "episodes": 1, "duration": 81, "genres": ["Fantasy"], "averageScore": null, "trending": 0, "popularity": 34, "streamingEpisodes": [], "coverImage": {"large": "https://s3.anilist.co/media/anime/cover/medium/17673.jpg", "medium": "https://s3.anilist.co/media/anime/cover/small/17673.jpg"}, "bannerImage": null, "isAdult": false, "format": "MOVIE"}, {"id": 17675, "title": {"romaji": "Otogi no Sekai Ryoko", "english": null}, "type": "ANIME", "status": "FINISHED", "description": "Seven short films combined in one theatrical movie telling the story of Otogi's Studio voyage around the world.", "startDate": {"year": 1962, "month": 8, "day": 25}, "endDate": {"year": 1962, "month": 8, "day": 25}, "season": "SUMMER", "episodes": 1, "duration": 76, "genres": ["Adventure"], "averageScore": null, "trending": 0, "popularity": 21, "streamingEpisodes": [], "coverImage": {"large": "https://s3.anilist.co/media/anime/cover/medium/17675.jpg", "medium": "https://s3.anilist.co/media/anime/cover/small/17675.jpg"}, "bannerImage": null, "isAdult": false, "format": "MOVIE"}, {"id": 17677, "title": {"romaji": "Buki yo Saraba", "english": "A Farewell to Weapons"}, "type": "ANIME", "status": "FINISHED", "description": "Based on a story by Otomo (Katsuhiro), it's about a ragtag group of hard-talkin', power suit-wearin' men tasked with disarming automatic tanks in a post-apocalyptic Tokyo.<br>\n<br>\n(Source: Crunchyroll)<br>\n<br>\nThis movie is part of Otomo Katsuhiro's omnibus project \"Short Peace\" (Hi no Youjin, Tsukumo, Gambo and Buki yo Saraba).<br>\n<br>\nWinner of the Platinum Grand Prize during the 2014 Future Film Festival, held in Italy.", "startDate": {"year": 2013, "month": 7, "day": 20}, "endDate": {"year": 2013, "month": 7, "day": 20}, "season": "SUMMER", "episodes": 1, "duration": 25, "genres": ["Action", "Drama", "Sci-Fi"], "averageScore": 64, "trending": 1, "popularity": 975, "streamingEpisodes": [], "coverImage": {"large": "https://s3.anilist.co/media/anime/cover/medium/17677.jpg", "medium": "https://s3.anilist.co/media/anime/cover/small/17677.jpg"}, "bannerImage": "https://s3.anilist.co/media/anime/banner/17677-JIL5Uif884WK.png", "isAdult": false, "format": "MOVIE"}, {"id": 17679, "title": {"romaji": "Gambo", "english": null}, "type": "ANIME", "status": "FINISHED", "description": "Gambo is about a battle between a creature who's been killing members of a royal Japanese family, and a mysterious white bear who protects them.<br>\n<br>\n(Source: Crunchyroll)<br>\n<br>\nThis movie is part of Otomo Katsuhiro's omnibus project \"Short Peace\" (Hi no Youjin, Tsukumo, Gambo and Buki yo Saraba).<br>\n<br>\nWinner of the Platinum Grand Prize during the 2014 Future Film Festival, held in Italy.", "startDate": {"year": 2013, "month": 7, "day": 20}, "endDate": {"year": 2013, "month": 7, "day": 20}, "season": "SUMMER", "episodes": 1, "duration": 12, "genres": ["Fantasy"], "averageScore": 60, "trending": 0, "popularity": 827, "streamingEpisodes": [], "coverImage": {"large": "https://s3.anilist.co/media/anime/cover/medium/17679.jpg", "medium": "https://s3.anilist.co/media/anime/cover/small/17679.jpg"}, "bannerImage": "https://s3.anilist.co/media/anime/banner/17679-8EyYKnPocv1Z.png", "isAdult": false, "format": "MOVIE"}, {"id": 17681, "title": {"romaji": "Zettai Bouei Leviathan", "english": "Leviathan: The Last Defense"}, "type": "ANIME", "status": "FINISHED", "description": "The story is set in Aquafall, a fantasy world abound with water and greenery, and populated by dragons and fairies. Meteorites suddenly bring forth evil creatures that threaten all living things on the planet. The fairy Syrup assembles the Aquafall Defense Force, with three girls of the dragon clans as recruits. The story follows Syrup and the dragon girls Leviathan, Bahamut, and J\u00f6rmungandr as they work together to battle enemies and grow up.<br><br>\r\n(Source: ANN)", "startDate": {"year": 2013, "month": 4, "day": 6}, "endDate": {"year": 2013, "month": 7, "day": 6}, "season": "SPRING", "episodes": 13, "duration": 20, "genres": ["Comedy", "Fantasy"], "averageScore": 57, "trending": 0, "popularity": 2564, "streamingEpisodes": [{"title": "Episode 1 - I'll Make You My Friend!", "url": "http://www.crunchyroll.com/zettai-boei-leviatan/episode-1-ill-make-you-my-friend-622585"}, {"title": "Episode 2 - You'll Get Stuck!", "url": "http://www.crunchyroll.com/zettai-boei-leviatan/episode-2-youll-get-stuck-622587"}, {"title": "Episode 3 - I'll Go Deep!", "url": "http://www.crunchyroll.com/zettai-boei-leviatan/episode-3-ill-go-deep-622589"}, {"title": "Episode 4 - I'll Call You!", "url": "http://www.crunchyroll.com/zettai-boei-leviatan/episode-4-ill-call-you-622591"}, {"title": "Episode 5 - I'm Going on Vacation!", "url": "http://www.crunchyroll.com/zettai-boei-leviatan/episode-5-im-going-on-vacation-622593"}, {"title": "Episode 6 - I'll Have My Revenge!", "url": "http://www.crunchyroll.com/zettai-boei-leviatan/episode-6-ill-have-my-revenge-622595"}, {"title": "Episode 7 - I'll Find It!", "url": "http://www.crunchyroll.com/zettai-boei-leviatan/episode-7-ill-find-it-622599"}, {"title": "Episode 8 - It's Definitely Suspicious!", "url": "http://www.crunchyroll.com/zettai-boei-leviatan/episode-8-its-definitely-suspicious-622601"}, {"title": "Episode 9 - I'm Definitely Going to Take a Bath!", "url": "http://www.crunchyroll.com/zettai-boei-leviatan/episode-9-im-definitely-going-to-take-a-bath-622603"}, {"title": "Episode 10 - I'll Definitely Cheer You Up!", "url": "http://www.crunchyroll.com/zettai-boei-leviatan/episode-10-ill-definitely-cheer-you-up-622607"}, {"title": "Episode 11 - I'll Definitely Revive You!", "url": "http://www.crunchyroll.com/zettai-boei-leviatan/episode-11-ill-definitely-revive-you-622609"}, {"title": "Episode 12 - It's Definitely a Shock!", "url": "http://www.crunchyroll.com/zettai-boei-leviatan/episode-12-its-definitely-a-shock-622611"}, {"title": "Episode 13 - I'll Definitely Defend It!", "url": "http://www.crunchyroll.com/zettai-boei-leviatan/episode-13-ill-definitely-defend-it-622597"}], "coverImage": {"large": "https://s3.anilist.co/media/anime/cover/medium/17681.jpg", "medium": "https://s3.anilist.co/media/anime/cover/small/17681.jpg"}, "bannerImage": "https://s3.anilist.co/media/anime/banner/17681-WK5caGheMQbN.jpg", "isAdult": false, "format": "TV"}, {"id": 17687, "title": {"romaji": "Bemubemu Hunter Kotengu Tenmaru", "english": null}, "type": "ANIME", "status": "FINISHED", "description": "Adventures of a demon slayer Tenmaru.", "startDate": {"year": 1983, "month": 5, "day": 26}, "endDate": {"year": 1983, "month": 10, "day": 27}, "season": "SPRING", "episodes": 19, "duration": 25, "genres": ["Adventure", "Fantasy"], "averageScore": null, "trending": 0, "popularity": 20, "streamingEpisodes": [], "coverImage": {"large": "https://s3.anilist.co/media/anime/cover/medium/17687.jpg", "medium": "https://s3.anilist.co/media/anime/cover/small/17687.jpg"}, "bannerImage": null, "isAdult": false, "format": "TV"}, {"id": 17689, "title": {"romaji": "Chironup no Kitsune", "english": null}, "type": "ANIME", "status": "FINISHED", "description": "Based on the novel \"Chironup no Kitsune (Foxes of Chironup)\" by Hiroyuki Takahashi.", "startDate": {"year": 1987, "month": 8, "day": 15}, "endDate": {"year": 1987, "month": 8, "day": 15}, "season": "SUMMER", "episodes": 1, "duration": 72, "genres": ["Drama"], "averageScore": null, "trending": 0, "popularity": 70, "streamingEpisodes": [], "coverImage": {"large": "https://s3.anilist.co/media/anime/cover/medium/17689.jpg", "medium": "https://s3.anilist.co/media/anime/cover/small/17689.jpg"}, "bannerImage": null, "isAdult": false, "format": "MOVIE"}, {"id": 17693, "title": {"romaji": "Erementar Gerad: Aozora no Senki", "english": null}, "type": "ANIME", "status": "FINISHED", "description": "Short promotional animation clip was released as part of a special Comic Blade Digital DVD sold at Animate.<br><br>\nBased on a manga \"Erementar Gerad: Aozora no Senki\" by Azuma Mayumi serialised in Comic Blade Masamune and later in Comic Blade Avarus starting on September 15, 2007. It is a spin-off of the mangaka's earlier series Elemental Gelade.<br><br>\n(Source: AniDB)", "startDate": {"year": 2005, "month": 3, "day": 19}, "endDate": {"year": 2005, "month": 3, "day": 19}, "season": "SPRING", "episodes": 1, "duration": 2, "genres": ["Music"], "averageScore": 49, "trending": 0, "popularity": 131, "streamingEpisodes": [], "coverImage": {"large": "https://s3.anilist.co/media/anime/cover/medium/17693.jpg", "medium": "https://s3.anilist.co/media/anime/cover/small/17693.jpg"}, "bannerImage": null, "isAdult": false, "format": "MUSIC"}, {"id": 17697, "title": {"romaji": "Neon The Animation", "english": null}, "type": "ANIME", "status": "FINISHED", "description": "Promotional animated videos of Osaka's entertainment and shopping district, Nipponbashi (or colloquially known as Nippombashi) narrated by Nipponbashi's mascot Neon and her sister Hikari-chan. Nipponbashi is the equal of Tokyo's Akihabara.", "startDate": {"year": 2011, "month": 7, "day": 4}, "endDate": {"year": 2015, "month": 4, "day": 3}, "season": "SUMMER", "episodes": 6, "duration": 5, "genres": ["Comedy", "Mecha", "Slice of Life"], "averageScore": null, "trending": 0, "popularity": 93, "streamingEpisodes": [], "coverImage": {"large": "https://s3.anilist.co/media/anime/cover/medium/17697.jpg", "medium": "https://s3.anilist.co/media/anime/cover/small/17697.jpg"}, "bannerImage": null, "isAdult": false, "format": "ONA"}, {"id": 17699, "title": {"romaji": "Toriko Movie: Bishokushin no Special Menu", "english": null}, "type": "ANIME", "status": "FINISHED", "description": "The new Toriko movie, planned for Summer 2013.", "startDate": {"year": 2013, "month": 7, "day": 27}, "endDate": {"year": 2013, "month": 7, "day": 27}, "season": "SUMMER", "episodes": 1, "duration": 72, "genres": ["Action", "Adventure", "Fantasy"], "averageScore": 64, "trending": 0, "popularity": 428, "streamingEpisodes": [], "coverImage": {"large": "https://s3.anilist.co/media/anime/cover/medium/17699.jpg", "medium": "https://s3.anilist.co/media/anime/cover/small/17699.jpg"}, "bannerImage": null, "isAdult": false, "format": "MOVIE"}, {"id": 17703, "title": {"romaji": "Danchi Tomoo", "english": null}, "type": "ANIME", "status": "FINISHED", "description": "It's a heartwarming and sometimes nonsense comedy about an elementary school boy Tomoo Kinoshita.", "startDate": {"year": 2013, "month": 4, "day": 6}, "endDate": {"year": 2015, "month": 2, "day": 7}, "season": "SPRING", "episodes": 78, "duration": 24, "genres": ["Comedy"], "averageScore": null, "trending": 0, "popularity": 113, "streamingEpisodes": [], "coverImage": {"large": "https://s3.anilist.co/media/anime/cover/medium/17703.jpg", "medium": "https://s3.anilist.co/media/anime/cover/small/17703.jpg"}, "bannerImage": null, "isAdult": false, "format": "TV"}, {"id": 17705, "title": {"romaji": "DD Hokuto no Ken", "english": "DD Fist of the North Star"}, "type": "ANIME", "status": "FINISHED", "description": "It's a special project commemorating the 30th anniversary of Hokuto no Ken.", "startDate": {"year": 2013, "month": 4, "day": 2}, "endDate": {"year": 2015, "month": 12, "day": 22}, "season": "SPRING", "episodes": 25, "duration": 24, "genres": [], "averageScore": 55, "trending": 0, "popularity": 252, "streamingEpisodes": [{"title": "Episode 1 - The End of the Century is Quite Normal. Kenshiro Appears!  \\ Sing, Kenshiro, to Take Back the Love!!", "url": "http://www.crunchyroll.com/dd-fist-of-the-north-star/episode-1-the-end-of-the-century-is-quite-normal-kenshiro-appears-sing-kenshiro-to-take-back-the-love-625919"}, {"title": "Episode 2 - Money Never Dies! South Star is the Enemy! \\ Don't Sleep!! The Convenience Store Without a Headstone!", "url": "http://www.crunchyroll.com/dd-fist-of-the-north-star/episode-2-money-never-dies-south-star-is-the-enemy-dont-sleep-the-convenience-store-without-a-headstone-625921"}, {"title": "Episode 3 - Dastardly! Hell is Too Kind for Stalkers! \\ There are no Bananas! Kenshiro's First Shopping Trip", "url": "http://www.crunchyroll.com/dd-fist-of-the-north-star/episode-3-dastardly-hell-is-too-kind-for-stalkers-there-are-no-bananas-kenshiros-first-shopping-trip-625943"}, {"title": "Episode 4 - Hey, It's Me! Raoh and the Little Old Woman \\ Healthy! Healthy Lifestyle!! In the Case of Toki-san", "url": "http://www.crunchyroll.com/dd-fist-of-the-north-star/episode-4-hey-its-me-raoh-and-the-little-old-woman-healthy-healthy-lifestyle-in-the-case-of-toki-san-625945"}, {"title": "Episode 5 - The Girl Who Wants to Get Married, Love is Confusing \\ It's Juza of the Clouds, the Brothers in Trouble", "url": "http://www.crunchyroll.com/dd-fist-of-the-north-star/episode-5-the-girl-who-wants-to-get-married-love-is-confusing-its-juza-of-the-clouds-the-brothers-in-trouble-625947"}, {"title": "Episode 6 - What's Your Name? Thouzer's English Cram School \\ One Summer's Fist, as Many as the Waves!", "url": "http://www.crunchyroll.com/dd-fist-of-the-north-star/episode-6-whats-your-name-thouzers-english-cram-school-one-summers-fist-as-many-as-the-waves-626595"}, {"title": "Episode 7 - The Homeless Saviors! They'll Just Have to Build a House! \\ Mars Atta-ttacks! Yuria Sang That Day", "url": "http://www.crunchyroll.com/dd-fist-of-the-north-star/episode-7-the-homeless-saviors-theyll-just-have-to-build-a-house-mars-atta-ttacks-yuria-sang-that-day-626597"}, {"title": "Episode 8 - Raoh is Kidnapped! Suddenly a Love Story \\ Jagi is the Star! I Was Waiting For This", "url": "http://www.crunchyroll.com/dd-fist-of-the-north-star/episode-8-raoh-is-kidnapped-suddenly-a-love-story-jagi-is-the-star-i-was-waiting-for-this-626599"}, {"title": "Episode 9 - Take Back Yuria! Kenshiro vs. Shin vs. Yokohama Gang Part One \\ Take Back Yuria! Kenshiro vs. Shin vs. Yokohama Sightseeing Part Two", "url": "http://www.crunchyroll.com/dd-fist-of-the-north-star/episode-9-take-back-yuria-kenshiro-vs-shin-vs-yokohama-gang-part-one-take-back-yuria-kenshiro-vs-shin-vs-yokohama-sightseeing-part-two-627479"}, {"title": "Episode 10 - He is as Firm as a Rock! Fudo Moves! \\ What is a Girls' Night Out? We'd Like to Ask You!", "url": "http://www.crunchyroll.com/dd-fist-of-the-north-star/episode-10-he-is-as-firm-as-a-rock-fudo-moves-what-is-a-girls-night-out-wed-like-to-ask-you-627481"}, {"title": "Episode 11 - Yororei Yororei! Rei, Take Back the Love \\ The Time Has Come! Kenshiro vs. Raoh, The Intense Battle!", "url": "http://www.crunchyroll.com/dd-fist-of-the-north-star/episode-11-yororei-yororei-rei-take-back-the-love-the-time-has-come-kenshiro-vs-raoh-the-intense-battle-627483"}, {"title": "Episode 12 - Raoh Catches a Cold! \\ Kenshiro Gets Drunk!", "url": "http://www.crunchyroll.com/dd-fist-of-the-north-star/episode-12-raoh-catches-a-cold-kenshiro-gets-drunk-627781"}, {"title": "Episode 13 - Battle to the Death! South Star vs. North Star \\ The Final Battle, Kenshiro vs. Yuria?!", "url": "http://www.crunchyroll.com/dd-fist-of-the-north-star/episode-13-battle-to-the-death-south-star-vs-north-star-the-final-battle-kenshiro-vs-yuria-627783"}], "coverImage": {"large": "https://s3.anilist.co/media/anime/cover/medium/17705.jpg", "medium": "https://s3.anilist.co/media/anime/cover/small/17705.jpg"}, "bannerImage": null, "isAdult": false, "format": "TV"}, {"id": 17707, "title": {"romaji": "Glass no Kamen Desu ga", "english": null}, "type": "ANIME", "status": "FINISHED", "description": "The anime will re-imagine the story with the characters Maya Kitajima and her rival Ayumi Himekawa being delinquent girls who both aspire to be the leader of the \"Crimson Goddess\" gang.", "startDate": {"year": 2013, "month": 4, "day": 7}, "endDate": {"year": 2013, "month": 7, "day": 28}, "season": "SPRING", "episodes": 17, "duration": 3, "genres": ["Comedy"], "averageScore": null, "trending": 0, "popularity": 141, "streamingEpisodes": [], "coverImage": {"large": "https://s3.anilist.co/media/anime/cover/medium/17707.jpg", "medium": "https://s3.anilist.co/media/anime/cover/small/17707.jpg"}, "bannerImage": null, "isAdult": false, "format": "TV_SHORT"}, {"id": 17717, "title": {"romaji": "Kidou Senshi Gundam: Dai 08 MS Shotai - Sanjigen to Notatakai", "english": null}, "type": "ANIME", "status": "FINISHED", "description": "A short special included with the Blu-ray box set.", "startDate": {"year": 2013, "month": 2, "day": 22}, "endDate": {"year": 2013, "month": 2, "day": 22}, "season": "WINTER", "episodes": 1, "duration": 9, "genres": ["Action", "Mecha"], "averageScore": 66, "trending": 0, "popularity": 746, "streamingEpisodes": [], "coverImage": {"large": "https://s3.anilist.co/media/anime/cover/medium/17717.jpg", "medium": "https://s3.anilist.co/media/anime/cover/small/17717.jpg"}, "bannerImage": null, "isAdult": false, "format": "SPECIAL"}, {"id": 17719, "title": {"romaji": "Mahou Tsukai Sally (Movie)", "english": null}, "type": "ANIME", "status": "FINISHED", "description": "Sally the Witch movie.", "startDate": {"year": 1990, "month": 3, "day": 10}, "endDate": {"year": 1990, "month": 3, "day": 10}, "season": "SPRING", "episodes": 1, "duration": 25, "genres": ["Comedy"], "averageScore": null, "trending": 0, "popularity": 55, "streamingEpisodes": [], "coverImage": {"large": "https://s3.anilist.co/media/anime/cover/medium/17719.jpg", "medium": "https://s3.anilist.co/media/anime/cover/small/17719.jpg"}, "bannerImage": null, "isAdult": false, "format": "MOVIE"}, {"id": 17721, "title": {"romaji": "Rennyo Monogatari", "english": null}, "type": "ANIME", "status": "FINISHED", "description": "A dramatization based on the novel \"The Story of Rennyo\" by Hiroyuki Itsuki.", "startDate": {"year": 1998, "month": 4, "day": 25}, "endDate": {"year": 1998, "month": 4, "day": 25}, "season": "SPRING", "episodes": 1, "duration": 86, "genres": ["Drama"], "averageScore": null, "trending": 0, "popularity": 27, "streamingEpisodes": [], "coverImage": {"large": "https://s3.anilist.co/media/anime/cover/medium/17721.jpg", "medium": "https://s3.anilist.co/media/anime/cover/small/17721.jpg"}, "bannerImage": null, "isAdult": false, "format": "MOVIE"}, {"id": 17725, "title": {"romaji": "Magical\u2606Star Kanon 100%", "english": null}, "type": "ANIME", "status": "FINISHED", "description": "Kanon spin-off OVA bundled with vol. 22 of the <em>Kami nomi zo Shiru Sekai</em> manga.<br><br>\n(Source: Weekly Shonen Sunday)", "startDate": {"year": 2013, "month": 6, "day": 18}, "endDate": {"year": 2013, "month": 6, "day": 18}, "season": "SUMMER", "episodes": 1, "duration": 24, "genres": [], "averageScore": 64, "trending": 1, "popularity": 3024, "streamingEpisodes": [], "coverImage": {"large": "https://s3.anilist.co/media/anime/cover/medium/17725.jpg", "medium": "https://s3.anilist.co/media/anime/cover/small/17725.jpg"}, "bannerImage": null, "isAdult": false, "format": "OVA"}, {"id": 17727, "title": {"romaji": "Haitai Nanafa 2nd Season", "english": null}, "type": "ANIME", "status": "FINISHED", "description": "Continuation of the first season.", "startDate": {"year": 2013, "month": 4, "day": 6}, "endDate": {"year": 2013, "month": 6, "day": 29}, "season": "SPRING", "episodes": 13, "duration": 3, "genres": ["Comedy", "Supernatural"], "averageScore": 53, "trending": 0, "popularity": 411, "streamingEpisodes": [], "coverImage": {"large": "https://s3.anilist.co/media/anime/cover/medium/17727.jpg", "medium": "https://s3.anilist.co/media/anime/cover/small/17727.jpg"}, "bannerImage": null, "isAdult": false, "format": "TV_SHORT"}, {"id": 17729, "title": {"romaji": "Grisaia no Kajitsu", "english": "The Fruit of Grisaia"}, "type": "ANIME", "status": "FINISHED", "description": "The anime revolves around Mihama Academy, a prison-like school built to preserve fruit that has fallen too far from its tree. It is home to five female students who each have their reasons for enrolling in the academy and live their life idly within the walls of Mihama. <br>\r\n <br>\r\nOne day, Kazami Yuuji the institute\u2019s first male student arrives and throws the orderly rhythm of Mihama off balance. Is Yuuji what the girls need to hold of their lives once more, or will the weight of their pasts prove too steep a wall to overcome? Or is his past even heavier than any of the others?<br>\r\n<br>\r\n(Source: Crunchyroll)", "startDate": {"year": 2014, "month": 10, "day": 5}, "endDate": {"year": 2014, "month": 12, "day": 28}, "season": "FALL", "episodes": 13, "duration": 24, "genres": ["Drama", "Romance"], "averageScore": 72, "trending": 0, "popularity": 21468, "streamingEpisodes": [], "coverImage": {"large": "https://s3.anilist.co/media/anime/cover/medium/17729.jpg", "medium": "https://s3.anilist.co/media/anime/cover/small/17729.jpg"}, "bannerImage": "https://s3.anilist.co/media/anime/banner/17729-9jx6Kk3Etn3N.jpg", "isAdult": false, "format": "TV"}, {"id": 17731, "title": {"romaji": "Ketsuekigata-kun!", "english": null}, "type": "ANIME", "status": "FINISHED", "description": "The anime adapted from the manga remake version of the Korean webtoon \"A Simple Thinking about Bloodtypes\" involving the faceless and nameless characters of four different blood types to discuss about popular anthropomorphized blood types (the stereotypes about the blood types) in Japan and Korea.<br><br>\n(Source: ANN)", "startDate": {"year": 2013, "month": 4, "day": 7}, "endDate": {"year": 2013, "month": 6, "day": 23}, "season": "SPRING", "episodes": 12, "duration": 2, "genres": ["Comedy"], "averageScore": 58, "trending": 0, "popularity": 1008, "streamingEpisodes": [], "coverImage": {"large": "https://s3.anilist.co/media/anime/cover/medium/17731.jpg", "medium": "https://s3.anilist.co/media/anime/cover/small/17731.jpg"}, "bannerImage": null, "isAdult": false, "format": "TV_SHORT"}, {"id": 17733, "title": {"romaji": "Dibetagurashi: Ahiru no Seikatsu", "english": null}, "type": "ANIME", "status": "FINISHED", "description": "The story follows the daily life of a group of birds, including a duck, an old nihilistic great grey owl, and a gluttonous Caique parrot.<br><br>\r\n(Source: ANN)", "startDate": {"year": 2013, "month": 4, "day": 7}, "endDate": {"year": 2014, "month": 3, "day": 30}, "season": "SPRING", "episodes": 39, "duration": 3, "genres": ["Comedy", "Slice of Life"], "averageScore": null, "trending": 0, "popularity": 121, "streamingEpisodes": [], "coverImage": {"large": "https://s3.anilist.co/media/anime/cover/medium/17733.jpg", "medium": "https://s3.anilist.co/media/anime/cover/small/17733.jpg"}, "bannerImage": null, "isAdult": false, "format": "TV_SHORT"}, {"id": 17739, "title": {"romaji": "Hidamari Sketch: Sae Hiro Sotsugyou-hen", "english": null}, "type": "ANIME", "status": "FINISHED", "description": "The anime will center on the graduation of Sae and Hiro.", "startDate": {"year": 2013, "month": 11, "day": 27}, "endDate": {"year": 2013, "month": 11, "day": 27}, "season": "FALL", "episodes": 2, "duration": 23, "genres": ["Comedy", "Slice of Life"], "averageScore": 79, "trending": 0, "popularity": 1499, "streamingEpisodes": [], "coverImage": {"large": "https://s3.anilist.co/media/anime/cover/medium/17739.jpg", "medium": "https://s3.anilist.co/media/anime/cover/small/17739.jpg"}, "bannerImage": "https://s3.anilist.co/media/anime/banner/17739-1lTfnuAt5kdF.jpg", "isAdult": false, "format": "OVA"}, {"id": 17741, "title": {"romaji": "Kimi no Iru Machi", "english": "A Town Where You Live"}, "type": "ANIME", "status": "FINISHED", "description": "Eba Yuzuki, a girl from Tokyo moves to a countryside to attend high school. She lives together with a guy named Kirishima Haruto whose father is an apprentice of Eba's father. Haruto never agrees to let Yuzuki stay at his house and always rejects her. Another girl, Kanzaki Nanami, comes whom Haruto might be in love with. So... what will happen in this story?<br><br>\r\n(Source: MangaHelpers)", "startDate": {"year": 2013, "month": 7, "day": 13}, "endDate": {"year": 2013, "month": 9, "day": 28}, "season": "SUMMER", "episodes": 12, "duration": 20, "genres": ["Drama", "Romance", "Slice of Life"], "averageScore": 65, "trending": 1, "popularity": 7253, "streamingEpisodes": [], "coverImage": {"large": "https://s3.anilist.co/media/anime/cover/medium/17741.jpg", "medium": "https://s3.anilist.co/media/anime/cover/small/17741.jpg"}, "bannerImage": "https://s3.anilist.co/media/anime/banner/17741-sYYi1X8t1zbw.jpg", "isAdult": false, "format": "TV"}, {"id": 17743, "title": {"romaji": "Maoyuu Maou Yuusha: Kono Monogatari wa, Daniku Dake Dewanai no ja!", "english": null}, "type": "ANIME", "status": "FINISHED", "description": "A recap of episodes 1-9 of Maoyuu Maou Yuusha.  ", "startDate": {"year": 2013, "month": 3, "day": 9}, "endDate": {"year": 2013, "month": 3, "day": 9}, "season": "SPRING", "episodes": 1, "duration": 23, "genres": ["Adventure", "Fantasy", "Romance"], "averageScore": 63, "trending": 0, "popularity": 1511, "streamingEpisodes": [], "coverImage": {"large": "https://s3.anilist.co/media/anime/cover/medium/17743.jpg", "medium": "https://s3.anilist.co/media/anime/cover/small/17743.jpg"}, "bannerImage": null, "isAdult": false, "format": "SPECIAL"}, {"id": 17745, "title": {"romaji": "Kakushi Dere", "english": null}, "type": "ANIME", "status": "FINISHED", "description": "Nonoka goes out of her way to make a written confession to the older brother of one of her classmates, but he doesn't even read the letters. This prompts her to stop by in person, and express her \"hate\" for him through various antics...", "startDate": {"year": 2013, "month": 4, "day": 19}, "endDate": {"year": 2013, "month": 11, "day": 29}, "season": "SPRING", "episodes": 3, "duration": 25, "genres": ["Hentai"], "averageScore": 60, "trending": 0, "popularity": 439, "streamingEpisodes": [], "coverImage": {"large": "https://s3.anilist.co/media/anime/cover/medium/17745-IvUOtgzZJ9ee.png", "medium": "https://s3.anilist.co/media/anime/cover/small/17745-IvUOtgzZJ9ee.png"}, "bannerImage": null, "isAdult": true, "format": "OVA"}, {"id": 17747, "title": {"romaji": "Furyou ni Hamerarete Jusei Suru Kyonyuu Okaa-san: The Animation", "english": null}, "type": "ANIME", "status": "FINISHED", "description": "Based on the erotic game by Erectlip.<br>\n<br>\nThe town is ruled by delinquents. As for you and your mother who lived happily and modestly, the delinquent's leader Shin got his eyes on your family. Your family ties begin to collapse as your cheerful and gentle mother's desire awakes by the cunning tricks of Shin.  The only thing you can do, is to watch powerless at the figure of your most important person being toyed as a plaything. Now the game of the family falls into depravity's hell begins.....<br>\n<br>\n(Source: Visual Novel Database)", "startDate": {"year": 2013, "month": 5, "day": 31}, "endDate": {"year": 2013, "month": 8, "day": 30}, "season": "SPRING", "episodes": 2, "duration": 30, "genres": ["Hentai"], "averageScore": 54, "trending": 0, "popularity": 335, "streamingEpisodes": [], "coverImage": {"large": "https://s3.anilist.co/media/anime/cover/medium/17747.jpg", "medium": "https://s3.anilist.co/media/anime/cover/small/17747.jpg"}, "bannerImage": null, "isAdult": true, "format": "OVA"}, {"id": 17749, "title": {"romaji": "Kuruneko: Kurunekobin", "english": null}, "type": "ANIME", "status": "FINISHED", "description": "Specials included on the DVDs.", "startDate": {"year": 2009, "month": 12, "day": 18}, "endDate": {"year": 2010, "month": 9, "day": 3}, "season": "WINTER", "episodes": 4, "duration": 7, "genres": ["Comedy", "Slice of Life"], "averageScore": null, "trending": 0, "popularity": 27, "streamingEpisodes": [], "coverImage": {"large": "https://s3.anilist.co/media/anime/cover/medium/17749.jpg", "medium": "https://s3.anilist.co/media/anime/cover/small/17749.jpg"}, "bannerImage": null, "isAdult": false, "format": "SPECIAL"}, {"id": 17753, "title": {"romaji": "Kuruneko: Nyaalock Holmes no Bouken", "english": null}, "type": "ANIME", "status": "FINISHED", "description": "Specials included on the DVDs for the second season.", "startDate": {"year": 2010, "month": 12, "day": 17}, "endDate": {"year": 2011, "month": 9, "day": 2}, "season": "WINTER", "episodes": 4, "duration": 6, "genres": ["Comedy", "Slice of Life"], "averageScore": null, "trending": 0, "popularity": 32, "streamingEpisodes": [], "coverImage": {"large": "https://s3.anilist.co/media/anime/cover/medium/17753.jpg", "medium": "https://s3.anilist.co/media/anime/cover/small/17753.jpg"}, "bannerImage": null, "isAdult": false, "format": "SPECIAL"}, {"id": 17777, "title": {"romaji": "Saikin, Imouto no Yousu ga Chotto Okashiinda ga.", "english": "Recently, My Sister Is Unusual"}, "type": "ANIME", "status": "FINISHED", "description": "In the romance comedy, a girl named Mitsuki Kanzaki lives with her step-brother Yuya after her mother remarries. One day, Mitsuki is possessed by the self-proclaimed spirit of a young girl, Hiyori Kotobuki. Hiyori (in Mitsuki's body) must fall in love with Yuya to move towards the \"Gates of Heaven.\"<br><br>\r\n(Source: AniDB)", "startDate": {"year": 2014, "month": 1, "day": 4}, "endDate": {"year": 2014, "month": 3, "day": 23}, "season": "WINTER", "episodes": 12, "duration": 23, "genres": ["Comedy", "Ecchi", "Romance"], "averageScore": 58, "trending": 0, "popularity": 9748, "streamingEpisodes": [], "coverImage": {"large": "https://s3.anilist.co/media/anime/cover/medium/17777.jpg", "medium": "https://s3.anilist.co/media/anime/cover/small/17777.jpg"}, "bannerImage": "https://s3.anilist.co/media/anime/banner/n17777-4yGqRd7toIfO.jpg", "isAdult": false, "format": "TV"}, {"id": 17785, "title": {"romaji": "Jungle wa Itsumo Hare Nochi Guu: Eizou Tokuten - Maboroshi no Pilot Film", "english": "Har\u00e9+Guu: Movie Special - The Illusive Pilot Film"}, "type": "ANIME", "status": "FINISHED", "description": "4-minute promo/pilot released with the Deluxe OVA, with a few events from the TV series in a different graphic style.", "startDate": {"year": 2002, "month": 12, "day": 21}, "endDate": {"year": 2002, "month": 12, "day": 21}, "season": "WINTER", "episodes": 1, "duration": 4, "genres": ["Comedy"], "averageScore": null, "trending": 0, "popularity": 76, "streamingEpisodes": [], "coverImage": {"large": "https://s3.anilist.co/media/anime/cover/medium/17785.jpg", "medium": "https://s3.anilist.co/media/anime/cover/small/17785.jpg"}, "bannerImage": null, "isAdult": false, "format": "SPECIAL"}, {"id": 17787, "title": {"romaji": "Ouritsu Uchuugun: Honneamise no Tsubasa - Pilot Film", "english": null}, "type": "ANIME", "status": "FINISHED", "description": "Short film/pilot from year 1985 for the Royal Space Force movie that came out two years later.", "startDate": {"year": 1987, "month": 3, "day": 14}, "endDate": {"year": 1987, "month": 3, "day": 14}, "season": "SPRING", "episodes": 1, "duration": 4, "genres": ["Sci-Fi"], "averageScore": 48, "trending": 0, "popularity": 165, "streamingEpisodes": [], "coverImage": {"large": "https://s3.anilist.co/media/anime/cover/medium/17787.jpg", "medium": "https://s3.anilist.co/media/anime/cover/small/17787.jpg"}, "bannerImage": null, "isAdult": false, "format": "SPECIAL"}, {"id": 17791, "title": {"romaji": "Kyoto Animation: Ikitaku Naru Omise-hen", "english": "Shop"}, "type": "ANIME", "status": "FINISHED", "description": "Kyoto Animation commercial for the Kyoto Animation Shop.", "startDate": {"year": 2012, "month": 7, "day": 16}, "endDate": {"year": 2012, "month": 7, "day": 16}, "season": "SUMMER", "episodes": 1, "duration": null, "genres": ["Sci-Fi"], "averageScore": 57, "trending": 0, "popularity": 694, "streamingEpisodes": [], "coverImage": {"large": "https://s3.anilist.co/media/anime/cover/medium/17791.jpg", "medium": "https://s3.anilist.co/media/anime/cover/small/17791.jpg"}, "bannerImage": null, "isAdult": false, "format": "SPECIAL"}, {"id": 17811, "title": {"romaji": "Kyoto Animation: Hassou-hen", "english": "Idea"}, "type": "ANIME", "status": "FINISHED", "description": "Kyoto Animation commercial.", "startDate": {"year": 2012, "month": 4, "day": 16}, "endDate": {"year": 2012, "month": 4, "day": 16}, "season": "SPRING", "episodes": 1, "duration": null, "genres": ["Fantasy"], "averageScore": 52, "trending": 0, "popularity": 581, "streamingEpisodes": [], "coverImage": {"large": "https://s3.anilist.co/media/anime/cover/medium/17811.jpg", "medium": "https://s3.anilist.co/media/anime/cover/small/17811.jpg"}, "bannerImage": null, "isAdult": false, "format": "SPECIAL"}, {"id": 17813, "title": {"romaji": "Kyoto Animation CM: Megane-hen", "english": null}, "type": "ANIME", "status": "FINISHED", "description": "Kyoto Animation commercial for the light novel series <em>Kyoukai no Kanata</em>.", "startDate": {"year": 2012, "month": 5, "day": 21}, "endDate": {"year": 2012, "month": 5, "day": 21}, "season": "SPRING", "episodes": 1, "duration": 1, "genres": ["Thriller"], "averageScore": 60, "trending": 1, "popularity": 1429, "streamingEpisodes": [], "coverImage": {"large": "https://s3.anilist.co/media/anime/cover/medium/17813-qjFGWMwdPmB7.jpg", "medium": "https://s3.anilist.co/media/anime/cover/small/17813-qjFGWMwdPmB7.jpg"}, "bannerImage": null, "isAdult": false, "format": "SPECIAL"}, {"id": 17815, "title": {"romaji": "Kyoto Animation: Kasa-hen", "english": "Umbrella"}, "type": "ANIME", "status": "FINISHED", "description": "Kyoto Animation commercial.", "startDate": {"year": 2012, "month": 6, "day": 16}, "endDate": {"year": 2012, "month": 6, "day": 16}, "season": "SUMMER", "episodes": 1, "duration": null, "genres": ["Fantasy"], "averageScore": 56, "trending": 0, "popularity": 594, "streamingEpisodes": [], "coverImage": {"large": "https://s3.anilist.co/media/anime/cover/medium/17815.jpg", "medium": "https://s3.anilist.co/media/anime/cover/small/17815.jpg"}, "bannerImage": null, "isAdult": false, "format": "SPECIAL"}, {"id": 17819, "title": {"romaji": "Kyoto Animation: Suiei-hen", "english": "Swimming"}, "type": "ANIME", "status": "FINISHED", "description": "Kyoto Animation commercial that aired during episode 10 of <em>Tamako Market</em>.", "startDate": {"year": 2013, "month": 3, "day": 7}, "endDate": {"year": 2013, "month": 3, "day": 7}, "season": "SPRING", "episodes": 1, "duration": null, "genres": ["Sports"], "averageScore": 64, "trending": 0, "popularity": 1652, "streamingEpisodes": [], "coverImage": {"large": "https://s3.anilist.co/media/anime/cover/medium/17819.jpg", "medium": "https://s3.anilist.co/media/anime/cover/small/17819.jpg"}, "bannerImage": "https://s3.anilist.co/media/anime/banner/17819-pLC4snes4aia.jpg", "isAdult": false, "format": "SPECIAL"}, {"id": 17821, "title": {"romaji": "Stella Jogakuin Koutou-ka C\u00b3-bu", "english": "Stella Women's Academy, High School Division Class C3"}, "type": "ANIME", "status": "FINISHED", "description": "Yura Yamato has just arrived at the high school division of Stella Women's Academy, when Sonora Kashima invites her to join a club called \"C\u00b3\". Sonora is the third-year student who became the new head of this club for military survival games. The other members include two second-year students (part-Japanese Karila Hatsuse and G36K-wielding Honoka Mutsu) and two other new students (Rento Kirishima whose family runs a Japanese sweets shop and the really short Yachiyo Hinata).<br><br>\r\n(Source: ANN)", "startDate": {"year": 2013, "month": 7, "day": 5}, "endDate": {"year": 2013, "month": 9, "day": 27}, "season": "SUMMER", "episodes": 13, "duration": 24, "genres": ["Sports", "Slice of Life"], "averageScore": 62, "trending": 0, "popularity": 5978, "streamingEpisodes": [{"title": "Episode 1 - Any Volunteers to Enlist!?", "url": "http://www.crunchyroll.com/stella-womens-academy-high-school-division-class-c3/episode-1-any-volunteers-to-enlist-628327"}, {"title": "Episode 2 - I Am Charged with Guarding the Lady", "url": "http://www.crunchyroll.com/stella-womens-academy-high-school-division-class-c3/episode-2-i-am-charged-with-guarding-the-lady-628329"}, {"title": "Episode 3 - Does Enemy Fire Pierce Even the Soul?", "url": "http://www.crunchyroll.com/stella-womens-academy-high-school-division-class-c3/episode-3-does-enemy-fire-pierce-even-the-soul-628331"}, {"title": "Episode 4 - Learn to Hit the Target Without Firing", "url": "http://www.crunchyroll.com/stella-womens-academy-high-school-division-class-c3/episode-4-learn-to-hit-the-target-without-firing-628333"}, {"title": "Episode 5 - A Remote Island Game Burns Hot.", "url": "http://www.crunchyroll.com/stella-womens-academy-high-school-division-class-c3/episode-5-a-remote-island-game-burns-hot-628335"}, {"title": "Episode 6 - \"Operation: Soak\" is Underway", "url": "http://www.crunchyroll.com/stella-womens-academy-high-school-division-class-c3/episode-6-operation-soak-is-underway-628337"}, {"title": "Episode 7 - An Assassin's Bullet Cannot Kill a Kindred Spirit", "url": "http://www.crunchyroll.com/stella-womens-academy-high-school-division-class-c3/episode-7-an-assassins-bullet-cannot-kill-a-kindred-spirit-628339"}, {"title": "Episode 8 - Should a Commander be Hard of Heart?", "url": "http://www.crunchyroll.com/stella-womens-academy-high-school-division-class-c3/episode-8-should-a-commander-be-hard-of-heart-628341"}, {"title": "Episode 9 - Thus, the Party Ends", "url": "http://www.crunchyroll.com/stella-womens-academy-high-school-division-class-c3/episode-9-thus-the-party-ends-628343"}, {"title": "Episode 10 - All Comrades in Arms Will One Day Disappear", "url": "http://www.crunchyroll.com/stella-womens-academy-high-school-division-class-c3/episode-10-all-comrades-in-arms-will-one-day-disappear-628345"}, {"title": "Episode 11 - I Have Already Lost the Ability to Continue Fighting.", "url": "http://www.crunchyroll.com/stella-womens-academy-high-school-division-class-c3/episode-11-i-have-already-lost-the-ability-to-continue-fighting-628347"}, {"title": "Episode 12 - Go Out with Guns Blazing", "url": "http://www.crunchyroll.com/stella-womens-academy-high-school-division-class-c3/episode-12-go-out-with-guns-blazing-628349"}, {"title": "Episode 13 - The Foot Soldier is the Queen of the Battle.", "url": "http://www.crunchyroll.com/stella-womens-academy-high-school-division-class-c3/episode-13-the-foot-soldier-is-the-queen-of-the-battle-644357"}], "coverImage": {"large": "https://s3.anilist.co/media/anime/cover/medium/17821.jpg", "medium": "https://s3.anilist.co/media/anime/cover/small/17821.jpg"}, "bannerImage": "https://s3.anilist.co/media/anime/banner/17821-v59IYsnVmdhv.jpg", "isAdult": false, "format": "TV"}, {"id": 17823, "title": {"romaji": "Ikenai Boy", "english": null}, "type": "ANIME", "status": "FINISHED", "description": "An anime adaptation of the erotic manga \"Ikenai Boy\" by Yoshihiro Suma, serialized in Business Jump.<br><br>\nOur hero is the typical young energetic college boy, but he got a special gift. He has \"magic hands\" that puts all women in ecstasy. Obviously he is taking advantage of this gift by meeting one bishoujo after the other! <br><br>\n(Source: MU)", "startDate": {"year": 1990, "month": 4, "day": 27}, "endDate": {"year": 1990, "month": 4, "day": 27}, "season": "SPRING", "episodes": 1, "duration": 50, "genres": ["Comedy", "Ecchi", "Hentai"], "averageScore": null, "trending": 0, "popularity": 35, "streamingEpisodes": [], "coverImage": {"large": "https://s3.anilist.co/media/anime/cover/medium/17823.jpg", "medium": "https://s3.anilist.co/media/anime/cover/small/17823.jpg"}, "bannerImage": null, "isAdult": true, "format": "OVA"}, {"id": 17825, "title": {"romaji": "Ikenai Boy: Ikasu Maruhi Hand Power", "english": null}, "type": "ANIME", "status": "FINISHED", "description": "Sequel of Ikenai Boy.", "startDate": {"year": 1990, "month": 9, "day": 28}, "endDate": {"year": 1990, "month": 9, "day": 28}, "season": "FALL", "episodes": 1, "duration": 50, "genres": ["Comedy", "Ecchi", "Hentai"], "averageScore": null, "trending": 0, "popularity": 26, "streamingEpisodes": [], "coverImage": {"large": "https://s3.anilist.co/media/anime/cover/medium/17825.jpg", "medium": "https://s3.anilist.co/media/anime/cover/small/17825.jpg"}, "bannerImage": null, "isAdult": true, "format": "OVA"}, {"id": 17827, "title": {"romaji": "Daitoshokan no Hitsujikai", "english": "A Good Librarian Like a Good Shepherd"}, "type": "ANIME", "status": "FINISHED", "description": "The story is set at Shiomi Academy, a vast, prestigious academy with a Daitoshokan (literally, \"great library\") that rivals Japan's national library. As a member of the Library Club, Kyoutarou Kakei goes to Daitoshokan to enjoy reading by himself. He then meets a second-year girl named Tsugumi Shirasaki through the efforts of a so-called \"shepherd\" who fulfills people's wishes. Eventually, more girls join the club thanks to the \"shepherd.\"<br><br>\r\n(Source: ANN)", "startDate": {"year": 2014, "month": 10, "day": 9}, "endDate": {"year": 2014, "month": 12, "day": 25}, "season": "FALL", "episodes": 12, "duration": 24, "genres": ["Comedy", "Romance"], "averageScore": 65, "trending": 0, "popularity": 6510, "streamingEpisodes": [], "coverImage": {"large": "https://s3.anilist.co/media/anime/cover/medium/17827.jpg", "medium": "https://s3.anilist.co/media/anime/cover/small/17827.jpg"}, "bannerImage": "https://s3.anilist.co/media/anime/banner/17827-imoKcqdpKAUy.jpg", "isAdult": false, "format": "TV"}, {"id": 17831, "title": {"romaji": "Inu to Hasami wa Tsukaiyou", "english": "Dog & Scissors"}, "type": "ANIME", "status": "FINISHED", "description": "A nonsense comical mystery. Harumi Kazuhito is a high school boy who loves books and is a fan of novelist Natsuno Kirihime. One day, he finds Kirihime writing at a cafe, about to be shot by a robber. He protects her from the attack but is killed instead. Through the supernatural power of a book-worm, he is reincarnated as a dachshund dog. Kazuhito (as a dog) writhes in a painful bookless life, when a sadistic woman carrying a pair of scissors offers him help. She is Kirihime herself.", "startDate": {"year": 2013, "month": 7, "day": 2}, "endDate": {"year": 2013, "month": 9, "day": 17}, "season": "SUMMER", "episodes": 12, "duration": 24, "genres": ["Comedy", "Supernatural"], "averageScore": 60, "trending": 1, "popularity": 8526, "streamingEpisodes": [{"title": "PV", "url": "http://www.crunchyroll.com/dog-scissors/dog-scissors-pv-627855"}, {"title": "PV 2", "url": "http://www.crunchyroll.com/dog-scissors/dog-scissors-pv-2-627907"}, {"title": "Episode 1 - Every Dog Has His Day", "url": "http://www.crunchyroll.com/dog-scissors/episode-1-every-dog-has-his-day-627913"}, {"title": "Episode 2 - Strike While the Dog is Hot", "url": "http://www.crunchyroll.com/dog-scissors/episode-2-strike-while-the-dog-is-hot-627915"}, {"title": "Episode 3 - The Winter Dog Flies into the Fire", "url": "http://www.crunchyroll.com/dog-scissors/episode-3-the-winter-dog-flies-into-the-fire-627917"}, {"title": "Episode 4 - Drowning Men Clutch at Dogs", "url": "http://www.crunchyroll.com/dog-scissors/episode-4-drowning-men-clutch-at-dogs-627919"}, {"title": "Episode 5 - Nothing Ventured, No Dog Gained", "url": "http://www.crunchyroll.com/dog-scissors/episode-5-nothing-ventured-no-dog-gained-627921"}, {"title": "Episode 6 - Rain Settles the Dog", "url": "http://www.crunchyroll.com/dog-scissors/episode-6-rain-settles-the-dog-627923"}, {"title": "Episode 7 - The Dog Would Not be Shot but for its Cries", "url": "http://www.crunchyroll.com/dog-scissors/episode-7-the-dog-would-not-be-shot-but-for-its-cries-627925"}, {"title": "Episode 8 - Dogs in Moderation", "url": "http://www.crunchyroll.com/dog-scissors/episode-8-dogs-in-moderation-627927"}, {"title": "Episode 9 - There is no Smoke without Dog", "url": "http://www.crunchyroll.com/dog-scissors/episode-9-there-is-no-smoke-without-dog-627929"}, {"title": "Episode 10 - Time Flies like a Dog", "url": "http://www.crunchyroll.com/dog-scissors/episode-10-time-flies-like-a-dog-627931"}, {"title": "Episode 11 - A Dog by Chance is Preordained", "url": "http://www.crunchyroll.com/dog-scissors/episode-11-a-dog-by-chance-is-preordained-627933"}, {"title": "Episode 12 - Dogs and Scissors Require Good Handling", "url": "http://www.crunchyroll.com/dog-scissors/episode-12-dogs-and-scissors-require-good-handling-627935"}], "coverImage": {"large": "https://s3.anilist.co/media/anime/cover/medium/17831.jpg", "medium": "https://s3.anilist.co/media/anime/cover/small/17831.jpg"}, "bannerImage": "https://s3.anilist.co/media/anime/banner/17831-aTjYbwrEbusY.jpg", "isAdult": false, "format": "TV"}]}}}