{"data": {"Page": {"pageInfo": {"total": 12297, "hasNextPage": true}, "media": [{"id": 8230, "title": {"romaji": "True Tears Epilogue", "english": null}, "type": "ANIME", "status": "FINISHED", "description": "Three-minute long Blu-ray special. Sequel to the TV series.", "startDate": {"year": 2010, "month": 3, "day": 26}, "endDate": {"year": 2010, "month": 3, "day": 26}, "season": "SPRING", "episodes": 1, "duration": 3, "genres": ["Drama", "Romance"], "averageScore": 63, "trending": 0, "popularity": 1220, "streamingEpisodes": [], "coverImage": {"large": "https://s3.anilist.co/media/anime/cover/medium/8230.jpg", "medium": "https://s3.anilist.co/media/anime/cover/small/8230.jpg"}, "bannerImage": null, "isAdult": false, "format": "MUSIC"}, {"id": 8231, "title": {"romaji": "Princess Lover!: Magical Knight Maria-chan", "english": null}, "type": "ANIME", "status": "FINISHED", "description": "Promo-like shorts, featuring Maria as a magical knight.", "startDate": {"year": 2009, "month": 10, "day": 23}, "endDate": {"year": 2010, "month": 3, "day": 25}, "season": "FALL", "episodes": 6, "duration": 1, "genres": [], "averageScore": 51, "trending": 0, "popularity": 663, "streamingEpisodes": [], "coverImage": {"large": "https://s3.anilist.co/media/anime/cover/medium/8231.jpg", "medium": "https://s3.anilist.co/media/anime/cover/small/8231.jpg"}, "bannerImage": null, "isAdult": false, "format": "SPECIAL"}, {"id": 8233, "title": {"romaji": "Genji", "english": null}, "type": "ANIME", "status": "FINISHED", "description": "Time-traveling lovers Katsumi and Sakura find themselves in the midst of Japan's medieval civil war between the Heike and Genji clans.<br><br>\n(Source: AniDB)", "startDate": {"year": 1992, "month": 5, "day": 21}, "endDate": {"year": 1992, "month": 10, "day": 10}, "season": "SPRING", "episodes": 2, "duration": 45, "genres": ["Romance"], "averageScore": null, "trending": 0, "popularity": 60, "streamingEpisodes": [], "coverImage": {"large": "https://s3.anilist.co/media/anime/cover/medium/8233.jpg", "medium": "https://s3.anilist.co/media/anime/cover/small/8233.jpg"}, "bannerImage": null, "isAdult": false, "format": "OVA"}, {"id": 8234, "title": {"romaji": "Moomin", "english": null}, "type": "ANIME", "status": "FINISHED", "description": "Very loosely based upon the Moomin books by Finnish author Tove Jansson. Jansson, however, never really approved of the series due to dramatic changes in plot, atmosphere, character personality, appearance and names etc. The series was directed to adults rather than children.<br><br>\n(Source: Wikipedia)", "startDate": {"year": 1969, "month": 10, "day": 5}, "endDate": {"year": 1970, "month": 12, "day": 27}, "season": "FALL", "episodes": 65, "duration": 25, "genres": ["Adventure", "Comedy", "Fantasy", "Slice of Life"], "averageScore": 53, "trending": 0, "popularity": 247, "streamingEpisodes": [], "coverImage": {"large": "https://s3.anilist.co/media/anime/cover/medium/8234.jpg", "medium": "https://s3.anilist.co/media/anime/cover/small/8234.jpg"}, "bannerImage": null, "isAdult": false, "format": "TV"}, {"id": 8235, "title": {"romaji": "Moomin (1972)", "english": "New Moomin"}, "type": "ANIME", "status": "FINISHED", "description": "A remake of the 1969-70 Moomin series.  This version is more closely based on the books by the Finnish illustrator and writer Tove Jansson.", "startDate": {"year": 1972, "month": 1, "day": 9}, "endDate": {"year": 1972, "month": 12, "day": 31}, "season": "WINTER", "episodes": 52, "duration": 25, "genres": ["Adventure", "Comedy", "Fantasy", "Slice of Life"], "averageScore": 49, "trending": 0, "popularity": 137, "streamingEpisodes": [], "coverImage": {"large": "https://s3.anilist.co/media/anime/cover/medium/8235.jpg", "medium": "https://s3.anilist.co/media/anime/cover/small/8235.jpg"}, "bannerImage": null, "isAdult": false, "format": "TV"}, {"id": 8239, "title": {"romaji": "Anime Yasei no Sakebi", "english": "Call of the wild"}, "type": "ANIME", "status": "FINISHED", "description": "This anime is loosely based on Jack London's novel \"Call of the wild\". ", "startDate": {"year": 1982, "month": 5, "day": 5}, "endDate": {"year": 1982, "month": 9, "day": 25}, "season": "SPRING", "episodes": 22, "duration": 40, "genres": ["Action", "Adventure"], "averageScore": null, "trending": 0, "popularity": 24, "streamingEpisodes": [], "coverImage": {"large": "https://s3.anilist.co/media/anime/cover/medium/8239.jpg", "medium": "https://s3.anilist.co/media/anime/cover/small/8239.jpg"}, "bannerImage": null, "isAdult": false, "format": "TV"}, {"id": 8240, "title": {"romaji": "Wanpaku Oomukashi Kum Kum", "english": "Kum Kum"}, "type": "ANIME", "status": "FINISHED", "description": "This is the tale of Kum Kum, a kind of prehistoric \"Dennis the Menace\" who lived long ago. He and his family and friends belonged to a tribe of Mountain People who lived and hunted and farmed high in the hills near the Fire Mountain.<br><br>\nThis is a comedy series earmarked by infectious chibi-cuteness mixed with the pathos of every-day prehistoric life. The storylines revolves around the adventures of Kum Kum (pronounced coom-coom) and his young friends. Kum Kum has a real knack for getting himself (and the other kids) in trouble and that's what makes the series fun!<br><br>\n(Source: kumkum.8thman.com)", "startDate": {"year": 1975, "month": 10, "day": 3}, "endDate": {"year": 1976, "month": 3, "day": 26}, "season": "FALL", "episodes": 26, "duration": 25, "genres": ["Adventure", "Comedy"], "averageScore": null, "trending": 0, "popularity": 57, "streamingEpisodes": [], "coverImage": {"large": "https://s3.anilist.co/media/anime/cover/medium/8240.jpg", "medium": "https://s3.anilist.co/media/anime/cover/small/8240.jpg"}, "bannerImage": null, "isAdult": false, "format": "TV"}, {"id": 8241, "title": {"romaji": "Rio: Rainbow Gate!", "english": null}, "type": "ANIME", "status": "FINISHED", "description": "The \"Howard Resort Hotel\" is an entertainment destination where people gather from around the world to grab huge fortunes. In the casino is a beautiful female dealer named Rio Rollins, known far and wide as the \"Goddess of Victory\".<br><br>\nIn order to approach closer to her mother, one of history's greatest dealers, she does battle to gather up the legendary cards called \"gates\". Those who gather all 13 gate cards are presented with the title MVCD (Most Valuable Casino Dealer), proof that they are a top dealer.<br><br>\nSet in a vast resort, an exciting battle begins with rival dealers that'll take your breath away! Throw in some \"supreme comedy\" and a story that makes you cry when you least expect it, these cute and sexy girls will explode off your screen! With everyone's cheer of \"Leave it to Rio!\", Lady Luck'll be with you, too!", "startDate": {"year": 2011, "month": 1, "day": 4}, "endDate": {"year": 2011, "month": 3, "day": 29}, "season": "WINTER", "episodes": 13, "duration": 23, "genres": ["Comedy", "Ecchi"], "averageScore": 49, "trending": 0, "popularity": 2439, "streamingEpisodes": [{"title": "Introduction", "url": "http://www.crunchyroll.com/rio-rainbow-gate/rio-rainbow-gate-introduction-568246"}, {"title": "Episode 1 - Goddess of Victory", "url": "http://www.crunchyroll.com/rio-rainbow-gate/episode-1-goddess-of-victory-568372"}, {"title": "Episode 2 - Gate Holder", "url": "http://www.crunchyroll.com/rio-rainbow-gate/episode-2-gate-holder-568374"}, {"title": "Episode 3 - Misery", "url": "http://www.crunchyroll.com/rio-rainbow-gate/episode-3-misery-568376"}, {"title": "Episode 4 - Sisters", "url": "http://www.crunchyroll.com/rio-rainbow-gate/episode-4-sisters-568378"}, {"title": "Episode 5 - Sky Resort", "url": "http://www.crunchyroll.com/rio-rainbow-gate/episode-5-sky-resort-568380"}, {"title": "Episode 6 - Roll Ruler", "url": "http://www.crunchyroll.com/rio-rainbow-gate/episode-6-roll-ruler-568382"}, {"title": "Episode 7 - Ant Lion", "url": "http://www.crunchyroll.com/rio-rainbow-gate/episode-7-ant-lion-568384"}, {"title": "Episode 8 - Ace", "url": "http://www.crunchyroll.com/rio-rainbow-gate/episode-8-ace-568386"}, {"title": "Episode 9 - Joker", "url": "http://www.crunchyroll.com/rio-rainbow-gate/episode-9-joker-568388"}, {"title": "Episode 10 - Reverse", "url": "http://www.crunchyroll.com/rio-rainbow-gate/episode-10-reverse-568390"}, {"title": "Episode 11 - Number Ten", "url": "http://www.crunchyroll.com/rio-rainbow-gate/episode-11-number-ten-568392"}, {"title": "Episode 12 - Speculation", "url": "http://www.crunchyroll.com/rio-rainbow-gate/episode-12-speculation-568394"}, {"title": "Episode 13 - Rainbow Gate", "url": "http://www.crunchyroll.com/rio-rainbow-gate/episode-13-rainbow-gate-573320"}], "coverImage": {"large": "https://s3.anilist.co/media/anime/cover/medium/8241.jpg", "medium": "https://s3.anilist.co/media/anime/cover/small/8241.jpg"}, "bannerImage": null, "isAdult": false, "format": "TV"}, {"id": 8243, "title": {"romaji": "Mizuki Shigeru no Toono Monogatari", "english": null}, "type": "ANIME", "status": "FINISHED", "description": "An anime movie based on Mizuki Shigeru's manga <em>Mizuki Shigeru no Toono Monogatari</em>.  Toono Monogatari was originally the Japanese folklorist Yanagida Kunio's classical literature based on the oral traditions of Toono city. It's about Yokai such as Tengu, Kappa, and Zashikiwarashi. ", "startDate": {"year": 2010, "month": 4, "day": 24}, "endDate": {"year": 2010, "month": 4, "day": 24}, "season": "SPRING", "episodes": 1, "duration": null, "genres": ["Adventure", "Fantasy"], "averageScore": null, "trending": 0, "popularity": 23, "streamingEpisodes": [], "coverImage": {"large": "https://s3.anilist.co/media/anime/cover/medium/8243.jpg", "medium": "https://s3.anilist.co/media/anime/cover/small/8243.jpg"}, "bannerImage": null, "isAdult": false, "format": "MOVIE"}, {"id": 8244, "title": {"romaji": "Keshikasu-kun", "english": null}, "type": "ANIME", "status": "FINISHED", "description": "Keshikasu-kun is an anthropomorphism anime about stationery. The main character is the eraser Keshikasu who aims to be an idol of the stationary world. He fights against other stationary and erases a mechanical pencil or gets crushed by a permanent marker.", "startDate": {"year": 2010, "month": 1, "day": 12}, "endDate": {"year": 2010, "month": null, "day": null}, "season": "WINTER", "episodes": null, "duration": 1, "genres": ["Comedy"], "averageScore": null, "trending": 0, "popularity": 19, "streamingEpisodes": [], "coverImage": {"large": "https://s3.anilist.co/media/anime/cover/medium/8244.jpg", "medium": "https://s3.anilist.co/media/anime/cover/small/8244.jpg"}, "bannerImage": null, "isAdult": false, "format": "TV_SHORT"}, {"id": 8245, "title": {"romaji": "Metal Fight Beyblade vs. Taiyou: Shakunetsu no Shinryakusha Sol Blaze", "english": null}, "type": "ANIME", "status": "FINISHED", "description": "It's summer vacation. In front of Ginga and Co, who are excited about a Beyblade tournament, Helios, a mysterious youth, stands in their way. In his hands, he possesses \"Sol Blaze\", a Beyblade that has been passed down since ancient times. As intense battle between Ginga vs. Helios unfolds, extreme weather develops throughout the world.<br><br>\n(Source: ANN)", "startDate": {"year": 2010, "month": 8, "day": 21}, "endDate": {"year": 2010, "month": 8, "day": 21}, "season": "SUMMER", "episodes": 1, "duration": 76, "genres": ["Adventure", "Comedy", "Sports"], "averageScore": 54, "trending": 0, "popularity": 237, "streamingEpisodes": [], "coverImage": {"large": "https://s3.anilist.co/media/anime/cover/medium/8245.jpg", "medium": "https://s3.anilist.co/media/anime/cover/small/8245.jpg"}, "bannerImage": null, "isAdult": false, "format": "MOVIE"}, {"id": 8246, "title": {"romaji": "Naruto: Shippuuden Movie 4 - The Lost Tower", "english": "Naruto Shippuden the Movie: The Lost Tower"}, "type": "ANIME", "status": "FINISHED", "description": "Assigned on a mission to capture Mukade, a missing-nin, Naruto Uzumaki sets out for the once glorious historic ruins of \"Ouran\", where he pursues and corners the rogue ninja. Mukade's goal is revealed to be a dormant leyline within the ruins; he unleashes the power of the leyline, causing a light to envelop Naruto, sending him into the past, 20 years before the series began. When Naruto awakens, he comes into contact with the Fourth Hokage, Minato Namikaze.<br><br>\n(Source: Wikipedia) ", "startDate": {"year": 2010, "month": 7, "day": 31}, "endDate": {"year": 2010, "month": 7, "day": 31}, "season": "SUMMER", "episodes": 1, "duration": 85, "genres": ["Action", "Comedy"], "averageScore": 70, "trending": 0, "popularity": 6816, "streamingEpisodes": [], "coverImage": {"large": "https://s3.anilist.co/media/anime/cover/medium/8246.jpg", "medium": "https://s3.anilist.co/media/anime/cover/small/8246.jpg"}, "bannerImage": null, "isAdult": false, "format": "MOVIE"}, {"id": 8247, "title": {"romaji": "Bleach: Jigokuhen", "english": "Bleach the Movie 4: Hell Verse"}, "type": "ANIME", "status": "FINISHED", "description": "Bleach: Jigoku-hen is set in Hell and features a fully Hollowfied Ichigo. The movie centers around Ichigo and his friends heading into Hell with the assistance of man named Kokuto to stop the merging of the two realms. However, Kokuto gives Ichigo a warning - he mustn't Hollowfy in Hell, or he will lose control of his body and never be able to return... <br><br>\n(Source: Bleach Wiki)", "startDate": {"year": 2010, "month": 12, "day": 4}, "endDate": {"year": 2010, "month": 12, "day": 4}, "season": "WINTER", "episodes": 1, "duration": 93, "genres": ["Action", "Comedy", "Supernatural"], "averageScore": 71, "trending": 0, "popularity": 6753, "streamingEpisodes": [], "coverImage": {"large": "https://s3.anilist.co/media/anime/cover/medium/8247.jpg", "medium": "https://s3.anilist.co/media/anime/cover/small/8247.jpg"}, "bannerImage": null, "isAdult": false, "format": "MOVIE"}, {"id": 8248, "title": {"romaji": "Soukou Kihei Votoms: Case; Irvine", "english": "Armored Trooper Votoms: Case; Irvine"}, "type": "ANIME", "status": "FINISHED", "description": "Irvine Lester is an AT repairman. In order to make a living with his sister, he is secretly fighting in AT gambling matches and intentionally losing the games for money. But the other fighters find out about his excellent AT maneuvering skills and demand a real match.", "startDate": {"year": 2010, "month": 11, "day": 6}, "endDate": {"year": 2010, "month": 11, "day": 6}, "season": "FALL", "episodes": 1, "duration": 50, "genres": ["Action", "Drama", "Mecha", "Sci-Fi"], "averageScore": 58, "trending": 0, "popularity": 238, "streamingEpisodes": [], "coverImage": {"large": "https://s3.anilist.co/media/anime/cover/medium/8248.jpg", "medium": "https://s3.anilist.co/media/anime/cover/small/8248.jpg"}, "bannerImage": null, "isAdult": false, "format": "OVA"}, {"id": 8249, "title": {"romaji": "Votoms Finder", "english": "Votoms Finder Armored Trooperoid"}, "type": "ANIME", "status": "FINISHED", "description": "Aki Tesno lives in a poor village at the bottom of a valley. One day, a man from an uptown city asks Aki to rescue a kidnapped girl.", "startDate": {"year": 2010, "month": 12, "day": 4}, "endDate": {"year": 2010, "month": 12, "day": 4}, "season": "WINTER", "episodes": 1, "duration": 39, "genres": ["Action", "Drama", "Mecha", "Sci-Fi"], "averageScore": 55, "trending": 0, "popularity": 239, "streamingEpisodes": [], "coverImage": {"large": "https://s3.anilist.co/media/anime/cover/medium/8249.jpg", "medium": "https://s3.anilist.co/media/anime/cover/small/8249.jpg"}, "bannerImage": null, "isAdult": false, "format": "OVA"}, {"id": 8250, "title": {"romaji": "Soukou Kihei Votoms: Koei Futatabi", "english": "Armored Trooper Votoms: Alone Again"}, "type": "ANIME", "status": "FINISHED", "description": "Chirico visits an oasis town and meets Gotho and his friends for the first time in 32 years.", "startDate": {"year": 2011, "month": 1, "day": 8}, "endDate": {"year": 2011, "month": 1, "day": 8}, "season": "WINTER", "episodes": 1, "duration": 49, "genres": ["Action", "Drama", "Mecha", "Sci-Fi"], "averageScore": 61, "trending": 0, "popularity": 234, "streamingEpisodes": [], "coverImage": {"large": "https://s3.anilist.co/media/anime/cover/medium/8250.jpg", "medium": "https://s3.anilist.co/media/anime/cover/small/8250.jpg"}, "bannerImage": null, "isAdult": false, "format": "OVA"}, {"id": 8252, "title": {"romaji": "Getter Robo (Movie)", "english": "Getter Robo Movie"}, "type": "ANIME", "status": "FINISHED", "description": "When earthquakes shake up Japan, Professor Saotome is certain that it is the work of the Dinosaur Empire. Michiru goes out to investigate in the Command Module but is quickly shot down and injured; the culprit is none other than Megazaus! Team Getter Robo is eager to get revenge for Michiru, but first they have to brave the fractured roads and find a physician for her. Once Getter Robo is formed, they must track Megazaus underground and defeat him before he destroys the cities of Japan.<br><br>\n(Source: Anime-Planet)", "startDate": {"year": 1974, "month": 7, "day": 27}, "endDate": {"year": 1974, "month": 7, "day": 27}, "season": "SUMMER", "episodes": 1, "duration": 25, "genres": ["Action", "Mecha", "Sci-Fi"], "averageScore": null, "trending": 0, "popularity": 49, "streamingEpisodes": [], "coverImage": {"large": "https://s3.anilist.co/media/anime/cover/medium/8252.jpg", "medium": "https://s3.anilist.co/media/anime/cover/small/8252.jpg"}, "bannerImage": null, "isAdult": false, "format": "MOVIE"}, {"id": 8258, "title": {"romaji": "Damen's Walker", "english": null}, "type": "ANIME", "status": "FINISHED", "description": "Damen is a coined word combining \"Dame (failed)\" and \"Men\". It's a collection of short stories about women's experiences with \"Damen (failed men like swindler, liar etc.)\".", "startDate": {"year": 2010, "month": 3, "day": 1}, "endDate": {"year": 2010, "month": 5, "day": 17}, "season": "SPRING", "episodes": 12, "duration": 3, "genres": ["Comedy", "Romance"], "averageScore": null, "trending": 0, "popularity": 22, "streamingEpisodes": [], "coverImage": {"large": "https://s3.anilist.co/media/anime/cover/medium/8258.jpg", "medium": "https://s3.anilist.co/media/anime/cover/small/8258.jpg"}, "bannerImage": null, "isAdult": false, "format": "ONA"}, {"id": 8275, "title": {"romaji": "Kan'in Tokkyuu: Michi Shio", "english": null}, "type": "ANIME", "status": "FINISHED", "description": "A rumor spreads among young people that if a person gets on \"that\" train, he/she will disappear.... Most of them don't believe it, but it exists.... It's called Michishio. Michishio was invented to train young girls and make them sex slaves. At first sight, the train is completely the same as a normal train. However, it shows its true self once in a few months. The girls who get on the train are severely trained and become sex slaves.... Seiji is a train conductor. He can do whatever he wants to the girls on the train since he has a special training ability. And another Michishio now departs....<br><br>\n(Source: HimeyaShop)", "startDate": {"year": 2010, "month": 8, "day": 6}, "endDate": {"year": 2010, "month": 11, "day": 12}, "season": "SUMMER", "episodes": 2, "duration": 30, "genres": ["Hentai"], "averageScore": null, "trending": 0, "popularity": 95, "streamingEpisodes": [], "coverImage": {"large": "https://s3.anilist.co/media/anime/cover/medium/8275.jpg", "medium": "https://s3.anilist.co/media/anime/cover/small/8275.jpg"}, "bannerImage": null, "isAdult": true, "format": "OVA"}, {"id": 8277, "title": {"romaji": "Hyakka Ryouran: Samurai Girls", "english": "Samurai Girls"}, "type": "ANIME", "status": "FINISHED", "description": "The story takes place in Japan in the early 21st century, in an alternate reality where the Tokugawa Shogunate has remained in power. In this reality, student councils are tasked with oppressing schools. Yagyuu Muneakira is a high school student who rebels against his student council with the help of girls who've had the names of famous samurai heroes passed on to them.", "startDate": {"year": 2010, "month": 9, "day": 4}, "endDate": {"year": 2010, "month": 12, "day": 20}, "season": "FALL", "episodes": 12, "duration": 24, "genres": ["Action", "Comedy", "Ecchi", "Romance"], "averageScore": 64, "trending": 0, "popularity": 8694, "streamingEpisodes": [], "coverImage": {"large": "https://s3.anilist.co/media/anime/cover/medium/8277.jpg", "medium": "https://s3.anilist.co/media/anime/cover/small/8277.jpg"}, "bannerImage": null, "isAdult": false, "format": "TV"}, {"id": 8278, "title": {"romaji": "Biohazard 4: Incubate", "english": null}, "type": "ANIME", "status": "FINISHED", "description": "After the Playstation port of Resident Evil 4 hit the stores Capcom released a new 97 minute DVD some time later which intended to summarize the whole story of Resident Evil 4. It's played on English audio with Japanese subtitles. It also included a little book which explains the life on El Pueblo before and the arrival of Osmund Saddler. It also solved some plot holes like the whereabouts of the children. It contains many of the scenes original to Resident Evil 4.<br><br>\n(Source: Resident Evil Wiki)", "startDate": {"year": 2006, "month": 10, "day": 16}, "endDate": {"year": 2006, "month": 10, "day": 16}, "season": "FALL", "episodes": 1, "duration": 97, "genres": ["Action", "Horror", "Mystery", "Supernatural"], "averageScore": 53, "trending": 0, "popularity": 451, "streamingEpisodes": [], "coverImage": {"large": "https://s3.anilist.co/media/anime/cover/medium/8278.jpg", "medium": "https://s3.anilist.co/media/anime/cover/small/8278.jpg"}, "bannerImage": null, "isAdult": false, "format": "OVA"}, {"id": 8285, "title": {"romaji": "Ai no Senshi Rainbowman", "english": null}, "type": "ANIME", "status": "FINISHED", "description": "In the mountains of India, a man named Takeshi Yamato gains the abilities of the legendary Rainbow Warrior, allowing him to transform into Rainbowman. With this power, he has to stop aliens from invading the earth.", "startDate": {"year": 1982, "month": 10, "day": 10}, "endDate": {"year": 1983, "month": 3, "day": 27}, "season": "FALL", "episodes": 22, "duration": 25, "genres": ["Action", "Adventure", "Mecha", "Sci-Fi"], "averageScore": null, "trending": 0, "popularity": 45, "streamingEpisodes": [], "coverImage": {"large": "https://s3.anilist.co/media/anime/cover/medium/8285.jpg", "medium": "https://s3.anilist.co/media/anime/cover/small/8285.jpg"}, "bannerImage": null, "isAdult": false, "format": "TV"}, {"id": 8287, "title": {"romaji": "SD Gundam Sangokuden Brave Battle Warriors", "english": null}, "type": "ANIME", "status": "FINISHED", "description": "A Romance of the Three Kingdoms retelling using SD Gundams.", "startDate": {"year": 2010, "month": 4, "day": 3}, "endDate": {"year": 2011, "month": 3, "day": 19}, "season": "SPRING", "episodes": 51, "duration": 12, "genres": ["Action", "Mecha"], "averageScore": 50, "trending": 0, "popularity": 247, "streamingEpisodes": [], "coverImage": {"large": "https://s3.anilist.co/media/anime/cover/medium/8287.jpg", "medium": "https://s3.anilist.co/media/anime/cover/small/8287.jpg"}, "bannerImage": null, "isAdult": false, "format": "TV_SHORT"}, {"id": 8289, "title": {"romaji": "Toumei Ningen R", "english": null}, "type": "ANIME", "status": "FINISHED", "description": "The invisible stud returns to cause more mischief and spy on beautiful girls! Is Mie behind this again? His boss hears the invisible stud is back and confronts Mie, but he denies that he is behind it. Having put the invisible potion in a secure place and confirming that it was still there, they&rsquo;re left to wonder who the new invisible stud might be. <br><br>\n(Source: HentaiTake) ", "startDate": {"year": 2010, "month": 3, "day": 12}, "endDate": {"year": 2010, "month": 6, "day": 11}, "season": "SPRING", "episodes": 2, "duration": 30, "genres": ["Hentai"], "averageScore": 53, "trending": 0, "popularity": 236, "streamingEpisodes": [], "coverImage": {"large": "https://s3.anilist.co/media/anime/cover/medium/8289.jpg", "medium": "https://s3.anilist.co/media/anime/cover/small/8289.jpg"}, "bannerImage": null, "isAdult": true, "format": "OVA"}, {"id": 8290, "title": {"romaji": "Inmu Gakuen", "english": null}, "type": "ANIME", "status": "FINISHED", "description": "Shinji is a high school student. He loves Mayuri, his classmate. One day, a sick-room teacher, Ryoko, gives him a pendant. It seems people can have a good dream if they sleep with it. On that night, he goes to bed, holding the pendant.... A while later, when he wakes up, he finds himself being in Mayuri's room. Mayuri is asleep in the bed.... He gets sexually excited and has sex with her...! However, nothing is changed on the next day.... He is relieved and randomly has sex with other girls.... What's the secret of the pendant? What will happen to him in the end...?<br><br>\n(Source: ErogeShop)", "startDate": {"year": 2010, "month": 4, "day": 30}, "endDate": {"year": 2010, "month": 4, "day": 30}, "season": "SPRING", "episodes": 1, "duration": 31, "genres": ["Hentai"], "averageScore": 50, "trending": 0, "popularity": 161, "streamingEpisodes": [], "coverImage": {"large": "https://s3.anilist.co/media/anime/cover/medium/8290.jpg", "medium": "https://s3.anilist.co/media/anime/cover/small/8290.jpg"}, "bannerImage": null, "isAdult": true, "format": "OVA"}, {"id": 8291, "title": {"romaji": "Ojou-sama wa H ga Osuki: The Animation", "english": null}, "type": "ANIME", "status": "FINISHED", "description": "An adaptation of the eromanga illustrated by Bosshi. <br><br>\nTwo young princess with different experience at life and also different tastes, one is a total nympho that loves to have a male companion that&rsquo;s totally submissed to her but in the end the so called &ldquo;sex slave&rdquo; ends taking control over the situation but he pays it by receiving some punishment from his princess. The other princess is a conservatite one and timid but she also wants her companion to make her feel a women for the first time in her life with the help of her two young maidens. <br><br>\n(Source: HentaiTake) ", "startDate": {"year": 2010, "month": 4, "day": 23}, "endDate": {"year": 2010, "month": 7, "day": 27}, "season": "SPRING", "episodes": 2, "duration": 29, "genres": ["Hentai"], "averageScore": 63, "trending": 0, "popularity": 547, "streamingEpisodes": [], "coverImage": {"large": "https://s3.anilist.co/media/anime/cover/medium/8291.jpg", "medium": "https://s3.anilist.co/media/anime/cover/small/8291.jpg"}, "bannerImage": null, "isAdult": true, "format": "OVA"}, {"id": 8292, "title": {"romaji": "Seitokaichou Hikaru", "english": "Hikaru, the Chairman of the Intra School Organization"}, "type": "ANIME", "status": "FINISHED", "description": "There is a school where students learn how to hunt monsters. Yuki, Seira and Hikaru finally defeat Varmus, a monster. But their battle doesn't end yet.... A new enemy revives Varmus and Kotone, their teacher, is kidnapped by him. Following it, heroines are kidnapped one by one. His purpose is actually to make them give birth to monster babies....<br><br>\n(Source: ErogeShop)", "startDate": {"year": 2010, "month": 4, "day": 23}, "endDate": {"year": 2010, "month": 4, "day": 23}, "season": "SPRING", "episodes": 1, "duration": 32, "genres": ["Hentai", "Action", "Fantasy"], "averageScore": 51, "trending": 0, "popularity": 283, "streamingEpisodes": [], "coverImage": {"large": "https://s3.anilist.co/media/anime/cover/medium/8292.jpg", "medium": "https://s3.anilist.co/media/anime/cover/small/8292.jpg"}, "bannerImage": null, "isAdult": true, "format": "OVA"}, {"id": 8293, "title": {"romaji": "Gakuen Saimin Reido", "english": null}, "type": "ANIME", "status": "FINISHED", "description": "Futoshi is fat, smelly, and ugly, so he is teased and bullied by other students. But one day, he receives a parcel from his father who is an inventor. He opens it and finds a cell phone. According to his letter, he can hypnotize anyone using the cell phone. He is doubtful at first, but he visits a woman, Sayuri, who lives next door and tries it.... Yes, it works perfectly. He now plans to take revenge on the students who tease and bully him....<br><br>\n(Source: ErogeShop)", "startDate": {"year": 2010, "month": 4, "day": 16}, "endDate": {"year": 2012, "month": 9, "day": 21}, "season": "SPRING", "episodes": 3, "duration": 30, "genres": ["Hentai"], "averageScore": 56, "trending": 0, "popularity": 480, "streamingEpisodes": [], "coverImage": {"large": "https://s3.anilist.co/media/anime/cover/medium/8293.jpg", "medium": "https://s3.anilist.co/media/anime/cover/small/8293.jpg"}, "bannerImage": null, "isAdult": true, "format": "OVA"}, {"id": 8294, "title": {"romaji": "Shinshou Genmukan", "english": null}, "type": "ANIME", "status": "FINISHED", "description": "Kido is a private detective. One day, he receives a job offer. It is just to guard his client. He once tries to refuse it, but Mei, Kido's partner, tells him to accept it. Kido reluctantly accepts the offer and visits the client's house. There lives Ayano, a daughter of the client, Shibata, a butler, Imada, a janitor, Nozomi, a live-in maid, and Kaoru, Ayano's home tutor. Kido asks Shibata what's his job, but he just gives a vague answer. He doesn't know what to do, but he gradually gets to know the secret of the family....<br><br>\n(Source: ErogeShop)", "startDate": {"year": 2010, "month": 3, "day": 20}, "endDate": {"year": 2010, "month": 9, "day": 20}, "season": "SPRING", "episodes": 4, "duration": 15, "genres": ["Hentai"], "averageScore": 51, "trending": 0, "popularity": 238, "streamingEpisodes": [], "coverImage": {"large": "https://s3.anilist.co/media/anime/cover/medium/8294.jpg", "medium": "https://s3.anilist.co/media/anime/cover/small/8294.jpg"}, "bannerImage": null, "isAdult": true, "format": "OVA"}, {"id": 8297, "title": {"romaji": "Planzet", "english": "Planzet"}, "type": "ANIME", "status": "FINISHED", "description": "In 2047, an unknown, alien life-form descends upon the Earth, destroying all the major cities in one fell swoop. The survivors unite and build a Diffusor to stop the Februus, the invaders the military would later codename the FOS, and a temporary peace is achieved. Jump forward to 2053, the present. PLANZET: The final plan, Plan Zed, to retake Planet Earth. A last, desperate counterattack against the enemy. Hiroshi Akishima, soldier in the Planetary Defense Forces Alliance, would like nothing better than a shot at the aliens responsible for his father's death six years ago. However, the new offensive requires the Diffusor to be dropped, leaving the entire planet terribly vulnerable once more. Will humanity regain the stars or lose everything in the final, ultimate gamble? <br><br>\n(Source: Sentai Filmworks) ", "startDate": {"year": 2010, "month": 5, "day": 22}, "endDate": {"year": 2010, "month": 5, "day": 22}, "season": "SPRING", "episodes": 1, "duration": 55, "genres": ["Action", "Mecha", "Sci-Fi"], "averageScore": 49, "trending": 0, "popularity": 255, "streamingEpisodes": [], "coverImage": {"large": "https://s3.anilist.co/media/anime/cover/medium/8297.jpg", "medium": "https://s3.anilist.co/media/anime/cover/small/8297.jpg"}, "bannerImage": null, "isAdult": false, "format": "MOVIE"}, {"id": 8302, "title": {"romaji": "Ladies versus Butlers! Specials", "english": null}, "type": "ANIME", "status": "FINISHED", "description": "DVD/BD specials featuring two female cast members of Ladies versus Butlers! at a time engaging in Lady Battles, where they try to outdo their opponent in eroticism and stripping.", "startDate": {"year": 2010, "month": 3, "day": 26}, "endDate": {"year": 2010, "month": 8, "day": 27}, "season": "SPRING", "episodes": 6, "duration": 3, "genres": ["Ecchi"], "averageScore": 58, "trending": 0, "popularity": 2033, "streamingEpisodes": [], "coverImage": {"large": "https://s3.anilist.co/media/anime/cover/medium/8302.jpg", "medium": "https://s3.anilist.co/media/anime/cover/small/8302.jpg"}, "bannerImage": null, "isAdult": false, "format": "SPECIAL"}, {"id": 8304, "title": {"romaji": "Koutetsu Sangokushi Special", "english": null}, "type": "ANIME", "status": "FINISHED", "description": "Koutetsu Sangokushi DVD Special, also known as episode 26.", "startDate": {"year": 2008, "month": 3, "day": 26}, "endDate": {"year": 2008, "month": 3, "day": 26}, "season": "SPRING", "episodes": 1, "duration": 24, "genres": [], "averageScore": null, "trending": 0, "popularity": 51, "streamingEpisodes": [], "coverImage": {"large": "https://s3.anilist.co/media/anime/cover/medium/8304.jpg", "medium": "https://s3.anilist.co/media/anime/cover/small/8304.jpg"}, "bannerImage": null, "isAdult": false, "format": "SPECIAL"}, {"id": 8310, "title": {"romaji": "Magic Kaito", "english": null}, "type": "ANIME", "status": "FINISHED", "description": "Kaito Kuroba, a normal teenage student whose father is often absent for vaguely defined reasons. When his father dies under mysterious circumstances, he is made aware of his father's secret identity; a famous international criminal known as International Criminal 1412: the Phantom Thief, and that he was murdered by a mysterious organization for refusing to aid them in retrieving the \"Pandora Gem\"; a mystical stone said to shed a \"tear\" during the passing of a particular comet, the consumption of which bestows immortality. He vows to prevent the organization from gaining immortality, and assumes his father's identity as he begins his quest for the gem. His only clues as to the gem's location are that it glows red under the full moon and that it is a doublet: a gem hidden within a larger gem. Thus, it would have to be a relatively large one with a bizarre history, and always stored in a place that never receives moonlight. He thus researches and steals famous priceless gems with odd histories from incredibly well-defended areas, and always returns them after the very next full moon. <br><br>\r\n(Source: Wikipedia) ", "startDate": {"year": 2010, "month": 4, "day": 17}, "endDate": {"year": 2012, "month": 12, "day": 29}, "season": "SPRING", "episodes": 12, "duration": 23, "genres": ["Adventure"], "averageScore": 73, "trending": 0, "popularity": 2790, "streamingEpisodes": [], "coverImage": {"large": "https://s3.anilist.co/media/anime/cover/medium/8310.jpg", "medium": "https://s3.anilist.co/media/anime/cover/small/8310.jpg"}, "bannerImage": null, "isAdult": false, "format": "SPECIAL"}, {"id": 8311, "title": {"romaji": "Tegami Bachi Reverse", "english": "Letter Bee Reverse"}, "type": "ANIME", "status": "FINISHED", "description": "After Niche carries the wounded and stunned Lag back to the Bee Hive, the Letter Bee finally begins to piece the puzzle together. Now he knows what's happened to Gauche, why the Marauders are so focused on stealing mail and the actual intent of the group controlling both, Reverse. However, when he's forbidden to reveal the truth, Lag is soon forced out of the artificial sunlight and back into the world of perpetual night. And soon Reverse's plot to take down the Letter Bees and overthrow the Amberground government begins to accelerate. If things weren't already bad enough, the giant insect creatures called gaichuu are apparently evolving into something new; there may be traitors working within the Hive; and Niche's sister, who's definitely not human friendly, shows up to turn family drama into a full-scale siege! It all spells serious trouble for the Letter Bees, but if anyone can weather the storms and gloom of night, Lag and his team are the ones who'll deliver.<br><br>\n(Source: FUNimation)", "startDate": {"year": 2010, "month": 10, "day": 3}, "endDate": {"year": 2011, "month": 3, "day": 26}, "season": "FALL", "episodes": 25, "duration": 20, "genres": ["Adventure", "Fantasy", "Supernatural"], "averageScore": 74, "trending": 0, "popularity": 3163, "streamingEpisodes": [{"title": "Tegami Bachi: Letter Bee PV", "url": "http://www.crunchyroll.com/tegami-bachi-letter-bee/tegami-bachi-letter-bee-tegami-bachi-letter-bee-pv-534618"}, {"title": "Tegami Bachi: REVERSE Preview", "url": "http://www.crunchyroll.com/tegami-bachi-letter-bee/tegami-bachi-letter-bee-tegami-bachi-reverse-preview-560304"}, {"title": "Episode 1 - Letter and Letter Bee", "url": "http://www.crunchyroll.com/tegami-bachi-letter-bee/episode-1-letter-and-letter-bee-534848"}, {"title": "Episode 2 - My Friend", "url": "http://www.crunchyroll.com/tegami-bachi-letter-bee/episode-2-my-friend-535056"}, {"title": "Episode 3 - Crybaby Boy, Letter Girl", "url": "http://www.crunchyroll.com/tegami-bachi-letter-bee/episode-3-crybaby-boy-letter-girl-535058"}, {"title": "Episode 4 - Lag's Dingo", "url": "http://www.crunchyroll.com/tegami-bachi-letter-bee/episode-4-lags-dingo-535060"}, {"title": "Episode 5 - Dead-End Town", "url": "http://www.crunchyroll.com/tegami-bachi-letter-bee/episode-5-dead-end-town-535062"}, {"title": "Episode 6 - The Letter to Jiggy Pepper", "url": "http://www.crunchyroll.com/tegami-bachi-letter-bee/episode-6-the-letter-to-jiggy-pepper-535064"}, {"title": "Episode 7 - Yuusari Central Nocturne Hood #13 Head Post Office Bee-Hive", "url": "http://www.crunchyroll.com/tegami-bachi-letter-bee/episode-7-yuusari-central-nocturne-hood-13-head-post-office-bee-hive-535066"}, {"title": "Episode 8 - Seeing Sylvette Suede", "url": "http://www.crunchyroll.com/tegami-bachi-letter-bee/episode-8-seeing-sylvette-suede-536026"}, {"title": "Episode 9 - The Crybaby Boy's Vow", "url": "http://www.crunchyroll.com/tegami-bachi-letter-bee/episode-9-the-crybaby-boys-vow-536028"}, {"title": "Episode 10 - Under the Light", "url": "http://www.crunchyroll.com/tegami-bachi-letter-bee/episode-10-under-the-light-536030"}, {"title": "Episode 11 - Letter of Lies", "url": "http://www.crunchyroll.com/tegami-bachi-letter-bee/episode-11-letter-of-lies-536032"}, {"title": "Episode 12 - Red and Green Ribbon", "url": "http://www.crunchyroll.com/tegami-bachi-letter-bee/episode-12-red-and-green-ribbon-537116"}, {"title": "Episode 13 - The Promised Land", "url": "http://www.crunchyroll.com/tegami-bachi-letter-bee/episode-13-the-promised-land-537118"}, {"title": "Episode 14 - The Corpse Doctor", "url": "http://www.crunchyroll.com/tegami-bachi-letter-bee/episode-14-the-corpse-doctor-537120"}, {"title": "Episode 15 - The Elopement", "url": "http://www.crunchyroll.com/tegami-bachi-letter-bee/episode-15-the-elopement-537122"}, {"title": "Episode 16 - Fan Letter to a Musician", "url": "http://www.crunchyroll.com/tegami-bachi-letter-bee/episode-16-fan-letter-to-a-musician-537124"}, {"title": "Episode 17 - Letter Bee and Dingo", "url": "http://www.crunchyroll.com/tegami-bachi-letter-bee/episode-17-letter-bee-and-dingo-537126"}, {"title": "Episode 18 - Letter Pigeon", "url": "http://www.crunchyroll.com/tegami-bachi-letter-bee/episode-18-letter-pigeon-539242"}, {"title": "Episode 19 - A Sick Letter Bee and the Girls", "url": "http://www.crunchyroll.com/tegami-bachi-letter-bee/episode-19-a-sick-letter-bee-and-the-girls-539244"}, {"title": "Episode 20 - Lost Letters", "url": "http://www.crunchyroll.com/tegami-bachi-letter-bee/episode-20-lost-letters-539246"}, {"title": "Episode 21 - Potpourri of Memories", "url": "http://www.crunchyroll.com/tegami-bachi-letter-bee/episode-21-potpourri-of-memories-539248"}, {"title": "Episode 22 - Dream Link Notebook", "url": "http://www.crunchyroll.com/tegami-bachi-letter-bee/episode-22-dream-link-notebook-539250"}, {"title": "Episode 23 - Honey Waters", "url": "http://www.crunchyroll.com/tegami-bachi-letter-bee/episode-23-honey-waters-539252"}, {"title": "Episode 24 - Heart's Recollections, Three", "url": "http://www.crunchyroll.com/tegami-bachi-letter-bee/episode-24-hearts-recollections-three-539254"}, {"title": "Episode 25 - One Unable to Become Spirit", "url": "http://www.crunchyroll.com/tegami-bachi-letter-bee/episode-25-one-unable-to-become-spirit-539256"}, {"title": "Episode 26 - Promise", "url": "http://www.crunchyroll.com/tegami-bachi-letter-bee/episode-26-promise-560174"}, {"title": "Episode 27 - Underwear and Bread", "url": "http://www.crunchyroll.com/tegami-bachi-letter-bee/episode-27-underwear-and-bread-560272"}, {"title": "Episode 28 - The Hydrangea Colored Picture-Letter", "url": "http://www.crunchyroll.com/tegami-bachi-letter-bee/episode-28-the-hydrangea-colored-picture-letter-560274"}, {"title": "Episode 29 - Wilderness Imagery Lighthouse", "url": "http://www.crunchyroll.com/tegami-bachi-letter-bee/episode-29-wilderness-imagery-lighthouse-560276"}, {"title": "Episode 30 - Reverse World", "url": "http://www.crunchyroll.com/tegami-bachi-letter-bee/episode-30-reverse-world-560278"}, {"title": "Episode 31 - Dolly", "url": "http://www.crunchyroll.com/tegami-bachi-letter-bee/episode-31-dolly-560280"}, {"title": "Episode 32 - Film Noir", "url": "http://www.crunchyroll.com/tegami-bachi-letter-bee/episode-32-film-noir-560282"}, {"title": "Episode 33 - Blue Notes Blues", "url": "http://www.crunchyroll.com/tegami-bachi-letter-bee/episode-33-blue-notes-blues-560284"}, {"title": "Episode 34 - 200 Years of Solitude", "url": "http://www.crunchyroll.com/tegami-bachi-letter-bee/episode-34-200-years-of-solitude-560286"}, {"title": "Episode 35 - Veritably Abbey", "url": "http://www.crunchyroll.com/tegami-bachi-letter-bee/episode-35-veritably-abbey-560288"}, {"title": "Episode 36 - Cabernet Attacks", "url": "http://www.crunchyroll.com/tegami-bachi-letter-bee/episode-36-cabernet-attacks-560290"}, {"title": "Episode 37 - Light Shines on the Darkness", "url": "http://www.crunchyroll.com/tegami-bachi-letter-bee/episode-37-light-shines-on-the-darkness-560292"}, {"title": "Episode 38 - Crimson Melody", "url": "http://www.crunchyroll.com/tegami-bachi-letter-bee/episode-38-crimson-melody-560294"}, {"title": "Episode 39 - The Day of Flicker", "url": "http://www.crunchyroll.com/tegami-bachi-letter-bee/episode-39-the-day-of-flicker-560296"}, {"title": "Episode 40 - Welcome Home", "url": "http://www.crunchyroll.com/tegami-bachi-letter-bee/episode-40-welcome-home-567650"}, {"title": "Episode 41 - Roda, Wanders", "url": "http://www.crunchyroll.com/tegami-bachi-letter-bee/episode-41-roda-wanders-567652"}, {"title": "Episode 42 - Truth and Lies", "url": "http://www.crunchyroll.com/tegami-bachi-letter-bee/episode-42-truth-and-lies-567654"}, {"title": "Episode 43 - The Lost Shindan", "url": "http://www.crunchyroll.com/tegami-bachi-letter-bee/episode-43-the-lost-shindan-567656"}, {"title": "Episode 44 - Neither Malice, Nor Hatred", "url": "http://www.crunchyroll.com/tegami-bachi-letter-bee/episode-44-neither-malice-nor-hatred-570280"}, {"title": "Episode 45 - Smile of Hope Lead-in", "url": "http://www.crunchyroll.com/tegami-bachi-letter-bee/episode-45-smile-of-hope-lead-in-570282"}, {"title": "Episode 46 - Lawrence's Ambition", "url": "http://www.crunchyroll.com/tegami-bachi-letter-bee/episode-46-lawrences-ambition-571224"}, {"title": "Episode 47 - A Place to Return To", "url": "http://www.crunchyroll.com/tegami-bachi-letter-bee/episode-47-a-place-to-return-to-571226"}, {"title": "Episode 48 - In Akatsuki", "url": "http://www.crunchyroll.com/tegami-bachi-letter-bee/episode-48-in-akatsuki-571228"}, {"title": "Episode 49 - Battle in Yuusari Central!", "url": "http://www.crunchyroll.com/tegami-bachi-letter-bee/episode-49-battle-in-yuusari-central-571230"}, {"title": "Episode 50 - Light of Heart", "url": "http://www.crunchyroll.com/tegami-bachi-letter-bee/episode-50-light-of-heart-571232"}], "coverImage": {"large": "https://s3.anilist.co/media/anime/cover/medium/8311.jpg", "medium": "https://s3.anilist.co/media/anime/cover/small/8311.jpg"}, "bannerImage": null, "isAdult": false, "format": "TV"}, {"id": 8312, "title": {"romaji": "Piece", "english": null}, "type": "ANIME", "status": "FINISHED", "description": "A music video to the song Piece by singer Aragaki Yui.", "startDate": {"year": 2009, "month": 2, "day": 25}, "endDate": {"year": 2009, "month": 2, "day": 25}, "season": null, "episodes": 1, "duration": 5, "genres": ["Music"], "averageScore": 54, "trending": 0, "popularity": 218, "streamingEpisodes": [], "coverImage": {"large": "https://s3.anilist.co/media/anime/cover/medium/8312.jpg", "medium": "https://s3.anilist.co/media/anime/cover/small/8312.jpg"}, "bannerImage": null, "isAdult": false, "format": "MUSIC"}, {"id": 8314, "title": {"romaji": "Tentai Senshi Sunred: DVD Short Corners", "english": null}, "type": "ANIME", "status": "FINISHED", "description": "Short corners released exclusively on DVD.", "startDate": {"year": 2009, "month": 2, "day": 11}, "endDate": {"year": 2009, "month": 4, "day": 22}, "season": "WINTER", "episodes": 4, "duration": 1, "genres": ["Comedy"], "averageScore": null, "trending": 0, "popularity": 75, "streamingEpisodes": [], "coverImage": {"large": "https://s3.anilist.co/media/anime/cover/medium/8314.jpg", "medium": "https://s3.anilist.co/media/anime/cover/small/8314.jpg"}, "bannerImage": null, "isAdult": false, "format": "SPECIAL"}, {"id": 8316, "title": {"romaji": "Tentai Senshi Sunred: Kawasaki Frontale", "english": null}, "type": "ANIME", "status": "FINISHED", "description": "A collaboration between Tentai Senshi Sunred and the J. League football team Kawasaki Frontale.  The members of the team appeared in these specials and voiced themselves.", "startDate": {"year": 2009, "month": 2, "day": 6}, "endDate": {"year": 2009, "month": 2, "day": 27}, "season": "WINTER", "episodes": 4, "duration": 2, "genres": ["Comedy", "Sports"], "averageScore": null, "trending": 0, "popularity": 54, "streamingEpisodes": [], "coverImage": {"large": "https://s3.anilist.co/media/anime/cover/medium/8316.jpg", "medium": "https://s3.anilist.co/media/anime/cover/small/8316.jpg"}, "bannerImage": null, "isAdult": false, "format": "SPECIAL"}, {"id": 8317, "title": {"romaji": "Sayonara Zetsubou Sensei Jo: Zoku Zetsubou Shoujo Senshuu", "english": null}, "type": "ANIME", "status": "FINISHED", "description": "A special summary episode of the second season of Sayonara Zetsubou Sensei, focusing on the girls that were not introduced in the first Zetsubou Shoujo Senshuu: Otonashi Meru, Fujiyoshi Harumi, Kaga Ai and Mitama Mayo.", "startDate": {"year": 2008, "month": 8, "day": 27}, "endDate": {"year": 2008, "month": 8, "day": 27}, "season": "SUMMER", "episodes": 1, "duration": 56, "genres": ["Comedy"], "averageScore": 64, "trending": 0, "popularity": 758, "streamingEpisodes": [], "coverImage": {"large": "https://s3.anilist.co/media/anime/cover/medium/8317.jpg", "medium": "https://s3.anilist.co/media/anime/cover/small/8317.jpg"}, "bannerImage": null, "isAdult": false, "format": "SPECIAL"}, {"id": 8324, "title": {"romaji": "Pelican Road Club Culture", "english": null}, "type": "ANIME", "status": "FINISHED", "description": null, "startDate": {"year": 1986, "month": 6, "day": 21}, "endDate": {"year": 1986, "month": 6, "day": 21}, "season": "SUMMER", "episodes": 1, "duration": 55, "genres": ["Drama"], "averageScore": null, "trending": 0, "popularity": 32, "streamingEpisodes": [], "coverImage": {"large": "https://s3.anilist.co/media/anime/cover/medium/8324.jpg", "medium": "https://s3.anilist.co/media/anime/cover/small/8324.jpg"}, "bannerImage": null, "isAdult": false, "format": "OVA"}, {"id": 8331, "title": {"romaji": "Meitantei Conan Magic File 4: Osaka Okonomiyaki Odyssey", "english": "Case Closed Magic File 4: Osaka Okonomiyaki Odyssey"}, "type": "ANIME", "status": "FINISHED", "description": "Another special to accompany the release of the 14th feature film, The Lost Ship in the Sky. Along with a number of previous episodes, the original episode contained within will take place after the events of the film.", "startDate": {"year": 2010, "month": 4, "day": 17}, "endDate": {"year": 2010, "month": 4, "day": 17}, "season": "SPRING", "episodes": 1, "duration": 25, "genres": ["Mystery"], "averageScore": 69, "trending": 0, "popularity": 709, "streamingEpisodes": [], "coverImage": {"large": "https://s3.anilist.co/media/anime/cover/medium/8331.jpg", "medium": "https://s3.anilist.co/media/anime/cover/small/8331.jpg"}, "bannerImage": null, "isAdult": false, "format": "OVA"}, {"id": 8332, "title": {"romaji": "Kudan", "english": null}, "type": "ANIME", "status": "FINISHED", "description": "As oppose to the mythological creature Minotaur, a monsters of western culture, a Japanese monster Kudan has a human head and the body of cow. Kudan is born from female cow. It speaks human language, predicts significant incidents such as war or disaster and dies in three days. This story is about a man who is accidentally transformed into a Kudan.<br><br>\n(Source: Official website)<br>", "startDate": {"year": 2008, "month": null, "day": null}, "endDate": {"year": 2008, "month": null, "day": null}, "season": null, "episodes": 1, "duration": 9, "genres": ["Fantasy"], "averageScore": null, "trending": 0, "popularity": 30, "streamingEpisodes": [], "coverImage": {"large": "https://s3.anilist.co/media/anime/cover/medium/8332.jpg", "medium": "https://s3.anilist.co/media/anime/cover/small/8332.jpg"}, "bannerImage": null, "isAdult": false, "format": "MOVIE"}, {"id": 8333, "title": {"romaji": "Kodomo no Keijijougaku", "english": "A Child's Metaphysics"}, "type": "ANIME", "status": "FINISHED", "description": "A child whose head is numerals, a child who winds his own face and has it under his arm. What was left is his identity, a child whose eyes are provided by fishes, a child who lies down on the floor and head-butts his identity, a child who cannot say anything because of a zipper across his mouth. He undo the zipper but under it is another zipper...<br>\nEcology and philosophy of  children with sadness and humour.<br><br>\n(Source: Official website)<br>", "startDate": {"year": 2007, "month": 10, "day": 20}, "endDate": {"year": 2007, "month": 10, "day": 20}, "season": "FALL", "episodes": 1, "duration": 5, "genres": ["Fantasy"], "averageScore": 49, "trending": 0, "popularity": 127, "streamingEpisodes": [], "coverImage": {"large": "https://s3.anilist.co/media/anime/cover/medium/8333.jpg", "medium": "https://s3.anilist.co/media/anime/cover/small/8333.jpg"}, "bannerImage": null, "isAdult": false, "format": "ONA"}, {"id": 8336, "title": {"romaji": "Hanakappa", "english": null}, "type": "ANIME", "status": "RELEASING", "description": "Story about Kappa with flowers on their heads.", "startDate": {"year": 2010, "month": 3, "day": 29}, "endDate": {"year": null, "month": null, "day": null}, "season": "SPRING", "episodes": null, "duration": 10, "genres": ["Comedy"], "averageScore": null, "trending": 0, "popularity": 28, "streamingEpisodes": [], "coverImage": {"large": "https://s3.anilist.co/media/anime/cover/medium/8336.jpg", "medium": "https://s3.anilist.co/media/anime/cover/small/8336.jpg"}, "bannerImage": null, "isAdult": false, "format": "TV_SHORT"}, {"id": 8337, "title": {"romaji": "Shoka", "english": null}, "type": "ANIME", "status": "FINISHED", "description": "The story is set during the turbulent years of the shogunate, as dark forces try to undermine the shogun's power in Edo-era Tokyo. Shirou Sumiya is the leader of the \"Way of the Paper Drawing\" clan which captures the chaos of the struggles with rapid brush strokes. Sumiya is summoned to Edo, and his disciples, who have extraordinary powers in their secret drawing techniques, become part of the ensuring battles with giant drawn creatures. <br><br>\n(Source: ANN)", "startDate": {"year": 2010, "month": 3, "day": 27}, "endDate": {"year": 2010, "month": 3, "day": 27}, "season": "SPRING", "episodes": 1, "duration": 24, "genres": ["Action", "Fantasy"], "averageScore": 53, "trending": 0, "popularity": 476, "streamingEpisodes": [], "coverImage": {"large": "https://s3.anilist.co/media/anime/cover/medium/8337.jpg", "medium": "https://s3.anilist.co/media/anime/cover/small/8337.jpg"}, "bannerImage": null, "isAdult": false, "format": "SPECIAL"}, {"id": 8339, "title": {"romaji": "Kachou no Koi", "english": null}, "type": "ANIME", "status": "FINISHED", "description": "The story centers on a manager named Odakara Kazuhiko who has spent all 33 years of his life without a girlfriend. An encounter with a new employee named Harada makes Odakara realize that he is gay.", "startDate": {"year": 2010, "month": 3, "day": 26}, "endDate": {"year": 2010, "month": 3, "day": 26}, "season": "SPRING", "episodes": 1, "duration": 30, "genres": ["Comedy"], "averageScore": 57, "trending": 0, "popularity": 569, "streamingEpisodes": [], "coverImage": {"large": "https://s3.anilist.co/media/anime/cover/medium/8339.jpg", "medium": "https://s3.anilist.co/media/anime/cover/small/8339.jpg"}, "bannerImage": null, "isAdult": false, "format": "OVA"}, {"id": 8345, "title": {"romaji": "Ukkari P\u00e9n\u00e9lope", "english": null}, "type": "ANIME", "status": "FINISHED", "description": "Meet Penelope, the absent-minded young koala. Rarely seen without Deudeu &ndash; her favourite stuffed rabbit &ndash; Penelope likes nothing more than finding another adventure in the most unlikely of places. A simple gust of wind blowing her hat away can lead to Penelope running her own stall atop a tree stump where she trades flowers for apples, and paper planes for acorns. From games of hide and seek with her friends, to playing with the bubbles in the bath or counting sheep during nap time, Penelope&rsquo;s life is never dull &ndash; even if she does wear odd socks when she gets herself dressed in the morning.<br><br>\n(Source: Anime-Planet)", "startDate": {"year": 2006, "month": 11, "day": 20}, "endDate": {"year": 2006, "month": 12, "day": 25}, "season": "FALL", "episodes": 26, "duration": 5, "genres": ["Comedy", "Slice of Life"], "averageScore": null, "trending": 0, "popularity": 18, "streamingEpisodes": [], "coverImage": {"large": "https://s3.anilist.co/media/anime/cover/medium/8345.jpg", "medium": "https://s3.anilist.co/media/anime/cover/small/8345.jpg"}, "bannerImage": null, "isAdult": false, "format": "TV_SHORT"}, {"id": 8346, "title": {"romaji": "Ukkari P\u00e9n\u00e9lope OVA", "english": null}, "type": "ANIME", "status": "FINISHED", "description": "A Christmas OVA based on the European P&eacute;n&eacute;lope picture books from Georg Hallensleben and Ann Gutman about the adventures of a blue koala.", "startDate": {"year": 2007, "month": 11, "day": 23}, "endDate": {"year": 2007, "month": 11, "day": 23}, "season": "FALL", "episodes": 2, "duration": 5, "genres": ["Fantasy"], "averageScore": null, "trending": 0, "popularity": 13, "streamingEpisodes": [], "coverImage": {"large": "https://s3.anilist.co/media/anime/cover/medium/8346.jpg", "medium": "https://s3.anilist.co/media/anime/cover/small/8346.jpg"}, "bannerImage": null, "isAdult": false, "format": "OVA"}, {"id": 8348, "title": {"romaji": "Tengen Toppa Gurren Lagann: Parallel Works 2", "english": null}, "type": "ANIME", "status": "FINISHED", "description": "Another installment in the Tengen Toppa Gurren Lagann Parallel Works anthology series of animated shorts, featuring characters from Gurren Lagann in alternative worlds. Every clip is animated by a particular animator of GAINAX. <br><br>\nCreators are Gekidan Inu Curry, Akemi Hayashi, Sushio, Shouko Nishigaki, Satoru Yamaguchi, Shouji Saeki &amp; Shingo Abe and Ayumu Kotake. ", "startDate": {"year": 2010, "month": 5, "day": 26}, "endDate": {"year": 2010, "month": 5, "day": 26}, "season": "SPRING", "episodes": 7, "duration": 5, "genres": ["Mecha", "Music"], "averageScore": 64, "trending": 0, "popularity": 1756, "streamingEpisodes": [], "coverImage": {"large": "https://s3.anilist.co/media/anime/cover/medium/8348.jpg", "medium": "https://s3.anilist.co/media/anime/cover/small/8348.jpg"}, "bannerImage": null, "isAdult": false, "format": "MUSIC"}, {"id": 8353, "title": {"romaji": "Ketsuinu", "english": null}, "type": "ANIME", "status": "FINISHED", "description": "Ketsuinu is a dog with a butt-like face. The unidentified creature comes out of nowhere and quickly multiplies. In the end, the owners' faces turn into butts...", "startDate": {"year": 2010, "month": 4, "day": 1}, "endDate": {"year": 2010, "month": 5, "day": 31}, "season": "SPRING", "episodes": 13, "duration": 2, "genres": ["Comedy"], "averageScore": null, "trending": 0, "popularity": 35, "streamingEpisodes": [], "coverImage": {"large": "https://s3.anilist.co/media/anime/cover/medium/8353.jpg", "medium": "https://s3.anilist.co/media/anime/cover/small/8353.jpg"}, "bannerImage": null, "isAdult": false, "format": "TV_SHORT"}, {"id": 8355, "title": {"romaji": "Himitsukessha Taka no Tsume The Movie 1: Soutou wa Nido Shinu", "english": null}, "type": "ANIME", "status": "FINISHED", "description": "The first Eagle Talon movie.", "startDate": {"year": 2007, "month": 3, "day": 17}, "endDate": {"year": 2007, "month": 3, "day": 17}, "season": "SPRING", "episodes": 1, "duration": 70, "genres": ["Comedy"], "averageScore": null, "trending": 0, "popularity": 27, "streamingEpisodes": [], "coverImage": {"large": "https://s3.anilist.co/media/anime/cover/medium/8355.jpg", "medium": "https://s3.anilist.co/media/anime/cover/small/8355.jpg"}, "bannerImage": null, "isAdult": false, "format": "MOVIE"}]}}}