{"data": {"Page": {"pageInfo": {"total": 12297, "hasNextPage": true}, "media": [{"id": 11083, "title": {"romaji": "Nurarihyon no Mago: Sennen Makyou Recaps", "english": "Nura: Rise of the Yokai Clan - Demon Capital Recaps"}, "type": "ANIME", "status": "FINISHED", "description": "<b>Please note that this entry is marked for deletion due to not meeting database guidelines.</b><br><br>Like the first series Nurarihyon no Mago: Sennen Makyou will have two recap episodes.", "startDate": {"year": 2011, "month": 9, "day": 25}, "endDate": {"year": 2011, "month": 12, "day": 25}, "season": "FALL", "episodes": 2, "duration": 20, "genres": ["Action", "Supernatural"], "averageScore": 60, "trending": 0, "popularity": 746, "streamingEpisodes": [], "coverImage": {"large": "https://s3.anilist.co/media/anime/cover/medium/11083.jpg", "medium": "https://s3.anilist.co/media/anime/cover/small/11083.jpg"}, "bannerImage": null, "isAdult": false, "format": "SPECIAL"}, {"id": 11087, "title": {"romaji": "Awake", "english": null}, "type": "ANIME", "status": "FINISHED", "description": "The first episode served as the opening animation for 1984's SciFi convention named Uru Matsuri III (&#12454;&#12523;&#31085;&#8546;) and it follows the style of the Daicon openings. The video consists of two primary fixations of the Japanese otaku culture in the 80s - scifi and lolis. The 2nd episode is only known to have been released in 1987. <br><br>\n(Source: AniDB)", "startDate": {"year": 1984, "month": 8, "day": 16}, "endDate": {"year": 2013, "month": 7, "day": 3}, "season": "SUMMER", "episodes": 2, "duration": 3, "genres": ["Action", "Mecha", "Sci-Fi"], "averageScore": null, "trending": 0, "popularity": 64, "streamingEpisodes": [], "coverImage": {"large": "https://s3.anilist.co/media/anime/cover/medium/11087.jpg", "medium": "https://s3.anilist.co/media/anime/cover/small/11087.jpg"}, "bannerImage": null, "isAdult": false, "format": "SPECIAL"}, {"id": 11093, "title": {"romaji": "Ziggy Soreyuke! R&R Band", "english": null}, "type": "ANIME", "status": "FINISHED", "description": null, "startDate": {"year": 1991, "month": 7, "day": 12}, "endDate": {"year": 1991, "month": 7, "day": 12}, "season": "SUMMER", "episodes": 1, "duration": 70, "genres": ["Music"], "averageScore": null, "trending": 0, "popularity": 21, "streamingEpisodes": [], "coverImage": {"large": "https://s3.anilist.co/media/anime/cover/medium/11093.jpg", "medium": "https://s3.anilist.co/media/anime/cover/small/11093.jpg"}, "bannerImage": null, "isAdult": false, "format": "MOVIE"}, {"id": 11095, "title": {"romaji": "Zouressha ga Yatte Kita", "english": null}, "type": "ANIME", "status": "FINISHED", "description": null, "startDate": {"year": 1992, "month": 7, "day": 4}, "endDate": {"year": 1992, "month": 7, "day": 4}, "season": "SUMMER", "episodes": 1, "duration": 80, "genres": ["Adventure"], "averageScore": null, "trending": 0, "popularity": 17, "streamingEpisodes": [], "coverImage": {"large": "https://s3.anilist.co/media/anime/cover/medium/11095.jpg", "medium": "https://s3.anilist.co/media/anime/cover/small/11095.jpg"}, "bannerImage": null, "isAdult": false, "format": "MOVIE"}, {"id": 11097, "title": {"romaji": "Zou no Inai Doubutsuen", "english": null}, "type": "ANIME", "status": "FINISHED", "description": null, "startDate": {"year": 1982, "month": 3, "day": 20}, "endDate": {"year": 1982, "month": 3, "day": 20}, "season": "SPRING", "episodes": 1, "duration": 79, "genres": ["Drama"], "averageScore": null, "trending": 0, "popularity": 19, "streamingEpisodes": [], "coverImage": {"large": "https://s3.anilist.co/media/anime/cover/medium/11097.jpg", "medium": "https://s3.anilist.co/media/anime/cover/small/11097.jpg"}, "bannerImage": null, "isAdult": false, "format": "MOVIE"}, {"id": 11099, "title": {"romaji": "Tiger & Bunny Pilot", "english": "Tiger & Bunny Pilot"}, "type": "ANIME", "status": "FINISHED", "description": "The pilot episode for Tiger &amp; Bunny released on the first DVD &amp; BD volume.", "startDate": {"year": 2011, "month": 5, "day": 27}, "endDate": {"year": 2011, "month": 5, "day": 27}, "season": "SPRING", "episodes": 1, "duration": 2, "genres": ["Action", "Comedy"], "averageScore": 56, "trending": 0, "popularity": 875, "streamingEpisodes": [], "coverImage": {"large": "https://s3.anilist.co/media/anime/cover/medium/11099.jpg", "medium": "https://s3.anilist.co/media/anime/cover/small/11099.jpg"}, "bannerImage": null, "isAdult": false, "format": "SPECIAL"}, {"id": 11101, "title": {"romaji": "Honoo no Alpen Rose", "english": null}, "type": "ANIME", "status": "FINISHED", "description": "Compilation of the TV series.", "startDate": {"year": 1985, "month": null, "day": null}, "endDate": {"year": 1985, "month": null, "day": null}, "season": null, "episodes": 2, "duration": 76, "genres": ["Drama", "Romance"], "averageScore": null, "trending": 0, "popularity": 42, "streamingEpisodes": [], "coverImage": {"large": "https://s3.anilist.co/media/anime/cover/medium/11101.jpg", "medium": "https://s3.anilist.co/media/anime/cover/small/11101.jpg"}, "bannerImage": null, "isAdult": false, "format": "OVA"}, {"id": 11103, "title": {"romaji": "Busou Shinki Moon Angel", "english": null}, "type": "ANIME", "status": "FINISHED", "description": "The story follows the coming of age and Shinki battles of Tsubasa, a boy who dreams of becoming a Shinki Master, and his Shinki partner Arnval Mk. 2.<br><br>\n(Source: ANN)", "startDate": {"year": 2011, "month": 9, "day": 7}, "endDate": {"year": 2012, "month": 1, "day": 26}, "season": "FALL", "episodes": 10, "duration": 5, "genres": ["Action", "Sci-Fi"], "averageScore": 61, "trending": 0, "popularity": 1219, "streamingEpisodes": [], "coverImage": {"large": "https://s3.anilist.co/media/anime/cover/medium/11103.jpg", "medium": "https://s3.anilist.co/media/anime/cover/small/11103.jpg"}, "bannerImage": null, "isAdult": false, "format": "ONA"}, {"id": 11111, "title": {"romaji": "Another", "english": null}, "type": "ANIME", "status": "FINISHED", "description": "26 years ago, in a third-year classroom of a middle school, there was a student named Misaki. As an honors student who was also good at sports, she was popular with her classmates. When she suddenly died, her classmates decided to carry on as if she was still alive until graduation. Then, in the spring of 1998, a boy named Sakakibara Kouichi transfers to the class, and he grows suspicious of the fearful atmosphere in that classroom. In particular, there is a beautiful, aloof girl named Mei Misaki who wears an eyepatch and is always alone drawing pictures.<br>", "startDate": {"year": 2012, "month": 1, "day": 10}, "endDate": {"year": 2012, "month": 3, "day": 27}, "season": "WINTER", "episodes": 12, "duration": 24, "genres": ["Horror", "Mystery", "Thriller"], "averageScore": 72, "trending": 3, "popularity": 42668, "streamingEpisodes": [{"title": "Promotional Video", "url": "http://www.crunchyroll.com/another/another-promotional-video-590258"}, {"title": "Episode 1 - Rough sketch", "url": "http://www.crunchyroll.com/another/episode-1-rough-sketch-589572"}, {"title": "Episode 2 - Blueprint", "url": "http://www.crunchyroll.com/another/episode-2-blueprint-589574"}, {"title": "Episode 3 - Bone work", "url": "http://www.crunchyroll.com/another/episode-3-bone-work-589576"}, {"title": "Episode 4 - Put flesh", "url": "http://www.crunchyroll.com/another/episode-4-put-flesh-589578"}, {"title": "Episode 5 - Build limbs", "url": "http://www.crunchyroll.com/another/episode-5-build-limbs-590202"}, {"title": "Episode 6 - Face to face", "url": "http://www.crunchyroll.com/another/episode-6-face-to-face-590204"}, {"title": "Episode 7 - Sphere joint", "url": "http://www.crunchyroll.com/another/episode-7-sphere-joint-590206"}, {"title": "Episode 8 - Hair stand", "url": "http://www.crunchyroll.com/another/episode-8-hair-stand-590208"}, {"title": "Episode 9 - Body paint", "url": "http://www.crunchyroll.com/another/episode-9-body-paint-590210"}, {"title": "Episode 10 - Glass eye", "url": "http://www.crunchyroll.com/another/episode-10-glass-eye-590212"}, {"title": "Episode 11 - Makeup", "url": "http://www.crunchyroll.com/another/episode-11-makeup-590214"}, {"title": "Episode 12 - Stand by oneself", "url": "http://www.crunchyroll.com/another/episode-12-stand-by-oneself-590216"}], "coverImage": {"large": "https://s3.anilist.co/media/anime/cover/medium/11111.jpg", "medium": "https://s3.anilist.co/media/anime/cover/small/11111.jpg"}, "bannerImage": "https://s3.anilist.co/media/anime/banner/11111.jpg", "isAdult": false, "format": "TV"}, {"id": 11113, "title": {"romaji": "Usagi Drop Specials", "english": "Bunny Drop Specials"}, "type": "ANIME", "status": "FINISHED", "description": "Four short episodes bundled with DVD/Blu-Ray.<br><br>\nVol.1: Episode 2.5 \"Aquarium of Leaves\"<br>\nVol.2: Episode 3.5 \"Dear My Santa Claus\"<br>\nVol.3: Episode 6.5 \"Full Blossom in the Sky\"<br>\nVol.4: Episode 8.5 \"Way Home\"", "startDate": {"year": 2011, "month": 10, "day": 28}, "endDate": {"year": 2012, "month": 1, "day": 27}, "season": "FALL", "episodes": 4, "duration": 5, "genres": ["Slice of Life"], "averageScore": 77, "trending": 0, "popularity": 5194, "streamingEpisodes": [], "coverImage": {"large": "https://s3.anilist.co/media/anime/cover/medium/11113.jpg", "medium": "https://s3.anilist.co/media/anime/cover/small/11113.jpg"}, "bannerImage": null, "isAdult": false, "format": "SPECIAL"}, {"id": 11123, "title": {"romaji": "Sekaiichi Hatsukoi 2", "english": null}, "type": "ANIME", "status": "FINISHED", "description": "Second season of Sekaiichi Hatsukoi.", "startDate": {"year": 2011, "month": 10, "day": 8}, "endDate": {"year": 2011, "month": 12, "day": 24}, "season": "FALL", "episodes": 12, "duration": 24, "genres": ["Comedy", "Romance"], "averageScore": 76, "trending": 1, "popularity": 3847, "streamingEpisodes": [{"title": "PV", "url": "http://www.crunchyroll.com/sekai-ichi-hatsukoi-worlds-greatest-first-love/sekai-ichi-hatsukoi-worlds-greatest-first-love-pv-572848"}, {"title": "Episode 1 - First Impressions are the Most Lasting", "url": "http://www.crunchyroll.com/sekai-ichi-hatsukoi-worlds-greatest-first-love/episode-1-first-impressions-are-the-most-lasting-573416"}, {"title": "Episode 2 - A man has free choice to begin love but not to end it", "url": "http://www.crunchyroll.com/sekai-ichi-hatsukoi-worlds-greatest-first-love/episode-2-a-man-has-free-choice-to-begin-love-but-not-to-end-it-573418"}, {"title": "Episode 3 - In love there is both dotage and discretion", "url": "http://www.crunchyroll.com/sekai-ichi-hatsukoi-worlds-greatest-first-love/episode-3-in-love-there-is-both-dotage-and-discretion-573420"}, {"title": "Episode 4 - Adversity makes a man wise.", "url": "http://www.crunchyroll.com/sekai-ichi-hatsukoi-worlds-greatest-first-love/episode-4-adversity-makes-a-man-wise-573422"}, {"title": "Episode 5 - Love is lawless", "url": "http://www.crunchyroll.com/sekai-ichi-hatsukoi-worlds-greatest-first-love/episode-5-love-is-lawless-573424"}, {"title": "Episode 6 - Go to the sea, if you would fish well.", "url": "http://www.crunchyroll.com/sekai-ichi-hatsukoi-worlds-greatest-first-love/episode-6-go-to-the-sea-if-you-would-fish-well-573426"}, {"title": "Episode 7 - Coming events cast their shadows before them", "url": "http://www.crunchyroll.com/sekai-ichi-hatsukoi-worlds-greatest-first-love/episode-7-coming-events-cast-their-shadows-before-them-573428"}, {"title": "Episode 8 - Looks breed love", "url": "http://www.crunchyroll.com/sekai-ichi-hatsukoi-worlds-greatest-first-love/episode-8-looks-breed-love-573430"}, {"title": "Episode 9 - The die is cast.", "url": "http://www.crunchyroll.com/sekai-ichi-hatsukoi-worlds-greatest-first-love/episode-9-the-die-is-cast-573432"}, {"title": "Episode 10 - Absence makes the heart grow fonder.", "url": "http://www.crunchyroll.com/sekai-ichi-hatsukoi-worlds-greatest-first-love/episode-10-absence-makes-the-heart-grow-fonder-573434"}, {"title": "Episode 11 - It never rains but it pours.", "url": "http://www.crunchyroll.com/sekai-ichi-hatsukoi-worlds-greatest-first-love/episode-11-it-never-rains-but-it-pours-573436"}, {"title": "Episode 12 - After a storm comes a calm.", "url": "http://www.crunchyroll.com/sekai-ichi-hatsukoi-worlds-greatest-first-love/episode-12-after-a-storm-comes-a-calm-573438"}, {"title": "Episode 13 - A good beginning makes a good ending.", "url": "http://www.crunchyroll.com/sekai-ichi-hatsukoi-worlds-greatest-first-love/episode-13-a-good-beginning-makes-a-good-ending-585276"}, {"title": "Episode 14 - One cannot love and be wise", "url": "http://www.crunchyroll.com/sekai-ichi-hatsukoi-worlds-greatest-first-love/episode-14-one-cannot-love-and-be-wise-585734"}, {"title": "Episode 15 - Lingering love breeds mistake.", "url": "http://www.crunchyroll.com/sekai-ichi-hatsukoi-worlds-greatest-first-love/episode-15-lingering-love-breeds-mistake-585736"}, {"title": "Episode 16 - Delay in love is dangerous", "url": "http://www.crunchyroll.com/sekai-ichi-hatsukoi-worlds-greatest-first-love/episode-16-delay-in-love-is-dangerous-585738"}, {"title": "Episode 17 - Follow love and it will flee thee, flee love and it will follow thee.", "url": "http://www.crunchyroll.com/sekai-ichi-hatsukoi-worlds-greatest-first-love/episode-17-follow-love-and-it-will-flee-thee-flee-love-and-it-will-follow-thee-585740"}, {"title": "Episode 18 - Love is without reason.", "url": "http://www.crunchyroll.com/sekai-ichi-hatsukoi-worlds-greatest-first-love/episode-18-love-is-without-reason-585742"}, {"title": "Episode 19 - Actions speak louder than words", "url": "http://www.crunchyroll.com/sekai-ichi-hatsukoi-worlds-greatest-first-love/episode-19-actions-speak-louder-than-words-585744"}, {"title": "Episode 20 - Love and envy make a man pine", "url": "http://www.crunchyroll.com/sekai-ichi-hatsukoi-worlds-greatest-first-love/episode-20-love-and-envy-make-a-man-pine-585746"}, {"title": "Episode 21 - Love is blind", "url": "http://www.crunchyroll.com/sekai-ichi-hatsukoi-worlds-greatest-first-love/episode-21-love-is-blind-585748"}, {"title": "Episode 22 - Love goes never without fear", "url": "http://www.crunchyroll.com/sekai-ichi-hatsukoi-worlds-greatest-first-love/episode-22-love-goes-never-without-fear-585750"}, {"title": "Episode 23 - Love makes the world go round", "url": "http://www.crunchyroll.com/sekai-ichi-hatsukoi-worlds-greatest-first-love/episode-23-love-makes-the-world-go-round-585752"}, {"title": "Episode 24 - Love is bitter-sweet", "url": "http://www.crunchyroll.com/sekai-ichi-hatsukoi-worlds-greatest-first-love/episode-24-love-is-bitter-sweet-585754"}], "coverImage": {"large": "https://s3.anilist.co/media/anime/cover/medium/11123.jpg", "medium": "https://s3.anilist.co/media/anime/cover/small/11123.jpg"}, "bannerImage": null, "isAdult": false, "format": "TV"}, {"id": 11135, "title": {"romaji": "Hybrid Child", "english": null}, "type": "ANIME", "status": "FINISHED", "description": "The Hybrid Child is an amazing android that can grow if it is lavished with enough love and care from its owner. Neither fully machine nor fully human, the various Hybrid Child models develop strong emotional bonds with their owners. This volume contains several short stories of love, sacrifice, and drama: Young Kotaro learns the importance of responsibility when his Hybrid Child's lifespan runs out. The tragic swordsman Seya learns to love again with the help of his Hybrid child, Yuzu. The final tale tells the story of Kuroda, the creator of the Hybrid Child designs, and how his lost love inspired their creation.<br><br>\r\n(Source: DMP)", "startDate": {"year": 2014, "month": 10, "day": 29}, "endDate": {"year": 2015, "month": 1, "day": 28}, "season": "FALL", "episodes": 4, "duration": null, "genres": ["Drama"], "averageScore": 72, "trending": 0, "popularity": 2185, "streamingEpisodes": [], "coverImage": {"large": "https://s3.anilist.co/media/anime/cover/medium/11135-YIFUbwzeQniM.jpg", "medium": "https://s3.anilist.co/media/anime/cover/small/11135-YIFUbwzeQniM.jpg"}, "bannerImage": null, "isAdult": false, "format": "OVA"}, {"id": 11141, "title": {"romaji": "Blue Seagull", "english": null}, "type": "ANIME", "status": "FINISHED", "description": "In the era of Chosun Dynasty (Old Korea), a Sword (Royal Gift) was lost. The Sword was taken to Japan by a grave robber. A brave young man goes to fight a host of international criminal organizations to get the Sword back. One day in Japan, Yakuza boss Ohmikkami is cruelly killed by the Mafia, and they take the Royal Sword. The young man is informed that the Sword is in the hands of the Mafia. The young and courageous Korean man (Hail) visits Japan and New York to try and take the Sword back. His girlfriend (Chaerin) is a car engineer who is in New York to participate in a car show. Hail finds out the location of the Sword in New York through his beautiful American assistant Josie. The mafia, worried about the safety of the Sword, kidnaps Josie. Hail is forced to confront them to get her and the Sword back. Will he win and get the Sword and Josie back?<br><br>\n(Source: Korean Movie Database)", "startDate": {"year": 1994, "month": 11, "day": 5}, "endDate": {"year": 1994, "month": 11, "day": 5}, "season": "FALL", "episodes": 1, "duration": 74, "genres": ["Action"], "averageScore": null, "trending": 0, "popularity": 72, "streamingEpisodes": [], "coverImage": {"large": "https://s3.anilist.co/media/anime/cover/medium/11141.jpg", "medium": "https://s3.anilist.co/media/anime/cover/small/11141.jpg"}, "bannerImage": null, "isAdult": false, "format": "MOVIE"}, {"id": 11161, "title": {"romaji": "Hoshizora e Kakaru Hashi OVA", "english": "A Bridge to the Starry Skies OVA"}, "type": "ANIME", "status": "FINISHED", "description": "Shortly before the upcoming festival, a year after the end of episode 12, Daigo decides to find a girlfriend to dance with in the festival. Will he be able to do so?", "startDate": {"year": 2011, "month": 12, "day": 21}, "endDate": {"year": 2011, "month": 12, "day": 21}, "season": "WINTER", "episodes": 1, "duration": 26, "genres": ["Romance"], "averageScore": 64, "trending": 0, "popularity": 1952, "streamingEpisodes": [], "coverImage": {"large": "https://s3.anilist.co/media/anime/cover/medium/11161.jpg", "medium": "https://s3.anilist.co/media/anime/cover/small/11161.jpg"}, "bannerImage": null, "isAdult": false, "format": "OVA"}, {"id": 11177, "title": {"romaji": "Cross Fight B-Daman", "english": null}, "type": "ANIME", "status": "FINISHED", "description": "A rumor has spread amongst the children worldwide regarding the popular B-Daman matches: A select group will be allowed to participate in an upcoming secret competition, known as \"Cross Fight\"! <br><br>\n(Source: translated and adapted from official site by Cranston) ", "startDate": {"year": 2011, "month": 10, "day": 2}, "endDate": {"year": 2012, "month": 9, "day": 30}, "season": "FALL", "episodes": 52, "duration": 14, "genres": ["Adventure"], "averageScore": 52, "trending": 0, "popularity": 221, "streamingEpisodes": [], "coverImage": {"large": "https://s3.anilist.co/media/anime/cover/medium/11177.jpg", "medium": "https://s3.anilist.co/media/anime/cover/small/11177.jpg"}, "bannerImage": null, "isAdult": false, "format": "TV_SHORT"}, {"id": 11179, "title": {"romaji": "Papa no Iukoto wo Kikinasai!", "english": "Listen to Me, Girls. I Am Your Father!"}, "type": "ANIME", "status": "FINISHED", "description": "Segawa Yuta is a freshman of a university. He lost his parents when he was small and was raised by his sister Yuri. Yuta has been living alone since Yuri got married to a middle aged man when Yuta was a junior high student. <br><br>\r\nOne day, Yuri visited Yuta's apartment and asked him to take care of her three daughters while Yuri and her husband were on a trip. He unwillingly accepted the job but the plane Yuri took went missing. In order to prevent the daughters from being adopted separately by relatives, Yuta decided to take in all three girls. <br><br>\r\nA life of a strange family in a tiny apartment begins.", "startDate": {"year": 2012, "month": 1, "day": 11}, "endDate": {"year": 2012, "month": 3, "day": 28}, "season": "WINTER", "episodes": 12, "duration": 23, "genres": ["Comedy", "Romance", "Slice of Life", "Drama"], "averageScore": 70, "trending": 0, "popularity": 10574, "streamingEpisodes": [{"title": "Episode 1 - Don't Call Me Daddy", "url": "http://www.crunchyroll.com/listen-to-me-girls-im-your-father/episode-1-dont-call-me-daddy-590242"}, {"title": "Episode 2 - Come to My House", "url": "http://www.crunchyroll.com/listen-to-me-girls-im-your-father/episode-2-come-to-my-house-590356"}, {"title": "Episode 3 - I Won't Cry", "url": "http://www.crunchyroll.com/listen-to-me-girls-im-your-father/episode-3-i-wont-cry-590358"}, {"title": "Episode 4 - Wonderful Life", "url": "http://www.crunchyroll.com/listen-to-me-girls-im-your-father/episode-4-wonderful-life-590360"}, {"title": "Episode 5 - What Happened to the Girl", "url": "http://www.crunchyroll.com/listen-to-me-girls-im-your-father/episode-5-what-happened-to-the-girl-590362"}, {"title": "Episode 6 - A Wonderful Family Trip", "url": "http://www.crunchyroll.com/listen-to-me-girls-im-your-father/episode-6-a-wonderful-family-trip-590364"}, {"title": "Episode 7 - Thanks for Always Putting up With Us", "url": "http://www.crunchyroll.com/listen-to-me-girls-im-your-father/episode-7-thanks-for-always-putting-up-with-us-590366"}, {"title": "Episode 8 - Onii-chan's Choice!", "url": "http://www.crunchyroll.com/listen-to-me-girls-im-your-father/episode-8-onii-chans-choice-590368"}, {"title": "Episode 9 - A Little My Way", "url": "http://www.crunchyroll.com/listen-to-me-girls-im-your-father/episode-9-a-little-my-way-590370"}, {"title": "Episode 10 - My Blue Sky", "url": "http://www.crunchyroll.com/listen-to-me-girls-im-your-father/episode-10-my-blue-sky-590372"}, {"title": "Episode 11 - You're not There When I Want You to Be...", "url": "http://www.crunchyroll.com/listen-to-me-girls-im-your-father/episode-11-youre-not-there-when-i-want-you-to-be-590374"}, {"title": "Episode 12 - I Love the World's Best Daddy", "url": "http://www.crunchyroll.com/listen-to-me-girls-im-your-father/episode-12-i-love-the-worlds-best-daddy-590376"}], "coverImage": {"large": "https://s3.anilist.co/media/anime/cover/medium/11179.jpg", "medium": "https://s3.anilist.co/media/anime/cover/small/11179.jpg"}, "bannerImage": "https://s3.anilist.co/media/anime/banner/11179-DeIDKm4vUYQ2.jpg", "isAdult": false, "format": "TV"}, {"id": 11185, "title": {"romaji": "Kowaku no Toki", "english": null}, "type": "ANIME", "status": "FINISHED", "description": "Based on the erotic game by Tinker Bell. Mibuu Kyousuke is a detective who finds himself lost in the mountains where he dreams of a girl who is involved in an obscene ritual of torture and molestation by deformed old men and a bull.  When he finds a house he meets the girl from his dreams (Yukino) and decided he wants to save her.  Yukino thanks him for his kindness but begs him to leave since it is dangerous for outsiders.  The longer Kyousuke stays at the house the more he finds himself being overtaken by desire.  Will he be able to save Yukino and her family from their nightly torture or will he become a victim himself?", "startDate": {"year": 2011, "month": 10, "day": 28}, "endDate": {"year": 2014, "month": 7, "day": 25}, "season": "FALL", "episodes": 4, "duration": 30, "genres": ["Hentai"], "averageScore": 52, "trending": 0, "popularity": 485, "streamingEpisodes": [], "coverImage": {"large": "https://s3.anilist.co/media/anime/cover/medium/11185.jpg", "medium": "https://s3.anilist.co/media/anime/cover/small/11185.jpg"}, "bannerImage": null, "isAdult": true, "format": "OVA"}, {"id": 11189, "title": {"romaji": "Pair", "english": null}, "type": "ANIME", "status": "FINISHED", "description": "Animated promotional video from Meaw, a virtual idol unit popular in Niko Niko Douga, featuring the outro theme of the anime Honto ni Atta! Reibai Sensei.<br><br>\n(Source: AniDB)", "startDate": {"year": 2011, "month": 8, "day": 24}, "endDate": {"year": 2011, "month": 8, "day": 24}, "season": "SUMMER", "episodes": 1, "duration": 3, "genres": ["Music"], "averageScore": 47, "trending": 0, "popularity": 102, "streamingEpisodes": [], "coverImage": {"large": "https://s3.anilist.co/media/anime/cover/medium/11189.jpg", "medium": "https://s3.anilist.co/media/anime/cover/small/11189.jpg"}, "bannerImage": null, "isAdult": false, "format": "MUSIC"}, {"id": 11197, "title": {"romaji": "Kuma no Puutarou", "english": null}, "type": "ANIME", "status": "FINISHED", "description": "The series depicts Puutarou's peculiar encounters with his bizarre neighbors.", "startDate": {"year": 1995, "month": 4, "day": 19}, "endDate": {"year": 1996, "month": 3, "day": 29}, "season": "SPRING", "episodes": 30, "duration": 24, "genres": ["Comedy"], "averageScore": null, "trending": 0, "popularity": 14, "streamingEpisodes": [], "coverImage": {"large": "https://s3.anilist.co/media/anime/cover/medium/11197.jpg", "medium": "https://s3.anilist.co/media/anime/cover/small/11197.jpg"}, "bannerImage": null, "isAdult": false, "format": "TV"}, {"id": 11203, "title": {"romaji": "Hero Hero-kun", "english": null}, "type": "ANIME", "status": "FINISHED", "description": "It's a comedy about children in elementary school.<br>", "startDate": {"year": 2000, "month": 4, "day": 3}, "endDate": {"year": 2001, "month": 1, "day": 2}, "season": "SPRING", "episodes": 104, "duration": 5, "genres": ["Adventure", "Comedy"], "averageScore": null, "trending": 0, "popularity": 19, "streamingEpisodes": [], "coverImage": {"large": "https://s3.anilist.co/media/anime/cover/medium/11203.jpg", "medium": "https://s3.anilist.co/media/anime/cover/small/11203.jpg"}, "bannerImage": null, "isAdult": false, "format": "TV_SHORT"}, {"id": 11209, "title": {"romaji": "Maken-Ki! OVA", "english": null}, "type": "ANIME", "status": "FINISHED", "description": "OVA episodes bundled with the 8th and 11th volumes of the manga.", "startDate": {"year": 2012, "month": 3, "day": 1}, "endDate": {"year": 2013, "month": 9, "day": 25}, "season": "SPRING", "episodes": 2, "duration": 24, "genres": ["Action", "Ecchi"], "averageScore": 61, "trending": 0, "popularity": 2978, "streamingEpisodes": [], "coverImage": {"large": "https://s3.anilist.co/media/anime/cover/medium/11209.jpg", "medium": "https://s3.anilist.co/media/anime/cover/small/11209.jpg"}, "bannerImage": "https://s3.anilist.co/media/anime/banner/11209-qWrD6bLxiPzT.jpg", "isAdult": false, "format": "OVA"}, {"id": 11213, "title": {"romaji": "Hoshi no Ko Poron", "english": null}, "type": "ANIME", "status": "FINISHED", "description": "Poron/Polon is an alien child who comes in a flying saucer from the distant reaches of space to Earth. There, he soon encounters the native life-forms, although as a new arrival, he is unaware that he has ignored humans, and instead befriends a rabbit, a bear, and a fox. This little-known science fantasy is not to be confused with Chobin the Starchild, which started its TV run a month earlier. <br><br>\n(Source: animevice) ", "startDate": {"year": 1974, "month": 1, "day": 4}, "endDate": {"year": 1975, "month": 4, "day": 4}, "season": "WINTER", "episodes": 260, "duration": 5, "genres": ["Sci-Fi"], "averageScore": null, "trending": 0, "popularity": 38, "streamingEpisodes": [], "coverImage": {"large": "https://s3.anilist.co/media/anime/cover/medium/11213.jpg", "medium": "https://s3.anilist.co/media/anime/cover/small/11213.jpg"}, "bannerImage": null, "isAdult": false, "format": "TV_SHORT"}, {"id": 11221, "title": {"romaji": "Machikado no M\u00e4rchen", "english": null}, "type": "ANIME", "status": "FINISHED", "description": "A boy with a drawing book meets a mysterious girl in the streets of Tokyo. They become friends and enjoy each other's fantasies.", "startDate": {"year": 1984, "month": 7, "day": 21}, "endDate": {"year": 1984, "month": 7, "day": 21}, "season": "SUMMER", "episodes": 1, "duration": 54, "genres": ["Romance"], "averageScore": null, "trending": 0, "popularity": 108, "streamingEpisodes": [], "coverImage": {"large": "https://s3.anilist.co/media/anime/cover/medium/11221.jpg", "medium": "https://s3.anilist.co/media/anime/cover/small/11221.jpg"}, "bannerImage": null, "isAdult": false, "format": "OVA"}, {"id": 11227, "title": {"romaji": "Rinne no Lagrange", "english": "Lagrange: The Flower of Rin-ne"}, "type": "ANIME", "status": "FINISHED", "description": "Madoka Kyouno is an energetic girl who is full of passion. As the proud, and only, member of the Kamogawa Girls' High School Jersey Club, she goes around helping people in need. <br><br>\nMadoka's life is turned upside down when she is suddenly asked by a mysterious girl named Lan to pilot a robot. Motivated by her desire to protect the people and city of Kamogawa, Madoka agrees to pilot the resurrected Vox robot to fight against extraterrestrials that have come to attack Earth. <br><br>\n(Source: VIZ Media) ", "startDate": {"year": 2012, "month": 1, "day": 8}, "endDate": {"year": 2012, "month": 3, "day": 25}, "season": "WINTER", "episodes": 12, "duration": 23, "genres": ["Action", "Comedy", "Mecha"], "averageScore": 67, "trending": 0, "popularity": 5200, "streamingEpisodes": [], "coverImage": {"large": "https://s3.anilist.co/media/anime/cover/medium/11227.jpg", "medium": "https://s3.anilist.co/media/anime/cover/small/11227.jpg"}, "bannerImage": null, "isAdult": false, "format": "TV"}, {"id": 11235, "title": {"romaji": "Amagami SS+ Plus", "english": null}, "type": "ANIME", "status": "FINISHED", "description": "A continuation of Amagami SS, showing what happens after each girl's respective arc. What if Tsukasa were to run for student council president...?", "startDate": {"year": 2012, "month": 1, "day": 6}, "endDate": {"year": 2012, "month": 3, "day": 30}, "season": "WINTER", "episodes": 13, "duration": 24, "genres": ["Comedy", "Romance", "Slice of Life"], "averageScore": 72, "trending": 2, "popularity": 8378, "streamingEpisodes": [], "coverImage": {"large": "https://s3.anilist.co/media/anime/cover/medium/11235.jpg", "medium": "https://s3.anilist.co/media/anime/cover/small/11235.jpg"}, "bannerImage": "https://s3.anilist.co/media/anime/banner/11235-pCNgOZkSScqZ.jpg", "isAdult": false, "format": "TV"}, {"id": 11237, "title": {"romaji": "Hidamari Sketch x SP", "english": null}, "type": "ANIME", "status": "FINISHED", "description": "Even though studying at a prestigious art school like Yamabuki is hard work, the girls who live at the Hidamari Apartments always manage to squeeze in time for a little fun and exploration. And when they actually get a day off? Watch out world! Yuno, Sae, Hiro, Miyako and new students Nori and Nazuna return to create another masterpiece of life as art, with all new adventures that include swimming, pajama parties, trips to the art museum and even an all-you-can-eat diner courtesy of the landlady! Of course, there&rsquo;s always a little housework that has to be squeezed in, but with a pinch of resourcefulness and a dash of creativity, even the most onerous of chores can be turned into something magical. <br><br>\n(Source: Sentai Filmworks) ", "startDate": {"year": 2011, "month": 10, "day": 30}, "endDate": {"year": 2011, "month": 11, "day": 6}, "season": "FALL", "episodes": 2, "duration": 24, "genres": ["Comedy", "Slice of Life"], "averageScore": 76, "trending": 0, "popularity": 1773, "streamingEpisodes": [], "coverImage": {"large": "https://s3.anilist.co/media/anime/cover/medium/11237.jpg", "medium": "https://s3.anilist.co/media/anime/cover/small/11237.jpg"}, "bannerImage": "https://s3.anilist.co/media/anime/banner/11237-rRw7LjABVHUI.jpg", "isAdult": false, "format": "SPECIAL"}, {"id": 11239, "title": {"romaji": "Hidamari Sketch x Honeycomb", "english": "Hidamari Sketch: xHoneycomb"}, "type": "ANIME", "status": "FINISHED", "description": "Studying at the Yamabuki Arts High School has been a dream-come-true for Yuno, and she's learned so much already! And not just from her instructors, but from her friends and neighbors who've become her second family and made the Hidamari Apartments such a safe and nurturing home. But as the day of her \"big sisters\" Sae and Hiro's graduation draws slowly closer, it's time for Yuno to start seriously taking on the same role for Nazuna, Nori and the other budding young artists who've entered Hidemari's protective cocoon. And it's also time to tackle some really challenging artistic assignments. That doesn't mean there won't still be time for fun with Miyako and all the others, but it's definitely time to pencil in her plans for the future. And sometimes that means you have to put the art before the course! <br><br>\r\n(Source: Sentai Filmworks) ", "startDate": {"year": 2012, "month": 10, "day": 5}, "endDate": {"year": 2012, "month": 12, "day": 21}, "season": "FALL", "episodes": 12, "duration": 24, "genres": ["Comedy", "Slice of Life"], "averageScore": 78, "trending": 0, "popularity": 2543, "streamingEpisodes": [], "coverImage": {"large": "https://s3.anilist.co/media/anime/cover/medium/11239.jpg", "medium": "https://s3.anilist.co/media/anime/cover/small/11239.jpg"}, "bannerImage": "https://s3.anilist.co/media/anime/banner/11239-iZHRDm0opfFI.png", "isAdult": false, "format": "TV"}, {"id": 11241, "title": {"romaji": "Brave 10", "english": null}, "type": "ANIME", "status": "FINISHED", "description": "A young ninja named Saizo Kirigakure is trying to find meaning and direction in his life when he encounters Isanami, who is fleeing from assassins. He manages to save her life, and she then asks him to act as her bodyguard until she reaches her destination. When they arrive in the protected territory of Sanada, Saizo falls into a meeting with Sasuke Sarutobi, leader of the famed ninja group. Sanada has gathered these bold and talented ninjas together in order to bring an end to Japan's era of war. Meanwhile, Isanami's mysterious hidden power comes to light. <br><br>\n(Source: NIS America) ", "startDate": {"year": 2012, "month": 1, "day": 8}, "endDate": {"year": 2012, "month": 3, "day": 25}, "season": "WINTER", "episodes": 12, "duration": 24, "genres": ["Action", "Adventure"], "averageScore": 62, "trending": 1, "popularity": 6187, "streamingEpisodes": [{"title": "Episode 1 - The Fateful Two", "url": "http://www.crunchyroll.com/brave-10/episode-1-the-fateful-two-589414"}, {"title": "Episode 2 - Dark and Light", "url": "http://www.crunchyroll.com/brave-10/episode-2-dark-and-light-589416"}, {"title": "Episode 3 - Valley of Whirlwinds", "url": "http://www.crunchyroll.com/brave-10/episode-3-valley-of-whirlwinds-589418"}, {"title": "Episode 4 - The Souls of the Gods", "url": "http://www.crunchyroll.com/brave-10/episode-4-the-souls-of-the-gods-589420"}, {"title": "Episode 5 - The Heart of the Dragon", "url": "http://www.crunchyroll.com/brave-10/episode-5-the-heart-of-the-dragon-589422"}, {"title": "Episode 6 - Taizan Meido", "url": "http://www.crunchyroll.com/brave-10/episode-6-taizan-meido-589424"}, {"title": "Episode 7 - Sword and Fan", "url": "http://www.crunchyroll.com/brave-10/episode-7-sword-and-fan-589426"}, {"title": "Episode 8 - The Birth of a Warrior", "url": "http://www.crunchyroll.com/brave-10/episode-8-the-birth-of-a-warrior-589428"}, {"title": "Episode 9 - The True Face of Ice", "url": "http://www.crunchyroll.com/brave-10/episode-9-the-true-face-of-ice-589430"}, {"title": "Episode 10 - The Start of Tragedy", "url": "http://www.crunchyroll.com/brave-10/episode-10-the-start-of-tragedy-589432"}, {"title": "Episode 11 - The Wail of Darkness", "url": "http://www.crunchyroll.com/brave-10/episode-11-the-wail-of-darkness-589434"}, {"title": "Episode 12 - The Warrior of Light", "url": "http://www.crunchyroll.com/brave-10/episode-12-the-warrior-of-light-589436"}], "coverImage": {"large": "https://s3.anilist.co/media/anime/cover/medium/11241.jpg", "medium": "https://s3.anilist.co/media/anime/cover/small/11241.jpg"}, "bannerImage": "https://s3.anilist.co/media/anime/banner/11241-9X2TrLCKv60G.jpg", "isAdult": false, "format": "TV"}, {"id": 11245, "title": {"romaji": "Manga Nihonshi", "english": null}, "type": "ANIME", "status": "FINISHED", "description": "Animated History of Japan.", "startDate": {"year": 1983, "month": 3, "day": 4}, "endDate": {"year": 1984, "month": 8, "day": 4}, "season": "SPRING", "episodes": 52, "duration": 24, "genres": [], "averageScore": null, "trending": 0, "popularity": 30, "streamingEpisodes": [], "coverImage": {"large": "https://s3.anilist.co/media/anime/cover/medium/11245.jpg", "medium": "https://s3.anilist.co/media/anime/cover/small/11245.jpg"}, "bannerImage": null, "isAdult": false, "format": "TV"}, {"id": 11255, "title": {"romaji": "Ikkitousen: Shuugaku Toushi Keppuuroku", "english": null}, "type": "ANIME", "status": "FINISHED", "description": "Ikkitousen OVA.", "startDate": {"year": 2011, "month": 11, "day": 12}, "endDate": {"year": 2011, "month": 11, "day": 12}, "season": "FALL", "episodes": 1, "duration": 43, "genres": ["Action", "Ecchi"], "averageScore": 61, "trending": 0, "popularity": 1091, "streamingEpisodes": [], "coverImage": {"large": "https://s3.anilist.co/media/anime/cover/medium/11255.jpg", "medium": "https://s3.anilist.co/media/anime/cover/small/11255.jpg"}, "bannerImage": null, "isAdult": false, "format": "OVA"}, {"id": 11266, "title": {"romaji": "Ao no Exorcist: Kuro no Iede", "english": "Blue Exorcist: Runaway Kuro"}, "type": "ANIME", "status": "FINISHED", "description": "Feeling slighted by Rin, Kuro goes on the hunt for a new master, but can he find anyone who can truly replace Rin?", "startDate": {"year": 2011, "month": 10, "day": 26}, "endDate": {"year": 2011, "month": 10, "day": 26}, "season": "FALL", "episodes": 1, "duration": 24, "genres": ["Action", "Fantasy", "Supernatural"], "averageScore": 69, "trending": 1, "popularity": 6035, "streamingEpisodes": [], "coverImage": {"large": "https://s3.anilist.co/media/anime/cover/medium/11266.jpg", "medium": "https://s3.anilist.co/media/anime/cover/small/11266.jpg"}, "bannerImage": null, "isAdult": false, "format": "SPECIAL"}, {"id": 11268, "title": {"romaji": "Ganso Tensai Bakabon", "english": null}, "type": "ANIME", "status": "FINISHED", "description": "A comedy about a former genius who has now become very eccentric and senile. His family deals with all the crazy problems he and his old friends cause around the neighborhood.<br><br>\n(Source: AniDB)", "startDate": {"year": 1975, "month": 10, "day": 6}, "endDate": {"year": 1977, "month": 9, "day": 26}, "season": "FALL", "episodes": 103, "duration": 14, "genres": ["Comedy"], "averageScore": null, "trending": 0, "popularity": 52, "streamingEpisodes": [], "coverImage": {"large": "https://s3.anilist.co/media/anime/cover/medium/11268.jpg", "medium": "https://s3.anilist.co/media/anime/cover/small/11268.jpg"}, "bannerImage": null, "isAdult": false, "format": "TV_SHORT"}, {"id": 11269, "title": {"romaji": "Maken Liner 0011 Henshin Seyo!", "english": null}, "type": "ANIME", "status": "FINISHED", "description": "A medium long anime movie (50 minutes) released as one of the programs of 'Toei Manga Festival', and screened with a live-action film \"Kamen Rider vs. Ambassador Hell\" and others. <br><br>\nA near-future Sci-Fi mecha action film featuring four cyborg dogs. An original story based on the concept from Hiroshi Sasagawa's manga \"Maken Goro\" (serialized in the magazine \"Weekly Shonen King\" in 1963).<br><br>\nA boy named Tsutomu and four cyborg dogs (Queen, Ace, Jack and Joker who coalesce and transform into the spaceship \"Liner\") fight against aggression by insect-type aliens from the Planet Devil.<br><br>\nDirected by Takeshi Tamiya. Music by Takeo Yamashita.<br><br>\n(Source: AsianDVDClub)", "startDate": {"year": 1972, "month": 7, "day": 16}, "endDate": {"year": 1972, "month": 7, "day": 16}, "season": "SUMMER", "episodes": 1, "duration": 50, "genres": ["Action", "Mecha", "Sci-Fi"], "averageScore": null, "trending": 0, "popularity": 73, "streamingEpisodes": [], "coverImage": {"large": "https://s3.anilist.co/media/anime/cover/medium/11269.jpg", "medium": "https://s3.anilist.co/media/anime/cover/small/11269.jpg"}, "bannerImage": null, "isAdult": false, "format": "MOVIE"}, {"id": 11275, "title": {"romaji": "Akado Suzunosuke", "english": null}, "type": "ANIME", "status": "FINISHED", "description": null, "startDate": {"year": 1972, "month": 4, "day": 5}, "endDate": {"year": 1973, "month": 3, "day": 28}, "season": "SPRING", "episodes": 52, "duration": 24, "genres": ["Adventure"], "averageScore": null, "trending": 0, "popularity": 40, "streamingEpisodes": [], "coverImage": {"large": "https://s3.anilist.co/media/anime/cover/medium/11275.jpg", "medium": "https://s3.anilist.co/media/anime/cover/small/11275.jpg"}, "bannerImage": null, "isAdult": false, "format": "TV"}, {"id": 11281, "title": {"romaji": "Keroro Gunsou: Mushakero Ohirome Sengoku Ranstar Dai Battle", "english": null}, "type": "ANIME", "status": "FINISHED", "description": "This was the 14-minute movie that was screened in theaters with Keroro Gunsou Movie 3. It became the prequel to the Mushakero in season 5 of the main Keroro Gunsou anime series. It takes place in Ranstar where the Keroro platoon are up against the Vipers. The whole setting of Ranstar is based on the Sengoku Era of Japan, and all characters are dressed in that fashion.", "startDate": {"year": 2008, "month": 3, "day": 1}, "endDate": {"year": 2008, "month": 3, "day": 1}, "season": "SPRING", "episodes": 1, "duration": 14, "genres": ["Action", "Comedy", "Mecha"], "averageScore": null, "trending": 0, "popularity": 71, "streamingEpisodes": [], "coverImage": {"large": "https://s3.anilist.co/media/anime/cover/medium/11281.jpg", "medium": "https://s3.anilist.co/media/anime/cover/small/11281.jpg"}, "bannerImage": null, "isAdult": false, "format": "SPECIAL"}, {"id": 11285, "title": {"romaji": "Black\u2605Rock Shooter (TV)", "english": null}, "type": "ANIME", "status": "FINISHED", "description": "It isn't the world you know. There wanders a girl with jet-black hair, ebony clothes, and a strikingly blue, glowing eye. Her name is Black&#9733;Rock Shooter. With a huge cannon in hand, she throws herself into a fierce battle...<br><br>\nMeanwhile, in another world, middle-school student Mato Kuroi is drawn to Yomi Takanashi, her classmate with an unusual family name. Mato does her best to talk to Yomi, who just won't open up. Yu Koutari mocks her best friend Mato's efforts but at the same time, supports her. Mato also finds herself surrounded by other colorful characters at school, like the eccentric school counselor, Saya Irino, and the hot-blooded captain of her club club, Arata Kohata.<br><br>\nThen, one day, the window of opportunity opens. After Mato sees that Yomi has her favorite picture book, \"Li'l Birds At Play\", they strike up a conversation and Mato is invited to come over to Yomi's house. There, they gradually break the ice, until a girl in a wheelchair appears. This is Yomi's best friend, Kagari Izuriha...<br><br>\nTwo worlds. Mato and Black&#9733;Rock Shooter. This is the story of their \"pain\".<br><br>\n(Source: Nico Nico Douga) ", "startDate": {"year": 2012, "month": 2, "day": 3}, "endDate": {"year": 2012, "month": 3, "day": 23}, "season": "WINTER", "episodes": 8, "duration": 23, "genres": ["Action", "Drama", "Slice of Life"], "averageScore": 64, "trending": 0, "popularity": 17660, "streamingEpisodes": [], "coverImage": {"large": "https://s3.anilist.co/media/anime/cover/medium/11285.jpg", "medium": "https://s3.anilist.co/media/anime/cover/small/11285.jpg"}, "bannerImage": "https://s3.anilist.co/media/anime/banner/11285.jpg", "isAdult": false, "format": "TV"}, {"id": 11299, "title": {"romaji": "Keroro Gunsou: KeroZero Shupattsudayo! Zeninshuugou!", "english": null}, "type": "ANIME", "status": "FINISHED", "description": "This is episode 0, the prequel to the main Keroro Gunsou anime series. KeroZero was shown in theaters with Keroro Gunsou Movie 4. <br><br>\nOn the day of Keroro battalion's departure from Keron Planet to Planet Earth, an opposing alien species assails the Keron space station, where Giroro and Zeroro (later known as Dororo) are waiting for Keroro to arrive.", "startDate": {"year": 2009, "month": 3, "day": 7}, "endDate": {"year": 2009, "month": 3, "day": 7}, "season": "SPRING", "episodes": 1, "duration": 15, "genres": ["Action", "Adventure", "Comedy", "Mecha"], "averageScore": null, "trending": 0, "popularity": 91, "streamingEpisodes": [], "coverImage": {"large": "https://s3.anilist.co/media/anime/cover/medium/11299.jpg", "medium": "https://s3.anilist.co/media/anime/cover/small/11299.jpg"}, "bannerImage": null, "isAdult": false, "format": "SPECIAL"}, {"id": 11307, "title": {"romaji": "Ginga Patrol PJ", "english": null}, "type": "ANIME", "status": "FINISHED", "description": "Once Upon a Time... Space differs from the rest of the Once Upon a Time titles in the sense that the series revolve on a dramatic content rather than an educational premise. The series still has a handful of educational information (such as an episode discussing the rings of Planet Saturn).<br><br>\nThe series succeeds Once Upon a Time... Man. It reprises almost the entire totality of the characters of the previous series and adapts them into a science-fiction context.<br><br>\nThe story tells about the confrontation of many big galactic powers. Among them there is the Omega Confederation, of which Earth is a member of; the military republic of Cassiop&eacute;e led by the general Le Teigneux; and a powerful supercomputer which controls an army of robots. Once Upon a Time... Space features the adventures of Pierrot (son of colonel Pierre and president Pierrette) and his friend Psi.", "startDate": {"year": 1982, "month": 10, "day": 9}, "endDate": {"year": 1983, "month": null, "day": null}, "season": "FALL", "episodes": 26, "duration": 25, "genres": ["Drama", "Sci-Fi"], "averageScore": null, "trending": 0, "popularity": 84, "streamingEpisodes": [], "coverImage": {"large": "https://s3.anilist.co/media/anime/cover/medium/11307-vD8yktdZpwSY.png", "medium": "https://s3.anilist.co/media/anime/cover/small/11307-vD8yktdZpwSY.png"}, "bannerImage": "https://s3.anilist.co/media/anime/banner/11307-IBndMXaRZdNE.png", "isAdult": false, "format": "TV"}, {"id": 11313, "title": {"romaji": "Kimi no Iru Machi: Tasogare Kousaten", "english": null}, "type": "ANIME", "status": "FINISHED", "description": "Eba Yuzuki has mysteriously decided to go to high school in the countryside. But despite Kirishima Haruto's objections, she is living in his home. Now he has to put up with a freeloading city girl and even worse, make sure Kanzaki Nanami, the girl he likes, doesn't get the wrong idea!", "startDate": {"year": 2012, "month": 3, "day": 16}, "endDate": {"year": 2012, "month": 6, "day": 15}, "season": "SPRING", "episodes": 2, "duration": 24, "genres": ["Drama", "Romance"], "averageScore": 68, "trending": 0, "popularity": 3147, "streamingEpisodes": [], "coverImage": {"large": "https://s3.anilist.co/media/anime/cover/medium/11313.jpg", "medium": "https://s3.anilist.co/media/anime/cover/small/11313.jpg"}, "bannerImage": null, "isAdult": false, "format": "OVA"}, {"id": 11319, "title": {"romaji": "Zero no Tsukaima F", "english": "The Familiar of Zero F"}, "type": "ANIME", "status": "FINISHED", "description": "The fourth and final season of The Familiar of Zero. Saito and Louise feel their bond deepening as the days go on, and they feel it might be time to take the next step in their relationship... But before that, the Queen has a mission for them. She sends them to the pope, who has both Louise and Tiffania become holy maidens. And with all the interruptions around, by both friends and foes, Louise and Saito's love will be tested to the limit.<br><br>\n(Source: ANN)", "startDate": {"year": 2012, "month": 1, "day": 7}, "endDate": {"year": 2012, "month": 3, "day": 24}, "season": "WINTER", "episodes": 12, "duration": 24, "genres": ["Adventure", "Ecchi", "Fantasy", "Romance"], "averageScore": 72, "trending": 0, "popularity": 14949, "streamingEpisodes": [{"title": "Episode 1 - Louise of the Holy Land", "url": "http://www.crunchyroll.com/familiar-of-zero-f/episode-1-louise-of-the-holy-land-590218"}, {"title": "Episode 2 - Aquileia's Shrine Maiden", "url": "http://www.crunchyroll.com/familiar-of-zero-f/episode-2-aquileias-shrine-maiden-590220"}, {"title": "Episode 3 - The Incompetent King Gone Mad", "url": "http://www.crunchyroll.com/familiar-of-zero-f/episode-3-the-incompetent-king-gone-mad-590222"}, {"title": "Episode 4 - The Queen's Reward", "url": "http://www.crunchyroll.com/familiar-of-zero-f/episode-4-the-queens-reward-590224"}, {"title": "Episode 5 - The Maidens of De Ornier\u00e9s", "url": "http://www.crunchyroll.com/familiar-of-zero-f/episode-5-the-maidens-of-de-orniers-590226"}, {"title": "Episode 6 - Trouble at the Outdoor Bath", "url": "http://www.crunchyroll.com/familiar-of-zero-f/episode-6-trouble-at-the-outdoor-bath-590228"}, {"title": "Episode 7 - Elves from the desert", "url": "http://www.crunchyroll.com/familiar-of-zero-f/episode-7-elves-from-the-desert-590230"}, {"title": "Episode 8 - Escape Through the Sewer", "url": "http://www.crunchyroll.com/familiar-of-zero-f/episode-8-escape-through-the-sewer-590232"}, {"title": "Episode 9 - Tabitha's Coronation", "url": "http://www.crunchyroll.com/familiar-of-zero-f/episode-9-tabithas-coronation-590234"}, {"title": "Episode 10 - The Awakening of Calamity", "url": "http://www.crunchyroll.com/familiar-of-zero-f/episode-10-the-awakening-of-calamity-590236"}, {"title": "Episode 11 - Louise's Choice", "url": "http://www.crunchyroll.com/familiar-of-zero-f/episode-11-louises-choice-590238"}, {"title": "Episode 12 - Zero's Familiar", "url": "http://www.crunchyroll.com/familiar-of-zero-f/episode-12-zeros-familiar-590240"}], "coverImage": {"large": "https://s3.anilist.co/media/anime/cover/medium/11319.jpg", "medium": "https://s3.anilist.co/media/anime/cover/small/11319.jpg"}, "bannerImage": "https://s3.anilist.co/media/anime/banner/11319-CubAC5VJW1or.jpg", "isAdult": false, "format": "TV"}, {"id": 11321, "title": {"romaji": "Nee Summer!", "english": null}, "type": "ANIME", "status": "FINISHED", "description": "Yuuta is a guy is in his high school senior year. While he prepares for his next entrance examination for college during the summer break, his cousin Kei &#8203;&#8203;does him \"the favor of studying with him\", but it turns out to be somehow different than what our hero expected. ", "startDate": {"year": 2011, "month": 12, "day": 30}, "endDate": {"year": 2012, "month": 4, "day": 6}, "season": "WINTER", "episodes": 2, "duration": 15, "genres": ["Hentai"], "averageScore": 64, "trending": 0, "popularity": 918, "streamingEpisodes": [], "coverImage": {"large": "https://s3.anilist.co/media/anime/cover/medium/11321.jpg", "medium": "https://s3.anilist.co/media/anime/cover/small/11321.jpg"}, "bannerImage": null, "isAdult": true, "format": "OVA"}, {"id": 11339, "title": {"romaji": "A-Channel: A-Channel+smile", "english": null}, "type": "ANIME", "status": "FINISHED", "description": "Following the everyday lives of four high school girls: the flighty Run, the reckless Tooru, the timid Yuuko, and the level-headed Nagi. <br><br>\nMountain of Pancakes &mdash; Kitou-sensei injures her hand during class and has to deal with it while Tooru brings cat Tansan to school with her to meet Yutaka and Miho. Later, the girls decide to get pancakes at a caf&eacute; where Miho happens to be working, facing trouble when Yutaka shows up out of the blue. <br><br>\nA Picture of a Wish &mdash; Yuuko catches a cold so the others pay her a visit and help look after her. Later, the girls get together for the New Year's shrine visit. <br><br>\n(Source: Wikipedia) ", "startDate": {"year": 2012, "month": 2, "day": 11}, "endDate": {"year": 2012, "month": 3, "day": 21}, "season": "WINTER", "episodes": 2, "duration": 25, "genres": ["Comedy", "Slice of Life"], "averageScore": 68, "trending": 0, "popularity": 2106, "streamingEpisodes": [], "coverImage": {"large": "https://s3.anilist.co/media/anime/cover/medium/11339.jpg", "medium": "https://s3.anilist.co/media/anime/cover/small/11339.jpg"}, "bannerImage": null, "isAdult": false, "format": "OVA"}, {"id": 11341, "title": {"romaji": "Tantei Opera Milky Holmes Dai 2 Maku", "english": "Detective Opera Milky Holmes 2"}, "type": "ANIME", "status": "FINISHED", "description": "Second season of Tantei Opera Milky Holmes.", "startDate": {"year": 2012, "month": 1, "day": 5}, "endDate": {"year": 2012, "month": 3, "day": 22}, "season": "WINTER", "episodes": 12, "duration": 24, "genres": ["Comedy", "Mystery"], "averageScore": 70, "trending": 0, "popularity": 1873, "streamingEpisodes": [], "coverImage": {"large": "https://s3.anilist.co/media/anime/cover/medium/11341.jpg", "medium": "https://s3.anilist.co/media/anime/cover/small/11341.jpg"}, "bannerImage": "https://s3.anilist.co/media/anime/banner/11341.jpg", "isAdult": false, "format": "TV"}, {"id": 11349, "title": {"romaji": "Soredemo Tsuma o Aishiteru", "english": null}, "type": "ANIME", "status": "FINISHED", "description": "Based on erotic game by Lune TeamBitters.<br>\n<br>\nNanami is happily married. While using a public bathroom, she is caught on camera by the building manager, Kamata. Using the video footage as blackmail, Kamata now has complete control over her, and Nanami soon finds herself enjoying the sexual acts she is being forced into.", "startDate": {"year": 2011, "month": 10, "day": 21}, "endDate": {"year": 2013, "month": 9, "day": 20}, "season": "FALL", "episodes": 3, "duration": 30, "genres": ["Hentai"], "averageScore": 54, "trending": 0, "popularity": 359, "streamingEpisodes": [], "coverImage": {"large": "https://s3.anilist.co/media/anime/cover/medium/nx11349-DK3tkWL1bMiK.jpg", "medium": "https://s3.anilist.co/media/anime/cover/small/nx11349-DK3tkWL1bMiK.jpg"}, "bannerImage": null, "isAdult": true, "format": "OVA"}, {"id": 11355, "title": {"romaji": "Kono Danshi, Uchuujin to Tatakaemasu.", "english": "This Boy Can Fight Aliens"}, "type": "ANIME", "status": "FINISHED", "description": "When aliens suddenly invade the world, Earth seems to be fighting a losing battle until Arikawa, one of the defense command staff, accidentally discovers a young man lying on a hill. Tests soon prove the impossible: this one teenager, Kakashi, has the power to defeat the attackers! Unfortunately, Kakashi has also lost his memory, and with it the knowledge of how to actually use his power. Moving Kakashi in with himself and his own commander, Shiro, Arikawa accidentally starts a strange triangle of emotions and relationships. A triangle that threatens the fate of the planet as Kakashi begins to question his own motivations! <br><br>\n(Source: Sentai Filmworks) ", "startDate": {"year": 2011, "month": 10, "day": 10}, "endDate": {"year": 2011, "month": 10, "day": 10}, "season": "FALL", "episodes": 1, "duration": 29, "genres": ["Action", "Fantasy", "Supernatural"], "averageScore": 65, "trending": 0, "popularity": 1451, "streamingEpisodes": [], "coverImage": {"large": "https://s3.anilist.co/media/anime/cover/medium/11355.jpg", "medium": "https://s3.anilist.co/media/anime/cover/small/11355.jpg"}, "bannerImage": null, "isAdult": false, "format": "OVA"}, {"id": 11357, "title": {"romaji": "Micro Teukgongdae Diatron 5", "english": null}, "type": "ANIME", "status": "FINISHED", "description": null, "startDate": {"year": 1985, "month": 7, "day": 20}, "endDate": {"year": 1985, "month": 7, "day": 20}, "season": "SUMMER", "episodes": 1, "duration": 57, "genres": ["Action", "Mecha", "Sci-Fi"], "averageScore": 31, "trending": 0, "popularity": 118, "streamingEpisodes": [], "coverImage": {"large": "https://s3.anilist.co/media/anime/cover/medium/11357.jpg", "medium": "https://s3.anilist.co/media/anime/cover/small/11357.jpg"}, "bannerImage": null, "isAdult": false, "format": "MOVIE"}, {"id": 11359, "title": {"romaji": "Dragon Ball Kai: Mirai ni Heiwa wo! Goku no Tamashii yo Towa ni", "english": "Dragon Ball Z Kai: Bring Peace to the Future! Goku's Spirit is Eternal"}, "type": "ANIME", "status": "FINISHED", "description": "Special episode about Trunks going back to the future and fighting the Androids. Also known as episode 98 of Dragon Ball Kai.", "startDate": {"year": 2011, "month": 8, "day": 2}, "endDate": {"year": 2011, "month": 8, "day": 2}, "season": "SUMMER", "episodes": 1, "duration": 23, "genres": ["Action", "Comedy"], "averageScore": 71, "trending": 0, "popularity": 2221, "streamingEpisodes": [], "coverImage": {"large": "https://s3.anilist.co/media/anime/cover/medium/11359.jpg", "medium": "https://s3.anilist.co/media/anime/cover/small/11359.jpg"}, "bannerImage": "https://s3.anilist.co/media/anime/banner/11359-ynRcowZPtvGQ.jpg", "isAdult": false, "format": "SPECIAL"}, {"id": 11371, "title": {"romaji": "New Prince of Tennis", "english": "Prince of Tennis II"}, "type": "ANIME", "status": "FINISHED", "description": "Middle school students fought fiercely against one another in a national tournament. Now, 50 chosen representatives return to fight again as high school students! <br><br>\nThe stage is the U-17 (Under Seventeen) Japanese Representative Training Camp. Middle school students have been invited for the first time to a camp known to produce the best Japanese tennis players. National champions from Seigaku, Hyotei, Rikkai, Shitenhoji... With all the rivals from the national tournament attending, everyone eagerly awaits their reunion. <br><br>\nAt first, the middle schoolers do not expect much from their high school opponents. However, the training camp is not so easy! Athletes with skills incomparable to those they previously faced and their mysterious coach appear before them. Faced with numerous demanding challenges, can the middle schoolers survive in this meritocratic training camp?<br><br>\n(Source: Crunchyroll)", "startDate": {"year": 2012, "month": 1, "day": 5}, "endDate": {"year": 2012, "month": 3, "day": 29}, "season": "WINTER", "episodes": 13, "duration": 23, "genres": ["Action", "Comedy", "Sports"], "averageScore": 70, "trending": 0, "popularity": 2434, "streamingEpisodes": [{"title": "Promotional Video 1", "url": "http://www.crunchyroll.com/the-prince-of-tennis-ii/the-prince-of-tennis-ii-promotional-video-1-589464"}, {"title": "Promotional Video 2", "url": "http://www.crunchyroll.com/the-prince-of-tennis-ii/the-prince-of-tennis-ii-promotional-video-2-589466"}, {"title": "Episode 1 - The Return of the Prince", "url": "http://www.crunchyroll.com/the-prince-of-tennis-ii/episode-1-the-return-of-the-prince-588648"}, {"title": "Episode 2 - The Gatekeeper of Hell", "url": "http://www.crunchyroll.com/the-prince-of-tennis-ii/episode-2-the-gatekeeper-of-hell-588982"}, {"title": "Episode 3 - Friendly Fire", "url": "http://www.crunchyroll.com/the-prince-of-tennis-ii/episode-3-friendly-fire-589492"}, {"title": "Episode 4 - The Captain's Choice", "url": "http://www.crunchyroll.com/the-prince-of-tennis-ii/episode-4-the-captains-choice-589494"}, {"title": "Episode 5 - Winners and Losers", "url": "http://www.crunchyroll.com/the-prince-of-tennis-ii/episode-5-winners-and-losers-589496"}, {"title": "Episode 6 - Cliffs of the Heart", "url": "http://www.crunchyroll.com/the-prince-of-tennis-ii/episode-6-cliffs-of-the-heart-589498"}, {"title": "Episode 7 - Start From Zero", "url": "http://www.crunchyroll.com/the-prince-of-tennis-ii/episode-7-start-from-zero-589500"}, {"title": "Episode 8 - Special Mission", "url": "http://www.crunchyroll.com/the-prince-of-tennis-ii/episode-8-special-mission-589502"}, {"title": "Episode 9 - Evolution and Change", "url": "http://www.crunchyroll.com/the-prince-of-tennis-ii/episode-9-evolution-and-change-589504"}, {"title": "Episode 10 - Good Bye Tezuka Kunimitsu", "url": "http://www.crunchyroll.com/the-prince-of-tennis-ii/episode-10-good-bye-tezuka-kunimitsu-589506"}, {"title": "Episode 11 - Promise", "url": "http://www.crunchyroll.com/the-prince-of-tennis-ii/episode-11-promise-589508"}, {"title": "Episode 12 - The Start of a Revolution", "url": "http://www.crunchyroll.com/the-prince-of-tennis-ii/episode-12-the-start-of-a-revolution-589510"}, {"title": "Episode 13 - Towards Your New Brilliant Selves", "url": "http://www.crunchyroll.com/the-prince-of-tennis-ii/episode-13-towards-your-new-brilliant-selves-589512"}], "coverImage": {"large": "https://s3.anilist.co/media/anime/cover/medium/11371.jpg", "medium": "https://s3.anilist.co/media/anime/cover/small/11371.jpg"}, "bannerImage": null, "isAdult": false, "format": "TV"}, {"id": 11375, "title": {"romaji": ".hack//The Movie: Sekai no Mukou ni", "english": null}, "type": "ANIME", "status": "FINISHED", "description": "In 2024, the computer network prevails throughout daily life. Sora Yuuki is a 14-year-old girl. One day, she is invited to an online game \"The World\". After an accident in the game, the real world begins to deform.", "startDate": {"year": 2012, "month": 1, "day": 21}, "endDate": {"year": 2012, "month": 1, "day": 21}, "season": "WINTER", "episodes": 1, "duration": 110, "genres": ["Action", "Adventure", "Fantasy", "Mystery"], "averageScore": 66, "trending": 0, "popularity": 1314, "streamingEpisodes": [], "coverImage": {"large": "https://s3.anilist.co/media/anime/cover/medium/11375.jpg", "medium": "https://s3.anilist.co/media/anime/cover/small/11375.jpg"}, "bannerImage": null, "isAdult": false, "format": "MOVIE"}, {"id": 11385, "title": {"romaji": "Digimon Xros Wars: Toki wo Kakeru Shounen Hunter-tachi", "english": "Digimon Xros Wars: The Young Hunters Who Leapt Through Time"}, "type": "ANIME", "status": "FINISHED", "description": "Continuation of the Digimon Xros Wars series featuring Taiki Kudou in a new world with new supporting characters. The plot revolves around a secret hidden in the gap between the real and digital worlds, with Tagiru Akashi holding the key to the story.", "startDate": {"year": 2011, "month": 10, "day": 2}, "endDate": {"year": 2012, "month": 3, "day": 25}, "season": "FALL", "episodes": 25, "duration": 25, "genres": ["Action", "Adventure", "Comedy", "Fantasy"], "averageScore": 58, "trending": 0, "popularity": 1178, "streamingEpisodes": [{"title": "Episode 1 - Taiki Goes to Another World!", "url": "http://www.crunchyroll.com/digimon-xros-wars-the-young-hunters-who-leapt-through-time/episode-1-taiki-goes-to-another-world-596731"}, {"title": "Episode 2 - Shoutmon Roars!", "url": "http://www.crunchyroll.com/digimon-xros-wars-the-young-hunters-who-leapt-through-time/episode-2-shoutmon-roars-596733"}, {"title": "Episode 3 - The Rival, Kiriha, Appears!", "url": "http://www.crunchyroll.com/digimon-xros-wars-the-young-hunters-who-leapt-through-time/episode-3-the-rival-kiriha-appears-596735"}, {"title": "Episode 4 - Upheaval in the Island Zone!", "url": "http://www.crunchyroll.com/digimon-xros-wars-the-young-hunters-who-leapt-through-time/episode-4-upheaval-in-the-island-zone-596737"}, {"title": "Episode 5 - The DigiMemory Shines!", "url": "http://www.crunchyroll.com/digimon-xros-wars-the-young-hunters-who-leapt-through-time/episode-5-the-digimemory-shines-596739"}, {"title": "Episode 6 - X4 Breaks Through the Crisis!", "url": "http://www.crunchyroll.com/digimon-xros-wars-the-young-hunters-who-leapt-through-time/episode-6-x4-breaks-through-the-crisis-596741"}, {"title": "Episode 7 - A Volcanic Digimon's Big Explosion!", "url": "http://www.crunchyroll.com/digimon-xros-wars-the-young-hunters-who-leapt-through-time/episode-7-a-volcanic-digimons-big-explosion-596743"}, {"title": "Episode 8 - The Brave General Tactimon Approaches!", "url": "http://www.crunchyroll.com/digimon-xros-wars-the-young-hunters-who-leapt-through-time/episode-8-the-brave-general-tactimon-approaches-596749"}, {"title": "Episode 9 - Dorulumon Runs with the Wind!", "url": "http://www.crunchyroll.com/digimon-xros-wars-the-young-hunters-who-leapt-through-time/episode-9-dorulumon-runs-with-the-wind-596751"}, {"title": "Episode 10 - Taiki Becomes a Knight!", "url": "http://www.crunchyroll.com/digimon-xros-wars-the-young-hunters-who-leapt-through-time/episode-10-taiki-becomes-a-knight-596753"}, {"title": "Episode 11 - Burn, Xros Heart!", "url": "http://www.crunchyroll.com/digimon-xros-wars-the-young-hunters-who-leapt-through-time/episode-11-burn-xros-heart-596755"}, {"title": "Episode 12 - Big Adventure in the Sand Zone Ruins!", "url": "http://www.crunchyroll.com/digimon-xros-wars-the-young-hunters-who-leapt-through-time/episode-12-big-adventure-in-the-sand-zone-ruins-596757"}, {"title": "Episode 13 - Taiki, Warrior of the Goddess!", "url": "http://www.crunchyroll.com/digimon-xros-wars-the-young-hunters-who-leapt-through-time/episode-13-taiki-warrior-of-the-goddess-596759"}, {"title": "Episode 14 - The Dance of the Warrior, Beelzebumon!", "url": "http://www.crunchyroll.com/digimon-xros-wars-the-young-hunters-who-leapt-through-time/episode-14-the-dance-of-the-warrior-beelzebumon-596761"}, {"title": "Episode 15 - Heaven Zone, A Trap in Paradise!", "url": "http://www.crunchyroll.com/digimon-xros-wars-the-young-hunters-who-leapt-through-time/episode-15-heaven-zone-a-trap-in-paradise-596763"}, {"title": "Episode 16 - The Black Knight Digimon Appears!", "url": "http://www.crunchyroll.com/digimon-xros-wars-the-young-hunters-who-leapt-through-time/episode-16-the-black-knight-digimon-appears-596765"}, {"title": "Episode 17 - A Miraculous DigiXros! Shoutmon X5 Takes Flight!", "url": "http://www.crunchyroll.com/digimon-xros-wars-the-young-hunters-who-leapt-through-time/episode-17-a-miraculous-digixros-shoutmon-x5-takes-flight-596767"}, {"title": "Episode 18 - Stingmon, Hero of the Digimon Jungle", "url": "http://www.crunchyroll.com/digimon-xros-wars-the-young-hunters-who-leapt-through-time/episode-18-stingmon-hero-of-the-digimon-jungle-596769"}, {"title": "Episode 19 - The Legendary Deckerdramon Stirs!", "url": "http://www.crunchyroll.com/digimon-xros-wars-the-young-hunters-who-leapt-through-time/episode-19-the-legendary-deckerdramon-stirs-596771"}, {"title": "Episode 20 - Dust Zone, GrandLocomon's Great Scrap City!", "url": "http://www.crunchyroll.com/digimon-xros-wars-the-young-hunters-who-leapt-through-time/episode-20-dust-zone-grandlocomons-great-scrap-city-596773"}, {"title": "Episode 21 - The Decisive Battle! DarkKnightmon vs. Xros Heart!", "url": "http://www.crunchyroll.com/digimon-xros-wars-the-young-hunters-who-leapt-through-time/episode-21-the-decisive-battle-darkknightmon-vs-xros-heart-596775"}, {"title": "Episode 22 - Wisemon and the Secrets of the Digital World!", "url": "http://www.crunchyroll.com/digimon-xros-wars-the-young-hunters-who-leapt-through-time/episode-22-wisemon-and-the-secrets-of-the-digital-world-596777"}, {"title": "Episode 23 - Shinobi Zone, the Comic Ninja Battle!", "url": "http://www.crunchyroll.com/digimon-xros-wars-the-young-hunters-who-leapt-through-time/episode-23-shinobi-zone-the-comic-ninja-battle-596779"}, {"title": "Episode 24 - The Underachieving Monitamons Give It Their All!", "url": "http://www.crunchyroll.com/digimon-xros-wars-the-young-hunters-who-leapt-through-time/episode-24-the-underachieving-monitamons-give-it-their-all-596781"}, {"title": "Episode 25 - A Zone Collapses! Sparks Fly Between Taiki and Kiriha!", "url": "http://www.crunchyroll.com/digimon-xros-wars-the-young-hunters-who-leapt-through-time/episode-25-a-zone-collapses-sparks-fly-between-taiki-and-kiriha-596783"}, {"title": "Episode 26 - Shoutmon and the Proof of a King!", "url": "http://www.crunchyroll.com/digimon-xros-wars-the-young-hunters-who-leapt-through-time/episode-26-shoutmon-and-the-proof-of-a-king-596785"}, {"title": "Episode 27 - Sweets Zone! The Battle of the Sweet Tooth Digimon!", "url": "http://www.crunchyroll.com/digimon-xros-wars-the-young-hunters-who-leapt-through-time/episode-27-sweets-zone-the-battle-of-the-sweet-tooth-digimon-596787"}, {"title": "Episode 28 - Ultimate Weapon Activated! You Can Do It, Cutemon!", "url": "http://www.crunchyroll.com/digimon-xros-wars-the-young-hunters-who-leapt-through-time/episode-28-ultimate-weapon-activated-you-can-do-it-cutemon-596789"}, {"title": "Episode 29 - Taiki and Kiriha VS The Bagra Army: The Full-Scale Showdown!", "url": "http://www.crunchyroll.com/digimon-xros-wars-the-young-hunters-who-leapt-through-time/episode-29-taiki-and-kiriha-vs-the-bagra-army-the-full-scale-showdown-596791"}, {"title": "Episode 30 - The Start of a New Journey!! The Great Tokyo Showdown!!", "url": "http://www.crunchyroll.com/digimon-xros-wars-the-young-hunters-who-leapt-through-time/episode-30-the-start-of-a-new-journey-the-great-tokyo-showdown-596793"}, {"title": "Episode 31 - To a New World! The Fire Fury General's Dragon Land", "url": "http://www.crunchyroll.com/digimon-xros-wars-the-young-hunters-who-leapt-through-time/episode-31-to-a-new-world-the-fire-fury-generals-dragon-land-596795"}, {"title": "Episode 32 - Stand Up, Kiriha! Xros Heart's Rescue Strategy", "url": "http://www.crunchyroll.com/digimon-xros-wars-the-young-hunters-who-leapt-through-time/episode-32-stand-up-kiriha-xros-hearts-rescue-strategy-596797"}, {"title": "Episode 33 - Spine-tingling! The Moon Light General's Vampire Land", "url": "http://www.crunchyroll.com/digimon-xros-wars-the-young-hunters-who-leapt-through-time/episode-33-spine-tingling-the-moon-light-generals-vampire-land-596799"}, {"title": "Episode 34 - Don't Die, Greymon! The Birth of Shoutmon DX", "url": "http://www.crunchyroll.com/digimon-xros-wars-the-young-hunters-who-leapt-through-time/episode-34-dont-die-greymon-the-birth-of-shoutmon-dx-596801"}, {"title": "Episode 35 - Power is Absorbed! The Hunters of Honey Land", "url": "http://www.crunchyroll.com/digimon-xros-wars-the-young-hunters-who-leapt-through-time/episode-35-power-is-absorbed-the-hunters-of-honey-land-596803"}, {"title": "Episode 36 - The Laughing Hunter! General Zamielmon the Wood Spirit", "url": "http://www.crunchyroll.com/digimon-xros-wars-the-young-hunters-who-leapt-through-time/episode-36-the-laughing-hunter-general-zamielmon-the-wood-spirit-596805"}, {"title": "Episode 37 - Why, Brother, Why?! The Enemy General Yuu's Nightmare", "url": "http://www.crunchyroll.com/digimon-xros-wars-the-young-hunters-who-leapt-through-time/episode-37-why-brother-why-the-enemy-general-yuus-nightmare-596807"}, {"title": "Episode 38 - The Mysterious Cyber Land! The Girl of the Steel City", "url": "http://www.crunchyroll.com/digimon-xros-wars-the-young-hunters-who-leapt-through-time/episode-38-the-mysterious-cyber-land-the-girl-of-the-steel-city-596809"}, {"title": "Episode 39 - Xros Heart in Danger of Division! The Water Tiger General's Despicable Trap!", "url": "http://www.crunchyroll.com/digimon-xros-wars-the-young-hunters-who-leapt-through-time/episode-39-xros-heart-in-danger-of-division-the-water-tiger-generals-despicable-trap-596811"}, {"title": "Episode 40 - The Merry Pirates Appear! Set Sail for Gold Land!!", "url": "http://www.crunchyroll.com/digimon-xros-wars-the-young-hunters-who-leapt-through-time/episode-40-the-merry-pirates-appear-set-sail-for-gold-land-596813"}, {"title": "Episode 41 - Olegmon the Gold Thief Laughs! Farewell, Xros Heart!", "url": "http://www.crunchyroll.com/digimon-xros-wars-the-young-hunters-who-leapt-through-time/episode-41-olegmon-the-gold-thief-laughs-farewell-xros-heart-596815"}, {"title": "Episode 42 - Whispering to Kiriha! The Earth God General of the Canyon, The Devil's Temptation!", "url": "http://www.crunchyroll.com/digimon-xros-wars-the-young-hunters-who-leapt-through-time/episode-42-whispering-to-kiriha-the-earth-god-general-of-the-canyon-the-devils-temptation-596817"}, {"title": "Episode 43 - With Strong Love! Deckerdramon's Final Shout!!", "url": "http://www.crunchyroll.com/digimon-xros-wars-the-young-hunters-who-leapt-through-time/episode-43-with-strong-love-deckerdramons-final-shout-596819"}, {"title": "Episode 44 - X7 of Friendship! The Epic Battle with Gravimon!!", "url": "http://www.crunchyroll.com/digimon-xros-wars-the-young-hunters-who-leapt-through-time/episode-44-x7-of-friendship-the-epic-battle-with-gravimon-596821"}, {"title": "Episode 45 - The Final Kingdom, Bright Land of the Shining Sun", "url": "http://www.crunchyroll.com/digimon-xros-wars-the-young-hunters-who-leapt-through-time/episode-45-the-final-kingdom-bright-land-of-the-shining-sun-596823"}, {"title": "Episode 46 - Life or Death, Hell's Battle of the Generals!", "url": "http://www.crunchyroll.com/digimon-xros-wars-the-young-hunters-who-leapt-through-time/episode-46-life-or-death-hells-battle-of-the-generals-596825"}, {"title": "Episode 47 - Taiki vs. Yuu, the Boy Generals Face Off!!", "url": "http://www.crunchyroll.com/digimon-xros-wars-the-young-hunters-who-leapt-through-time/episode-47-taiki-vs-yuu-the-boy-generals-face-off-596827"}, {"title": "Episode 48 - Beelzebumon Vanishes Into the Light!", "url": "http://www.crunchyroll.com/digimon-xros-wars-the-young-hunters-who-leapt-through-time/episode-48-beelzebumon-vanishes-into-the-light-596829"}, {"title": "Episode 49 - Taiki's Decision! Surpass Apollomon, the Strongest of All!", "url": "http://www.crunchyroll.com/digimon-xros-wars-the-young-hunters-who-leapt-through-time/episode-49-taikis-decision-surpass-apollomon-the-strongest-of-all-596831"}, {"title": "Episode 50 - Reborn! All Seven Death Generals Appear!!", "url": "http://www.crunchyroll.com/digimon-xros-wars-the-young-hunters-who-leapt-through-time/episode-50-reborn-all-seven-death-generals-appear-596833"}, {"title": "Episode 51 - For the Future of the Digital World! Friendship with the Death Generals!", "url": "http://www.crunchyroll.com/digimon-xros-wars-the-young-hunters-who-leapt-through-time/episode-51-for-the-future-of-the-digital-world-friendship-with-the-death-generals-596835"}, {"title": "Episode 52 - The Bagra Brothers' Bond of Darkness!", "url": "http://www.crunchyroll.com/digimon-xros-wars-the-young-hunters-who-leapt-through-time/episode-52-the-bagra-brothers-bond-of-darkness-596837"}, {"title": "Episode 53 - Drawing Nigh! The End of the Human World, D5!!", "url": "http://www.crunchyroll.com/digimon-xros-wars-the-young-hunters-who-leapt-through-time/episode-53-drawing-nigh-the-end-of-the-human-world-d5-596839"}, {"title": "Episode 54 - DigiXros of Glory, Take Hold of Our Future!!", "url": "http://www.crunchyroll.com/digimon-xros-wars-the-young-hunters-who-leapt-through-time/episode-54-digixros-of-glory-take-hold-of-our-future-596841"}], "coverImage": {"large": "https://s3.anilist.co/media/anime/cover/medium/11385.jpg", "medium": "https://s3.anilist.co/media/anime/cover/small/11385.jpg"}, "bannerImage": null, "isAdult": false, "format": "TV"}]}}}