{"data": {"Page": {"pageInfo": {"total": 12297, "hasNextPage": true}, "media": [{"id": 21593, "title": {"romaji": "Viva Namida", "english": null}, "type": "ANIME", "status": "FINISHED", "description": "Music video for Yasuyuki Okamura's song Viva Namida.", "startDate": {"year": 2013, "month": 9, "day": 22}, "endDate": {"year": 2013, "month": 9, "day": 22}, "season": null, "episodes": 1, "duration": 5, "genres": ["Music"], "averageScore": 60, "trending": 0, "popularity": 525, "streamingEpisodes": [], "coverImage": {"large": "https://s3.anilist.co/media/anime/cover/medium/21593-NuWjHTNh3oKK.png", "medium": "https://s3.anilist.co/media/anime/cover/small/21593-NuWjHTNh3oKK.png"}, "bannerImage": "https://s3.anilist.co/media/anime/banner/21593-qs18WuZ834xV.jpg", "isAdult": false, "format": "MUSIC"}, {"id": 21594, "title": {"romaji": "Shoujo kara Shoujo e...", "english": null}, "type": "ANIME", "status": "FINISHED", "description": "Based on the erotic manga by Shiomaneki.<br>\n<br>\nTelling 2 parts of the story.\nThe First Story, Asumi-chan who likes her own mama's workmate is Kuroda-kun. Asami-chan also wants to feel loved by Kuroda-kun like loving her Mama as well.\nThe Second Story, Amamiya an Otaku Fujoshi who aspires to become Mangaka from Ero Manga, and asks his friend for help to show the shape of the penis as a doujinshi reference.<br>\n<br>\n(Source: Nekopoi and Has Been Translated and Edited)", "startDate": {"year": 2016, "month": 2, "day": 12}, "endDate": {"year": 2016, "month": 3, "day": 11}, "season": "WINTER", "episodes": 2, "duration": 20, "genres": ["Hentai", "Romance"], "averageScore": 57, "trending": 0, "popularity": 303, "streamingEpisodes": [], "coverImage": {"large": "https://s3.anilist.co/media/anime/cover/medium/21594-b38zyWzWI82P.jpg", "medium": "https://s3.anilist.co/media/anime/cover/small/21594-b38zyWzWI82P.jpg"}, "bannerImage": "https://s3.anilist.co/media/anime/banner/21594-IdZUC909Aj2K.jpg", "isAdult": true, "format": "OVA"}, {"id": 21595, "title": {"romaji": "Sakamoto desu ga?", "english": "Haven't You Heard? I'm Sakamoto"}, "type": "ANIME", "status": "FINISHED", "description": "First year high school student Sakamoto isn't just cool, he's the coolest! Almost immediately after starting school, he began attracting everyone's attention. The girls love him, and most of the boys resent him. There's even a boy in the class who works as a model, but who is constantly upstaged by Sakamoto! No matter what tricks the other boys try to play on him, Sakamoto always manages to foil them with ease and grace. Though Sakamoto may seem cool and aloof, he helps others when asked, such as in the case of the boy in his class who was being constantly bullied. No matter what difficulties Sakamoto encounters, he moves through his high school life with confidence and class!<br>\n<br>\n(Source: MangaHelpers)", "startDate": {"year": 2016, "month": 4, "day": 8}, "endDate": {"year": 2016, "month": 7, "day": 1}, "season": "SPRING", "episodes": 12, "duration": 24, "genres": ["Comedy"], "averageScore": 72, "trending": 1, "popularity": 23843, "streamingEpisodes": [{"title": "Episode 1 - Class 1-2, Sakamoto-kun | Bee Quiet", "url": "http://www.crunchyroll.com/havent-you-heard-im-sakamoto/episode-1-class-1-2-sakamoto-kun-bee-quiet-702687"}, {"title": "Episode 2 - I'd Rather Protect Than Be Protected | Psychological Techniques for Romance That You Can Use Today", "url": "http://www.crunchyroll.com/havent-you-heard-im-sakamoto/episode-2-id-rather-protect-than-be-protected-psychological-techniques-for-romance-that-you-can-use-today-702689"}, {"title": "Episode 3 - Errand Boy Sakamoto | Love Hide-and Seek", "url": "http://www.crunchyroll.com/havent-you-heard-im-sakamoto/episode-3-errand-boy-sakamoto-love-hide-and-seek-702691"}, {"title": "Episode 4 - Is Sakamoto a Pervert? | The \"Sights of the Classroom\" Collection | The Summer Sakamoto Disappeared", "url": "http://www.crunchyroll.com/havent-you-heard-im-sakamoto/episode-4-is-sakamoto-a-pervert-the-sights-of-the-classroom-collection-the-summer-sakamoto-disappeared-702693"}, {"title": "Episode 5 - Softball Throw | The Charismatic Delinquent, Hayabusa-senpai | Personal Healthcare", "url": "http://www.crunchyroll.com/havent-you-heard-im-sakamoto/episode-5-softball-throw-the-charismatic-delinquent-hayabusa-senpai-personal-healthcare-702695"}, {"title": "Episode 6 - Rules for Leaving School | Love Through the Camera Lens | Cafeteria Marketing", "url": "http://www.crunchyroll.com/havent-you-heard-im-sakamoto/episode-6-rules-for-leaving-school-love-through-the-camera-lens-cafeteria-marketing-702697"}, {"title": "Episode 7 - Really, Is Sakamoto a Pervert? | Sera's French Revolution |", "url": "http://www.crunchyroll.com/havent-you-heard-im-sakamoto/episode-7-really-is-sakamoto-a-pervert-seras-french-revolution-702699"}, {"title": "Episode 8 - A Gloomy Cultural Festival", "url": "http://www.crunchyroll.com/havent-you-heard-im-sakamoto/episode-8-a-gloomy-cultural-festival-702701"}, {"title": "Episode 9 - How Sakamoto-kun and I Met | The One Closest to Me, Yet Most Distant", "url": "http://www.crunchyroll.com/havent-you-heard-im-sakamoto/episode-9-how-sakamoto-kun-and-i-met-the-one-closest-to-me-yet-most-distant-702703"}, {"title": "Episode 10 - The Devil | What's Lacking", "url": "http://www.crunchyroll.com/havent-you-heard-im-sakamoto/episode-10-the-devil-whats-lacking-702705"}, {"title": "Episode 11 - I Don't Need Warmth | Class 1-2 Memories", "url": "http://www.crunchyroll.com/havent-you-heard-im-sakamoto/episode-11-i-dont-need-warmth-class-1-2-memories-702707"}, {"title": "Episode 12 -  Goodbye, Sakamoto-kun", "url": "http://www.crunchyroll.com/havent-you-heard-im-sakamoto/episode-12-goodbye-sakamoto-kun-702709"}, {"title": "Episode 13 - Untitled", "url": "http://www.crunchyroll.com/havent-you-heard-im-sakamoto/episode-13-untitled-702711"}], "coverImage": {"large": "https://s3.anilist.co/media/anime/cover/medium/21595-UYSAK3PDrCSk.jpg", "medium": "https://s3.anilist.co/media/anime/cover/small/21595-UYSAK3PDrCSk.jpg"}, "bannerImage": "https://s3.anilist.co/media/anime/banner/21595-q5qX7BfnCanQ.jpg", "isAdult": false, "format": "TV"}, {"id": 21596, "title": {"romaji": "Digimon Adventure tri. 3: Kokuhaku", "english": "Digimon Adventure tri. Chapter 3: Confession"}, "type": "ANIME", "status": "FINISHED", "description": "The third movie in the new Digimon Adventure series. The sequel series tells a \"new story for all the DigiDestined in the world\" and features the characters in their high school days.", "startDate": {"year": 2016, "month": 9, "day": 24}, "endDate": {"year": 2016, "month": 9, "day": 24}, "season": "SUMMER", "episodes": 1, "duration": 105, "genres": ["Action", "Adventure", "Comedy", "Drama"], "averageScore": 74, "trending": 0, "popularity": 3787, "streamingEpisodes": [], "coverImage": {"large": "https://s3.anilist.co/media/anime/cover/medium/21596-r1NLhNiSD2Ki.jpg", "medium": "https://s3.anilist.co/media/anime/cover/small/21596-r1NLhNiSD2Ki.jpg"}, "bannerImage": "https://s3.anilist.co/media/anime/banner/21596-WOaSiIw2ZvSP.jpg", "isAdult": false, "format": "MOVIE"}, {"id": 21597, "title": {"romaji": "Stella no Mahou", "english": "MAGIC OF STELLA"}, "type": "ANIME", "status": "FINISHED", "description": "The story follows Tamaki Honda, a first-year high school girl who joins a somewhat peculiar \"SNS-Bu\" circle that makes doujin video games.", "startDate": {"year": 2016, "month": 10, "day": 3}, "endDate": {"year": 2016, "month": 12, "day": 19}, "season": "FALL", "episodes": 12, "duration": 24, "genres": ["Comedy", "Slice of Life"], "averageScore": 66, "trending": 0, "popularity": 4281, "streamingEpisodes": [], "coverImage": {"large": "https://s3.anilist.co/media/anime/cover/medium/21597-S7HYlo85ik4F.jpg", "medium": "https://s3.anilist.co/media/anime/cover/small/21597-S7HYlo85ik4F.jpg"}, "bannerImage": null, "isAdult": false, "format": "TV"}, {"id": 21598, "title": {"romaji": "Watashi-tachi, Luck Logic-bu!", "english": null}, "type": "ANIME", "status": "FINISHED", "description": "The comedy shorts follow four girls who are members of the Luck Logic Club, whose activity is playing the Luck & Logic card game. Watashitachi, Luck Logic-bu! will air approximately one minute before each episode of the main series.<br>\n<br>\n(Source: MAL)", "startDate": {"year": 2016, "month": 1, "day": 9}, "endDate": {"year": 2016, "month": 3, "day": 26}, "season": "WINTER", "episodes": 12, "duration": 1, "genres": ["Comedy"], "averageScore": 47, "trending": 0, "popularity": 356, "streamingEpisodes": [], "coverImage": {"large": "https://s3.anilist.co/media/anime/cover/medium/21598-8HT0558OSNSv.jpg", "medium": "https://s3.anilist.co/media/anime/cover/small/21598-8HT0558OSNSv.jpg"}, "bannerImage": null, "isAdult": false, "format": "TV_SHORT"}, {"id": 21599, "title": {"romaji": "Hai to Gensou no Grimgar OVA 2.5", "english": "Grimgar of Fantasy and Ash OVA 2.5"}, "type": "ANIME", "status": "FINISHED", "description": "An anime original episode included in the first BD/DVD volume of Hai to Gensou no Grimgar.", "startDate": {"year": 2016, "month": 3, "day": 16}, "endDate": {"year": 2016, "month": 3, "day": 16}, "season": "WINTER", "episodes": 1, "duration": 12, "genres": ["Action", "Adventure", "Fantasy"], "averageScore": 61, "trending": 0, "popularity": 3341, "streamingEpisodes": [], "coverImage": {"large": "https://s3.anilist.co/media/anime/cover/medium/21599-q57lqke818pB.jpg", "medium": "https://s3.anilist.co/media/anime/cover/small/21599-q57lqke818pB.jpg"}, "bannerImage": null, "isAdult": false, "format": "SPECIAL"}, {"id": 21600, "title": {"romaji": "Neko Neko Nihonshi", "english": null}, "type": "ANIME", "status": "FINISHED", "description": "The story imagines if Japanese historical figures such as Queen Himiko, the warlord Oda Nobunaga, and samurai Sakamoto Ryouma were cats.<br>\n<br>\n(Source: ANN)", "startDate": {"year": 2016, "month": 4, "day": 6}, "endDate": {"year": 2017, "month": 2, "day": 22}, "season": "SPRING", "episodes": 32, "duration": 9, "genres": ["Comedy"], "averageScore": null, "trending": 0, "popularity": 155, "streamingEpisodes": [], "coverImage": {"large": "https://s3.anilist.co/media/anime/cover/medium/21600-I9uNvjRBlrLB.jpg", "medium": "https://s3.anilist.co/media/anime/cover/small/21600-I9uNvjRBlrLB.jpg"}, "bannerImage": null, "isAdult": false, "format": "TV_SHORT"}, {"id": 21601, "title": {"romaji": "Shounen Ashibe GO! GO! Goma-chan", "english": "Shonen Ashibe GO! GO! Goma-chan"}, "type": "ANIME", "status": "FINISHED", "description": "The anime is based on the 4-panel comic strip drawn by Morishita Hiromi and published in Young Jump. The story describes the daily life of Ashibe (an elementary school boy) and his family and friends, including a pet white sea lion.", "startDate": {"year": 2016, "month": 4, "day": 5}, "endDate": {"year": 2017, "month": 2, "day": 21}, "season": "SPRING", "episodes": 32, "duration": 9, "genres": ["Comedy", "Slice of Life"], "averageScore": 51, "trending": 0, "popularity": 331, "streamingEpisodes": [{"title": "Episode 65 - Super Seal Goma-chan", "url": "http://www.crunchyroll.com/shonen-ashibe-go-go-goma-chan/episode-65-super-seal-goma-chan-767407"}, {"title": "Episode 64 - Sorry, Goma-chan", "url": "http://www.crunchyroll.com/shonen-ashibe-go-go-goma-chan/episode-64-sorry-goma-chan-757263"}, {"title": "Episode 63 - I'm Not Gonna Say Goodbye!", "url": "http://www.crunchyroll.com/shonen-ashibe-go-go-goma-chan/episode-63-im-not-gonna-say-goodbye-757261"}, {"title": "Episode 62 - Sapporo Goma-chan", "url": "http://www.crunchyroll.com/shonen-ashibe-go-go-goma-chan/episode-62-sapporo-goma-chan-757259"}, {"title": "Episode 61 - Goma-chan on Ice", "url": "http://www.crunchyroll.com/shonen-ashibe-go-go-goma-chan/episode-61-goma-chan-on-ice-757257"}, {"title": "Episode 60 - Farewell, Asnikul", "url": "http://www.crunchyroll.com/shonen-ashibe-go-go-goma-chan/episode-60-farewell-asnikul-757255"}, {"title": "Episode 59 - Wish Upon A Star", "url": "http://www.crunchyroll.com/shonen-ashibe-go-go-goma-chan/episode-59-wish-upon-a-star-757253"}, {"title": "Episode 58 - Goma-chan the Helper", "url": "http://www.crunchyroll.com/shonen-ashibe-go-go-goma-chan/episode-58-goma-chan-the-helper-751263"}, {"title": "Episode 57 - Overcome the Brotherly Love Hold!", "url": "http://www.crunchyroll.com/shonen-ashibe-go-go-goma-chan/episode-57-overcome-the-brotherly-love-hold-751261"}, {"title": "Episode 56 - Liangliang and Hitoshi-kun", "url": "http://www.crunchyroll.com/shonen-ashibe-go-go-goma-chan/episode-56-liangliang-and-hitoshi-kun-751259"}, {"title": "Episode 55 - Peppeppe-san's Secret", "url": "http://www.crunchyroll.com/shonen-ashibe-go-go-goma-chan/episode-55-peppeppe-sans-secret-751257"}, {"title": "Episode 54 - Goodnight, Hirao", "url": "http://www.crunchyroll.com/shonen-ashibe-go-go-goma-chan/episode-54-goodnight-hirao-751255"}, {"title": "Episode 53 - Ms. Minami's Glasses", "url": "http://www.crunchyroll.com/shonen-ashibe-go-go-goma-chan/episode-53-ms-minamis-glasses-751253"}, {"title": "Episode 52 - Sugao's Papa and Curly Locks", "url": "http://www.crunchyroll.com/shonen-ashibe-go-go-goma-chan/episode-52-sugaos-papa-and-curly-locks-747867"}, {"title": "Episode 51 - Peppeppe-san's Baking Class", "url": "http://www.crunchyroll.com/shonen-ashibe-go-go-goma-chan/episode-51-peppeppe-sans-baking-class-747865"}, {"title": "Episode 50 - Sightseeing Mystery in Nara", "url": "http://www.crunchyroll.com/shonen-ashibe-go-go-goma-chan/episode-50-sightseeing-mystery-in-nara-747863"}, {"title": "Episode 49 - Welcome to the Goma-chan Hotel!", "url": "http://www.crunchyroll.com/shonen-ashibe-go-go-goma-chan/episode-49-welcome-to-the-goma-chan-hotel-747861"}, {"title": "Episode 48 - Jealous Goma-chan", "url": "http://www.crunchyroll.com/shonen-ashibe-go-go-goma-chan/episode-48-jealous-goma-chan-745735"}, {"title": "Episode 47 - I'm a Hero!", "url": "http://www.crunchyroll.com/shonen-ashibe-go-go-goma-chan/episode-47-im-a-hero-745733"}, {"title": "Episode 46 - Woof Woof Goma-chan", "url": "http://www.crunchyroll.com/shonen-ashibe-go-go-goma-chan/episode-46-woof-woof-goma-chan-745731"}, {"title": "Episode 45 - Ashibe and Sugao's Summer Festival", "url": "http://www.crunchyroll.com/shonen-ashibe-go-go-goma-chan/episode-45-ashibe-and-sugaos-summer-festival-733621"}, {"title": "Episode 44 - Camping Kyuu!", "url": "http://www.crunchyroll.com/shonen-ashibe-go-go-goma-chan/episode-44-camping-kyuu-733619"}, {"title": "Episode 43 - The Seal Returns a Favor", "url": "http://www.crunchyroll.com/shonen-ashibe-go-go-goma-chan/episode-43-the-seal-returns-a-favor-733617"}, {"title": "Episode 42 - Rainy Goma-chan", "url": "http://www.crunchyroll.com/shonen-ashibe-go-go-goma-chan/episode-42-rainy-goma-chan-733615"}, {"title": "Episode 41 - Kanji-kun and the Kittens", "url": "http://www.crunchyroll.com/shonen-ashibe-go-go-goma-chan/episode-41-kanji-kun-and-the-kittens-733613"}, {"title": "Episode 40 - Ma's Secret", "url": "http://www.crunchyroll.com/shonen-ashibe-go-go-goma-chan/episode-40-mas-secret-733611"}, {"title": "Episode 39 - Anxious Dental Visit!", "url": "http://www.crunchyroll.com/shonen-ashibe-go-go-goma-chan/episode-39-anxious-dental-visit-733609"}, {"title": "Episode 38 - Peppeppe-san's Close Call!", "url": "http://www.crunchyroll.com/shonen-ashibe-go-go-goma-chan/episode-38-peppeppe-sans-close-call-733607"}, {"title": "Episode 37 - So Many Yetis!", "url": "http://www.crunchyroll.com/shonen-ashibe-go-go-goma-chan/episode-37-so-many-yetis-733605"}, {"title": "Episode 36 - Fly! Goma-chan Unit", "url": "http://www.crunchyroll.com/shonen-ashibe-go-go-goma-chan/episode-36-fly-goma-chan-unit-733603"}, {"title": "Episode 35 - Ribbit-Ribbit Goma-chan", "url": "http://www.crunchyroll.com/shonen-ashibe-go-go-goma-chan/episode-35-ribbit-ribbit-goma-chan-733601"}, {"title": "Episode 34 - A New School Term Begins Today!", "url": "http://www.crunchyroll.com/shonen-ashibe-go-go-goma-chan/episode-34-a-new-school-term-begins-today-733599"}, {"title": "Episode 33 - Goma-chan Comes Home", "url": "http://www.crunchyroll.com/shonen-ashibe-go-go-goma-chan/episode-33-goma-chan-comes-home-733597"}, {"title": "Episode 32 - Let's Go See Sugao-kun!", "url": "http://www.crunchyroll.com/shonen-ashibe-go-go-goma-chan/episode-32-lets-go-see-sugao-kun-724513"}, {"title": "Episode 31 - Ashibe's Birthday", "url": "http://www.crunchyroll.com/shonen-ashibe-go-go-goma-chan/episode-31-ashibes-birthday-724511"}, {"title": "Episode 30 - Make It to Ashibe-kun!", "url": "http://www.crunchyroll.com/shonen-ashibe-go-go-goma-chan/episode-30-make-it-to-ashibe-kun-724509"}, {"title": "Episode 29 - Everyone Goes to a Hot Spring", "url": "http://www.crunchyroll.com/shonen-ashibe-go-go-goma-chan/episode-29-everyone-goes-to-a-hot-spring-724507"}, {"title": "Episode 28 - Teacher's Training", "url": "http://www.crunchyroll.com/shonen-ashibe-go-go-goma-chan/episode-28-teachers-training-724505"}, {"title": "Episode 27 - I Really Hate Goma-chan!", "url": "http://www.crunchyroll.com/shonen-ashibe-go-go-goma-chan/episode-27-i-really-hate-goma-chan-724503"}, {"title": "Episode 26 - Year's End! Goma-chan's Singing Competition!", "url": "http://www.crunchyroll.com/shonen-ashibe-go-go-goma-chan/episode-26-years-end-goma-chans-singing-competition-724501"}, {"title": "Episode 25 - Goma-chan and the Snow", "url": "http://www.crunchyroll.com/shonen-ashibe-go-go-goma-chan/episode-25-goma-chan-and-the-snow-724499"}, {"title": "Episode 24 - Goma-chan Goes to the Fish Market", "url": "http://www.crunchyroll.com/shonen-ashibe-go-go-goma-chan/episode-24-goma-chan-goes-to-the-fish-market-724497"}, {"title": "Episode 23 - I Wanna Be Goma-chan!", "url": "http://www.crunchyroll.com/shonen-ashibe-go-go-goma-chan/episode-23-i-wanna-be-goma-chan-722443"}, {"title": "Episode 22 - Yuma-kun's Family Secrets", "url": "http://www.crunchyroll.com/shonen-ashibe-go-go-goma-chan/episode-22-yuma-kuns-family-secrets-722441"}, {"title": "Episode 21 - Come Back Home, Ma!", "url": "http://www.crunchyroll.com/shonen-ashibe-go-go-goma-chan/episode-21-come-back-home-ma-722439"}, {"title": "Episode 20 - Smile! Kanji-kun!", "url": "http://www.crunchyroll.com/shonen-ashibe-go-go-goma-chan/episode-20-smile-kanji-kun-722437"}, {"title": "Episode 19 - Mr. Tendou's Marriage Meeting", "url": "http://www.crunchyroll.com/shonen-ashibe-go-go-goma-chan/episode-19-mr-tendous-marriage-meeting-722435"}, {"title": "Episode 18 - Ready, Go!", "url": "http://www.crunchyroll.com/shonen-ashibe-go-go-goma-chan/episode-18-ready-go-722433"}, {"title": "Episode 17 - Fly! Fly! Goma-chan!", "url": "http://www.crunchyroll.com/shonen-ashibe-go-go-goma-chan/episode-17-fly-fly-goma-chan-716167"}, {"title": "Episode 16 - Say Cheese!", "url": "http://www.crunchyroll.com/shonen-ashibe-go-go-goma-chan/episode-16-say-cheese-716165"}, {"title": "Episode 15 - Goma-chan vs. Cat", "url": "http://www.crunchyroll.com/shonen-ashibe-go-go-goma-chan/episode-15-goma-chan-vs-cat-716163"}, {"title": "Episode 14 - Ashibe's Open House", "url": "http://www.crunchyroll.com/shonen-ashibe-go-go-goma-chan/episode-14-ashibes-open-house-716161"}, {"title": "Episode 13 - It's Summer! It's the Sea! It's Goma-chan!", "url": "http://www.crunchyroll.com/shonen-ashibe-go-go-goma-chan/episode-13-its-summer-its-the-sea-its-goma-chan-714559"}, {"title": "Episode 12 - Everyone's Sleepy", "url": "http://www.crunchyroll.com/shonen-ashibe-go-go-goma-chan/episode-12-everyones-sleepy-714557"}, {"title": "Episode 11 - It's Summer! It's the Pool! It's Goma-chan!", "url": "http://www.crunchyroll.com/shonen-ashibe-go-go-goma-chan/episode-11-its-summer-its-the-pool-its-goma-chan-714555"}, {"title": "Episode 10 - A Letter from Ashibe-kun", "url": "http://www.crunchyroll.com/shonen-ashibe-go-go-goma-chan/episode-10-a-letter-from-ashibe-kun-714553"}, {"title": "Episode 9 - Liangliang of Wang Wang Ken", "url": "http://www.crunchyroll.com/shonen-ashibe-go-go-goma-chan/episode-9-liangliang-of-wang-wang-ken-714551"}, {"title": "Episode 8 - Peppeppe-san's Blues", "url": "http://www.crunchyroll.com/shonen-ashibe-go-go-goma-chan/episode-8-peppeppe-sans-blues-712825"}, {"title": "Episode 7 - Sugao-kun's Teacher", "url": "http://www.crunchyroll.com/shonen-ashibe-go-go-goma-chan/episode-7-sugao-kuns-teacher-712823"}, {"title": "Episode 6 - I Want Goma-chan!", "url": "http://www.crunchyroll.com/shonen-ashibe-go-go-goma-chan/episode-6-i-want-goma-chan-712821"}, {"title": "Episode 5 - Exciting Aquarium!", "url": "http://www.crunchyroll.com/shonen-ashibe-go-go-goma-chan/episode-5-exciting-aquarium-712819"}, {"title": "Episode 4 - I Want to See Ashibe-kun!", "url": "http://www.crunchyroll.com/shonen-ashibe-go-go-goma-chan/episode-4-i-want-to-see-ashibe-kun-711189"}, {"title": "Episode 3 - I Want to Eat an Ice Pop!", "url": "http://www.crunchyroll.com/shonen-ashibe-go-go-goma-chan/episode-3-i-want-to-eat-an-ice-pop-711187"}, {"title": "Episode 2 - Swim! Goma-chan!", "url": "http://www.crunchyroll.com/shonen-ashibe-go-go-goma-chan/episode-2-swim-goma-chan-711185"}, {"title": "Episode 1 - Goma-chan Is Here!", "url": "http://www.crunchyroll.com/shonen-ashibe-go-go-goma-chan/episode-1-goma-chan-is-here-711183"}], "coverImage": {"large": "https://s3.anilist.co/media/anime/cover/medium/21601-95XxzQYEHZS5.jpg", "medium": "https://s3.anilist.co/media/anime/cover/small/21601-95XxzQYEHZS5.jpg"}, "bannerImage": null, "isAdult": false, "format": "TV_SHORT"}, {"id": 21602, "title": {"romaji": "Kamiwaza Wanda", "english": null}, "type": "ANIME", "status": "FINISHED", "description": "The story is set in a world where every event has been turned into programs, and mysterious monsters known as \"Promin\" maintain the world. However, many Promin who have turned into bugs known as \"Bugmin\" are responsible for many of the world's real-life bugs. Left alone, they may eventually turn into a big problem. The boy Y\u016bto encounters the space dog Wanda, and the pair use a camera-like device and key items to capture Bugmin. Promin themselves are able to do things like \"accelerate objects,\" \"spew fire,\" or \"create objects,\" through an ability known as \"Kamiwaza\" (miracle), and are able to fend off Bugmin with it. At first, the Bugmin only cause small, bothersome things, but it will soon elevate into a global scale threat. Can one boy and one dog save the world?<br>\n<br>\n(Source: ANN)", "startDate": {"year": 2016, "month": 4, "day": 23}, "endDate": {"year": 2017, "month": 3, "day": 25}, "season": "SPRING", "episodes": 47, "duration": 24, "genres": ["Sci-Fi"], "averageScore": null, "trending": 0, "popularity": 60, "streamingEpisodes": [], "coverImage": {"large": "https://s3.anilist.co/media/anime/cover/medium/21602-mtqn2QCr4u5G.jpg", "medium": "https://s3.anilist.co/media/anime/cover/small/21602-mtqn2QCr4u5G.jpg"}, "bannerImage": null, "isAdult": false, "format": "TV"}, {"id": 21603, "title": {"romaji": "Duel Masters VSRF", "english": null}, "type": "ANIME", "status": "FINISHED", "description": "The 12th Duel Masters series.", "startDate": {"year": 2016, "month": 4, "day": 3}, "endDate": {"year": 2017, "month": 3, "day": 26}, "season": "SPRING", "episodes": 51, "duration": 24, "genres": ["Action", "Adventure", "Comedy"], "averageScore": null, "trending": 0, "popularity": 87, "streamingEpisodes": [], "coverImage": {"large": "https://s3.anilist.co/media/anime/cover/medium/21603-TXkjxEjKMyAf.jpg", "medium": "https://s3.anilist.co/media/anime/cover/small/21603-TXkjxEjKMyAf.jpg"}, "bannerImage": null, "isAdult": false, "format": "TV"}, {"id": 21604, "title": {"romaji": "Elite Jack!!", "english": null}, "type": "ANIME", "status": "FINISHED", "description": "The August issue of Shogakukan's Ciao magazine is announcing on Thursday that Meme Iwaoka's manga Elite Jack!! will get an anime adaptation. The anime will be on the Ciao Ciao TV bonus DVD that will be bundled with the September issue of the magazine on August 2.<br>\n<br>\nThe story is set at the elite Omega High School, where test results decide everything. The high-scorers in the student council, in particular the student council president, have a lot of authority. Yuria Aikawa comes to this school, and though she seems like an ordinary girl who loves fun things and her boyfriend Shuri, she's actually a super-genius who gets the top score on every test. She becomes student council president and tries to make school life more fun in various ways.<br>\n<br>\n(Source: ANN)", "startDate": {"year": 2014, "month": 8, "day": 2}, "endDate": {"year": 2015, "month": 12, "day": 28}, "season": "SUMMER", "episodes": 5, "duration": 13, "genres": [], "averageScore": null, "trending": 0, "popularity": 27, "streamingEpisodes": [], "coverImage": {"large": "https://s3.anilist.co/media/anime/cover/medium/21604-VDXN5BfHc2hz.jpg", "medium": "https://s3.anilist.co/media/anime/cover/small/21604-VDXN5BfHc2hz.jpg"}, "bannerImage": null, "isAdult": false, "format": "OVA"}, {"id": 21605, "title": {"romaji": "Fuyu no Chikai, Natsu no Matsuri: Takeo no Ookusu", "english": null}, "type": "ANIME", "status": "FINISHED", "description": "The anime is set in the city of Takeoshi, and will center on two characters, a boy and a girl, who grow up watched over by a large camphor tree that endures the time and seasons. It will star Nao Touyama as Rinko Yamaguchi, and Nobunaga Shimazaki as Souta. It will screen in the Saga Prefectural Space and Science Museum.<br>\n<br>\n(Source: ANN)", "startDate": {"year": 2016, "month": 3, "day": 12}, "endDate": {"year": 2016, "month": 3, "day": 12}, "season": "WINTER", "episodes": 1, "duration": null, "genres": [], "averageScore": null, "trending": 0, "popularity": 194, "streamingEpisodes": [], "coverImage": {"large": "https://s3.anilist.co/media/anime/cover/medium/21605-WafyRt5iDGmk.png", "medium": "https://s3.anilist.co/media/anime/cover/small/21605-WafyRt5iDGmk.png"}, "bannerImage": null, "isAdult": false, "format": "MOVIE"}, {"id": 21606, "title": {"romaji": "Yakusoku no Utsuwa: Arita no Hatsukoi", "english": null}, "type": "ANIME", "status": "FINISHED", "description": "The anime is set in the town of Arita, and will be a youth story highlighting the scenery of Arita.<br>\n<br>\n(Source: ANN)", "startDate": {"year": 2016, "month": 3, "day": 12}, "endDate": {"year": 2016, "month": 3, "day": 12}, "season": "WINTER", "episodes": 1, "duration": 12, "genres": ["Romance"], "averageScore": null, "trending": 0, "popularity": 156, "streamingEpisodes": [], "coverImage": {"large": "https://s3.anilist.co/media/anime/cover/medium/21606-Fv2qkOzTuZrD.png", "medium": "https://s3.anilist.co/media/anime/cover/small/21606-Fv2qkOzTuZrD.png"}, "bannerImage": null, "isAdult": false, "format": "MOVIE"}, {"id": 21607, "title": {"romaji": "Arbeit Shiyou!!", "english": "Let's Arbeit!"}, "type": "ANIME", "status": "FINISHED", "description": "Ep 1 - Hara Sayuri is a student who lives alone in a cheap apartment. In order to earn money to pay the rent, she holds a number of part-time jobs. Today, she is washing the upper windows of a building. Coincidentally, she finds herself cleaning the windows of the office in which her elder brother is working. However, when she calls out to him, she sees him get an erection! Seeing that, Sayuri removes her clothes and proceeds to strike provocative poses...\n\nEp 2 - Kagurazaka Fumina is a cosplay-lover and works part-time for a maid service. Today, she has been working since morning for her new master. Cooking, laundry, and cleaning. While tidying up, she is suddenly assaulted from behind by the master! Although she tries to resist, she gets turned on when he massages her big breasts. Finally, from behind...\n\nEp 3 - Since graduating from university, Oshikiri Momoka has been working as a home tutor. One day, she falls asleep while tutoring a cute boy. Seeing her like that arouses his sexual desires. When Momoka realises, she slowly removes her clothing, and the lesson on becoming an adult begins!", "startDate": {"year": 2010, "month": 4, "day": 19}, "endDate": {"year": 2010, "month": 4, "day": 19}, "season": "SPRING", "episodes": 3, "duration": 8, "genres": ["Hentai"], "averageScore": 48, "trending": 0, "popularity": 151, "streamingEpisodes": [], "coverImage": {"large": "https://s3.anilist.co/media/anime/cover/medium/21607-ZOxcroy5VBCj.png", "medium": "https://s3.anilist.co/media/anime/cover/small/21607-ZOxcroy5VBCj.png"}, "bannerImage": null, "isAdult": true, "format": "OVA"}, {"id": 21608, "title": {"romaji": "Seisen Cerberus: Ryuukoku no Fatalit\u00e9", "english": "Cerberus"}, "type": "ANIME", "status": "FINISHED", "description": "The anime is set in a continent ruled by sword and magic called Kunaaan, where a power balance between the Holy Kingdom of Amoria, the Kingdom of Ishilfen, and the Vanrodis Kingdom keeps a peace so unstable that any tragedy that befalls any one kingdom will mean war for the entire continent. Another power, the evil dragon Daganzord, also resides on the continent, and no one is powerful enough to stop him from spreading destruction and charred land in his wake. Two individuals, Bairo and Kismitete, undertook a ritual alongside a party of wizards to seal Daganzord, but were foiled. This event was known thereafter as the Balbagoa Tragedy. Bairo and Kismitete's son Hiiro is saved by Giiru, and Hiiro swears to avenge his parents' deaths and trains himself with the sword. When Hiiro turns 16, he sets out on a journey to slay the dragon, and Giruu accompanies him, having no choice. Along the way, they meet many types of people, and gain companions on their journey.<br>\n<br>\n(Source: ANN)", "startDate": {"year": 2016, "month": 4, "day": 5}, "endDate": {"year": 2016, "month": 6, "day": 28}, "season": "SPRING", "episodes": 13, "duration": 24, "genres": ["Action", "Fantasy"], "averageScore": 51, "trending": 0, "popularity": 5465, "streamingEpisodes": [{"title": "Episode 1 - The Lord of the Dark Dragons", "url": "http://www.crunchyroll.com/cerberus/episode-1-the-lord-of-the-dark-dragons-702453"}, {"title": "Episode 2 - The Dark Crystal", "url": "http://www.crunchyroll.com/cerberus/episode-2-the-dark-crystal-702455"}, {"title": "Episode 3 - The Hidden Fortress", "url": "http://www.crunchyroll.com/cerberus/episode-3-the-hidden-fortress-702457"}, {"title": "Episode 4 - An Expected Journey", "url": "http://www.crunchyroll.com/cerberus/episode-4-an-expected-journey-702459"}, {"title": "Episode 5 - The Sense", "url": "http://www.crunchyroll.com/cerberus/episode-5-the-sense-702461"}, {"title": "Episode 6 - Strange Love", "url": "http://www.crunchyroll.com/cerberus/episode-6-strange-love-702463"}, {"title": "Episode 7 - Transform", "url": "http://www.crunchyroll.com/cerberus/episode-7-transform-702465"}, {"title": "Episode 8 - The Dark Shadow", "url": "http://www.crunchyroll.com/cerberus/episode-8-the-dark-shadow-702467"}, {"title": "Episode 9 - Signs", "url": "http://www.crunchyroll.com/cerberus/episode-9-signs-702469"}, {"title": "Episode 10 - The Omen", "url": "http://www.crunchyroll.com/cerberus/episode-10-the-omen-702471"}, {"title": "Episode 11 - Fury Road", "url": "http://www.crunchyroll.com/cerberus/episode-11-fury-road-702473"}, {"title": "Episode 12 - Return of the Dark Dragon", "url": "http://www.crunchyroll.com/cerberus/episode-12-return-of-the-dark-dragon-702475"}, {"title": "Episode 13 - Dragon's Heart", "url": "http://www.crunchyroll.com/cerberus/episode-13-dragons-heart-702477"}], "coverImage": {"large": "https://s3.anilist.co/media/anime/cover/medium/21608-nB00sZgW8xMb.jpg", "medium": "https://s3.anilist.co/media/anime/cover/small/21608-nB00sZgW8xMb.jpg"}, "bannerImage": null, "isAdult": false, "format": "TV"}, {"id": 21609, "title": {"romaji": "12-sai.: Chiccha na Mune no Tokimeki", "english": null}, "type": "ANIME", "status": "FINISHED", "description": "The story begins with Hanabi, a sixth-grade girl who is neither an adult nor a child. She deals with issues such as accidentally witnessing her homeroom teacher kissing, and worrying about experiencing physiological changes before her friends. This is the depiction of a 12-year-old girl's innocent worries and first love.<br>\n<br>\n(Source: ANN)", "startDate": {"year": 2016, "month": 4, "day": 4}, "endDate": {"year": 2016, "month": 6, "day": 20}, "season": "SPRING", "episodes": 12, "duration": 24, "genres": ["Romance"], "averageScore": 59, "trending": 0, "popularity": 1866, "streamingEpisodes": [], "coverImage": {"large": "https://s3.anilist.co/media/anime/cover/medium/21609-3oXdBis1MTXX.jpg", "medium": "https://s3.anilist.co/media/anime/cover/small/21609-3oXdBis1MTXX.jpg"}, "bannerImage": null, "isAdult": false, "format": "TV"}, {"id": 21610, "title": {"romaji": "Okusama ga Seitokaichou!+!", "english": "My Wife is the Student Council President+!"}, "type": "ANIME", "status": "FINISHED", "description": "Season 2 of Okusama ga Seitokaichou!<br>\n<br>\nThe story begins with Izumi Hayato running to be student body president. But when a beautiful girl swings in promising the liberalization of love while flinging condoms into the audience, he ends up losing to her and becoming the vice president. At the student council meeting, the newly-elected president invites herself over to Izumi's house, where she promptly announces she is to become Izumi's wife thanks to an agreement \u2013 facilitated by alcohol \u2013 made between their parents when they were only 3.<br>\n<br>\n(Source: MU)", "startDate": {"year": 2016, "month": 10, "day": 2}, "endDate": {"year": 2016, "month": 12, "day": 18}, "season": "FALL", "episodes": 12, "duration": 9, "genres": ["Comedy", "Ecchi"], "averageScore": 62, "trending": 1, "popularity": 7186, "streamingEpisodes": [], "coverImage": {"large": "https://s3.anilist.co/media/anime/cover/medium/21610-9IpdF9uI1XZ6.jpg", "medium": "https://s3.anilist.co/media/anime/cover/small/21610-9IpdF9uI1XZ6.jpg"}, "bannerImage": "https://s3.anilist.co/media/anime/banner/21610-ztKYWCx5mPAp.png", "isAdult": false, "format": "TV_SHORT"}, {"id": 21611, "title": {"romaji": "Endride", "english": null}, "type": "ANIME", "status": "FINISHED", "description": "The story is set on Endra, an unknown world beneath the surface of Earth itself. It is another world, where the giant Adamas shines above and seven-colored bands drift across the skies.<br>\nOne day, Shun Asanaga \u2014 an ordinary yet positive and bright 15-year-old middle school boy who lived in the \"Land Above\" \u2014 lands in this place. He had discovered a mysterious crystal at his scientific businessman father's company, and the moment he touched the crystal, he was transported to Endra.<br>\nHe meets Prince Emirio, who strongly despises the current King Deruzain and had just turned 16 at Endra's castle. He became of age to ascend to the throne, and he wields a weapon to seek his vengeance at last, but the difference in strength proves to be insurmountable. Captured and imprisoned by Deruzain, Emirio is heartbroken. But then, the walls of the prison suddenly become distorted, and Shun appears within them.<br>\nTwo youths live in Endra \u2014 one to return his former world, and one to exact revenge. The future that is within the grasp of two youths raised in different worlds\u2026<br>\n<br>\n(Source: ANN)", "startDate": {"year": 2016, "month": 4, "day": 3}, "endDate": {"year": 2016, "month": 9, "day": 25}, "season": "SPRING", "episodes": 24, "duration": 23, "genres": [], "averageScore": 45, "trending": 0, "popularity": 4342, "streamingEpisodes": [], "coverImage": {"large": "https://s3.anilist.co/media/anime/cover/medium/21611-525RPIm2Mq0B.jpg", "medium": "https://s3.anilist.co/media/anime/cover/small/21611-525RPIm2Mq0B.jpg"}, "bannerImage": "https://s3.anilist.co/media/anime/banner/21611-aaDfSP6K5ATS.jpg", "isAdult": false, "format": "TV"}, {"id": 21612, "title": {"romaji": "Onigiri", "english": null}, "type": "ANIME", "status": "FINISHED", "description": "The MMORPG Onigiri thrusts its players into mystical Japan, a land filled with mythical creatures of Japanese legend. Starting as a lone Oni, players fight against the malevolent influence of the Kamikui as their miasma spreads over the land. 8 NPCS, each with their own distinct personality and skills, ally themselves with the player to help build a legend, and quell the evil that has arisen. As you grow stronger together, so do the bonds binding you to each other.<br>\n<br>\n(Source: ANN)", "startDate": {"year": 2016, "month": 4, "day": 7}, "endDate": {"year": 2016, "month": 6, "day": 30}, "season": "SPRING", "episodes": 13, "duration": 5, "genres": ["Adventure", "Comedy", "Fantasy"], "averageScore": 48, "trending": 0, "popularity": 2195, "streamingEpisodes": [], "coverImage": {"large": "https://s3.anilist.co/media/anime/cover/medium/21612-pQDDDIKFCkK6.jpg", "medium": "https://s3.anilist.co/media/anime/cover/small/21612-pQDDDIKFCkK6.jpg"}, "bannerImage": null, "isAdult": false, "format": "TV_SHORT"}, {"id": 21613, "title": {"romaji": "Youjo Senki", "english": "Saga of Tanya the Evil"}, "type": "ANIME", "status": "FINISHED", "description": "The novel series centers on a young girl who fights on the frontlines in war. She has blonde hair, blue eyes, and nearly transparent white skin, and she flies through the air and mercilessly strikes down her opponents. Her name is Tanya Degurechaff, and she speaks with a young girl's lisp and commands the army. Tanya used to be one of Japan's elite office workers, but because of a wrathful god, was reborn as a little girl. Tanya prioritizes optimization and career advancement above all, and she will become the most dangerous entity among the Imperial Army's sorcerers.<br>\n<br>\n(Source: ANN)", "startDate": {"year": 2017, "month": 1, "day": 6}, "endDate": {"year": 2017, "month": 3, "day": 31}, "season": "WINTER", "episodes": 12, "duration": 24, "genres": ["Action", "Supernatural"], "averageScore": 77, "trending": 1, "popularity": 22861, "streamingEpisodes": [{"title": "Episode 1 - The Devil of the Rhine", "url": "http://www.crunchyroll.com/saga-of-tanya-the-evil/episode-1-the-devil-of-the-rhine-771791"}, {"title": "Episode 2 - Prologue", "url": "http://www.crunchyroll.com/saga-of-tanya-the-evil/episode-2-prologue-771793"}, {"title": "Episode 3 - Deus Vult", "url": "http://www.crunchyroll.com/saga-of-tanya-the-evil/episode-3-deus-vult-771797"}, {"title": "Episode 4 - Campus Life", "url": "http://www.crunchyroll.com/saga-of-tanya-the-evil/episode-4-campus-life-771801"}, {"title": "Episode 5 - My First Battalion", "url": "http://www.crunchyroll.com/saga-of-tanya-the-evil/episode-5-my-first-battalion-771805"}, {"title": "Episode 6 - Beginning of Madness", "url": "http://www.crunchyroll.com/saga-of-tanya-the-evil/episode-6-beginning-of-madness-771809"}, {"title": "Episode 6.5 - War Report", "url": "http://www.crunchyroll.com/saga-of-tanya-the-evil/episode-65-war-report-771841"}, {"title": "Episode 7 - The Battle of the Fjord", "url": "http://www.crunchyroll.com/saga-of-tanya-the-evil/episode-7-the-battle-of-the-fjord-771815"}, {"title": "Episode 8 - Trial by Fire", "url": "http://www.crunchyroll.com/saga-of-tanya-the-evil/episode-8-trial-by-fire-771819"}, {"title": "Episode 9 - Preparations for Advance", "url": "http://www.crunchyroll.com/saga-of-tanya-the-evil/episode-9-preparations-for-advance-771823"}, {"title": "Episode 10 - The Path to Victory", "url": "http://www.crunchyroll.com/saga-of-tanya-the-evil/episode-10-the-path-to-victory-771827"}, {"title": "Episode 11 - Resistance", "url": "http://www.crunchyroll.com/saga-of-tanya-the-evil/episode-11-resistance-771831"}, {"title": "Episode 12 - How to Use a Victory", "url": "http://www.crunchyroll.com/saga-of-tanya-the-evil/episode-12-how-to-use-a-victory-771835"}], "coverImage": {"large": "https://s3.anilist.co/media/anime/cover/medium/21613-uXQY6GWI4aJG.jpg", "medium": "https://s3.anilist.co/media/anime/cover/small/21613-uXQY6GWI4aJG.jpg"}, "bannerImage": "https://s3.anilist.co/media/anime/banner/21613-FGAqKSTvfxuA.png", "isAdult": false, "format": "TV"}, {"id": 21614, "title": {"romaji": "Dropout", "english": null}, "type": "ANIME", "status": "FINISHED", "description": "Based on the erotic manga by Fan no Hitori.<br>\n<br>\nIn a school foundation there are creating new ways of learning to improve student achievement. That is for those who get a small score and fail the exam will be in the Drop Out (DO) and made sex slaves for impingement lust. And for those who get high achievement will be served free sex in a special lesson.<br>\n<br>\n(Source: Nekopoi and Has Been Translated and Edited)", "startDate": {"year": 2016, "month": 2, "day": 26}, "endDate": {"year": 2016, "month": 3, "day": 25}, "season": "WINTER", "episodes": 2, "duration": 20, "genres": ["Hentai"], "averageScore": 62, "trending": 0, "popularity": 589, "streamingEpisodes": [], "coverImage": {"large": "https://s3.anilist.co/media/anime/cover/medium/21614-kBcKKfX9gSSr.png", "medium": "https://s3.anilist.co/media/anime/cover/small/21614-kBcKKfX9gSSr.png"}, "bannerImage": "https://s3.anilist.co/media/anime/banner/21614-aeEL6wGflbRC.jpg", "isAdult": true, "format": "OVA"}, {"id": 21615, "title": {"romaji": "Gyakuten Majo Saiban -Chijo na Majo ni Sabakarechau- The Animation", "english": null}, "type": "ANIME", "status": "FINISHED", "description": "Based on the erotic game by Erectlip.<br>\n<br>\nSakae-kun's newly transferred student at his new school who has no friends in class, suddenly he is accused as a Suspect in Wizarding Session and in law by doing Sex and Sakae-kun also likes the Class Leader in his class that is Yuki-chan<br>\n<br>\n(Source: Nekopoi and Has Been Translated)", "startDate": {"year": 2015, "month": 8, "day": 28}, "endDate": {"year": 2015, "month": 8, "day": 28}, "season": "SUMMER", "episodes": 1, "duration": 30, "genres": ["Hentai"], "averageScore": 55, "trending": 0, "popularity": 394, "streamingEpisodes": [], "coverImage": {"large": "https://s3.anilist.co/media/anime/cover/medium/21615-G7m7x6R3YYvh.png", "medium": "https://s3.anilist.co/media/anime/cover/small/21615-G7m7x6R3YYvh.png"}, "bannerImage": "https://s3.anilist.co/media/anime/banner/n21615-MnBcG6jznvRb.jpg", "isAdult": true, "format": "OVA"}, {"id": 21616, "title": {"romaji": "Gakuen no Ikenie Nagusami Mono to Kashita Kyonyuu Furyou Shoujo ~Hakudaku ni Okasareru Kasshoku & Daniku no Kyouen~ The Animation", "english": null}, "type": "ANIME", "status": "FINISHED", "description": "Based on the adult game by Erectlip.", "startDate": {"year": 2015, "month": 7, "day": 24}, "endDate": {"year": 2015, "month": 7, "day": 24}, "season": "SUMMER", "episodes": 1, "duration": 30, "genres": ["Hentai"], "averageScore": 47, "trending": 0, "popularity": 202, "streamingEpisodes": [], "coverImage": {"large": "https://s3.anilist.co/media/anime/cover/medium/21616-ywQdwZPh99Zv.png", "medium": "https://s3.anilist.co/media/anime/cover/small/21616-ywQdwZPh99Zv.png"}, "bannerImage": null, "isAdult": true, "format": "OVA"}, {"id": 21617, "title": {"romaji": "Furueru Kuchibiru", "english": null}, "type": "ANIME", "status": "FINISHED", "description": "An unsatisfied young woman named Katakura Kon has entered into an ambiguous but highly sexual relationship with her homeroom teacher. He rarely attends school and continues to live with the teacher, but no one is willing to explain their feelings to each other. frustrated overload, however - and even when dating, they can not communicate enough without sex!<br>\n<br>\n(Source: Nekopoi and Has Been Translated)", "startDate": {"year": 2014, "month": 4, "day": 25}, "endDate": {"year": 2014, "month": 4, "day": 25}, "season": "SPRING", "episodes": 1, "duration": 30, "genres": ["Hentai", "Romance"], "averageScore": 59, "trending": 0, "popularity": 527, "streamingEpisodes": [], "coverImage": {"large": "https://s3.anilist.co/media/anime/cover/medium/21617-ZtqzLoYJpgEC.png", "medium": "https://s3.anilist.co/media/anime/cover/small/21617-ZtqzLoYJpgEC.png"}, "bannerImage": null, "isAdult": true, "format": "OVA"}, {"id": 21618, "title": {"romaji": "Furueru Kuchibiru 0", "english": null}, "type": "ANIME", "status": "FINISHED", "description": "", "startDate": {"year": 2014, "month": 6, "day": 27}, "endDate": {"year": 2014, "month": 6, "day": 27}, "season": "SUMMER", "episodes": 1, "duration": 30, "genres": ["Hentai"], "averageScore": 57, "trending": 0, "popularity": 373, "streamingEpisodes": [], "coverImage": {"large": "https://s3.anilist.co/media/anime/cover/medium/21618-TZdp0ETHXLp8.png", "medium": "https://s3.anilist.co/media/anime/cover/small/21618-TZdp0ETHXLp8.png"}, "bannerImage": null, "isAdult": true, "format": "OVA"}, {"id": 21619, "title": {"romaji": "Furifure The Animation", "english": null}, "type": "ANIME", "status": "FINISHED", "description": "Based on the adult novel by Noesis, Ori and Kizoku Coffee.<br>\n<br>\nYui Kurahashi quarreled with her parents and ran away from home. As Yui walks around town, Yui meets a friend and Yui has been fooled into joining a dating site called Free Friends. Yui's just waiting for someone to contact her even though Yui does not know much about it. The main characters accidentally find it and its contacts. That night, they met in a city full of libido and....<br>\n<br>\n(Source: Translated and Edited from Nekopoi)", "startDate": {"year": 2014, "month": 9, "day": 26}, "endDate": {"year": 2014, "month": 9, "day": 26}, "season": "FALL", "episodes": 1, "duration": 30, "genres": ["Hentai"], "averageScore": 52, "trending": 0, "popularity": 302, "streamingEpisodes": [], "coverImage": {"large": "https://s3.anilist.co/media/anime/cover/medium/21619-DO2ECcxpRXo9.png", "medium": "https://s3.anilist.co/media/anime/cover/small/21619-DO2ECcxpRXo9.png"}, "bannerImage": null, "isAdult": true, "format": "OVA"}, {"id": 21620, "title": {"romaji": "Fukubiki! Triangle: Futaba wa Atafuta", "english": null}, "type": "ANIME", "status": "FINISHED", "description": "Based on the adult game by AiCherry & Blue Gale", "startDate": {"year": 2015, "month": 3, "day": 27}, "endDate": {"year": 2015, "month": 3, "day": 27}, "season": "SPRING", "episodes": 1, "duration": 30, "genres": ["Hentai"], "averageScore": 56, "trending": 0, "popularity": 365, "streamingEpisodes": [], "coverImage": {"large": "https://s3.anilist.co/media/anime/cover/medium/21620-oHixzPnKmWQO.png", "medium": "https://s3.anilist.co/media/anime/cover/small/21620-oHixzPnKmWQO.png"}, "bannerImage": null, "isAdult": true, "format": "OVA"}, {"id": 21621, "title": {"romaji": "Aniki no Yome-san nara, Ore ni Hamerarete Hiihii Itteru Tokoro Da yo", "english": null}, "type": "ANIME", "status": "FINISHED", "description": "Based on the erotic game by Orcsoft.<br>\n<br>\nTwo respected older brothers.<br>\nTwo beautiful, virtuous wives.<br>\nThe younger brother, a horndog who salivates at the chance to taste those wives.<br>\n<br>\nHe is you. Circumstances put you between the thighs of your respects brothers' off-limit wives while you share a life under one roof, dense pheromones an invitation to bump uglies nnghh nhggh hnnnf HNNFF!!<br>\n<br>\nYour brothers' wives crave satisfaction that your d*ck supplies in spades. This is a cuckolding story full of raunch!<br>\n<br>\n(Source: DLsite English)", "startDate": {"year": 2015, "month": 8, "day": 28}, "endDate": {"year": 2015, "month": 8, "day": 28}, "season": "SUMMER", "episodes": 1, "duration": 27, "genres": ["Hentai"], "averageScore": 50, "trending": 0, "popularity": 232, "streamingEpisodes": [], "coverImage": {"large": "https://s3.anilist.co/media/anime/cover/medium/21621-eZFtQ4UusaR2.png", "medium": "https://s3.anilist.co/media/anime/cover/small/21621-eZFtQ4UusaR2.png"}, "bannerImage": null, "isAdult": true, "format": "OVA"}, {"id": 21622, "title": {"romaji": "Kyonyuu Try! -Tanki Shuuchuu Chichi Momi Lesson-", "english": null}, "type": "ANIME", "status": "FINISHED", "description": "Based on the adult game by Marine.<br>\n<br>\nKobayako Ayano is frutated because her breasts do not grow as big as her teacher. He has done various ways but still not as big as his teacher's breasts. Once he knows the secret that can enlarge the breasts as big as him because of the blessing of the actions of his younger brother's teacher who every day massaged her breasts. Since then Ayano also wants to try to enlarge her breasts by asking for help on his younger brother's teacher.<br>\n<br>\n(Source: Translated and Edited from Nekopoi)", "startDate": {"year": 2014, "month": 9, "day": 19}, "endDate": {"year": 2014, "month": 9, "day": 19}, "season": "FALL", "episodes": 1, "duration": 27, "genres": ["Hentai", "Romance"], "averageScore": 55, "trending": 0, "popularity": 238, "streamingEpisodes": [], "coverImage": {"large": "https://s3.anilist.co/media/anime/cover/medium/nx21622-nZ30YbPnhk7b.jpg", "medium": "https://s3.anilist.co/media/anime/cover/small/nx21622-nZ30YbPnhk7b.jpg"}, "bannerImage": "https://s3.anilist.co/media/anime/banner/n21622-FUPUIG36kM4G.jpg", "isAdult": true, "format": "OVA"}, {"id": 21624, "title": {"romaji": "Steins;Gate: Kyoukaimenjou no Missing Link - Divide By Zero", "english": null}, "type": "ANIME", "status": "FINISHED", "description": "Alternate 23rd episode of Steins;Gate, which leads into the story of Steins;Gate 0. It will be included with the Steins;Gate Complete Blu-ray Box.", "startDate": {"year": 2015, "month": 12, "day": 3}, "endDate": {"year": 2015, "month": 12, "day": 3}, "season": "FALL", "episodes": 1, "duration": 24, "genres": ["Sci-Fi", "Thriller"], "averageScore": 81, "trending": 0, "popularity": 10660, "streamingEpisodes": [], "coverImage": {"large": "https://s3.anilist.co/media/anime/cover/medium/21624-2pB2HOP0im1k.jpg", "medium": "https://s3.anilist.co/media/anime/cover/small/21624-2pB2HOP0im1k.jpg"}, "bannerImage": "https://s3.anilist.co/media/anime/banner/21624-Wyay5vARq63a.jpg", "isAdult": false, "format": "SPECIAL"}, {"id": 21626, "title": {"romaji": "Handa-kun", "english": "Handa-kun"}, "type": "ANIME", "status": "FINISHED", "description": "Hated by everyone around him, Sei Handa goes about his high school life regarded as an outcast\u2014or at least that's what he believes. In reality, Sei is the most popular student on campus, revered by all for his incomparable calligraphy skills, good looks, and cool personality. However, due an endless series of misunderstandings, Handa perceives the worship he receives from his legions of fans as bullying, leading the school's idol to shut himself off from the rest of his classmates.<br>\n<br>\nBut distancing himself from his peers doesn't deter them from adoring him; in fact, his attempts at drawing attention away from himself often end up unintentionally converting even the most skeptical of students into believers. Fashion models, shut-in delinquents, obsessive fangirls, and more\u2014none can stand against the brilliance that is Sei Handa.<br>\n<br>\n[Written by MAL Rewrite]", "startDate": {"year": 2016, "month": 7, "day": 8}, "endDate": {"year": 2016, "month": 9, "day": 23}, "season": "SUMMER", "episodes": 12, "duration": 24, "genres": ["Comedy"], "averageScore": 68, "trending": 1, "popularity": 10941, "streamingEpisodes": [], "coverImage": {"large": "https://s3.anilist.co/media/anime/cover/medium/21626-lq0TxQnCt1bw.jpg", "medium": "https://s3.anilist.co/media/anime/cover/small/21626-lq0TxQnCt1bw.jpg"}, "bannerImage": "https://s3.anilist.co/media/anime/banner/21626-nTiPfy2iAOYT.jpg", "isAdult": false, "format": "TV"}, {"id": 21627, "title": {"romaji": "Gi(a)rlish Number", "english": "Girlish number"}, "type": "ANIME", "status": "FINISHED", "description": "College student Chitose Karasuma is determined not to do boring things as she enters the adult world. To this end, this bad-mannered beauty barges into a facility that trains would-be voice actors and actresses, somehow landing a job at \u201cNumber One Produce,\u201d a seiyu agency managed by her older brother, Gojo. In Chitose's mind, she's poised for greatness, but finds herself at a loss when she continues to only get minor roles. As she clashes with other girls in the agency, including a cunning airhead and a girl with a Kansai accent, Chitose is about to learn that there's more to succeeding in this competitive industry than she imagined.<br><br>\n\n(Source: Sentai Filmworks)", "startDate": {"year": 2016, "month": 10, "day": 7}, "endDate": {"year": 2016, "month": 12, "day": 23}, "season": "FALL", "episodes": 12, "duration": 24, "genres": ["Slice of Life", "Comedy"], "averageScore": 68, "trending": 0, "popularity": 9918, "streamingEpisodes": [{"title": "Episode 1 - Careless Chitose and This Rotten Business", "url": "http://www.crunchyroll.com/girlish-number/episode-1-careless-chitose-and-this-rotten-business-722445"}, {"title": "Episode 2 - Chitose the Braggart and the Voiceless Scream", "url": "http://www.crunchyroll.com/girlish-number/episode-2-chitose-the-braggart-and-the-voiceless-scream-722447"}, {"title": "Episode 3 - Blasphemous Chitose and the Usual Story", "url": "http://www.crunchyroll.com/girlish-number/episode-3-blasphemous-chitose-and-the-usual-story-722449"}, {"title": "Episode 4 - High-Spirited Chitose and Her Merry Friends", "url": "http://www.crunchyroll.com/girlish-number/episode-4-high-spirited-chitose-and-her-merry-friends-722451"}, {"title": "Episode 5 - Cocky Chitose and Shattered Popularity", "url": "http://www.crunchyroll.com/girlish-number/episode-5-cocky-chitose-and-shattered-popularity-722453"}, {"title": "Episode 6 - Chitose on the Beach and the Budget That Won't Go Through", "url": "http://www.crunchyroll.com/girlish-number/episode-6-chitose-on-the-beach-and-the-budget-that-wont-go-through-722455"}, {"title": "Episode 7 - Curious Chitose and Parents' Day", "url": "http://www.crunchyroll.com/girlish-number/episode-7-curious-chitose-and-parents-day-722457"}, {"title": "Episode 8 - Oversleeping Chitose and a Steamy Travel Mood", "url": "http://www.crunchyroll.com/girlish-number/episode-8-oversleeping-chitose-and-a-steamy-travel-mood-722459"}, {"title": "Episode 9 - Uneasy Chitose and the Scampering Rookie", "url": "http://www.crunchyroll.com/girlish-number/episode-9-uneasy-chitose-and-the-scampering-rookie-722461"}, {"title": "Episode 10 - Chitose Falls Into Darkness and Disappointed Kuzu", "url": "http://www.crunchyroll.com/girlish-number/episode-10-chitose-falls-into-darkness-and-disappointed-kuzu-722463"}, {"title": "Episode 11 - Wavering Chitose and Determined Gojo", "url": "http://www.crunchyroll.com/girlish-number/episode-11-wavering-chitose-and-determined-gojo-722465"}, {"title": "Episode 12 - Karasuma Chitose and...", "url": "http://www.crunchyroll.com/girlish-number/episode-12-karasuma-chitose-and-722467"}], "coverImage": {"large": "https://s3.anilist.co/media/anime/cover/medium/21627-y8CWKC6z7tKE.jpg", "medium": "https://s3.anilist.co/media/anime/cover/small/21627-y8CWKC6z7tKE.jpg"}, "bannerImage": "https://s3.anilist.co/media/anime/banner/21627-1fByeIVEUpoP.jpg", "isAdult": false, "format": "TV"}, {"id": 21628, "title": {"romaji": "Yakin Byoutou Specials", "english": "Night Shift Nurses Specials"}, "type": "ANIME", "status": "FINISHED", "description": "Two recap episodes of the original Yakin Byoutou OVA also known as episodes 5.5 and 10.5.", "startDate": {"year": 2003, "month": 3, "day": 28}, "endDate": {"year": 2004, "month": 4, "day": 30}, "season": null, "episodes": 2, "duration": 31, "genres": ["Hentai"], "averageScore": null, "trending": 0, "popularity": 91, "streamingEpisodes": [], "coverImage": {"large": "https://s3.anilist.co/media/anime/cover/medium/21628-JqU7gi9jaKY7.jpg", "medium": "https://s3.anilist.co/media/anime/cover/small/21628-JqU7gi9jaKY7.jpg"}, "bannerImage": null, "isAdult": true, "format": "OVA"}, {"id": 21629, "title": {"romaji": "Noblesse: Awakening", "english": null}, "type": "ANIME", "status": "FINISHED", "description": "The series is about Cadis Etrama di Raizel who wakes up from 820-years long sleep and starts a new life as a high school student. His peaceful days as a student are soon interrupted by a group of attackers known as the \"Unions.\" Noblesse follows Raizel and his loyal servant, Frankenstein, as they constantly protect and save Raizel\u2019s new human friends from the mysterious threats.<br>\n<br>\n(Source: CR)", "startDate": {"year": 2016, "month": 2, "day": 4}, "endDate": {"year": 2016, "month": 2, "day": 4}, "season": "WINTER", "episodes": 1, "duration": 32, "genres": ["Action", "Supernatural"], "averageScore": 71, "trending": 0, "popularity": 3509, "streamingEpisodes": [{"title": "PV", "url": "http://www.crunchyroll.com/noblesse-awakening/noblesse-awakening-pv-694157"}, {"title": "OVA", "url": "http://www.crunchyroll.com/noblesse-awakening/noblesse-awakening-ova-694155"}], "coverImage": {"large": "https://s3.anilist.co/media/anime/cover/medium/21629-tw53uj435eR3.jpg", "medium": "https://s3.anilist.co/media/anime/cover/small/21629-tw53uj435eR3.jpg"}, "bannerImage": "https://s3.anilist.co/media/anime/banner/21629-cM5S4d9NFXZ4.jpg", "isAdult": false, "format": "ONA"}, {"id": 21630, "title": {"romaji": "Ojisan Kaizou Kouza", "english": null}, "type": "ANIME", "status": "FINISHED", "description": null, "startDate": {"year": 1990, "month": 2, "day": 24}, "endDate": {"year": 1990, "month": 2, "day": 24}, "season": "WINTER", "episodes": 1, "duration": 92, "genres": [], "averageScore": null, "trending": 0, "popularity": 14, "streamingEpisodes": [], "coverImage": {"large": "https://s3.anilist.co/media/anime/cover/medium/21630-nrS7xkHkZiNc.jpg", "medium": "https://s3.anilist.co/media/anime/cover/small/21630-nrS7xkHkZiNc.jpg"}, "bannerImage": null, "isAdult": false, "format": "MOVIE"}, {"id": 21631, "title": {"romaji": "Udon no Kuni no Kiniro Kemari", "english": "Poco's Udon World"}, "type": "ANIME", "status": "FINISHED", "description": "Souta Tawara is a web designer working in Tokyo. When he visits his family's Udon place in his hometown Kagawa Prefecture, he discovers a young boy. Upon confronting the boy, Souta soon learns his secret and decides to quit his job in order to take care of the boy, Poko. The daily adventures of the two slowly enfold as Poco energetically navigates his way through Kagawa, the \"Udon Kingdom,\" along with Souta.<br><br>\n(Source: MAL)", "startDate": {"year": 2016, "month": 10, "day": 9}, "endDate": {"year": 2016, "month": 12, "day": 25}, "season": "FALL", "episodes": 12, "duration": 22, "genres": ["Fantasy", "Slice of Life"], "averageScore": 73, "trending": 0, "popularity": 6577, "streamingEpisodes": [{"title": "Episode 1 - Bukkake Udon", "url": "http://www.crunchyroll.com/pocos-udon-world/episode-1-bukkake-udon-722095"}, {"title": "Episode 2 - Kotoden", "url": "http://www.crunchyroll.com/pocos-udon-world/episode-2-kotoden-722097"}, {"title": "Episode 3 - The Red Lighthouse", "url": "http://www.crunchyroll.com/pocos-udon-world/episode-3-the-red-lighthouse-722099"}, {"title": "Episode 4 - Yashima", "url": "http://www.crunchyroll.com/pocos-udon-world/episode-4-yashima-722101"}, {"title": "Episode 5 - Chicken on the Bone", "url": "http://www.crunchyroll.com/pocos-udon-world/episode-5-chicken-on-the-bone-722103"}, {"title": "Episode 6 - Tokyo Tower", "url": "http://www.crunchyroll.com/pocos-udon-world/episode-6-tokyo-tower-722105"}, {"title": "Episode 7 - Ritsurin Garden", "url": "http://www.crunchyroll.com/pocos-udon-world/episode-7-ritsurin-garden-722107"}, {"title": "Episode 8 - Shodoshima", "url": "http://www.crunchyroll.com/pocos-udon-world/episode-8-shodoshima-722109"}, {"title": "Episode 9 - Sardine Stock", "url": "http://www.crunchyroll.com/pocos-udon-world/episode-9-sardine-stock-722111"}, {"title": "Episode 10 -  The Reservoir", "url": "http://www.crunchyroll.com/pocos-udon-world/episode-10-the-reservoir-722113"}, {"title": "Episode 11 - Takamatsu Festival", "url": "http://www.crunchyroll.com/pocos-udon-world/episode-11-takamatsu-festival-722115"}, {"title": "Episode 12 - Kakeudon", "url": "http://www.crunchyroll.com/pocos-udon-world/episode-12-kakeudon-722117"}], "coverImage": {"large": "https://s3.anilist.co/media/anime/cover/medium/21631-eBU5YPYTGHPB.jpg", "medium": "https://s3.anilist.co/media/anime/cover/small/21631-eBU5YPYTGHPB.jpg"}, "bannerImage": null, "isAdult": false, "format": "TV"}, {"id": 21632, "title": {"romaji": "Baka na Imouto o Rikou ni Suru no wa Ore no XX Dake na Ken ni Tsuite", "english": null}, "type": "ANIME", "status": "FINISHED", "description": "Based on the adult game by Pita Fetish!.<br>\n<br>\nThe Mitsui family desperately wanted a girl, so when Mitsui Hana was born, her parents spoiled her very much. So when Mitsui Hana big became a very stupid person. Things to remember will forget when walking 3 steps, and he can not read the atmosphere, and also he does not understand a button that is more than 3 buttons. Mitsui Yuichi was assigned to take care of Hana's younger sister as long as her parents went abroad. And Yuichi must be able to face this cute and stupid sister.<br>\n<br>\n(Source: Nekopoi and Has Been Translated)", "startDate": {"year": 2016, "month": 4, "day": 29}, "endDate": {"year": 2016, "month": 7, "day": 29}, "season": "SPRING", "episodes": 4, "duration": 20, "genres": ["Hentai", "Romance"], "averageScore": 62, "trending": 0, "popularity": 788, "streamingEpisodes": [], "coverImage": {"large": "https://s3.anilist.co/media/anime/cover/medium/21632-WY1iQt61axRN.png", "medium": "https://s3.anilist.co/media/anime/cover/small/21632-WY1iQt61axRN.png"}, "bannerImage": "https://s3.anilist.co/media/anime/banner/21632-3pgCVYPzwWgy.jpg", "isAdult": true, "format": "OVA"}, {"id": 21633, "title": {"romaji": "Oni Chichi: Vacation", "english": null}, "type": "ANIME", "status": "FINISHED", "description": "Still continues in Oni Chichi's story, this time series Airi and her father are on vacation at his father's hometown in winter. Because the weather is too heavy snowfall makes them become trapped in a cave. At that moment, they met the stealth Tanuki that is on the mountain.<br>\n<br>\n(Source: Nekopoi and Has Been Translated and Edited)", "startDate": {"year": 2016, "month": 4, "day": 28}, "endDate": {"year": 2016, "month": 4, "day": 28}, "season": "SPRING", "episodes": 1, "duration": 31, "genres": ["Hentai"], "averageScore": 62, "trending": 0, "popularity": 604, "streamingEpisodes": [], "coverImage": {"large": "https://s3.anilist.co/media/anime/cover/medium/21633-ee9xRHWYCxdg.png", "medium": "https://s3.anilist.co/media/anime/cover/small/21633-ee9xRHWYCxdg.png"}, "bannerImage": null, "isAdult": true, "format": "OVA"}, {"id": 21634, "title": {"romaji": "Pretty x Cation The Animation", "english": null}, "type": "ANIME", "status": "FINISHED", "description": "Based on the adult game by Hibiki Works.<br>\n<br>\nSpring has come to Tokyo once again, except this year you\u2019re now living alone after your parents had to leave due to work. You\u2019re renting a room at an apartment run by your aunt, who bluntly asks you, \u201cCould it be that you\u2019re not interested in girls\u2026?\u201d Well, of course you are! It\u2019s just that you haven\u2019t had much luck finding someone. \u201cYour youth is now. Go and find your love or you will regret it later.\u201d With just that little push, you feel a little confident that it\u2019s your time to fall in love. Yes, your love will begin to bloom now\u2026<br>\n<br>\n(Source: Visual Novel Database)", "startDate": {"year": 2016, "month": 3, "day": 25}, "endDate": {"year": 2016, "month": 7, "day": 29}, "season": "SPRING", "episodes": 2, "duration": 30, "genres": ["Hentai", "Romance"], "averageScore": 62, "trending": 0, "popularity": 495, "streamingEpisodes": [], "coverImage": {"large": "https://s3.anilist.co/media/anime/cover/medium/21634-VH8gedvF488p.jpg", "medium": "https://s3.anilist.co/media/anime/cover/small/21634-VH8gedvF488p.jpg"}, "bannerImage": "https://s3.anilist.co/media/anime/banner/21634-8kvsNfBWrjmo.png", "isAdult": true, "format": "OVA"}, {"id": 21635, "title": {"romaji": "Battle Spirits: Double Drive", "english": null}, "type": "ANIME", "status": "FINISHED", "description": "Shunta Mogami loves the Battle Spirits game. One day he is transported by a light from a Battle Spirits card to Spirits World, the origin of all Battle Spirits. He meets a girl named Eto, who claims to have summoned him to Spirits World in order to prevent its destruction at the hands of the revived Evil God-King, who once plotted the destruction of Spirits World before being defeated and sealed away. Together with the confident, green-deck-wielding Yoku Albatrosa, who also came from another world, Shunta sets out to find the twelve God-Kings whose power originally sealed the Evil God-King.<br><br>\n(Source: ANN)", "startDate": {"year": 2016, "month": 4, "day": 6}, "endDate": {"year": 2017, "month": 3, "day": 29}, "season": "SPRING", "episodes": 51, "duration": 24, "genres": ["Action"], "averageScore": null, "trending": 0, "popularity": 100, "streamingEpisodes": [], "coverImage": {"large": "https://s3.anilist.co/media/anime/cover/medium/21635-WjNnSnPMSGqm.jpg", "medium": "https://s3.anilist.co/media/anime/cover/small/21635-WjNnSnPMSGqm.jpg"}, "bannerImage": null, "isAdult": false, "format": "TV"}, {"id": 21636, "title": {"romaji": "KAGEWANI: Shou", "english": "Kagewani ~II~"}, "type": "ANIME", "status": "FINISHED", "description": "Second season of \"Kagewani.\"", "startDate": {"year": 2016, "month": 4, "day": 1}, "endDate": {"year": 2016, "month": 6, "day": 24}, "season": "SPRING", "episodes": 13, "duration": 7, "genres": ["Mystery", "Supernatural"], "averageScore": 59, "trending": 0, "popularity": 1449, "streamingEpisodes": [{"title": "Episode 1 - Doba", "url": "http://www.crunchyroll.com/kagewani/episode-1-doba-686237"}, {"title": "Episode 2 - Ice Fang", "url": "http://www.crunchyroll.com/kagewani/episode-2-ice-fang-686239"}, {"title": "Episode 3 - Return", "url": "http://www.crunchyroll.com/kagewani/episode-3-return-686241"}, {"title": "Episode 4 - Double Bow", "url": "http://www.crunchyroll.com/kagewani/episode-4-double-bow-686243"}, {"title": "Episode 5 - Strange Colour", "url": "http://www.crunchyroll.com/kagewani/episode-5-strange-colour-686245"}, {"title": "Episode 6 - Deep Abyss", "url": "http://www.crunchyroll.com/kagewani/episode-6-deep-abyss-686247"}, {"title": "Episode 7 - Slashing Strike", "url": "http://www.crunchyroll.com/kagewani/episode-7-slashing-strike-686249"}, {"title": "Episode 8 - Camouflage", "url": "http://www.crunchyroll.com/kagewani/episode-8-camouflage-686251"}, {"title": "Episode 9 - Flytrap", "url": "http://www.crunchyroll.com/kagewani/episode-9-flytrap-686253"}, {"title": "Episode 10 - Shadow Crocodile", "url": "http://www.crunchyroll.com/kagewani/episode-10-shadow-crocodile-686255"}, {"title": "Episode 11 - Encounter", "url": "http://www.crunchyroll.com/kagewani/episode-11-encounter-686257"}, {"title": "Episode 12 - Pitch Black", "url": "http://www.crunchyroll.com/kagewani/episode-12-pitch-black-686259"}, {"title": "Episode 13 - His Highness Returns", "url": "http://www.crunchyroll.com/kagewani/episode-13-his-highness-returns-686261"}], "coverImage": {"large": "https://s3.anilist.co/media/anime/cover/medium/21636-9iIglokvMTu2.jpg", "medium": "https://s3.anilist.co/media/anime/cover/small/21636-9iIglokvMTu2.jpg"}, "bannerImage": null, "isAdult": false, "format": "TV_SHORT"}, {"id": 21637, "title": {"romaji": "Uchuu Patrol Luluco", "english": "Space Patrol Luluco"}, "type": "ANIME", "status": "FINISHED", "description": "The show takes place in Ogikubo, which is the name of the specially designated area in space in the Milky Way where Earthlings and aliens can live together. Luluco is a female middle school student who lives with her father, and no matter where she is, Luluco is a common, \"super normal\" girl. As she is living her normal life, one day the mysterious transfer student \u0391\u03a9 Nova abruptly appears before her. That meeting will change Luluco's fate.<br>\n<br>\n(Source: ANN)", "startDate": {"year": 2016, "month": 4, "day": 1}, "endDate": {"year": 2016, "month": 6, "day": 24}, "season": "SPRING", "episodes": 13, "duration": 8, "genres": ["Action", "Adventure", "Comedy", "Romance"], "averageScore": 74, "trending": 1, "popularity": 11992, "streamingEpisodes": [{"title": "PV", "url": "http://www.crunchyroll.com/space-patrol-luluco/space-patrol-luluco-pv-694675"}, {"title": "Episode 1 - I'm a Normal Middle School Student", "url": "http://www.crunchyroll.com/space-patrol-luluco/episode-1-im-a-normal-middle-school-student-703647"}, {"title": "Episode 2 - A New Transfer Student Arrives!", "url": "http://www.crunchyroll.com/space-patrol-luluco/episode-2-a-new-transfer-student-arrives-703649"}, {"title": "Episode 3 - Battlefield Classroom", "url": "http://www.crunchyroll.com/space-patrol-luluco/episode-3-battlefield-classroom-703651"}, {"title": "Episode 4 - Into the Sky All Alone", "url": "http://www.crunchyroll.com/space-patrol-luluco/episode-4-into-the-sky-all-alone-703653"}, {"title": "Episode 5 - What Should I Do?", "url": "http://www.crunchyroll.com/space-patrol-luluco/episode-5-what-should-i-do-703655"}, {"title": "Episode 6 - That One Part Awakens", "url": "http://www.crunchyroll.com/space-patrol-luluco/episode-6-that-one-part-awakens-703657"}, {"title": "Episode 7 - The Trap of Fate's Threads", "url": "http://www.crunchyroll.com/space-patrol-luluco/episode-7-the-trap-of-fates-threads-703659"}, {"title": "Episode 8 - The Trap of the Mystical Power", "url": "http://www.crunchyroll.com/space-patrol-luluco/episode-8-the-trap-of-the-mystical-power-703661"}, {"title": "Episode 9 - The True Trap", "url": "http://www.crunchyroll.com/space-patrol-luluco/episode-9-the-true-trap-703663"}, {"title": "Episode 10 - It's All Over", "url": "http://www.crunchyroll.com/space-patrol-luluco/episode-10-its-all-over-703665"}, {"title": "Episode 11 - I Was Clueless", "url": "http://www.crunchyroll.com/space-patrol-luluco/episode-11-i-was-clueless-703667"}, {"title": "Episode 12 - Confession", "url": "http://www.crunchyroll.com/space-patrol-luluco/episode-12-confession-703669"}, {"title": "Episode 13 - I'll Give Chase to the Ends of the Universe", "url": "http://www.crunchyroll.com/space-patrol-luluco/episode-13-ill-give-chase-to-the-ends-of-the-universe-703671"}], "coverImage": {"large": "https://s3.anilist.co/media/anime/cover/medium/21637-ffFqGltLeiqB.jpg", "medium": "https://s3.anilist.co/media/anime/cover/small/21637-ffFqGltLeiqB.jpg"}, "bannerImage": "https://s3.anilist.co/media/anime/banner/21637-9QQ3iRcjzHLP.png", "isAdult": false, "format": "TV_SHORT"}, {"id": 21638, "title": {"romaji": "Gekijouban Hibike! Euphonium: Kitauji Koukou Suisougaku-bu e Youkoso", "english": "Sound! Euphonium the Movie: Welcome to the Kitauji High School Concert Band"}, "type": "ANIME", "status": "FINISHED", "description": "The Gekij\u014d-ban Hibike! Euphonium ~ Kitauji K\u014dk\u014d Suis\u014draku-Bu e Y\u014dkoso~ film will look back at the spring 2015 television series, which depicted a high school concert band's journey to the prefectural band competition.", "startDate": {"year": 2016, "month": 4, "day": 23}, "endDate": {"year": 2016, "month": 4, "day": 23}, "season": "SPRING", "episodes": 1, "duration": 104, "genres": ["Music", "Slice of Life"], "averageScore": 70, "trending": 0, "popularity": 1699, "streamingEpisodes": [], "coverImage": {"large": "https://s3.anilist.co/media/anime/cover/medium/21638-a0UDioBgszAI.jpg", "medium": "https://s3.anilist.co/media/anime/cover/small/21638-a0UDioBgszAI.jpg"}, "bannerImage": null, "isAdult": false, "format": "MOVIE"}, {"id": 21639, "title": {"romaji": "Keijo!!!!!!!!", "english": null}, "type": "ANIME", "status": "FINISHED", "description": "Kaminashi Nozomi (17) is an exceptional gymnast. So much so that colleges with some of the best gymnastic programs are trying to recruit her. Unfortunately for them, she has other plans. Due to her family being extremely poor, money is everything to her. That's why she wants to step into the world of \"Keijo.\" \"Keijo\" is a type of gambling sport where girls stand on a small floating platform and compete against one another. The aim is to push the other contestant off of the platform into the water, but they are only allowed to use their butt or breasts to push the others off. Will Nozomi be able to compete in the intense world of \"Keijo\" and bring wealth and fortune for her family?<br>\n<br>\n(Source: MangaHelpers)", "startDate": {"year": 2016, "month": 10, "day": 6}, "endDate": {"year": 2016, "month": 12, "day": 22}, "season": "FALL", "episodes": 12, "duration": 23, "genres": ["Comedy", "Ecchi", "Sports"], "averageScore": 68, "trending": 0, "popularity": 15939, "streamingEpisodes": [{"title": "Episode 1 - Setouchi Keijo Training School!!!!", "url": "http://www.crunchyroll.com/keijo/episode-1-setouchi-keijo-training-school-721755"}, {"title": "Episode 2 - The Hip Toss Brings Us Together!!!!", "url": "http://www.crunchyroll.com/keijo/episode-2-the-hip-toss-brings-us-together-721757"}, {"title": "Episode 3 - Vacuum Butt Cannon!!!!", "url": "http://www.crunchyroll.com/keijo/episode-3-vacuum-butt-cannon-721759"}, {"title": "Episode 4 - The Battle for the Fastest Butt!!!!", "url": "http://www.crunchyroll.com/keijo/episode-4-the-battle-for-the-fastest-butt-721761"}, {"title": "Episode 5 - Full-Auto Cerberus!!!!", "url": "http://www.crunchyroll.com/keijo/episode-5-full-auto-cerberus-721763"}, {"title": "Episode 6 - Alluring Kyoto Trip!!!!", "url": "http://www.crunchyroll.com/keijo/episode-6-alluring-kyoto-trip-721765"}, {"title": "Episode 7 - Where the Turnips Lead!!!!", "url": "http://www.crunchyroll.com/keijo/episode-7-where-the-turnips-lead-721767"}, {"title": "Episode 8 - The Dramatic East-West War!!!!", "url": "http://www.crunchyroll.com/keijo/episode-8-the-dramatic-east-west-war-721769"}, {"title": "Episode 9 - Ruler of the Jungle Gym!!!!", "url": "http://www.crunchyroll.com/keijo/episode-9-ruler-of-the-jungle-gym-721771"}, {"title": "Episode 10 - The Second East-West War Race!!!!", "url": "http://www.crunchyroll.com/keijo/episode-10-the-second-east-west-war-race-721773"}, {"title": "Episode 11 - The Castle of the Final Match!!!!", "url": "http://www.crunchyroll.com/keijo/episode-11-the-castle-of-the-final-match-721775"}, {"title": "Episode 12 - The Heated Battle's Rear-End!!!!", "url": "http://www.crunchyroll.com/keijo/episode-12-the-heated-battles-rear-end-721777"}], "coverImage": {"large": "https://s3.anilist.co/media/anime/cover/medium/21639-YJi63XIGYroy.jpg", "medium": "https://s3.anilist.co/media/anime/cover/small/21639-YJi63XIGYroy.jpg"}, "bannerImage": "https://s3.anilist.co/media/anime/banner/21639-VxK2tJBxjxXn.jpg", "isAdult": false, "format": "TV"}, {"id": 21640, "title": {"romaji": "Kekkai Sensen: Ousama no Restaurant no Ousama", "english": "Blood Blockade Battlefront: King of Kings Restaurant Fit for a King"}, "type": "ANIME", "status": "FINISHED", "description": "An adaptation of a story in the 8th volume on the Kekkai Sensen manga.", "startDate": {"year": 2016, "month": 6, "day": 3}, "endDate": {"year": 2016, "month": 6, "day": 3}, "season": "SPRING", "episodes": 1, "duration": 25, "genres": ["Action", "Fantasy", "Supernatural"], "averageScore": 71, "trending": 0, "popularity": 3083, "streamingEpisodes": [], "coverImage": {"large": "https://s3.anilist.co/media/anime/cover/medium/21640-sAyPc77DhwUC.jpg", "medium": "https://s3.anilist.co/media/anime/cover/small/21640-sAyPc77DhwUC.jpg"}, "bannerImage": "https://s3.anilist.co/media/anime/banner/21640-wDBVcuWbytLQ.jpg", "isAdult": false, "format": "OVA"}, {"id": 21641, "title": {"romaji": "Ozmafia!!", "english": null}, "type": "ANIME", "status": "FINISHED", "description": "The anime will feature an original story from the game on which it is based.", "startDate": {"year": 2016, "month": 7, "day": 7}, "endDate": {"year": 2016, "month": 9, "day": 22}, "season": "SUMMER", "episodes": 12, "duration": 5, "genres": ["Comedy", "Fantasy"], "averageScore": 46, "trending": 0, "popularity": 1329, "streamingEpisodes": [{"title": "Episode 1 - Welcome to Oz Academy", "url": "http://www.crunchyroll.com/ozmafia/episode-1-welcome-to-oz-academy-715471"}, {"title": "Episode 2 - Remedy", "url": "http://www.crunchyroll.com/ozmafia/episode-2-remedy-715473"}, {"title": "Episode 3 - Remedial Club", "url": "http://www.crunchyroll.com/ozmafia/episode-3-remedial-club-715475"}, {"title": "Episode 4 - The Cafeteria", "url": "http://www.crunchyroll.com/ozmafia/episode-4-the-cafeteria-715477"}, {"title": "Episode 5 - The Letter", "url": "http://www.crunchyroll.com/ozmafia/episode-5-the-letter-715479"}, {"title": "Episode 6 - Attack", "url": "http://www.crunchyroll.com/ozmafia/episode-6-attack-715481"}, {"title": "Episode 7 - Donuts", "url": "http://www.crunchyroll.com/ozmafia/episode-7-donuts-715483"}, {"title": "Episode 8 - The Student Council President", "url": "http://www.crunchyroll.com/ozmafia/episode-8-the-student-council-president-715485"}, {"title": "Episode 9 - Field Trip", "url": "http://www.crunchyroll.com/ozmafia/episode-9-field-trip-715487"}, {"title": "Episode 10 - Hazardous Materials", "url": "http://www.crunchyroll.com/ozmafia/episode-10-hazardous-materials-715489"}, {"title": "Episode 11 - Substitute", "url": "http://www.crunchyroll.com/ozmafia/episode-11-substitute-715491"}, {"title": "Episode 12 - The Color Of Ripe Golden Grains", "url": "http://www.crunchyroll.com/ozmafia/episode-12-the-color-of-ripe-golden-grains-715493"}], "coverImage": {"large": "https://s3.anilist.co/media/anime/cover/medium/21641-mJx0SgFuW1pt.jpg", "medium": "https://s3.anilist.co/media/anime/cover/small/21641-mJx0SgFuW1pt.jpg"}, "bannerImage": null, "isAdult": false, "format": "TV_SHORT"}, {"id": 21642, "title": {"romaji": "Saki Biyori", "english": null}, "type": "ANIME", "status": "FINISHED", "description": "A single episode OVA released with the 14th volume of the Saki manga, consisting of 4-koma gags featuring characters from the first season. The two pros meet up at a family restaurant. The captains of the four teams prepare for a joint training camp. Ikeda keeps her little sisters occupied. The Tsuruga team goes on an unplanned camping trip. Ryuumonbuchi celebrate Koromo's birthday.<br><br>\n\n(Source: ANN)", "startDate": {"year": 2015, "month": 7, "day": 25}, "endDate": {"year": 2015, "month": 7, "day": 25}, "season": "SUMMER", "episodes": 1, "duration": 25, "genres": ["Slice of Life"], "averageScore": 61, "trending": 0, "popularity": 380, "streamingEpisodes": [], "coverImage": {"large": "https://s3.anilist.co/media/anime/cover/medium/21642-18II5CLSZOkF.jpg", "medium": "https://s3.anilist.co/media/anime/cover/small/21642-18II5CLSZOkF.jpg"}, "bannerImage": null, "isAdult": false, "format": "OVA"}, {"id": 21643, "title": {"romaji": "Fukigen na Mononokean", "english": "The Morose Mononokean"}, "type": "ANIME", "status": "FINISHED", "description": "Ashiya has spent the first seven days of high school stuck in the infirmary because of a youkai attaching itself to him. He ends up asking the owner of a small tea room called the \"Mononokean\" for help. This is a tale involving the very morose owner of Mononokean guiding the youkai that happened to wander into this world go to the next world.<br><br>\n\n(Source: Crunchyroll)", "startDate": {"year": 2016, "month": 6, "day": 28}, "endDate": {"year": 2016, "month": 9, "day": 20}, "season": "SUMMER", "episodes": 13, "duration": 24, "genres": ["Comedy", "Supernatural"], "averageScore": 69, "trending": 0, "popularity": 5938, "streamingEpisodes": [{"title": "Episode 1 - The Beginning", "url": "http://www.crunchyroll.com/the-morose-mononokean/episode-1-the-beginning-715085"}, {"title": "Episode 2 - The Ant", "url": "http://www.crunchyroll.com/the-morose-mononokean/episode-2-the-ant-715087"}, {"title": "Episode 3 - Zenko", "url": "http://www.crunchyroll.com/the-morose-mononokean/episode-3-zenko-715089"}, {"title": "Episode 4 - The Underworld", "url": "http://www.crunchyroll.com/the-morose-mononokean/episode-4-the-underworld-715091"}, {"title": "Episode 5 - The Legislative Lake", "url": "http://www.crunchyroll.com/the-morose-mononokean/episode-5-the-legislative-lake-715093"}, {"title": "Episode 6 - The Ring", "url": "http://www.crunchyroll.com/the-morose-mononokean/episode-6-the-ring-715095"}, {"title": "Episode 7 - The Encounter", "url": "http://www.crunchyroll.com/the-morose-mononokean/episode-7-the-encounter-715097"}, {"title": "Episode 8 - The Wait", "url": "http://www.crunchyroll.com/the-morose-mononokean/episode-8-the-wait-715099"}, {"title": "Episode 9 - The Marked Difference", "url": "http://www.crunchyroll.com/the-morose-mononokean/episode-9-the-marked-difference-715101"}, {"title": "Episode 10 - The Fool", "url": "http://www.crunchyroll.com/the-morose-mononokean/episode-10-the-fool-715103"}, {"title": "Episode 11 - The Purple Sun", "url": "http://www.crunchyroll.com/the-morose-mononokean/episode-11-the-purple-sun-715105"}, {"title": "Episode 12 - The Separation", "url": "http://www.crunchyroll.com/the-morose-mononokean/episode-12-the-separation-715107"}, {"title": "Episode 13 - The End", "url": "http://www.crunchyroll.com/the-morose-mononokean/episode-13-the-end-715109"}], "coverImage": {"large": "https://s3.anilist.co/media/anime/cover/medium/21643-jiOqz2IEQ21W.jpg", "medium": "https://s3.anilist.co/media/anime/cover/small/21643-jiOqz2IEQ21W.jpg"}, "bannerImage": null, "isAdult": false, "format": "TV"}, {"id": 21644, "title": {"romaji": "Puzzle & Dragons X", "english": null}, "type": "ANIME", "status": "FINISHED", "description": "An anime adaptation of the Nintendo 3DS game Puzzle & Dragons X.", "startDate": {"year": 2016, "month": 7, "day": 4}, "endDate": {"year": 2018, "month": 3, "day": 26}, "season": "SUMMER", "episodes": 89, "duration": 24, "genres": ["Fantasy"], "averageScore": 48, "trending": 0, "popularity": 688, "streamingEpisodes": [], "coverImage": {"large": "https://s3.anilist.co/media/anime/cover/medium/21644-Z2pVNkJSAdaL.jpg", "medium": "https://s3.anilist.co/media/anime/cover/small/21644-Z2pVNkJSAdaL.jpg"}, "bannerImage": null, "isAdult": false, "format": "TV"}]}}}