{"data": {"Page": {"pageInfo": {"total": 12298, "hasNextPage": true}, "media": [{"id": 99059, "title": {"romaji": "Inazuma Eleven: Outer Code", "english": "Inazuma Eleven: Outer Code"}, "type": "ANIME", "status": "FINISHED", "description": "A spin-off of the Inazuma Eleven soccer anime franchise featuring a alternative universe with various diferences in the basic concepts of the original plot.<br>\n<br>\n(Source: MAL)", "startDate": {"year": 2016, "month": 11, "day": 4}, "endDate": {"year": 2017, "month": 8, "day": 19}, "season": "FALL", "episodes": 6, "duration": 5, "genres": ["Action", "Sports"], "averageScore": 58, "trending": 0, "popularity": 255, "streamingEpisodes": [], "coverImage": {"large": "https://s3.anilist.co/media/anime/cover/medium/99059-aaonjCE4mVa5.jpg", "medium": "https://s3.anilist.co/media/anime/cover/small/99059-aaonjCE4mVa5.jpg"}, "bannerImage": null, "isAdult": false, "format": "ONA"}, {"id": 99083, "title": {"romaji": "Pikotarou no Lullaby Lu-llaby", "english": null}, "type": "ANIME", "status": "FINISHED", "description": "Pikotarou is inspired by an illustration drawn by director Taniguchi and tells a three-minute fairy tail ad-lib based on it. The episodes are told as \"Bedtime Stories\" that Pikotarou visits the protagonists of famous fairy tails, such as The Little Match Girl and Little Red Riding Hood. Pikotarou will voice himself and all other characters in the show.<br><br>\n\n(Source: CR)", "startDate": {"year": 2017, "month": 7, "day": 17}, "endDate": {"year": 2017, "month": 9, "day": 27}, "season": "SUMMER", "episodes": 9, "duration": 3, "genres": ["Comedy"], "averageScore": 45, "trending": 0, "popularity": 465, "streamingEpisodes": [], "coverImage": {"large": "https://s3.anilist.co/media/anime/cover/medium/nx99083-67K85boXp11g.jpg", "medium": "https://s3.anilist.co/media/anime/cover/small/nx99083-67K85boXp11g.jpg"}, "bannerImage": null, "isAdult": false, "format": "TV_SHORT"}, {"id": 99084, "title": {"romaji": "Eiga Doraemon: Nobita no Takarajima", "english": null}, "type": "ANIME", "status": "FINISHED", "description": "The story will be based on Robert Louis Stevenson's <i>Treasure Island</i> novel", "startDate": {"year": 2018, "month": 3, "day": 3}, "endDate": {"year": 2018, "month": 3, "day": 3}, "season": "WINTER", "episodes": 1, "duration": 109, "genres": ["Comedy"], "averageScore": null, "trending": 0, "popularity": 48, "streamingEpisodes": [], "coverImage": {"large": "https://s3.anilist.co/media/anime/cover/medium/99084-erp6G4cexdU9.jpg", "medium": "https://s3.anilist.co/media/anime/cover/small/99084-erp6G4cexdU9.jpg"}, "bannerImage": "https://s3.anilist.co/media/anime/banner/99084-vYGcNpdrruzX.jpg", "isAdult": false, "format": "MOVIE"}, {"id": 99085, "title": {"romaji": "Doraemon: Nobita no Nankyoku Kachi Kochi Daibouken", "english": null}, "type": "ANIME", "status": "FINISHED", "description": "Nobita and his friends find a strange frozen ring, which guides them to Antarctica in search of its owner. There, they stumble upon some ancient ruins and begin an adventure, facing the danger that the Earth may become frozen.<br><br>\n(Source: ANN)", "startDate": {"year": 2017, "month": 3, "day": 4}, "endDate": {"year": 2017, "month": 3, "day": 4}, "season": "SPRING", "episodes": 1, "duration": 101, "genres": ["Comedy"], "averageScore": null, "trending": 0, "popularity": 85, "streamingEpisodes": [], "coverImage": {"large": "https://s3.anilist.co/media/anime/cover/medium/99085-2PNdCKvd28vP.jpg", "medium": "https://s3.anilist.co/media/anime/cover/small/99085-2PNdCKvd28vP.jpg"}, "bannerImage": null, "isAdult": false, "format": "MOVIE"}, {"id": 99088, "title": {"romaji": "Pluto", "english": null}, "type": "ANIME", "status": "NOT_YET_RELEASED", "description": "In a distant future where sentient humanoid robots pass for human, someone or something is out to destroy the seven great robots of the world. Europol's top detective Gesicht is assigned to investigate these mysterious robot serial murders - the only catch is that he himself is one of the seven targets.<br>\n<br>\n(Source: Viz Media)", "startDate": {"year": null, "month": null, "day": null}, "endDate": {"year": null, "month": null, "day": null}, "season": null, "episodes": 8, "duration": null, "genres": ["Action", "Mystery", "Sci-Fi"], "averageScore": null, "trending": 0, "popularity": 225, "streamingEpisodes": [], "coverImage": {"large": "https://s3.anilist.co/media/anime/cover/medium/99088-6CotXSFWvHbP.png", "medium": "https://s3.anilist.co/media/anime/cover/small/99088-6CotXSFWvHbP.png"}, "bannerImage": null, "isAdult": false, "format": "TV"}, {"id": 99111, "title": {"romaji": "Meisou! Underworld", "english": null}, "type": "ANIME", "status": "FINISHED", "description": "Seita dies after dozing off behind the wheel and wakes up in the underworld. However, the prize that a demon extracts from him is part of his body.<br>\n<br>\n(Source: ANN)", "startDate": {"year": 2014, "month": 4, "day": 15}, "endDate": {"year": 2014, "month": 4, "day": 15}, "season": "SPRING", "episodes": 1, "duration": 2, "genres": ["Action", "Supernatural", "Thriller"], "averageScore": 49, "trending": 0, "popularity": 183, "streamingEpisodes": [], "coverImage": {"large": "https://s3.anilist.co/media/anime/cover/medium/99111-zPt7RDGSEAe0.jpg", "medium": "https://s3.anilist.co/media/anime/cover/small/99111-zPt7RDGSEAe0.jpg"}, "bannerImage": null, "isAdult": false, "format": "ONA"}, {"id": 99112, "title": {"romaji": "Chuuko Video-ya no Onna Tenin X", "english": null}, "type": "ANIME", "status": "FINISHED", "description": "The story centers on a 19-year-old female video shop clerk named Chiaki Sakata and Inari, a elementary school boy who keeps sneaking into the adult section.<br>\n<br>\n(Source: ANN)", "startDate": {"year": 2016, "month": 11, "day": 21}, "endDate": {"year": 2016, "month": 11, "day": 21}, "season": "FALL", "episodes": 1, "duration": 7, "genres": ["Comedy"], "averageScore": null, "trending": 0, "popularity": 41, "streamingEpisodes": [], "coverImage": {"large": "https://s3.anilist.co/media/anime/cover/medium/99112-uoetivSvLxWS.jpg", "medium": "https://s3.anilist.co/media/anime/cover/small/99112-uoetivSvLxWS.jpg"}, "bannerImage": null, "isAdult": false, "format": "ONA"}, {"id": 99131, "title": {"romaji": "Comic Girls", "english": null}, "type": "ANIME", "status": "FINISHED", "description": "The manga's story centers on the 15-year-old high school student and manga creator Kaoruko Moeta, who uses the pen name Chaos. After ranking at the bottom of a reader survey, Kaoruko's editor recommends that she enter an all-female dormitory for manga creators. Kaoruko's roommates are shoujo manga creator Koyume Koizuka, teen romance manga creator Ruki Irokawa, and shounen manga creator Tsubasa Katsuki. The girls support each other as they work to become better manga creators.<br><br>\n\n(Source: ANN)", "startDate": {"year": 2018, "month": 4, "day": 5}, "endDate": {"year": 2018, "month": 6, "day": 21}, "season": "SPRING", "episodes": 12, "duration": 24, "genres": ["Comedy", "Slice of Life"], "averageScore": 73, "trending": 1, "popularity": 10409, "streamingEpisodes": [{"title": "Episode 1 - I Got the Worst Results on the Survey?!", "url": "http://www.crunchyroll.com/comic-girls/episode-1-i-got-the-worst-results-on-the-survey-768621"}, {"title": "Episode 2 - Back to School", "url": "http://www.crunchyroll.com/comic-girls/episode-2-back-to-school-768623"}, {"title": "Episode 3 - Jiggle Jiggle Bounce", "url": "http://www.crunchyroll.com/comic-girls/episode-3-jiggle-jiggle-bounce-768625"}, {"title": "Episode 4 - Scuffling Wildly Rendezvous", "url": "http://www.crunchyroll.com/comic-girls/episode-4-scuffling-wildly-rendezvous-768627"}, {"title": "Episode 5 - Amisawa-san, Do You Cosplay?", "url": "http://www.crunchyroll.com/comic-girls/episode-5-amisawa-san-do-you-cosplay-768629"}, {"title": "Episode 6 - I'll Go Shave All My Hair Off", "url": "http://www.crunchyroll.com/comic-girls/episode-6-ill-go-shave-all-my-hair-off-768631"}, {"title": "Episode 7 - Is This Heaven?!", "url": "http://www.crunchyroll.com/comic-girls/episode-7-is-this-heaven-768633"}, {"title": "Episode 8 - Woof Meow Meow Woof Festival", "url": "http://www.crunchyroll.com/comic-girls/episode-8-woof-meow-meow-woof-festival-768635"}, {"title": "Episode 9 - Kaospiral", "url": "http://www.crunchyroll.com/comic-girls/episode-9-kaospiral-768637"}, {"title": "Episode 10 - It's Not Fair That Michiru Gets All The Love", "url": "http://www.crunchyroll.com/comic-girls/episode-10-its-not-fair-that-michiru-gets-all-the-love-768639"}, {"title": "Episode 11 - My Life Has Reached Its Peak", "url": "http://www.crunchyroll.com/comic-girls/episode-11-my-life-has-reached-its-peak-768641"}, {"title": "Episode 12 - Farewell, You Wonderful Manga Artists", "url": "http://www.crunchyroll.com/comic-girls/episode-12-farewell-you-wonderful-manga-artists-768643"}], "coverImage": {"large": "https://s3.anilist.co/media/anime/cover/medium/nx99131-HdAVAD5Gj8cU.jpg", "medium": "https://s3.anilist.co/media/anime/cover/small/nx99131-HdAVAD5Gj8cU.jpg"}, "bannerImage": "https://s3.anilist.co/media/anime/banner/99131-EOalO8TWT7CT.jpg", "isAdult": false, "format": "TV"}, {"id": 99147, "title": {"romaji": "Shingeki no Kyojin 3", "english": "Attack on Titan Season 3"}, "type": "ANIME", "status": "FINISHED", "description": "The third season of Shingeki no Kyojin.", "startDate": {"year": 2018, "month": 7, "day": 23}, "endDate": {"year": 2018, "month": 10, "day": 15}, "season": "SUMMER", "episodes": 12, "duration": 24, "genres": ["Action", "Drama", "Fantasy", "Mystery"], "averageScore": 83, "trending": 4, "popularity": 28352, "streamingEpisodes": [{"title": "Episode 49 - Night of the Battle to Retake the Wall", "url": "http://www.crunchyroll.com/attack-on-titan/episode-49-night-of-the-battle-to-retake-the-wall-776034"}, {"title": "Episode 48 - Bystander", "url": "http://www.crunchyroll.com/attack-on-titan/episode-48-bystander-776033"}, {"title": "Episode 47 - Friends", "url": "http://www.crunchyroll.com/attack-on-titan/episode-47-friends-776032"}, {"title": "Episode 46 - Ruler of the Walls", "url": "http://www.crunchyroll.com/attack-on-titan/episode-46-ruler-of-the-walls-776031"}, {"title": "Episode 45 - Outside the Walls of Orvud District", "url": "http://www.crunchyroll.com/attack-on-titan/episode-45-outside-the-walls-of-orvud-district-776030"}, {"title": "Episode 44 - Wish", "url": "http://www.crunchyroll.com/attack-on-titan/episode-44-wish-776029"}, {"title": "Episode 43 - Sin", "url": "http://www.crunchyroll.com/attack-on-titan/episode-43-sin-776028"}, {"title": "Episode 42 - Reply", "url": "http://www.crunchyroll.com/attack-on-titan/episode-42-reply-776027"}, {"title": "Episode 41 - Trust", "url": "http://www.crunchyroll.com/attack-on-titan/episode-41-trust-776026"}, {"title": "Episode 40 - Old Story", "url": "http://www.crunchyroll.com/attack-on-titan/episode-40-old-story-776025"}, {"title": "Episode 39 - Pain", "url": "http://www.crunchyroll.com/attack-on-titan/episode-39-pain-776024"}, {"title": "Episode 38 - Smoke Signal", "url": "http://www.crunchyroll.com/attack-on-titan/episode-38-smoke-signal-775810"}], "coverImage": {"large": "https://s3.anilist.co/media/anime/cover/medium/nx99147-tbXmbeLCtfAw.jpg", "medium": "https://s3.anilist.co/media/anime/cover/small/nx99147-tbXmbeLCtfAw.jpg"}, "bannerImage": "https://s3.anilist.co/media/anime/banner/99147-xNdTMtKzIEBq.jpg", "isAdult": false, "format": "TV"}, {"id": 99148, "title": {"romaji": "Gin no Guardian 2", "english": "The Silver Guardian 2"}, "type": "ANIME", "status": "FINISHED", "description": "The second season of Gin no Guardian.", "startDate": {"year": 2018, "month": 1, "day": 13}, "endDate": {"year": 2018, "month": 2, "day": 17}, "season": "WINTER", "episodes": 6, "duration": 24, "genres": ["Action", "Comedy", "Fantasy", "Supernatural"], "averageScore": 61, "trending": 0, "popularity": 2324, "streamingEpisodes": [{"title": "Episode 1 - Suigin Meets Riku Rei!", "url": "http://www.crunchyroll.com/the-silver-guardian/episode-1-suigin-meets-riku-rei-733275"}, {"title": "Episode 2 - Suigin Gets Closer to Riku Rei!", "url": "http://www.crunchyroll.com/the-silver-guardian/episode-2-suigin-gets-closer-to-riku-rei-733277"}, {"title": "Episode 3 - Suigin Regrets the End!", "url": "http://www.crunchyroll.com/the-silver-guardian/episode-3-suigin-regrets-the-end-733279"}, {"title": "Episode 4 - Suigin Receives a Loss!", "url": "http://www.crunchyroll.com/the-silver-guardian/episode-4-suigin-receives-a-loss-735029"}, {"title": "Episode 5 - Suigin Inherits a Legacy!", "url": "http://www.crunchyroll.com/the-silver-guardian/episode-5-suigin-inherits-a-legacy-733283"}, {"title": "Episode 6 - Suigin Pledges Himself to Riku Rei!", "url": "http://www.crunchyroll.com/the-silver-guardian/episode-6-suigin-pledges-himself-to-riku-rei-733285"}, {"title": "Episode 7 - Suigin's Chance Encounter With His Grandfather!", "url": "http://www.crunchyroll.com/the-silver-guardian/episode-7-suigins-chance-encounter-with-his-grandfather-733287"}, {"title": "Episode 8 - Suigin Becomes the Last Tomb Guardian!", "url": "http://www.crunchyroll.com/the-silver-guardian/episode-8-suigin-becomes-the-last-tomb-guardian-733289"}, {"title": "Episode 9 - Suigin Learns to Play the Grave Robbing Game!", "url": "http://www.crunchyroll.com/the-silver-guardian/episode-9-suigin-learns-to-play-the-grave-robbing-game-733291"}, {"title": "Episode 10 - Suigin Stands Once Again!", "url": "http://www.crunchyroll.com/the-silver-guardian/episode-10-suigin-stands-once-again-733293"}, {"title": "Episode 11 - Suigin Meets Takeshi!", "url": "http://www.crunchyroll.com/the-silver-guardian/episode-11-suigin-meets-takeshi-733295"}, {"title": "Episode 12 - Suigin's New Journey!", "url": "http://www.crunchyroll.com/the-silver-guardian/episode-12-suigins-new-journey-733297"}], "coverImage": {"large": "https://s3.anilist.co/media/anime/cover/medium/nx99148-S9i7FxbzZMsf.jpg", "medium": "https://s3.anilist.co/media/anime/cover/small/nx99148-S9i7FxbzZMsf.jpg"}, "bannerImage": null, "isAdult": false, "format": "TV"}, {"id": 99152, "title": {"romaji": "HAPPY PARTY TRAIN", "english": "HAPPY PARTY TRAIN"}, "type": "ANIME", "status": "FINISHED", "description": "Music video included with the third single for the Love Live! Sunshine!! anime idol group Aqours.", "startDate": {"year": 2017, "month": 4, "day": 5}, "endDate": {"year": 2017, "month": 4, "day": 5}, "season": null, "episodes": 1, "duration": 8, "genres": ["Music"], "averageScore": 67, "trending": 0, "popularity": 644, "streamingEpisodes": [], "coverImage": {"large": "https://s3.anilist.co/media/anime/cover/medium/nx99152-ojmY4sJ6G7MK.jpg", "medium": "https://s3.anilist.co/media/anime/cover/small/nx99152-ojmY4sJ6G7MK.jpg"}, "bannerImage": null, "isAdult": false, "format": "MUSIC"}, {"id": 99153, "title": {"romaji": "Koi ni Naritai Aquarium", "english": null}, "type": "ANIME", "status": "FINISHED", "description": "Music video included with the second single for the Love Live! Sunshine!! anime idol group Aqours.", "startDate": {"year": 2016, "month": 4, "day": 27}, "endDate": {"year": 2016, "month": 4, "day": 27}, "season": null, "episodes": 1, "duration": 7, "genres": ["Music"], "averageScore": 67, "trending": 0, "popularity": 628, "streamingEpisodes": [], "coverImage": {"large": "https://s3.anilist.co/media/anime/cover/medium/nx99153-Sqx8pYjaoFSn.jpg", "medium": "https://s3.anilist.co/media/anime/cover/small/nx99153-Sqx8pYjaoFSn.jpg"}, "bannerImage": "https://s3.anilist.co/media/anime/banner/99153-y8De9p8HyqUZ.jpg", "isAdult": false, "format": "MUSIC"}, {"id": 99164, "title": {"romaji": "Kimi no Kokoro wa Kagayaiteru kai?", "english": null}, "type": "ANIME", "status": "FINISHED", "description": "Music video included with the debut single for the Love Live! Sunshine!! anime idol group Aqours.", "startDate": {"year": 2015, "month": 10, "day": 7}, "endDate": {"year": 2015, "month": 10, "day": 7}, "season": null, "episodes": 1, "duration": 7, "genres": ["Music"], "averageScore": 65, "trending": 0, "popularity": 678, "streamingEpisodes": [], "coverImage": {"large": "https://s3.anilist.co/media/anime/cover/medium/nx99164-ctla4l6Wz60s.jpg", "medium": "https://s3.anilist.co/media/anime/cover/small/nx99164-ctla4l6Wz60s.jpg"}, "bannerImage": null, "isAdult": false, "format": "MUSIC"}, {"id": 99165, "title": {"romaji": "Music S.T.A.R.T!!", "english": "Music S.T.A.R.T!!"}, "type": "ANIME", "status": "FINISHED", "description": "Music video bundled with the sixth single of the anime-idol group \u03bc's.", "startDate": {"year": 2013, "month": 11, "day": 27}, "endDate": {"year": 2013, "month": 11, "day": 27}, "season": "FALL", "episodes": 1, "duration": 5, "genres": ["Music"], "averageScore": 65, "trending": 0, "popularity": 890, "streamingEpisodes": [], "coverImage": {"large": "https://s3.anilist.co/media/anime/cover/medium/nx99165-bHQECB4d9oNz.jpg", "medium": "https://s3.anilist.co/media/anime/cover/small/nx99165-bHQECB4d9oNz.jpg"}, "bannerImage": null, "isAdult": false, "format": "MUSIC"}, {"id": 99196, "title": {"romaji": "Donten ni Warau Gaiden: Shukumei, Soutou no Fuuma", "english": null}, "type": "ANIME", "status": "FINISHED", "description": "The second part in an anime film trilogy adaptation of the Donten ni Warau Gaiden (Laughing Under the Clouds - Side Story) spinoff manga.", "startDate": {"year": 2018, "month": 6, "day": 9}, "endDate": {"year": 2018, "month": 6, "day": 9}, "season": "SPRING", "episodes": 1, "duration": 60, "genres": ["Action"], "averageScore": null, "trending": 0, "popularity": 720, "streamingEpisodes": [], "coverImage": {"large": "https://s3.anilist.co/media/anime/cover/medium/nx99196-Ovstu6Hl0K0B.jpg", "medium": "https://s3.anilist.co/media/anime/cover/small/nx99196-Ovstu6Hl0K0B.jpg"}, "bannerImage": null, "isAdult": false, "format": "MOVIE"}, {"id": 99197, "title": {"romaji": "Donten ni Warau Gaiden: Ouka, Tenbou no Kakehashi", "english": null}, "type": "ANIME", "status": "FINISHED", "description": "The third part in an anime film trilogy adaptation of the Donten ni Warau Gaiden (Laughing Under the Clouds - Side Story) spinoff manga.", "startDate": {"year": 2018, "month": 9, "day": 1}, "endDate": {"year": 2018, "month": 9, "day": 1}, "season": "SUMMER", "episodes": 1, "duration": 60, "genres": ["Action"], "averageScore": null, "trending": 0, "popularity": 499, "streamingEpisodes": [], "coverImage": {"large": "https://s3.anilist.co/media/anime/cover/medium/nx99197-7wj0FlYEi1UW.jpg", "medium": "https://s3.anilist.co/media/anime/cover/small/nx99197-7wj0FlYEi1UW.jpg"}, "bannerImage": null, "isAdult": false, "format": "MOVIE"}, {"id": 99200, "title": {"romaji": "Quanzhi Fashi", "english": "Full-Time Magister"}, "type": "ANIME", "status": "FINISHED", "description": "He woke up in a familiar world that has vastly changed.\n\nHis school has become a school that teaches magic, encouraging everyone to become a mighty magician.\n\nOutside the city, many wandering magical beasts and monsters attack and prey on humans.\n\nA world of advanced science, changed into one of advanced magic. Despite this, his ambition in life, and his situation remains the same. One of the dregs of the society with a struggling father and a disabled step sister that couldn\u2019t walk.\n\nHowever, Mo Fan found when everyone can only have one major element, he can do much more!", "startDate": {"year": 2016, "month": 9, "day": 2}, "endDate": {"year": 2016, "month": 11, "day": 4}, "season": "FALL", "episodes": 12, "duration": 18, "genres": ["Action", "Fantasy"], "averageScore": 69, "trending": 0, "popularity": 2314, "streamingEpisodes": [], "coverImage": {"large": "https://s3.anilist.co/media/anime/cover/medium/99200-0FSqnLXEskck.jpg", "medium": "https://s3.anilist.co/media/anime/cover/small/99200-0FSqnLXEskck.jpg"}, "bannerImage": null, "isAdult": false, "format": "ONA"}, {"id": 99208, "title": {"romaji": "Gondora", "english": null}, "type": "ANIME", "status": "FINISHED", "description": "A short anime about a guy living in his own world.", "startDate": {"year": 1997, "month": 12, "day": 5}, "endDate": {"year": 1997, "month": 12, "day": 5}, "season": "WINTER", "episodes": 1, "duration": 1, "genres": [], "averageScore": 35, "trending": 0, "popularity": 192, "streamingEpisodes": [], "coverImage": {"large": "https://s3.anilist.co/media/anime/cover/medium/99208-qaZdTdqhSecU.jpg", "medium": "https://s3.anilist.co/media/anime/cover/small/99208-qaZdTdqhSecU.jpg"}, "bannerImage": null, "isAdult": false, "format": "MOVIE"}, {"id": 99210, "title": {"romaji": "Koro wa Yane no Ue", "english": null}, "type": "ANIME", "status": "FINISHED", "description": "A music video for the song by Taeko Oonuki that was featured on NHK's Minna no Uta program.<br>\n<br>\nA child dreams about what the neighborhood dog does.", "startDate": {"year": 1986, "month": 12, "day": null}, "endDate": {"year": 1986, "month": 12, "day": null}, "season": "WINTER", "episodes": 1, "duration": 2, "genres": ["Music"], "averageScore": null, "trending": 0, "popularity": 36, "streamingEpisodes": [], "coverImage": {"large": "https://s3.anilist.co/media/anime/cover/medium/99210-puRpIEcnTRdo.jpg", "medium": "https://s3.anilist.co/media/anime/cover/small/99210-puRpIEcnTRdo.jpg"}, "bannerImage": null, "isAdult": false, "format": "MUSIC"}, {"id": 99211, "title": {"romaji": "12-gatsu no Uta", "english": null}, "type": "ANIME", "status": "FINISHED", "description": "Short film by Tadanari Okamoto originally projected on three screens, and re-edited for domestic release many years later, set to a poem by Noriko Ibaraki of the same name.<br>\n<br>\n(Source: MAL)", "startDate": {"year": 1971, "month": null, "day": null}, "endDate": {"year": 1971, "month": null, "day": null}, "season": null, "episodes": 1, "duration": 1, "genres": [], "averageScore": null, "trending": 0, "popularity": 65, "streamingEpisodes": [], "coverImage": {"large": "https://s3.anilist.co/media/anime/cover/medium/99211-Ey4tXGQe4MJu.jpg", "medium": "https://s3.anilist.co/media/anime/cover/small/99211-Ey4tXGQe4MJu.jpg"}, "bannerImage": null, "isAdult": false, "format": "MOVIE"}, {"id": 99212, "title": {"romaji": "Home My Home", "english": null}, "type": "ANIME", "status": "FINISHED", "description": "Short animation by Tadanari Okamoto.<br>\n<br>\nWinner of the 1970 Oofuji Noburou Award.", "startDate": {"year": 1971, "month": null, "day": null}, "endDate": {"year": 1971, "month": null, "day": null}, "season": null, "episodes": 1, "duration": 3, "genres": [], "averageScore": null, "trending": 0, "popularity": 41, "streamingEpisodes": [], "coverImage": {"large": "https://s3.anilist.co/media/anime/cover/medium/99212-atvtHhCWu2Fl.jpg", "medium": "https://s3.anilist.co/media/anime/cover/small/99212-atvtHhCWu2Fl.jpg"}, "bannerImage": null, "isAdult": false, "format": "MOVIE"}, {"id": 99213, "title": {"romaji": "Baka Baka Baka na Sekai", "english": null}, "type": "ANIME", "status": "FINISHED", "description": "An absurd film by Kuri Yoji.", "startDate": {"year": 1968, "month": 10, "day": 12}, "endDate": {"year": 1968, "month": 10, "day": 12}, "season": "FALL", "episodes": 1, "duration": 5, "genres": ["Comedy"], "averageScore": 38, "trending": 0, "popularity": 162, "streamingEpisodes": [], "coverImage": {"large": "https://s3.anilist.co/media/anime/cover/medium/99213-J3isuTovDm4S.jpg", "medium": "https://s3.anilist.co/media/anime/cover/small/99213-J3isuTovDm4S.jpg"}, "bannerImage": null, "isAdult": false, "format": "MOVIE"}, {"id": 99214, "title": {"romaji": "Choujuu Giga", "english": null}, "type": "ANIME", "status": "FINISHED", "description": "Studio Ghibli animated Choujuu-Jinbutsu-Giga Emaki, the famous Japanese \"Scrolls of Cartoons of Birds, Animals, and People\" or \"Choujuu Giga\" for short, for a Marubeni Power commercial. The \"Encounter\" commercial promotes Plan G, a new electric power option that Marubeni Power is offering to homes as Japan deregulates its power industry. The plan derives its name from both \"Ghibli\" and \"green.\" It promises to support the national trust for \"Totoro's Forest,\" provide power for the Ghibli Museum, and promote conservation in general.<br>\n<br>\n(Source: ANN)", "startDate": {"year": 2016, "month": 3, "day": 14}, "endDate": {"year": 2016, "month": 11, "day": 17}, "season": "SPRING", "episodes": 3, "duration": 1, "genres": ["Romance"], "averageScore": 51, "trending": 0, "popularity": 142, "streamingEpisodes": [], "coverImage": {"large": "https://s3.anilist.co/media/anime/cover/medium/99214-F7OGw74shnKz.jpg", "medium": "https://s3.anilist.co/media/anime/cover/small/99214-F7OGw74shnKz.jpg"}, "bannerImage": null, "isAdult": false, "format": "ONA"}, {"id": 99215, "title": {"romaji": "Nisshin Seifun Group CM", "english": null}, "type": "ANIME", "status": "FINISHED", "description": "Nisshin Seifun Group commissioned 3 commercials for a mascot, Konyara, from Studio Ghibli to promote their company. The first commercial was for their 110th anniversary.<br>\n<br>\n(Source: MAL)", "startDate": {"year": 2010, "month": 3, "day": null}, "endDate": {"year": 2015, "month": 4, "day": 5}, "season": "SPRING", "episodes": 3, "duration": 1, "genres": ["Slice of Life"], "averageScore": 49, "trending": 0, "popularity": 104, "streamingEpisodes": [], "coverImage": {"large": "https://s3.anilist.co/media/anime/cover/medium/99215-YfdZdWr0klpa.jpg", "medium": "https://s3.anilist.co/media/anime/cover/small/99215-YfdZdWr0klpa.jpg"}, "bannerImage": null, "isAdult": false, "format": "SPECIAL"}, {"id": 99216, "title": {"romaji": "The Embryo Develops into a Fetus", "english": null}, "type": "ANIME", "status": "FINISHED", "description": "Line drawn animation journeying from individual cell through multiplication, growth and formation. The cycle rises and falls twice.<br>\n<br>\n(Source: Letterboxd)", "startDate": {"year": 2014, "month": 1, "day": 1}, "endDate": {"year": 2014, "month": 1, "day": 1}, "season": "WINTER", "episodes": 1, "duration": 1, "genres": [], "averageScore": 36, "trending": 0, "popularity": 190, "streamingEpisodes": [], "coverImage": {"large": "https://s3.anilist.co/media/anime/cover/medium/nx99216-9nsqOFnSptGa.jpg", "medium": "https://s3.anilist.co/media/anime/cover/small/nx99216-9nsqOFnSptGa.jpg"}, "bannerImage": null, "isAdult": false, "format": "ONA"}, {"id": 99217, "title": {"romaji": "Taiko no Tatsujin: 15 Shuunenkinen Short Animation", "english": null}, "type": "ANIME", "status": "FINISHED", "description": "Toshio Suzuki and Studio Ghibli produced the short to commemorate the 15th anniversary of the Taiko no Tatsujin (Taiko: Drum Master) rhythm game series. The short features Taiko no Tatsujin characters Don-chan and Kacchan, as well as an original mouse character. The short will also be broadcast as a TV ad later.<br>\n<br>\n(Source: ANN)", "startDate": {"year": 2015, "month": 6, "day": 25}, "endDate": {"year": 2015, "month": 6, "day": 25}, "season": "SPRING", "episodes": 1, "duration": 2, "genres": [], "averageScore": 44, "trending": 0, "popularity": 114, "streamingEpisodes": [], "coverImage": {"large": "https://s3.anilist.co/media/anime/cover/medium/99217-MaCOCNh2EZua.jpg", "medium": "https://s3.anilist.co/media/anime/cover/small/99217-MaCOCNh2EZua.jpg"}, "bannerImage": null, "isAdult": false, "format": "ONA"}, {"id": 99230, "title": {"romaji": "Rilakkuma to Kaoru-san", "english": null}, "type": "ANIME", "status": "NOT_YET_RELEASED", "description": "A short stop-motion anime celebrating the San-X character's 15th anniversary. Will premiere via Netflix in 190 countries in 2018.<br>\n<br>\nThe character's story begins when the titular Rilakkuma suddenly appears in the apartment of office worker Kaoru and begins living there, spending every day idling around. He has a zipper on his back, but the contents remain unknown. He likes food like pancakes, omelette rice, pudding, and dango. He lives together with the little white cub Korilakkuma and Kaoru's pet Kiiroitori (\"yellow bird\").<br>\n<br>\n(Source: ANN)", "startDate": {"year": 2018, "month": null, "day": null}, "endDate": {"year": null, "month": null, "day": null}, "season": null, "episodes": 13, "duration": 11, "genres": [], "averageScore": null, "trending": 0, "popularity": 92, "streamingEpisodes": [], "coverImage": {"large": "https://s3.anilist.co/media/anime/cover/medium/99230-icuWhxT0wOvl.jpg", "medium": "https://s3.anilist.co/media/anime/cover/small/99230-icuWhxT0wOvl.jpg"}, "bannerImage": null, "isAdult": false, "format": "ONA"}, {"id": 99255, "title": {"romaji": "Shokugeki no Souma: San no Sara", "english": "Food Wars! The Third Plate"}, "type": "ANIME", "status": "FINISHED", "description": "The third season of Shokugeki no Souma.", "startDate": {"year": 2017, "month": 10, "day": 4}, "endDate": {"year": 2017, "month": 12, "day": 20}, "season": "FALL", "episodes": 12, "duration": 25, "genres": ["Comedy", "Ecchi"], "averageScore": 81, "trending": 1, "popularity": 21072, "streamingEpisodes": [{"title": "Episode 1 - An Endless Wasteland", "url": "http://www.crunchyroll.com/food-wars-shokugeki-no-soma/episode-1-an-endless-wasteland-678161"}, {"title": "Episode 2 - God Tongue", "url": "http://www.crunchyroll.com/food-wars-shokugeki-no-soma/episode-2-god-tongue-678163"}, {"title": "Episode 3 - That Chef Never Smiles", "url": "http://www.crunchyroll.com/food-wars-shokugeki-no-soma/episode-3-that-chef-never-smiles-678165"}, {"title": "Episode 4 - The Madonna of the Polar Star", "url": "http://www.crunchyroll.com/food-wars-shokugeki-no-soma/episode-4-the-madonna-of-the-polar-star-678167"}, {"title": "Episode 5 - The Ice Queen and the Spring Storm", "url": "http://www.crunchyroll.com/food-wars-shokugeki-no-soma/episode-5-the-ice-queen-and-the-spring-storm-678169"}, {"title": "Episode 6 - The Meat Invader", "url": "http://www.crunchyroll.com/food-wars-shokugeki-no-soma/episode-6-the-meat-invader-678171"}, {"title": "Episode 7 - The Quiet Don the Eloquent Don", "url": "http://www.crunchyroll.com/food-wars-shokugeki-no-soma/episode-7-the-quiet-don-the-eloquent-don-678173"}, {"title": "Episode 8 - The Concerto of Inspiration and Imagination", "url": "http://www.crunchyroll.com/food-wars-shokugeki-no-soma/episode-8-the-concerto-of-inspiration-and-imagination-678175"}, {"title": "Episode 9 - The Breading to Adorn the Mountains", "url": "http://www.crunchyroll.com/food-wars-shokugeki-no-soma/episode-9-the-breading-to-adorn-the-mountains-678177"}, {"title": "Episode 10 - The Heavenly Recette", "url": "http://www.crunchyroll.com/food-wars-shokugeki-no-soma/episode-10-the-heavenly-recette-678179"}, {"title": "Episode 11 - The Magician from the East", "url": "http://www.crunchyroll.com/food-wars-shokugeki-no-soma/episode-11-the-magician-from-the-east-678181"}, {"title": "Episode 12 - The Memory of a Dish", "url": "http://www.crunchyroll.com/food-wars-shokugeki-no-soma/episode-12-the-memory-of-a-dish-678183"}, {"title": "Episode 13 - Eggs Before Dawn", "url": "http://www.crunchyroll.com/food-wars-shokugeki-no-soma/episode-13-eggs-before-dawn-678185"}, {"title": "Episode 14 - Metamorphosis", "url": "http://www.crunchyroll.com/food-wars-shokugeki-no-soma/episode-14-metamorphosis-682507"}, {"title": "Episode 15 - The Man Called the Demon", "url": "http://www.crunchyroll.com/food-wars-shokugeki-no-soma/episode-15-the-man-called-the-demon-682509"}, {"title": "Episode 16 - The Chef Who's Crossed a Thousand Leagues", "url": "http://www.crunchyroll.com/food-wars-shokugeki-no-soma/episode-16-the-chef-whos-crossed-a-thousand-leagues-682511"}, {"title": "Episode 17 - The Seductive Karaage", "url": "http://www.crunchyroll.com/food-wars-shokugeki-no-soma/episode-17-the-seductive-karaage-682513"}, {"title": "Episode 18 - The Karaage of Youth", "url": "http://www.crunchyroll.com/food-wars-shokugeki-no-soma/episode-18-the-karaage-of-youth-682515"}, {"title": "Episode 19 - The Chosen One", "url": "http://www.crunchyroll.com/food-wars-shokugeki-no-soma/episode-19-the-chosen-one-682517"}, {"title": "Episode 20 - The Dragon Lies Down and Ascends the Skies", "url": "http://www.crunchyroll.com/food-wars-shokugeki-no-soma/episode-20-the-dragon-lies-down-and-ascends-the-skies-682519"}, {"title": "Episode 21 - The Unknown Known", "url": "http://www.crunchyroll.com/food-wars-shokugeki-no-soma/episode-21-the-unknown-known-682521"}, {"title": "Episode 22 - The One Who Surpasses the Ordinary", "url": "http://www.crunchyroll.com/food-wars-shokugeki-no-soma/episode-22-the-one-who-surpasses-the-ordinary-682523"}, {"title": "Episode 23 - The Competition of the Blossoming Individuals", "url": "http://www.crunchyroll.com/food-wars-shokugeki-no-soma/episode-23-the-competition-of-the-blossoming-individuals-682525"}, {"title": "Episode 24 - The Banquet of Warriors", "url": "http://www.crunchyroll.com/food-wars-shokugeki-no-soma/episode-24-the-banquet-of-warriors-682527"}], "coverImage": {"large": "https://s3.anilist.co/media/anime/cover/medium/nx99255-heGTtj5b4owl.jpg", "medium": "https://s3.anilist.co/media/anime/cover/small/nx99255-heGTtj5b4owl.jpg"}, "bannerImage": "https://s3.anilist.co/media/anime/banner/99255-FcvNIg6FLK4o.jpg", "isAdult": false, "format": "TV"}, {"id": 99263, "title": {"romaji": "Tate no Yuusha no Nariagari", "english": "The Rising of the Shield Hero"}, "type": "ANIME", "status": "NOT_YET_RELEASED", "description": "Naofumi Iwatani, an uncharismatic Otaku who spends his days on games and manga, suddenly finds himself summoned to a parallel universe! He discovers he is one of four heroes equipped with legendary weapons and tasked with saving the world from its prophesied destruction. As the Shield Hero, the weakest of the heroes, all is not as it seems. Naofumi is soon alone, penniless, and betrayed. With no one to turn to, and nowhere to run, he is left with only his shield. Now, Naofumi must rise to become the legendary Shield Hero and save the world!<br>\n<br>\n(Source: One Peace Books)", "startDate": {"year": 2019, "month": 1, "day": null}, "endDate": {"year": null, "month": null, "day": null}, "season": "WINTER", "episodes": null, "duration": null, "genres": ["Action", "Adventure", "Comedy", "Fantasy", "Romance"], "averageScore": null, "trending": 0, "popularity": 3065, "streamingEpisodes": [], "coverImage": {"large": "https://s3.anilist.co/media/anime/cover/medium/nx99263-UxGWNbL01tsp.jpg", "medium": "https://s3.anilist.co/media/anime/cover/small/nx99263-UxGWNbL01tsp.jpg"}, "bannerImage": "https://s3.anilist.co/media/anime/banner/99263-IwkmdCTsDY1t.jpg", "isAdult": false, "format": "TV"}, {"id": 99268, "title": {"romaji": "Swamp Stamp Anime Edition", "english": null}, "type": "ANIME", "status": "FINISHED", "description": "Nishina the innocent girl who wondered what it was like to have sex. Finally he decided to try sex and release his virginity to the guy who experienced in his school that is the Hashimoto. However, a disgruntled and boring feeling, makes it to try with another man. What will happen with Nishina later?<br>\n<br>\n(Source: Nekopoi and Has Been Translated and Edited)", "startDate": {"year": 2017, "month": 7, "day": 7}, "endDate": {"year": 2017, "month": 7, "day": 7}, "season": "SUMMER", "episodes": 1, "duration": 16, "genres": ["Hentai"], "averageScore": 49, "trending": 0, "popularity": 183, "streamingEpisodes": [], "coverImage": {"large": "https://s3.anilist.co/media/anime/cover/medium/nx99268-J1v6ZKSgiAQ6.jpg", "medium": "https://s3.anilist.co/media/anime/cover/small/nx99268-J1v6ZKSgiAQ6.jpg"}, "bannerImage": null, "isAdult": true, "format": "OVA"}, {"id": 99277, "title": {"romaji": "Uchuu Senkan Yamato 2202: Ai no Senshi-tachi: Hasshin-hen", "english": "Space Battleship Yamato 2202: Warriors of Love: Departure Chapter"}, "type": "ANIME", "status": "FINISHED", "description": "Uchuu Senkan Yamato 2202 continues the story of Uchuu Senkan Yamato 2199. This is second part of seven chapters.", "startDate": {"year": 2017, "month": 6, "day": 24}, "endDate": {"year": 2017, "month": 6, "day": 24}, "season": "SPRING", "episodes": 4, "duration": 25, "genres": ["Action", "Drama", "Sci-Fi"], "averageScore": 61, "trending": 0, "popularity": 222, "streamingEpisodes": [], "coverImage": {"large": "https://s3.anilist.co/media/anime/cover/medium/99277-MaQTcgQLK7DR.jpg", "medium": "https://s3.anilist.co/media/anime/cover/small/99277-MaQTcgQLK7DR.jpg"}, "bannerImage": null, "isAdult": false, "format": "OVA"}, {"id": 99278, "title": {"romaji": "Uchuu Senkan Yamato 2202: Ai no Senshi-tachi: Junai-hen", "english": "Space Battleship Yamato 2202: Warriors of Love: True Love Chapter"}, "type": "ANIME", "status": "FINISHED", "description": "Uchuu Senkan Yamato 2202 continues the story of Uchuu Senkan Yamato 2199. This is third part of seven chapters.", "startDate": {"year": 2017, "month": 10, "day": 14}, "endDate": {"year": 2017, "month": 10, "day": 14}, "season": "FALL", "episodes": 4, "duration": 25, "genres": ["Action", "Drama", "Sci-Fi"], "averageScore": 58, "trending": 0, "popularity": 228, "streamingEpisodes": [], "coverImage": {"large": "https://s3.anilist.co/media/anime/cover/medium/nx99278-237pmYLvTRif.jpg", "medium": "https://s3.anilist.co/media/anime/cover/small/nx99278-237pmYLvTRif.jpg"}, "bannerImage": null, "isAdult": false, "format": "OVA"}, {"id": 99281, "title": {"romaji": "Black Bullet: Tenchuu\uff0aGirls", "english": null}, "type": "ANIME", "status": "FINISHED", "description": "Short special featuring 'Tenchuu Girls', a group of characters from the TV series.\nIncluded in the 4th volume of the Blu-ray/DVD releases.", "startDate": {"year": 2014, "month": 10, "day": 8}, "endDate": {"year": 2014, "month": 10, "day": 8}, "season": "FALL", "episodes": 1, "duration": 1, "genres": ["Fantasy"], "averageScore": 52, "trending": 0, "popularity": 837, "streamingEpisodes": [], "coverImage": {"large": "https://s3.anilist.co/media/anime/cover/medium/99281-IrFH50eVEo8w.jpg", "medium": "https://s3.anilist.co/media/anime/cover/small/99281-IrFH50eVEo8w.jpg"}, "bannerImage": null, "isAdult": false, "format": "SPECIAL"}, {"id": 99302, "title": {"romaji": "One Piece: Episode of East Blue - Luffy to 4-nin no Nakama no Daibouken", "english": "One Piece: Episode of East Blue"}, "type": "ANIME", "status": "FINISHED", "description": "The special will be a completely new work, featuring reanimated scenes from the beginning of the series through when the crew enters the Grand Line.<br>\n<br>\nThe special is commemorating the manga's 20th anniversary, and will also feature anime versions of the original manga's chapter cover stories as part of the special's ending credits. The staff haven't yet clarified which cover story or stories will be animated. Additionally, the anime will feature a special 20th anniversary commemoration version of the original opening theme song \"We Are!\".<br>\n<br>\n(Source: ANN)", "startDate": {"year": 2017, "month": 8, "day": 26}, "endDate": {"year": 2017, "month": 8, "day": 26}, "season": "SUMMER", "episodes": 1, "duration": 120, "genres": ["Action", "Adventure", "Drama"], "averageScore": 74, "trending": 0, "popularity": 1078, "streamingEpisodes": [], "coverImage": {"large": "https://s3.anilist.co/media/anime/cover/medium/nx99302-Bxq0Y2bc1XTV.jpg", "medium": "https://s3.anilist.co/media/anime/cover/small/nx99302-Bxq0Y2bc1XTV.jpg"}, "bannerImage": null, "isAdult": false, "format": "SPECIAL"}, {"id": 99308, "title": {"romaji": "Boku no Hero Academia 2nd Season: Hero Note", "english": "My Hero Academia Season 2: Hero Notebook"}, "type": "ANIME", "status": "FINISHED", "description": "Recap of Boku no Hero Academia that aired a week before the second season.<br>\n<br>\n(Source: MAL)", "startDate": {"year": 2017, "month": 3, "day": 25}, "endDate": {"year": 2017, "month": 3, "day": 25}, "season": "SPRING", "episodes": 1, "duration": 24, "genres": ["Action", "Comedy"], "averageScore": 70, "trending": 0, "popularity": 4451, "streamingEpisodes": [], "coverImage": {"large": "https://s3.anilist.co/media/anime/cover/medium/99308-5JLMog9NWqTa.jpg", "medium": "https://s3.anilist.co/media/anime/cover/small/99308-5JLMog9NWqTa.jpg"}, "bannerImage": null, "isAdult": false, "format": "SPECIAL"}, {"id": 99345, "title": {"romaji": "Sin: Nanatsu no Taizai - Masani Akuma no Shogyou...", "english": null}, "type": "ANIME", "status": "FINISHED", "description": "Recap of the first four episodes of Sin: Nanatsu no Taizai.<br>\n<br>\n(Source: MAL)", "startDate": {"year": 2017, "month": 5, "day": 13}, "endDate": {"year": 2017, "month": 5, "day": 13}, "season": "SPRING", "episodes": 1, "duration": 24, "genres": ["Ecchi", "Fantasy"], "averageScore": 46, "trending": 0, "popularity": 619, "streamingEpisodes": [], "coverImage": {"large": "https://s3.anilist.co/media/anime/cover/medium/99345-VRp48TRHg975.jpg", "medium": "https://s3.anilist.co/media/anime/cover/small/99345-VRp48TRHg975.jpg"}, "bannerImage": "https://s3.anilist.co/media/anime/banner/99345-45CQ4MGH9ewb.png", "isAdult": false, "format": "SPECIAL"}, {"id": 99347, "title": {"romaji": "Mayohiga no Onee-san The Animation", "english": null}, "type": "ANIME", "status": "FINISHED", "description": "Isamu suddenly stopped by Mayoiga's cafe. It turns out that he thought from the outside look different, when he entered he was greeted by Natsuki. Get the sex, love, and heaven service from the cafe. Natsuki also tells him, if he gets good grades during the exam, they will celebrate. When the day comes, another Onee-san Akiba comes along who wants to sex with him.<br>\n<br>\n(Source: Nekopoi and Has Been Translated)", "startDate": {"year": 2017, "month": 7, "day": 7}, "endDate": {"year": 2017, "month": 7, "day": 7}, "season": "SUMMER", "episodes": 1, "duration": 17, "genres": ["Hentai", "Romance"], "averageScore": 59, "trending": 0, "popularity": 307, "streamingEpisodes": [], "coverImage": {"large": "https://s3.anilist.co/media/anime/cover/medium/99347-WTLu5SsoPU97.png", "medium": "https://s3.anilist.co/media/anime/cover/small/99347-WTLu5SsoPU97.png"}, "bannerImage": "https://s3.anilist.co/media/anime/banner/99347-kk9Hm9xAPAAf.jpg", "isAdult": true, "format": "OVA"}, {"id": 99348, "title": {"romaji": "Boku Dake no Hentai Kanojo", "english": null}, "type": "ANIME", "status": "FINISHED", "description": "Based on the adult manga by Shouno Kotarou.<br>\n<br>\nMy girlfriend is the daughter of an elite who goes to the Girl School. I met him in the Library. After getting to know him, we did a dating relationship. And I know all the secrets he used to do after school. At first I thought she was dying to pee, then I was surprised because she peed in the park. But, it turns out she was always doing masturbation in the park with porn magazines.<br>\n<br>\n(Source: Nekopoi and Has Been Translated and Edited)", "startDate": {"year": 2017, "month": 8, "day": 4}, "endDate": {"year": 2017, "month": 8, "day": 4}, "season": "SUMMER", "episodes": 1, "duration": 20, "genres": ["Hentai", "Romance"], "averageScore": 52, "trending": 0, "popularity": 265, "streamingEpisodes": [], "coverImage": {"large": "https://s3.anilist.co/media/anime/cover/medium/99348-h1djEJ1SJY88.png", "medium": "https://s3.anilist.co/media/anime/cover/small/99348-h1djEJ1SJY88.png"}, "bannerImage": "https://s3.anilist.co/media/anime/banner/99348-MzscocQQCKzT.jpg", "isAdult": true, "format": "OVA"}, {"id": 99349, "title": {"romaji": "Inyouchuu Shoku: Harami Ochiru Shoujo-tachi Anime Edition", "english": null}, "type": "ANIME", "status": "RELEASING", "description": "Based on the adult manga by chaccu.<br>\n<br>\nAnother series from Inyouchuu. In the series this time, all heroine contrived pregnant and made birth child devil.<br>\n<br>\n(Source: Nekopoi and Has Been Translated)", "startDate": {"year": 2017, "month": 8, "day": 4}, "endDate": {"year": null, "month": null, "day": null}, "season": "SUMMER", "episodes": null, "duration": 20, "genres": ["Hentai", "Fantasy", "Mystery", "Horror"], "averageScore": null, "trending": 0, "popularity": 131, "streamingEpisodes": [], "coverImage": {"large": "https://s3.anilist.co/media/anime/cover/medium/99349-QNbREB0wyXPl.jpg", "medium": "https://s3.anilist.co/media/anime/cover/small/99349-QNbREB0wyXPl.jpg"}, "bannerImage": null, "isAdult": true, "format": "OVA"}, {"id": 99361, "title": {"romaji": "Sono Hanabira ni Kuchizuke wo: Risa x Miya Gekijou", "english": "A Kiss For The Petals: Risa x Miya Theater"}, "type": "ANIME", "status": "FINISHED", "description": "Short picture episodes with Risa and Miya from \"Sono Hanabira ni Kuchizuke wo\" visual novel series.<br>\n<br>\n(Source: MAL)", "startDate": {"year": 2012, "month": 11, "day": 9}, "endDate": {"year": 2012, "month": 12, "day": 28}, "season": "FALL", "episodes": 10, "duration": 10, "genres": ["Comedy", "Romance", "Slice of Life"], "averageScore": 51, "trending": 0, "popularity": 298, "streamingEpisodes": [], "coverImage": {"large": "https://s3.anilist.co/media/anime/cover/medium/99361-lLnHrfxeWHad.jpg", "medium": "https://s3.anilist.co/media/anime/cover/small/99361-lLnHrfxeWHad.jpg"}, "bannerImage": null, "isAdult": false, "format": "ONA"}, {"id": 99363, "title": {"romaji": "Natsume Yuujinchou Go Specials", "english": "Natsume Yujin-cho 5 Specials"}, "type": "ANIME", "status": "FINISHED", "description": "Two special episodes bundled in the fourth and fifth volume of the Blu-ray/DVD.<br>\n<br>\n(Source: MAL)", "startDate": {"year": 2017, "month": 3, "day": 22}, "endDate": {"year": 2017, "month": 4, "day": 26}, "season": "SPRING", "episodes": 2, "duration": 24, "genres": ["Drama", "Fantasy", "Slice of Life", "Supernatural"], "averageScore": 79, "trending": 0, "popularity": 1748, "streamingEpisodes": [], "coverImage": {"large": "https://s3.anilist.co/media/anime/cover/medium/nx99363-ehNK0qvqh6sx.jpg", "medium": "https://s3.anilist.co/media/anime/cover/small/nx99363-ehNK0qvqh6sx.jpg"}, "bannerImage": null, "isAdult": false, "format": "SPECIAL"}, {"id": 99366, "title": {"romaji": "Chio-chan no Tsuugakuro", "english": "Chio's School Road"}, "type": "ANIME", "status": "FINISHED", "description": "The \"dramatic extreme going to school comedy\" manga follows the titular female high school student Chio Miyamo, and her adventures to commute to school every day. Chio runs in to problems both big and small, such as construction, a biker gang, a sudden urge to use the bathroom, and more.<br>\n<br>\n(Source: ANN)", "startDate": {"year": 2018, "month": 7, "day": 6}, "endDate": {"year": 2018, "month": 9, "day": 21}, "season": "SUMMER", "episodes": 12, "duration": 24, "genres": ["Comedy", "Slice of Life"], "averageScore": 70, "trending": 4, "popularity": 7791, "streamingEpisodes": [{"title": "Episode 12 - Just One Masterful Method / Yuki-chan Bares It All", "url": "http://www.crunchyroll.com/chios-school-road/episode-12-just-one-masterful-method-yuki-chan-bares-it-all-774830"}, {"title": "Episode 11 - Chio in the Middle of the Night / Apocri!", "url": "http://www.crunchyroll.com/chios-school-road/episode-11-chio-in-the-middle-of-the-night-apocri-774829"}, {"title": "Episode 10 - Shinozuka-san, Sugar Content, and the Press Conference / Thousand Spring / Andou and George", "url": "http://www.crunchyroll.com/chios-school-road/episode-10-shinozuka-san-sugar-content-and-the-press-conference-thousand-spring-andou-and-george-774828"}, {"title": "Episode 9 - Chio-chan Changes Her Image / Flat Cut", "url": "http://www.crunchyroll.com/chios-school-road/episode-9-chio-chan-changes-her-image-flat-cut-774827"}, {"title": "Episode 8 - Yuki-chan Doesn't Care / Chio Fisher / Momo-chan's Story", "url": "http://www.crunchyroll.com/chios-school-road/episode-8-yuki-chan-doesnt-care-chio-fisher-momo-chans-story-774826"}, {"title": "Episode 7 - Convenience Store Chio-chan / Chio-chan and the Duel / Remnants of That Day", "url": "http://www.crunchyroll.com/chios-school-road/episode-7-convenience-store-chio-chan-chio-chan-and-the-duel-remnants-of-that-day-774825"}, {"title": "Episode 6 - Everyone's Own Path / Chio-chan Eludes", "url": "http://www.crunchyroll.com/chios-school-road/episode-6-everyones-own-path-chio-chan-eludes-774824"}, {"title": "Episode 5 - Thank You, George / Mananacchio", "url": "http://www.crunchyroll.com/chios-school-road/episode-5-thank-you-george-mananacchio-774823"}, {"title": "Episode 4 - Smoke on the Sailor / Taking the Cherry Blossom in Your Hand / Manana's School Road", "url": "http://www.crunchyroll.com/chios-school-road/episode-4-smoke-on-the-sailor-taking-the-cherry-blossom-in-your-hand-mananas-school-road-774822"}, {"title": "Episode 3 - Bloody Butterfly Effect 2 / The Kabaddic Four", "url": "http://www.crunchyroll.com/chios-school-road/episode-3-bloody-butterfly-effect-2-the-kabaddic-four-774821"}, {"title": "Episode 2 - Bloody Butterfly Effect / Manana, Ootoro, and Me / Bump of Slave", "url": "http://www.crunchyroll.com/chios-school-road/episode-2-bloody-butterfly-effect-manana-ootoro-and-me-bump-of-slave-774820"}, {"title": "Episode 1 - Because the School Is There / Chio-chan and Hosokawa-san", "url": "http://www.crunchyroll.com/chios-school-road/episode-1-because-the-school-is-there-chio-chan-and-hosokawa-san-774819"}], "coverImage": {"large": "https://s3.anilist.co/media/anime/cover/medium/nx99366-4iCYhCzpJwes.jpg", "medium": "https://s3.anilist.co/media/anime/cover/small/nx99366-4iCYhCzpJwes.jpg"}, "bannerImage": null, "isAdult": false, "format": "TV"}, {"id": 99390, "title": {"romaji": "Miira no Kaikata", "english": "How to Keep a Mummy"}, "type": "ANIME", "status": "FINISHED", "description": "When high school student Sora Kashiwagi finds himself staring down a mysterious oversized package sent to him by his self-proclaimed \"adventurer\" father, the last thing he expects is for it to be opened from the inside... by a little mummy so small it can fit in the palm of his hand! <br>\n<br>\n(Source: Crunchyroll)", "startDate": {"year": 2018, "month": 1, "day": 12}, "endDate": {"year": 2018, "month": 3, "day": 30}, "season": "WINTER", "episodes": 12, "duration": 24, "genres": ["Comedy", "Slice of Life", "Supernatural"], "averageScore": 69, "trending": 0, "popularity": 4875, "streamingEpisodes": [{"title": "Episode 1 - White, Round, Tiny, Wimpy, and Ready", "url": "http://www.crunchyroll.com/how-to-keep-a-mummy/episode-1-white-round-tiny-wimpy-and-ready-759657"}, {"title": "Episode 2 - Toyed With and Chased Around, Being Small Is Hard", "url": "http://www.crunchyroll.com/how-to-keep-a-mummy/episode-2-toyed-with-and-chased-around-being-small-is-hard-759659"}, {"title": "Episode 3 - It's Scary When Someone You Care About Gets Sick", "url": "http://www.crunchyroll.com/how-to-keep-a-mummy/episode-3-its-scary-when-someone-you-care-about-gets-sick-759661"}, {"title": "Episode 4 - You Can't Play Tag by Yourself, and It's Fun to Play With Others", "url": "http://www.crunchyroll.com/how-to-keep-a-mummy/episode-4-you-cant-play-tag-by-yourself-and-its-fun-to-play-with-others-759663"}, {"title": "Episode 5 - Go Away Kindness, Go Away Fear", "url": "http://www.crunchyroll.com/how-to-keep-a-mummy/episode-5-go-away-kindness-go-away-fear-759665"}, {"title": "Episode 6 - I can't grow all at once, so I'll grow over time", "url": "http://www.crunchyroll.com/how-to-keep-a-mummy/episode-6-i-cant-grow-all-at-once-so-ill-grow-over-time-759667"}, {"title": "Episode 7 - Scary Dreams Are Okay Because I'm Not Alone", "url": "http://www.crunchyroll.com/how-to-keep-a-mummy/episode-7-scary-dreams-are-okay-because-im-not-alone-759669"}, {"title": "Episode 8 - New Places, Strange Places, Strange Friends", "url": "http://www.crunchyroll.com/how-to-keep-a-mummy/episode-8-new-places-strange-places-strange-friends-759671"}, {"title": "Episode 9 - Kind Hands, Warm Hands", "url": "http://www.crunchyroll.com/how-to-keep-a-mummy/episode-9-kind-hands-warm-hands-759673"}, {"title": "Episode 10 - A Surprise From Afar", "url": "http://www.crunchyroll.com/how-to-keep-a-mummy/episode-10-a-surprise-from-afar-759675"}, {"title": "Episode 11 - I Want to Be With You Forever and Ever", "url": "http://www.crunchyroll.com/how-to-keep-a-mummy/episode-11-i-want-to-be-with-you-forever-and-ever-759677"}, {"title": "Episode 12 - Always Together", "url": "http://www.crunchyroll.com/how-to-keep-a-mummy/episode-12-always-together-759679"}], "coverImage": {"large": "https://s3.anilist.co/media/anime/cover/medium/99390-fBRTkPdAoKDi.jpg", "medium": "https://s3.anilist.co/media/anime/cover/small/99390-fBRTkPdAoKDi.jpg"}, "bannerImage": null, "isAdult": false, "format": "TV"}, {"id": 99391, "title": {"romaji": "Love Kome: We Love Rice 2nd Season", "english": "Love Rice 2"}, "type": "ANIME", "status": "FINISHED", "description": "The second season of Love Kome.", "startDate": {"year": 2017, "month": 10, "day": 6}, "endDate": {"year": 2017, "month": 12, "day": 22}, "season": "FALL", "episodes": 12, "duration": 4, "genres": ["Comedy"], "averageScore": 42, "trending": 0, "popularity": 369, "streamingEpisodes": [{"title": "Episode 1 - The Newest Crop of Students Is Here?", "url": "http://www.crunchyroll.com/love-rice/episode-1-the-newest-crop-of-students-is-here-734063"}, {"title": "Episode 2 - Nikomaru Can't Keep Smiling", "url": "http://www.crunchyroll.com/love-rice/episode-2-nikomaru-cant-keep-smiling-734539"}, {"title": "Episode 3 - I've Had Enough of the Usual Rice Planting", "url": "http://www.crunchyroll.com/love-rice/episode-3-ive-had-enough-of-the-usual-rice-planting-734541"}, {"title": "Episode 4 - Love at First Sight with Hitomebore", "url": "http://www.crunchyroll.com/love-rice/episode-4-love-at-first-sight-with-hitomebore-734543"}, {"title": "Episode 5 - Sasanishiki is Going Home a Hero", "url": "http://www.crunchyroll.com/love-rice/episode-5-sasanishiki-is-going-home-a-hero-734545"}, {"title": "Episode 6 - Go, Yeast King", "url": "http://www.crunchyroll.com/love-rice/episode-6-go-yeast-king-734547"}, {"title": "Episode 7 - The Sextuplets", "url": "http://www.crunchyroll.com/love-rice/episode-7-the-sextuplets-734549"}, {"title": "Episode 8 - Say Mine! Koshihikari Shines", "url": "http://www.crunchyroll.com/love-rice/episode-8-say-mine-koshihikari-shines-734551"}, {"title": "Episode 9 - Some Breads Are Just Indigestible", "url": "http://www.crunchyroll.com/love-rice/episode-9-some-breads-are-just-indigestible-734553"}, {"title": "Episode 10 - The Culprit is Koro-nee", "url": "http://www.crunchyroll.com/love-rice/episode-10-the-culprit-is-koro-nee-734555"}, {"title": "Episode 11 - Chinkobozu Finally Has His Turn", "url": "http://www.crunchyroll.com/love-rice/episode-11-chinkobozu-finally-has-his-turn-734557"}, {"title": "Episode 12 - Romantic Flight Toward Season 2", "url": "http://www.crunchyroll.com/love-rice/episode-12-romantic-flight-toward-season-2-734559"}], "coverImage": {"large": "https://s3.anilist.co/media/anime/cover/medium/99391-6fgJ6CKc3V75.jpg", "medium": "https://s3.anilist.co/media/anime/cover/small/99391-6fgJ6CKc3V75.jpg"}, "bannerImage": null, "isAdult": false, "format": "TV_SHORT"}, {"id": 99394, "title": {"romaji": "Demi-chan wa Kataritai: Demi-chan no Natsuyasumi", "english": "Interviews with Monster Girls: The Demi-chans' Summer Break"}, "type": "ANIME", "status": "FINISHED", "description": "Streamed special of Demi-chan wa Kataritai which will also be included with the DVD/BD volume 7.<br>\n<br>\n(Source: MAL)", "startDate": {"year": 2017, "month": 6, "day": 30}, "endDate": {"year": 2017, "month": 6, "day": 30}, "season": "SPRING", "episodes": 1, "duration": 24, "genres": ["Comedy", "Slice of Life", "Supernatural"], "averageScore": 74, "trending": 1, "popularity": 5711, "streamingEpisodes": [{"title": "Episode 1 - Takahashi Tetsuo Wants an Interview", "url": "http://www.crunchyroll.com/interviews-with-monster-girls/episode-1-takahashi-tetsuo-wants-an-interview-728567"}, {"title": "Episode 2 - Dullahan-chan Wants to Be Coddled", "url": "http://www.crunchyroll.com/interviews-with-monster-girls/episode-2-dullahan-chan-wants-to-be-coddled-728569"}, {"title": "Episode 3 - Succubus-san Is a Real Adult", "url": "http://www.crunchyroll.com/interviews-with-monster-girls/episode-3-succubus-san-is-a-real-adult-728571"}, {"title": "Episode 4 - Takahashi Tetsuo Wants to Protect", "url": "http://www.crunchyroll.com/interviews-with-monster-girls/episode-4-takahashi-tetsuo-wants-to-protect-728573"}, {"title": "Episode 5 - Snow Woman-chan Is Cold", "url": "http://www.crunchyroll.com/interviews-with-monster-girls/episode-5-snow-woman-chan-is-cold-728575"}, {"title": "Episode 6 - The Takanashi Sisters Are Undeniable", "url": "http://www.crunchyroll.com/interviews-with-monster-girls/episode-6-the-takanashi-sisters-are-undeniable-728577"}, {"title": "Episode 7 - Succubus-san Is Inquisitive", "url": "http://www.crunchyroll.com/interviews-with-monster-girls/episode-7-succubus-san-is-inquisitive-728579"}, {"title": "Episode 8 - Demi-chans Want to Learn", "url": "http://www.crunchyroll.com/interviews-with-monster-girls/episode-8-demi-chans-want-to-learn-728581"}, {"title": "Episode 9 - Demi-chans Want to Try", "url": "http://www.crunchyroll.com/interviews-with-monster-girls/episode-9-demi-chans-want-to-try-728583"}, {"title": "Episode 10 - The Dullahan Surpasses Space-Time", "url": "http://www.crunchyroll.com/interviews-with-monster-girls/episode-10-the-dullahan-surpasses-space-time-728585"}, {"title": "Episode 11 - Demi-chans Want to Support", "url": "http://www.crunchyroll.com/interviews-with-monster-girls/episode-11-demi-chans-want-to-support-728587"}, {"title": "Episode 12 - Demi-chans Want to Swim", "url": "http://www.crunchyroll.com/interviews-with-monster-girls/episode-12-demi-chans-want-to-swim-728589"}, {"title": "Episode 13 - The Demi-chans' Summer Break", "url": "http://www.crunchyroll.com/interviews-with-monster-girls/episode-13-the-demi-chans-summer-break-740201"}], "coverImage": {"large": "https://s3.anilist.co/media/anime/cover/medium/nx99394-0fGPUck4fnBd.jpg", "medium": "https://s3.anilist.co/media/anime/cover/small/nx99394-0fGPUck4fnBd.jpg"}, "bannerImage": null, "isAdult": false, "format": "ONA"}, {"id": 99412, "title": {"romaji": "Angolmois: Genkou Kassenki", "english": "Angolmois: Record of Mongol Invasion"}, "type": "ANIME", "status": "FINISHED", "description": "The traditional historical epic adventure centers around a samurai defending Japan against the first Mongol invasion of 1274.<br><br>\n\n(Source: ANN)", "startDate": {"year": 2018, "month": 7, "day": 11}, "endDate": {"year": 2018, "month": 9, "day": 26}, "season": "SUMMER", "episodes": 12, "duration": 24, "genres": ["Action", "Drama"], "averageScore": 66, "trending": 0, "popularity": 3586, "streamingEpisodes": [{"title": "Episode 1 - The Far End of Japan", "url": "http://www.crunchyroll.com/angolmois-record-of-mongol-invasion/episode-1-the-far-end-of-japan-775020"}, {"title": "Episode 2 - The War God of Sasu", "url": "http://www.crunchyroll.com/angolmois-record-of-mongol-invasion/episode-2-the-war-god-of-sasu-775021"}, {"title": "Episode 3 - Time To Strike", "url": "http://www.crunchyroll.com/angolmois-record-of-mongol-invasion/episode-3-time-to-strike-775022"}, {"title": "Episode 4 - Back to the Capital", "url": "http://www.crunchyroll.com/angolmois-record-of-mongol-invasion/episode-4-back-to-the-capital-775023"}, {"title": "Episode 5 - Resolve", "url": "http://www.crunchyroll.com/angolmois-record-of-mongol-invasion/episode-5-resolve-775024"}, {"title": "Episode 6 - Where Death Leads", "url": "http://www.crunchyroll.com/angolmois-record-of-mongol-invasion/episode-6-where-death-leads-775025"}, {"title": "Episode 7 - Kanatanoki", "url": "http://www.crunchyroll.com/angolmois-record-of-mongol-invasion/episode-7-kanatanoki-775026"}, {"title": "Episode 8 - Betrayer's Strike", "url": "http://www.crunchyroll.com/angolmois-record-of-mongol-invasion/episode-8-betrayers-strike-775027"}, {"title": "Episode 9 - The Battle of the Mountain Castle", "url": "http://www.crunchyroll.com/angolmois-record-of-mongol-invasion/episode-9-the-battle-of-the-mountain-castle-775028"}, {"title": "Episode 10 - Bad Omen", "url": "http://www.crunchyroll.com/angolmois-record-of-mongol-invasion/episode-10-bad-omen-775029"}, {"title": "Episode 11 - The Sun God of Tsushima", "url": "http://www.crunchyroll.com/angolmois-record-of-mongol-invasion/episode-11-the-sun-god-of-tsushima-775030"}, {"title": "Episode 12 - The Best You Can Do", "url": "http://www.crunchyroll.com/angolmois-record-of-mongol-invasion/episode-12-the-best-you-can-do-775031"}], "coverImage": {"large": "https://s3.anilist.co/media/anime/cover/medium/nx99412-RaN6ykXuwjvK.jpg", "medium": "https://s3.anilist.co/media/anime/cover/small/nx99412-RaN6ykXuwjvK.jpg"}, "bannerImage": "https://s3.anilist.co/media/anime/banner/99412-7wQiGdmBmAJu.jpg", "isAdult": false, "format": "TV"}, {"id": 99413, "title": {"romaji": "RErideD: Tokigoe no Derrida", "english": "RErideD - Derrida, who leaps through time"}, "type": "ANIME", "status": "RELEASING", "description": "The year is 2050. A young engineer named Derrida Yvain became famous thanks to his contribution to the development of the \"Autonomous Machine DZ\" at Rebuild, the manufacturing company founded by his father. One day, Derrida and his colleague Nathan discover a flaw in the DZs and try to warn their boss, but are ignored. Although Derrida and Nathan are aware of the danger, they reluctantly decide to put off taking any measures, and instead go to Nathan's daughter Mage's birthday party. The next day, after enjoying a peaceful day, Derrida and Nathan are suddenly attacked by unknown forces. At the end of the escape, Derrida falls into a cold sleep machine and 10 years later, he wakes up to a devastated world in the middle of a war. While Derrida is attacked by a group of out of control DZs, he almost gives up, but he recall's Nathan's last words.<br><br>\n\n\"Take care of Mage.\"<br><br>\n\nDespite the harsh fate that has fallen upon him, Derrida sets off to seek Mage.<br><br>\n\nBeyond the time, we reunite \u2014 this is the story of a journey for hope.<br><br>\n\n(Source: Official Website)<br><br>\n\n<i>The first four episodes were distributed exclusively on Hikari TV on September 22, 2018. TV broadcast begins on October 4, 2018.</i>", "startDate": {"year": 2018, "month": 9, "day": 22}, "endDate": {"year": null, "month": null, "day": null}, "season": "FALL", "episodes": 12, "duration": 24, "genres": ["Action", "Drama", "Sci-Fi"], "averageScore": 52, "trending": 1, "popularity": 2801, "streamingEpisodes": [{"title": "Episode 7 - The Loves of Each", "url": "http://www.crunchyroll.com/rerided-derrida-who-leaps-through-time/episode-7-the-loves-of-each-778139"}, {"title": "Episode 6 - Those Who Search, Those Who Conceal", "url": "http://www.crunchyroll.com/rerided-derrida-who-leaps-through-time/episode-6-those-who-search-those-who-conceal-777443"}, {"title": "Episode 5 - That Which Is Not Wholly Abandoned", "url": "http://www.crunchyroll.com/rerided-derrida-who-leaps-through-time/episode-5-that-which-is-not-wholly-abandoned-777442"}, {"title": "Episode 4 - The Time Leaper", "url": "http://www.crunchyroll.com/rerided-derrida-who-leaps-through-time/episode-4-the-time-leaper-777323"}, {"title": "Episode 3 - Those Who've Come Together", "url": "http://www.crunchyroll.com/rerided-derrida-who-leaps-through-time/episode-3-those-whove-come-together-777322"}, {"title": "Episode 2 - Who Is Left in the World", "url": "http://www.crunchyroll.com/rerided-derrida-who-leaps-through-time/episode-2-who-is-left-in-the-world-777321"}, {"title": "Episode 1 - The Place He Awakened", "url": "http://www.crunchyroll.com/rerided-derrida-who-leaps-through-time/episode-1-the-place-he-awakened-777320"}], "coverImage": {"large": "https://s3.anilist.co/media/anime/cover/medium/nx99413-BYd2CipzZhiA.jpg", "medium": "https://s3.anilist.co/media/anime/cover/small/nx99413-BYd2CipzZhiA.jpg"}, "bannerImage": "https://s3.anilist.co/media/anime/banner/99413-q40E2h7oGbdu.jpg", "isAdult": false, "format": "ONA"}, {"id": 99420, "title": {"romaji": "Shoujo Shuumatsu Ryokou", "english": "Girls' Last Tour"}, "type": "ANIME", "status": "FINISHED", "description": "Civilization is dead, but Chito and Yuuri are still alive. So they hop aboard their beloved Kettenkrad motorbike and aimlessly wander the ruins of the world they once knew. Day after hopeless day, they look for their next meal and fuel for their ride. But as long as the two are together, even an existence as bleak as theirs has a ray or two of sunshine in it, whether they're sucking down their fill of soup or hunting for machine parts to tinker with. For two girls in a world full of nothing, the experiences and feelings the two share give them something to live for\u2026<br>\n<br>\n(Source: Yen Press)", "startDate": {"year": 2017, "month": 10, "day": 6}, "endDate": {"year": 2017, "month": 12, "day": 22}, "season": "FALL", "episodes": 12, "duration": 24, "genres": ["Adventure", "Sci-Fi", "Slice of Life"], "averageScore": 80, "trending": 4, "popularity": 16039, "streamingEpisodes": [], "coverImage": {"large": "https://s3.anilist.co/media/anime/cover/medium/nx99420-0ZsW4GGJrsUN.jpg", "medium": "https://s3.anilist.co/media/anime/cover/small/nx99420-0ZsW4GGJrsUN.jpg"}, "bannerImage": "https://s3.anilist.co/media/anime/banner/99420-dmBZGDZxruUG.jpg", "isAdult": false, "format": "TV"}, {"id": 99423, "title": {"romaji": "Darling in the Franxx", "english": "DARLING in the FRANXX"}, "type": "ANIME", "status": "FINISHED", "description": "The distant future: Humanity established the mobile fort city, Plantation, upon the ruined wasteland. Within the city were pilot quarters, Mistilteinn, otherwise known as the \u201cBirdcage.\u201d That is where the children live... Their only mission in life was the fight. Their enemies are the mysterious giant organisms known as Kyoryu. The children operate robots known as FRANXX in order to face these still unseen enemies. Among them was a boy who was once called a child prodigy: Code number 016, Hiro. One day, a mysterious girl called Zero Two appears in front of Hiro. \u201cI\u2019ve found you, my Darling.\u201d\n<br><br>\n(Source: Crunchyroll)", "startDate": {"year": 2018, "month": 1, "day": 13}, "endDate": {"year": 2018, "month": 7, "day": 7}, "season": "WINTER", "episodes": 24, "duration": 24, "genres": ["Sci-Fi", "Mecha", "Romance", "Drama"], "averageScore": 71, "trending": 8, "popularity": 33981, "streamingEpisodes": [{"title": "Episode 22 - Stargazers", "url": "http://www.crunchyroll.com/darling-in-the-franxx/episode-22-stargazers-769617"}, {"title": "Episode 21 - For You, My Love", "url": "http://www.crunchyroll.com/darling-in-the-franxx/episode-21-for-you-my-love-769615"}, {"title": "Episode 20 - A New World", "url": "http://www.crunchyroll.com/darling-in-the-franxx/episode-20-a-new-world-769613"}, {"title": "Special II", "url": "http://www.crunchyroll.com/darling-in-the-franxx/darling-in-the-franxx-special-ii-769611"}, {"title": "Episode 19 - Inhumanity", "url": "http://www.crunchyroll.com/darling-in-the-franxx/episode-19-inhumanity-769609"}, {"title": "Episode 18 - When the Sakura Blooms", "url": "http://www.crunchyroll.com/darling-in-the-franxx/episode-18-when-the-sakura-blooms-769607"}, {"title": "Episode 17 - Eden", "url": "http://www.crunchyroll.com/darling-in-the-franxx/episode-17-eden-769605"}, {"title": "Episode 16 - Days of Our Lives", "url": "http://www.crunchyroll.com/darling-in-the-franxx/episode-16-days-of-our-lives-769603"}, {"title": "Playback Special", "url": "http://www.crunchyroll.com/darling-in-the-franxx/darling-in-the-franxx-playback-special-769601"}, {"title": "Episode 15 - Jian", "url": "http://www.crunchyroll.com/darling-in-the-franxx/episode-15-jian-769599"}, {"title": "Episode 14 - Punishment and Confession", "url": "http://www.crunchyroll.com/darling-in-the-franxx/episode-14-punishment-and-confession-769597"}, {"title": "Episode 13 - The Beast and the Prince", "url": "http://www.crunchyroll.com/darling-in-the-franxx/episode-13-the-beast-and-the-prince-759599"}, {"title": "Episode 12 - The Garden Where It All Began", "url": "http://www.crunchyroll.com/darling-in-the-franxx/episode-12-the-garden-where-it-all-began-759597"}, {"title": "Episode 11 - Partner Shuffle", "url": "http://www.crunchyroll.com/darling-in-the-franxx/episode-11-partner-shuffle-759595"}, {"title": "Episode 10 - The City of Eternity", "url": "http://www.crunchyroll.com/darling-in-the-franxx/episode-10-the-city-of-eternity-759593"}, {"title": "Episode 9 - Triangle Bomb", "url": "http://www.crunchyroll.com/darling-in-the-franxx/episode-9-triangle-bomb-759591"}, {"title": "Episode 8 - Boys x Girls", "url": "http://www.crunchyroll.com/darling-in-the-franxx/episode-8-boys-x-girls-759589"}, {"title": "Episode 7 - Shooting Star Moratorium", "url": "http://www.crunchyroll.com/darling-in-the-franxx/episode-7-shooting-star-moratorium-759587"}, {"title": "Episode 6 - DARLING in the FRANXX", "url": "http://www.crunchyroll.com/darling-in-the-franxx/episode-6-darling-in-the-franxx-759585"}, {"title": "Episode 5 - Your Thorn, My Badge", "url": "http://www.crunchyroll.com/darling-in-the-franxx/episode-5-your-thorn-my-badge-759583"}, {"title": "Episode 4 - Flap Flap", "url": "http://www.crunchyroll.com/darling-in-the-franxx/episode-4-flap-flap-759581"}, {"title": "Episode 3 - Fighting Puppet", "url": "http://www.crunchyroll.com/darling-in-the-franxx/episode-3-fighting-puppet-759579"}, {"title": "Episode 2 - What It Means to Connect", "url": "http://www.crunchyroll.com/darling-in-the-franxx/episode-2-what-it-means-to-connect-759577"}, {"title": "Episode 1 - Alone and Lonesome", "url": "http://www.crunchyroll.com/darling-in-the-franxx/episode-1-alone-and-lonesome-759575"}], "coverImage": {"large": "https://s3.anilist.co/media/anime/cover/medium/nx99423-8MBxtwCeHf8B.png", "medium": "https://s3.anilist.co/media/anime/cover/small/nx99423-8MBxtwCeHf8B.png"}, "bannerImage": "https://s3.anilist.co/media/anime/banner/99423-QuaAVbwhUWUS.png", "isAdult": false, "format": "TV"}, {"id": 99424, "title": {"romaji": "SSSS.GRIDMAN", "english": null}, "type": "ANIME", "status": "RELEASING", "description": "Collaboration with Tsuburaya Productions.<br><br>\n\nYuta Hibiki awakens with amnesia and the ability see things that others cannot. He first encounters a Gridman in the reflection of his friend Rikka Takarada's computer and it tells him to \"Remember his calling,\" but Yuta doesn't understand what this means. Later, in the distance, he sees an extremely large monster but it doesn't move. It's only when Yuta gets to school that the two sightings make sense: a monster attacks and the hero Yuta saw in the computer screen pulls him within the computer and transforms Yuta into a giant hero named Gridman.<br><br>\n\n(Source: ANN)", "startDate": {"year": 2018, "month": 10, "day": 7}, "endDate": {"year": null, "month": null, "day": null}, "season": "FALL", "episodes": 12, "duration": 25, "genres": ["Action", "Mecha", "Sci-Fi"], "averageScore": 65, "trending": 18, "popularity": 6900, "streamingEpisodes": [{"title": "Episode 2 - Restoration", "url": "http://www.crunchyroll.com/ssssgridman/episode-2-restoration-777757"}, {"title": "Episode 1 - Awakening", "url": "http://www.crunchyroll.com/ssssgridman/episode-1-awakening-777756"}], "coverImage": {"large": "https://s3.anilist.co/media/anime/cover/medium/nx99424-9bV9lbUhynar.jpg", "medium": "https://s3.anilist.co/media/anime/cover/small/nx99424-9bV9lbUhynar.jpg"}, "bannerImage": "https://s3.anilist.co/media/anime/banner/99424-gvn2cUgusu1J.jpg", "isAdult": false, "format": "TV"}]}}}