{"data": {"Page": {"pageInfo": {"total": 12297, "hasNextPage": true}, "media": [{"id": 9861, "title": {"romaji": "Anime Tenchou Movie", "english": null}, "type": "ANIME", "status": "FINISHED", "description": "A project made to celebrate the 10th anniversary of the Animate mascot character Anime Tenchou, screened at the Animate Ichioshi Bishoujo Matsuri event in Tokyo.<br><br>\n(Source: AniDB)", "startDate": {"year": 2010, "month": 11, "day": 5}, "endDate": {"year": 2010, "month": 11, "day": 5}, "season": "FALL", "episodes": 1, "duration": 2, "genres": ["Action"], "averageScore": 47, "trending": 0, "popularity": 231, "streamingEpisodes": [], "coverImage": {"large": "https://s3.anilist.co/media/anime/cover/medium/9861.jpg", "medium": "https://s3.anilist.co/media/anime/cover/small/9861.jpg"}, "bannerImage": null, "isAdult": false, "format": "MOVIE"}, {"id": 9862, "title": {"romaji": "Hana no Mahou Tsukai Mary Bell: Phoenix no Kagi", "english": null}, "type": "ANIME", "status": "FINISHED", "description": "Mary Bell, Yuri, Ken, Ribbon, and Tambourine go to Flower Land to see Toto (the Phoenix) on his birthday. ", "startDate": {"year": 1992, "month": 8, "day": 8}, "endDate": {"year": 1992, "month": 8, "day": 8}, "season": "SUMMER", "episodes": 1, "duration": 43, "genres": ["Adventure", "Fantasy"], "averageScore": null, "trending": 0, "popularity": 39, "streamingEpisodes": [], "coverImage": {"large": "https://s3.anilist.co/media/anime/cover/medium/9862.jpg", "medium": "https://s3.anilist.co/media/anime/cover/small/9862.jpg"}, "bannerImage": null, "isAdult": false, "format": "MOVIE"}, {"id": 9863, "title": {"romaji": "SKET Dance", "english": null}, "type": "ANIME", "status": "FINISHED", "description": "At Kaimei High School, the Living Assistance Club (aka the Sket Brigade) was organized to help students with problems big or small. Most of the time, though, they hang out in their club room, bored, with only a few trivial problems floating in every once in a while. In spite of this, they still throw all their energy into solving these worries. <br><br>\n(Source: Crunchyroll)", "startDate": {"year": 2011, "month": 4, "day": 7}, "endDate": {"year": 2012, "month": 9, "day": 27}, "season": "SPRING", "episodes": 77, "duration": 24, "genres": ["Comedy"], "averageScore": 78, "trending": 0, "popularity": 10203, "streamingEpisodes": [{"title": "PV", "url": "http://www.crunchyroll.com/sket-dance/sket-dance-pv-572844"}, {"title": "Episode 1 - The Academy SKETs", "url": "http://www.crunchyroll.com/sket-dance/episode-1-the-academy-skets-573222"}, {"title": "Episode 2 - Peppermint Samurai", "url": "http://www.crunchyroll.com/sket-dance/episode-2-peppermint-samurai-573224"}, {"title": "Episode 3 - The Legendary Onihime", "url": "http://www.crunchyroll.com/sket-dance/episode-3-the-legendary-onihime-573226"}, {"title": "Episode 4 - Romantic! Finding the Hilltop Pelolin!", "url": "http://www.crunchyroll.com/sket-dance/episode-4-romantic-finding-the-hilltop-pelolin-573228"}, {"title": "Episode 5 - The Ghost of the Incinerator", "url": "http://www.crunchyroll.com/sket-dance/episode-5-the-ghost-of-the-incinerator-573230"}, {"title": "Episode 6 - Even Onihime Has Tears in Her Eyes", "url": "http://www.crunchyroll.com/sket-dance/episode-6-even-onihime-has-tears-in-her-eyes-573232"}, {"title": "Episode 7 - Summer Sakura", "url": "http://www.crunchyroll.com/sket-dance/episode-7-summer-sakura-573234"}, {"title": "Episode 8 - Nervous & Genesis", "url": "http://www.crunchyroll.com/sket-dance/episode-8-nervous-genesis-573236"}, {"title": "Episode 9 - Enta'll Do It!", "url": "http://www.crunchyroll.com/sket-dance/episode-9-entall-do-it-573238"}, {"title": "Episode 10 - You mustn't watch", "url": "http://www.crunchyroll.com/sket-dance/episode-10-you-mustnt-watch-573240"}, {"title": "Episode 11 - Real-deal Bibage Battle", "url": "http://www.crunchyroll.com/sket-dance/episode-11-real-deal-bibage-battle-573242"}, {"title": "Episode 12 - Shooting Gang Star Etc...", "url": "http://www.crunchyroll.com/sket-dance/episode-12-shooting-gang-star-etc-573244"}, {"title": "Episode 13 - Pixie's Garden", "url": "http://www.crunchyroll.com/sket-dance/episode-13-pixies-garden-580424"}, {"title": "Episode 14 - Producing Uchida", "url": "http://www.crunchyroll.com/sket-dance/episode-14-producing-uchida-580426"}, {"title": "Episode 15 - Mistaken Angel the 13th", "url": "http://www.crunchyroll.com/sket-dance/episode-15-mistaken-angel-the-13th-580428"}, {"title": "Episode 16 - Kaimei Rock Festival", "url": "http://www.crunchyroll.com/sket-dance/episode-16-kaimei-rock-festival-580430"}, {"title": "Episode 17 - Sketchbook", "url": "http://www.crunchyroll.com/sket-dance/episode-17-sketchbook-580432"}, {"title": "Episode 18 - This is How a Man Plays Hyperion", "url": "http://www.crunchyroll.com/sket-dance/episode-18-this-is-how-a-man-plays-hyperion-580434"}, {"title": "Episode 19 - Panic and 100 Haircuts In the Principal's Office and Clubroom.", "url": "http://www.crunchyroll.com/sket-dance/episode-19-panic-and-100-haircuts-in-the-principals-office-and-clubroom-580436"}, {"title": "Episode 20 - Stick it in the Mixer", "url": "http://www.crunchyroll.com/sket-dance/episode-20-stick-it-in-the-mixer-580438"}, {"title": "Episode 21 - Otaku & Occult", "url": "http://www.crunchyroll.com/sket-dance/episode-21-otaku-occult-580440"}, {"title": "Episode 22 - In the Park Homerun (Revised)", "url": "http://www.crunchyroll.com/sket-dance/episode-22-in-the-park-homerun-revised-583324"}, {"title": "Episode 23 - It feels great to be a little princess!", "url": "http://www.crunchyroll.com/sket-dance/episode-23-it-feels-great-to-be-a-little-princess-583326"}, {"title": "Episode 24 - Older Brother, Younger Brother", "url": "http://www.crunchyroll.com/sket-dance/episode-24-older-brother-younger-brother-584226"}, {"title": "Episode 25 - Switch Off", "url": "http://www.crunchyroll.com/sket-dance/episode-25-switch-off-584228"}, {"title": "Episode 26 - Spirit Dance", "url": "http://www.crunchyroll.com/sket-dance/episode-26-spirit-dance-584232"}, {"title": "Episode 27 - Together With Onee-san and Bad Scientist", "url": "http://www.crunchyroll.com/sket-dance/episode-27-together-with-onee-san-and-bad-scientist-584234"}, {"title": "Episode 28 - Shinba Michiru's Elegant Cooking", "url": "http://www.crunchyroll.com/sket-dance/episode-28-shinba-michirus-elegant-cooking-584236"}, {"title": "Episode 29 - The Second Coming of the Mistaken Angel", "url": "http://www.crunchyroll.com/sket-dance/episode-29-the-second-coming-of-the-mistaken-angel-584238"}, {"title": "Episode 30 - Turn the Crank-nyora!", "url": "http://www.crunchyroll.com/sket-dance/episode-30-turn-the-crank-nyora-584242"}, {"title": "Episode 31 - Samurai and Clothes", "url": "http://www.crunchyroll.com/sket-dance/episode-31-samurai-and-clothes-584244"}, {"title": "Episode 32 - Thief Dance, Plus", "url": "http://www.crunchyroll.com/sket-dance/episode-32-thief-dance-plus-584246"}, {"title": "Episode 33 - The Glass Man", "url": "http://www.crunchyroll.com/sket-dance/episode-33-the-glass-man-585278"}, {"title": "Episode 34 - Onee-san Romantic Laboratory", "url": "http://www.crunchyroll.com/sket-dance/episode-34-onee-san-romantic-laboratory-585280"}, {"title": "Episode 35 - Quiz Warrior Enigman", "url": "http://www.crunchyroll.com/sket-dance/episode-35-quiz-warrior-enigman-585282"}, {"title": "Episode 36 - OGRESS", "url": "http://www.crunchyroll.com/sket-dance/episode-36-ogress-585284"}, {"title": "Episode 37 - Kunpuu, Pleasant Breeze", "url": "http://www.crunchyroll.com/sket-dance/episode-37-kunpuu-pleasant-breeze-585286"}, {"title": "Episode 38 - Kigurumi Break", "url": "http://www.crunchyroll.com/sket-dance/episode-38-kigurumi-break-585288"}, {"title": "Episode 39 - One Broken, Special... New Year's", "url": "http://www.crunchyroll.com/sket-dance/episode-39-one-broken-special-new-years-585290"}, {"title": "Episode 40 - Stakeout Blues", "url": "http://www.crunchyroll.com/sket-dance/episode-40-stakeout-blues-585292"}, {"title": "Episode 41 - Vs. Student Council! The Rare Man who Needlessly Fears the Battle Q!", "url": "http://www.crunchyroll.com/sket-dance/episode-41-vs-student-council-the-rare-man-who-needlessly-fears-the-battle-q-589606"}, {"title": "Episode 42 - Momoka's Sudden Road to Stage Actress", "url": "http://www.crunchyroll.com/sket-dance/episode-42-momokas-sudden-road-to-stage-actress-589608"}, {"title": "Episode 43 - Bashful Girl", "url": "http://www.crunchyroll.com/sket-dance/episode-43-bashful-girl-589610"}, {"title": "Episode 44 - Drops", "url": "http://www.crunchyroll.com/sket-dance/episode-44-drops-589612"}, {"title": "Episode 45 - Whispering Onee-san's Instruct-son", "url": "http://www.crunchyroll.com/sket-dance/episode-45-whispering-onee-sans-instruct-son-589614"}, {"title": "Episode 46 - Happy Birthday Part 1", "url": "http://www.crunchyroll.com/sket-dance/episode-46-happy-birthday-part-1-589616"}, {"title": "Episode 47 - Happy Birthday Part 2", "url": "http://www.crunchyroll.com/sket-dance/episode-47-happy-birthday-part-2-589618"}, {"title": "Episode 48 - Happy Rebirthday", "url": "http://www.crunchyroll.com/sket-dance/episode-48-happy-rebirthday-589620"}, {"title": "Episode 49 - Genesis World Grand Prix", "url": "http://www.crunchyroll.com/sket-dance/episode-49-genesis-world-grand-prix-589622"}, {"title": "Episode 50 - I'll Do Anything, Master", "url": "http://www.crunchyroll.com/sket-dance/episode-50-ill-do-anything-master-589624"}, {"title": "Episode 51 - Happy to Meet You", "url": "http://www.crunchyroll.com/sket-dance/episode-51-happy-to-meet-you-589626"}, {"title": "Episode 52 - Twin Tail Tsundere Girl", "url": "http://www.crunchyroll.com/sket-dance/episode-52-twin-tail-tsundere-girl-589628"}, {"title": "Episode 53 - A Graceful Melody for Koma-chan", "url": "http://www.crunchyroll.com/sket-dance/episode-53-a-graceful-melody-for-koma-chan-594015"}, {"title": "Episode 54 - Get the Fortune Teller!", "url": "http://www.crunchyroll.com/sket-dance/episode-54-get-the-fortune-teller-594017"}, {"title": "Episode 55 - The Man Who Was Called Laughing on the Outside, but Origami on the Inside", "url": "http://www.crunchyroll.com/sket-dance/episode-55-the-man-who-was-called-laughing-on-the-outside-but-origami-on-the-inside-594019"}, {"title": "Episode 56 - May I Come Backstage?", "url": "http://www.crunchyroll.com/sket-dance/episode-56-may-i-come-backstage-594021"}, {"title": "Episode 57 - You Got Mail", "url": "http://www.crunchyroll.com/sket-dance/episode-57-you-got-mail-594023"}, {"title": "Episode 58 - Stop! Invisible Man-kun", "url": "http://www.crunchyroll.com/sket-dance/episode-58-stop-invisible-man-kun-594025"}, {"title": "Episode 59 - Tsubaki and Daisey", "url": "http://www.crunchyroll.com/sket-dance/episode-59-tsubaki-and-daisey-594027"}, {"title": "Episode 60 - Go Forth! Everyone Concentrate and Cooperate at the Pelocan Girl Study Group", "url": "http://www.crunchyroll.com/sket-dance/episode-60-go-forth-everyone-concentrate-and-cooperate-at-the-pelocan-girl-study-group-594029"}, {"title": "Episode 61 - The Manga Girl Aims for the Wilderness and Has a Meeting", "url": "http://www.crunchyroll.com/sket-dance/episode-61-the-manga-girl-aims-for-the-wilderness-and-has-a-meeting-594041"}, {"title": "Episode 62 - Skip!", "url": "http://www.crunchyroll.com/sket-dance/episode-62-skip-594031"}, {"title": "Episode 63 - School Rhapsody, Part 1", "url": "http://www.crunchyroll.com/sket-dance/episode-63-school-rhapsody-part-1-594039"}, {"title": "Episode 64 - School Rhapsody, Part 2", "url": "http://www.crunchyroll.com/sket-dance/episode-64-school-rhapsody-part-2-594033"}, {"title": "Episode 65 - He's Interested in the Sister and the Brother's Interested in Him", "url": "http://www.crunchyroll.com/sket-dance/episode-65-hes-interested-in-the-sister-and-the-brothers-interested-in-him-594035"}, {"title": "Episode 66 - Seeking Out Tsukkomi", "url": "http://www.crunchyroll.com/sket-dance/episode-66-seeking-out-tsukkomi-594037"}, {"title": "Episode 67 - Tsubaki's Lame T-Deep Meaning", "url": "http://www.crunchyroll.com/sket-dance/episode-67-tsubakis-lame-t-deep-meaning-600999"}, {"title": "Episode 68 - Operation Love Potion", "url": "http://www.crunchyroll.com/sket-dance/episode-68-operation-love-potion-601001"}, {"title": "Episode 69 - Poop's in Heaven, So Come, Student Council", "url": "http://www.crunchyroll.com/sket-dance/episode-69-poops-in-heaven-so-come-student-council-601003"}, {"title": "Episode 70 - The Last Day of the President", "url": "http://www.crunchyroll.com/sket-dance/episode-70-the-last-day-of-the-president-601005"}, {"title": "Episode 71 - Genius Poopman Yearning", "url": "http://www.crunchyroll.com/sket-dance/episode-71-genius-poopman-yearning-601007"}, {"title": "Episode 72 - Chase Kagerous!", "url": "http://www.crunchyroll.com/sket-dance/episode-72-chase-kagerous-601009"}, {"title": "Episode 73 - The Time I Fully Came to Know Peeping", "url": "http://www.crunchyroll.com/sket-dance/episode-73-the-time-i-fully-came-to-know-peeping-601011"}, {"title": "Episode 74 - Food Fighter Home Visit!", "url": "http://www.crunchyroll.com/sket-dance/episode-74-food-fighter-home-visit-601013"}, {"title": "Episode 75 - Solitude", "url": "http://www.crunchyroll.com/sket-dance/episode-75-solitude-601015"}, {"title": "Episode 76 - To Build a Better Academy", "url": "http://www.crunchyroll.com/sket-dance/episode-76-to-build-a-better-academy-601017"}, {"title": "Episode 77 - The Academy's Helpers (After That)", "url": "http://www.crunchyroll.com/sket-dance/episode-77-the-academys-helpers-after-that-611745"}], "coverImage": {"large": "https://s3.anilist.co/media/anime/cover/medium/9863.jpg", "medium": "https://s3.anilist.co/media/anime/cover/small/9863.jpg"}, "bannerImage": "https://s3.anilist.co/media/anime/banner/9863-xcPAC9lS4mhi.jpg", "isAdult": false, "format": "TV"}, {"id": 9865, "title": {"romaji": "Hetalia Axis Powers Fan Disc", "english": "Hetalia Axis Powers Fan Disc"}, "type": "ANIME", "status": "FINISHED", "description": "This Fan Disc gathers two of the most popular episodes and re-edits them to create a single story. These episodes are \"Chibitaria\" and \"America's Storehouse Cleaning\". The unaired episode \"Ore-sama Nikki\" is also included.", "startDate": {"year": 2010, "month": 5, "day": 25}, "endDate": {"year": 2010, "month": 5, "day": 25}, "season": "SPRING", "episodes": 3, "duration": 10, "genres": ["Comedy"], "averageScore": 63, "trending": 0, "popularity": 760, "streamingEpisodes": [], "coverImage": {"large": "https://s3.anilist.co/media/anime/cover/medium/9865.jpg", "medium": "https://s3.anilist.co/media/anime/cover/small/9865.jpg"}, "bannerImage": null, "isAdult": false, "format": "OVA"}, {"id": 9866, "title": {"romaji": "Oshin", "english": null}, "type": "ANIME", "status": "FINISHED", "description": "Oshin comes from a family of poor rice farmers. Her father and brother must work in the fields and her grandmother and mother, who is expecting another child, barely have enough to eat. In order to make ends meet for her family, 7-year-old Oshin gives up school and decides to become a servant in the household of a wealthy family, where she faces trials and tribulation beyond her worst fears.<br><br>\n(Source: ANN)", "startDate": {"year": 1984, "month": 3, "day": 17}, "endDate": {"year": 1984, "month": 3, "day": 17}, "season": "SPRING", "episodes": 1, "duration": 123, "genres": ["Drama"], "averageScore": null, "trending": 0, "popularity": 54, "streamingEpisodes": [], "coverImage": {"large": "https://s3.anilist.co/media/anime/cover/medium/9866.jpg", "medium": "https://s3.anilist.co/media/anime/cover/small/9866.jpg"}, "bannerImage": null, "isAdult": false, "format": "MOVIE"}, {"id": 9868, "title": {"romaji": "Chinese Idiom Anime", "english": null}, "type": "ANIME", "status": "FINISHED", "description": "A Hong-Kong animation that teaches Chinese idioms.", "startDate": {"year": 1987, "month": null, "day": null}, "endDate": {"year": 1988, "month": null, "day": null}, "season": null, "episodes": 180, "duration": 3, "genres": [], "averageScore": null, "trending": 0, "popularity": 29, "streamingEpisodes": [], "coverImage": {"large": "https://s3.anilist.co/media/anime/cover/medium/9868.jpg", "medium": "https://s3.anilist.co/media/anime/cover/small/9868.jpg"}, "bannerImage": null, "isAdult": false, "format": "TV_SHORT"}, {"id": 9869, "title": {"romaji": "Din Dong", "english": null}, "type": "ANIME", "status": "FINISHED", "description": "A parody of Doraemon.<br><br>\nDin Dong, a common cat which pretends to be magical, accompanies his useless masters and his friends in Hong Kong.", "startDate": {"year": 2010, "month": null, "day": null}, "endDate": {"year": 2010, "month": null, "day": null}, "season": null, "episodes": 1, "duration": 60, "genres": ["Comedy"], "averageScore": null, "trending": 0, "popularity": 19, "streamingEpisodes": [], "coverImage": {"large": "https://s3.anilist.co/media/anime/cover/medium/9869.jpg", "medium": "https://s3.anilist.co/media/anime/cover/small/9869.jpg"}, "bannerImage": null, "isAdult": false, "format": "SPECIAL"}, {"id": 9874, "title": {"romaji": "Touhou Niji Sousaku Doujin Anime: Musou Kakyou", "english": null}, "type": "ANIME", "status": "RELEASING", "description": "Welcome to the fascinating world of Gensokyo, in which youkai (A term for all sorts of spiritual creatures), animals and some humans live, completely separated from our world by a magical barrier. The only gateway between the two worlds is the Hakurei shrine.<br><br>\r\nReimu Hakurei is the maiden working at said shrine. Whenever problems of supernatural causes (known as \u201cIncidents\u201d) occur, Reimu goes out with her friends to investigate, eliminate the cause and hopefully restore Gensokyo to its equilibrium.<br><br><br>", "startDate": {"year": 2008, "month": 12, "day": 29}, "endDate": {"year": null, "month": null, "day": null}, "season": "WINTER", "episodes": 4, "duration": 22, "genres": ["Fantasy"], "averageScore": 67, "trending": 0, "popularity": 2763, "streamingEpisodes": [], "coverImage": {"large": "https://s3.anilist.co/media/anime/cover/medium/9874.jpg", "medium": "https://s3.anilist.co/media/anime/cover/small/9874.jpg"}, "bannerImage": null, "isAdult": false, "format": "OVA"}, {"id": 9875, "title": {"romaji": "Anime Tenchou x Touhou Project", "english": null}, "type": "ANIME", "status": "FINISHED", "description": "A collaboration anime project of Anime Tenchou and Touhou animated by ufotable. The anime was shown at the 2010 Animate Ichioshi Bishojo Anime Matsuri.", "startDate": {"year": 2010, "month": 11, "day": 20}, "endDate": {"year": 2010, "month": 11, "day": 20}, "season": "FALL", "episodes": 1, "duration": 10, "genres": ["Fantasy"], "averageScore": 57, "trending": 0, "popularity": 1044, "streamingEpisodes": [], "coverImage": {"large": "https://s3.anilist.co/media/anime/cover/medium/9875.jpg", "medium": "https://s3.anilist.co/media/anime/cover/small/9875.jpg"}, "bannerImage": null, "isAdult": false, "format": "SPECIAL"}, {"id": 9878, "title": {"romaji": "Licca-chan to Yamaneko Hoshi no Tabi", "english": null}, "type": "ANIME", "status": "FINISHED", "description": "Based on the popular Licca doll in Japan. Licca meets a mysterious cat.", "startDate": {"year": 1997, "month": 9, "day": 12}, "endDate": {"year": 1997, "month": 9, "day": 12}, "season": "FALL", "episodes": 1, "duration": 78, "genres": ["Adventure", "Fantasy"], "averageScore": null, "trending": 0, "popularity": 40, "streamingEpisodes": [], "coverImage": {"large": "https://s3.anilist.co/media/anime/cover/medium/9878.jpg", "medium": "https://s3.anilist.co/media/anime/cover/small/9878.jpg"}, "bannerImage": null, "isAdult": false, "format": "OVA"}, {"id": 9879, "title": {"romaji": "Shougakusei no Yuukai Boushi: Yumi-chan Abunai yo!", "english": null}, "type": "ANIME", "status": "FINISHED", "description": "A video for kids shown in japanese schools to prevent against kid abduction.", "startDate": {"year": 1991, "month": 5, "day": 21}, "endDate": {"year": 1991, "month": 5, "day": 21}, "season": "SPRING", "episodes": 1, "duration": 15, "genres": [], "averageScore": null, "trending": 0, "popularity": 17, "streamingEpisodes": [], "coverImage": {"large": "https://s3.anilist.co/media/anime/cover/medium/9879.jpg", "medium": "https://s3.anilist.co/media/anime/cover/small/9879.jpg"}, "bannerImage": null, "isAdult": false, "format": "OVA"}, {"id": 9880, "title": {"romaji": "Esper Mami: Hoshizora no Dancing Doll", "english": null}, "type": "ANIME", "status": "FINISHED", "description": "Schoolgirl Mami Sakura discovers that she has superpowers. She can sense other people in trouble and teleport to help them, but she keeps her secret double-life hidden from her parents with the help of her schoolfriend, Kazuo Takahata. In this short film, Mami uses her powers to make a puppet show for deprived children. <br><br>\n(Source: Anime Encyclopedia) ", "startDate": {"year": 1988, "month": 3, "day": 12}, "endDate": {"year": 1988, "month": 3, "day": 12}, "season": "SPRING", "episodes": 1, "duration": 41, "genres": ["Fantasy"], "averageScore": null, "trending": 0, "popularity": 41, "streamingEpisodes": [], "coverImage": {"large": "https://s3.anilist.co/media/anime/cover/medium/9880.jpg", "medium": "https://s3.anilist.co/media/anime/cover/small/9880.jpg"}, "bannerImage": null, "isAdult": false, "format": "MOVIE"}, {"id": 9881, "title": {"romaji": "Chou Supercar Gattiger", "english": null}, "type": "ANIME", "status": "FINISHED", "description": "A scientist invents 5 special solar powered cars that can be joined into one supercar. The cars are given to the scientists son and his friends to compete in the racing circuit, but they are pursued by an evil organization that wants the secret of solar power. <br><br>\n(Source: AniDB)", "startDate": {"year": 1977, "month": 10, "day": 4}, "endDate": {"year": 1978, "month": 3, "day": 28}, "season": "FALL", "episodes": 25, "duration": 25, "genres": [], "averageScore": null, "trending": 0, "popularity": 31, "streamingEpisodes": [], "coverImage": {"large": "https://s3.anilist.co/media/anime/cover/medium/9881.jpg", "medium": "https://s3.anilist.co/media/anime/cover/small/9881.jpg"}, "bannerImage": null, "isAdult": false, "format": "TV"}, {"id": 9882, "title": {"romaji": "High School Mystery: Gakuen Nanafushigi", "english": null}, "type": "ANIME", "status": "FINISHED", "description": null, "startDate": {"year": 1991, "month": 4, "day": 12}, "endDate": {"year": 1992, "month": 3, "day": 13}, "season": "SPRING", "episodes": 41, "duration": 25, "genres": ["Horror", "Mystery"], "averageScore": null, "trending": 0, "popularity": 49, "streamingEpisodes": [], "coverImage": {"large": "https://s3.anilist.co/media/anime/cover/medium/9882.jpg", "medium": "https://s3.anilist.co/media/anime/cover/small/9882.jpg"}, "bannerImage": null, "isAdult": false, "format": "TV"}, {"id": 9883, "title": {"romaji": "Osomatsu-kun (1988)", "english": null}, "type": "ANIME", "status": "FINISHED", "description": "Osomatsu-kun is an anime remake of the classic gag comic with the same name by Fujio Akatsuka. The leading character is a boy named Osomatsu, who is one of sextuplets. This zany comedy features such eccentric and over-the-top characters as bucktoothed French-styled Iymi, bald boy Chibita, big-pants Dekapan, self-absorbed cutie Totoko, and many others. Together they create many topsy-turvy confusions in the town. <br><br>\n(Source: AniDB)", "startDate": {"year": 1988, "month": 2, "day": 13}, "endDate": {"year": 1989, "month": 12, "day": 30}, "season": "WINTER", "episodes": 86, "duration": 24, "genres": ["Comedy"], "averageScore": 53, "trending": 0, "popularity": 305, "streamingEpisodes": [], "coverImage": {"large": "https://s3.anilist.co/media/anime/cover/medium/9883-82gkMBKG5QWd.png", "medium": "https://s3.anilist.co/media/anime/cover/small/9883-82gkMBKG5QWd.png"}, "bannerImage": null, "isAdult": false, "format": "TV"}, {"id": 9884, "title": {"romaji": "Osomatsu-kun", "english": null}, "type": "ANIME", "status": "FINISHED", "description": "A wacky comedy about identical sextuplets causing wild pranks. Each episode features 2 stories. <br><br>\n(Source: AniDB)", "startDate": {"year": 1966, "month": 2, "day": 5}, "endDate": {"year": 1967, "month": 3, "day": 25}, "season": "WINTER", "episodes": 60, "duration": 25, "genres": ["Comedy"], "averageScore": null, "trending": 0, "popularity": 183, "streamingEpisodes": [], "coverImage": {"large": "https://s3.anilist.co/media/anime/cover/medium/9884-CGiD1zldkPwY.png", "medium": "https://s3.anilist.co/media/anime/cover/small/9884-CGiD1zldkPwY.png"}, "bannerImage": "https://s3.anilist.co/media/anime/banner/9884-R5kZqe0lcBeF.jpg", "isAdult": false, "format": "TV"}, {"id": 9885, "title": {"romaji": "Shin Bikkuriman", "english": null}, "type": "ANIME", "status": "FINISHED", "description": null, "startDate": {"year": 1989, "month": 4, "day": 9}, "endDate": {"year": 1990, "month": 8, "day": 26}, "season": "SPRING", "episodes": 72, "duration": 25, "genres": ["Comedy", "Fantasy"], "averageScore": null, "trending": 0, "popularity": 20, "streamingEpisodes": [], "coverImage": {"large": "https://s3.anilist.co/media/anime/cover/medium/9885.jpg", "medium": "https://s3.anilist.co/media/anime/cover/small/9885.jpg"}, "bannerImage": null, "isAdult": false, "format": "TV"}, {"id": 9886, "title": {"romaji": "Ganbare! Moudouken Serv", "english": null}, "type": "ANIME", "status": "FINISHED", "description": "A TV special from December 1988 about a guide dog for the blind called Serv (&#12469;&#12540;&#12502;). This dog lived in the real world, and died shortly before the anime production.<br><br>\n(Source: AniDB) ", "startDate": {"year": 1988, "month": 12, "day": 18}, "endDate": {"year": 1988, "month": 12, "day": 18}, "season": "WINTER", "episodes": 1, "duration": 27, "genres": ["Slice of Life"], "averageScore": null, "trending": 0, "popularity": 13, "streamingEpisodes": [], "coverImage": {"large": "https://s3.anilist.co/media/anime/cover/medium/9886.jpg", "medium": "https://s3.anilist.co/media/anime/cover/small/9886.jpg"}, "bannerImage": null, "isAdult": false, "format": "SPECIAL"}, {"id": 9887, "title": {"romaji": "Momoko", "english": null}, "type": "ANIME", "status": "FINISHED", "description": "Kentaro, your basic salaryman, co-habits an apartment with his old study mate Haruo. He's engaged to his boss's daughter, the selfish Reiko. While waiting on Reiko to meet up up with him he comes across the quirky Momoko, an aspiring actress who sees herself as the future Japanese Marilyn Monroe. <br>\nKentaro accidentally gets her fired from her side-job and Momoko knows a pefect way for him to make it up to her: she decides to move in with him and provide for all his and her needs. <br>\nThings get more complicated when Momoko gets a job with Kentaro's company.<br><br>\nBased on the erotic manga by Aikawa Tetsuya (&#24859;&#24029;&#21746;&#20063;).<br><br>\n(Source: ANN)", "startDate": {"year": 1990, "month": 8, "day": 5}, "endDate": {"year": 1990, "month": 9, "day": 13}, "season": "SUMMER", "episodes": 2, "duration": 40, "genres": ["Hentai", "Romance"], "averageScore": null, "trending": 0, "popularity": 62, "streamingEpisodes": [], "coverImage": {"large": "https://s3.anilist.co/media/anime/cover/medium/9887.jpg", "medium": "https://s3.anilist.co/media/anime/cover/small/9887.jpg"}, "bannerImage": null, "isAdult": true, "format": "OVA"}, {"id": 9888, "title": {"romaji": "Shinryaku! Ika Musume Specials", "english": "Squid Girl Specials"}, "type": "ANIME", "status": "FINISHED", "description": "\"Mini Ika-Musume\" side-story episodes.", "startDate": {"year": 2011, "month": 5, "day": 3}, "endDate": {"year": 2011, "month": 5, "day": 27}, "season": "SPRING", "episodes": 2, "duration": 4, "genres": ["Comedy"], "averageScore": 70, "trending": 0, "popularity": 2106, "streamingEpisodes": [], "coverImage": {"large": "https://s3.anilist.co/media/anime/cover/medium/9888.jpg", "medium": "https://s3.anilist.co/media/anime/cover/small/9888.jpg"}, "bannerImage": null, "isAdult": false, "format": "SPECIAL"}, {"id": 9890, "title": {"romaji": "Major: Message", "english": null}, "type": "ANIME", "status": "FINISHED", "description": "10 years have passed. Following an injury that put Goro's career as a pitcher into a standstill, he prepares to restart his baseball career as a fielder. His family struggles with his decisions; especially his daughter Izumi, who doesn't know enough about her father to understand why he is so absent from their lives. Goro will stop at nothing until he's in the game once again; everything is now for the sake of the only gift he has to offer his children: Baseball.", "startDate": {"year": 2010, "month": 12, "day": 17}, "endDate": {"year": 2010, "month": 12, "day": 17}, "season": "WINTER", "episodes": 1, "duration": 24, "genres": ["Comedy", "Drama", "Sports"], "averageScore": 78, "trending": 0, "popularity": 1514, "streamingEpisodes": [], "coverImage": {"large": "https://s3.anilist.co/media/anime/cover/medium/9890.jpg", "medium": "https://s3.anilist.co/media/anime/cover/small/9890.jpg"}, "bannerImage": null, "isAdult": false, "format": "OVA"}, {"id": 9893, "title": {"romaji": "Suite Precure\u266a", "english": null}, "type": "ANIME", "status": "FINISHED", "description": "Kanon Town is filled with music. Hibiki Houjou and Kanade Minamino have grown up in this town and have known each other since they were children. However, they no longer get along.<br><br>\nOne day the fairy Hummy from the land of music, Major Land, appears before them. The evil king Mephisto of Minor Land is planning to turn the legendary Melody of Happiness into the Melody of Misfortune. To prevent this from happening, Hibiki and Kanade transform themselves into Pretty Cure.<br><br>\nKanade and Hibiki have to learn to work together to collect the scattered notes of the Melody of Happiness in order to recreate the score!", "startDate": {"year": 2011, "month": 2, "day": 6}, "endDate": {"year": 2012, "month": 1, "day": 29}, "season": "WINTER", "episodes": 48, "duration": 24, "genres": ["Fantasy", "Mahou Shoujo"], "averageScore": 66, "trending": 0, "popularity": 1036, "streamingEpisodes": [], "coverImage": {"large": "https://s3.anilist.co/media/anime/cover/medium/9893.jpg", "medium": "https://s3.anilist.co/media/anime/cover/small/9893.jpg"}, "bannerImage": "https://s3.anilist.co/media/anime/banner/9893-9qY8khfEsB1V.jpg", "isAdult": false, "format": "TV"}, {"id": 9895, "title": {"romaji": "The Bathroom", "english": null}, "type": "ANIME", "status": "FINISHED", "description": "A surrealistic short from minimalist cartoonist Kuri Yoji.", "startDate": {"year": 1970, "month": null, "day": null}, "endDate": {"year": 1970, "month": null, "day": null}, "season": null, "episodes": 1, "duration": 10, "genres": ["Comedy"], "averageScore": 35, "trending": 0, "popularity": 187, "streamingEpisodes": [], "coverImage": {"large": "https://s3.anilist.co/media/anime/cover/medium/9895.jpg", "medium": "https://s3.anilist.co/media/anime/cover/small/9895.jpg"}, "bannerImage": null, "isAdult": false, "format": "MOVIE"}, {"id": 9900, "title": {"romaji": "Hamster Club", "english": null}, "type": "ANIME", "status": "FINISHED", "description": "Hamster daily life.", "startDate": {"year": 2000, "month": null, "day": null}, "endDate": {"year": 2000, "month": null, "day": null}, "season": null, "episodes": 140, "duration": 5, "genres": [], "averageScore": null, "trending": 0, "popularity": 39, "streamingEpisodes": [], "coverImage": {"large": "https://s3.anilist.co/media/anime/cover/medium/9900.jpg", "medium": "https://s3.anilist.co/media/anime/cover/small/9900.jpg"}, "bannerImage": null, "isAdult": false, "format": "TV_SHORT"}, {"id": 9902, "title": {"romaji": "Hyper ERT", "english": null}, "type": "ANIME", "status": "FINISHED", "description": "Hyper is a white dolphin who came from the future. In future, the earth has been highly polluted therefore Hyper is trying to change the history by going back to the 21 century and fight against his enemy, an octopus called \"Octopus\".", "startDate": {"year": 2008, "month": null, "day": null}, "endDate": {"year": 2008, "month": null, "day": null}, "season": null, "episodes": 20, "duration": 5, "genres": [], "averageScore": null, "trending": 0, "popularity": 14, "streamingEpisodes": [], "coverImage": {"large": "https://s3.anilist.co/media/anime/cover/medium/9902.jpg", "medium": "https://s3.anilist.co/media/anime/cover/small/9902.jpg"}, "bannerImage": null, "isAdult": false, "format": "TV_SHORT"}, {"id": 9903, "title": {"romaji": "Chi Dor Dor, Chi Dor Dor", "english": null}, "type": "ANIME", "status": "FINISHED", "description": "Chi Dor Dor is a squirrel boy, and another Chi Dor Dor, is a rabbit detective who always follows Chi Dor Dor to ensure him doing everything right. This series is used to spread the idea of anti-corruption to the kids.", "startDate": {"year": 2000, "month": null, "day": null}, "endDate": {"year": 2000, "month": null, "day": null}, "season": null, "episodes": 15, "duration": 5, "genres": [], "averageScore": null, "trending": 0, "popularity": 12, "streamingEpisodes": [], "coverImage": {"large": "https://s3.anilist.co/media/anime/cover/medium/9903.jpg", "medium": "https://s3.anilist.co/media/anime/cover/small/9903.jpg"}, "bannerImage": null, "isAdult": false, "format": "TV_SHORT"}, {"id": 9904, "title": {"romaji": "Inyouchuu Etsu: Kairaku Henka Taimaroku", "english": "The Devil's Virgins"}, "type": "ANIME", "status": "FINISHED", "description": "One day, Yamato, Mikoto and Takeru visit a village in the mountain for the training to be monster hunters. They have various hard trainings and finally become the monster hunters. But there is something wrong with Yamato's body. His body gradually changes into a monster... what is happening to his body? Who can stop it? To save Yamato, Mikoto and Takeru make every effort to do so. What is the secret to Yamato's body? What will happen to Mikoto and Takeru?<br><br>\n(Source: ErogeShop)", "startDate": {"year": 2011, "month": 1, "day": 21}, "endDate": {"year": 2011, "month": 8, "day": 19}, "season": "WINTER", "episodes": 2, "duration": 30, "genres": ["Fantasy", "Hentai", "Romance", "Supernatural"], "averageScore": 52, "trending": 0, "popularity": 269, "streamingEpisodes": [], "coverImage": {"large": "https://s3.anilist.co/media/anime/cover/medium/9904.jpg", "medium": "https://s3.anilist.co/media/anime/cover/small/9904.jpg"}, "bannerImage": null, "isAdult": true, "format": "OVA"}, {"id": 9905, "title": {"romaji": "Captain", "english": null}, "type": "ANIME", "status": "FINISHED", "description": "The original is an impressive sports manga featuring not heroes, but common boys, and the story depicts the growth of Sumiya 2 junior high school baseball team (the successive captains and players) in downtown Tokyo. Takao Taniguchi, who was a substitute player of the second team of Aoba Gakuin, a prestigious junior high school in the baseball world, but he transferred to Sumiya 2 and he became the captain of the baseball club. After steady training, the team try to do a final game in the regional preliminaries, against Aoba Gakuin.", "startDate": {"year": 1983, "month": 1, "day": 10}, "endDate": {"year": 1983, "month": 7, "day": 4}, "season": "WINTER", "episodes": 26, "duration": 25, "genres": ["Sports"], "averageScore": null, "trending": 0, "popularity": 46, "streamingEpisodes": [], "coverImage": {"large": "https://s3.anilist.co/media/anime/cover/medium/9905.jpg", "medium": "https://s3.anilist.co/media/anime/cover/small/9905.jpg"}, "bannerImage": null, "isAdult": false, "format": "TV"}, {"id": 9906, "title": {"romaji": "Sue Cat", "english": null}, "type": "ANIME", "status": "FINISHED", "description": "After an accident, the amnesiac Sue was taken in to live with Torao's family. She always had the urge to become a singer, but didn't know why. As it turns out, Sue is actually part of a band formed with her two twin sisters. But Sue's climb to the top of the charts is a long and hard way.<br><br>\n(Source: AniDB)", "startDate": {"year": 1980, "month": 6, "day": 4}, "endDate": {"year": 1980, "month": 12, "day": 28}, "season": "SUMMER", "episodes": 40, "duration": 13, "genres": ["Adventure", "Music"], "averageScore": null, "trending": 0, "popularity": 24, "streamingEpisodes": [], "coverImage": {"large": "https://s3.anilist.co/media/anime/cover/medium/9906.jpg", "medium": "https://s3.anilist.co/media/anime/cover/small/9906.jpg"}, "bannerImage": null, "isAdult": false, "format": "TV_SHORT"}, {"id": 9907, "title": {"romaji": "Bokura no Live Kimi to no Life", "english": null}, "type": "ANIME", "status": "FINISHED", "description": "Love Live! School idol project. DVD bundled with the debut CD single of the fan-voted idol project.<br><br>\n(Source: AniDB)", "startDate": {"year": 2010, "month": 8, "day": 13}, "endDate": {"year": 2010, "month": 8, "day": 13}, "season": "SUMMER", "episodes": 1, "duration": 6, "genres": ["Music"], "averageScore": 65, "trending": 0, "popularity": 1840, "streamingEpisodes": [], "coverImage": {"large": "https://s3.anilist.co/media/anime/cover/medium/9907.jpg", "medium": "https://s3.anilist.co/media/anime/cover/small/9907.jpg"}, "bannerImage": null, "isAdult": false, "format": "MUSIC"}, {"id": 9910, "title": {"romaji": "Shokichi Monogatari", "english": null}, "type": "ANIME", "status": "FINISHED", "description": "A music video created by married artist unit Uruma Delvi about a stray dog named Shokichi.", "startDate": {"year": 2009, "month": 11, "day": 11}, "endDate": {"year": 2009, "month": 11, "day": 11}, "season": null, "episodes": 1, "duration": 5, "genres": ["Music"], "averageScore": null, "trending": 0, "popularity": 30, "streamingEpisodes": [], "coverImage": {"large": "https://s3.anilist.co/media/anime/cover/medium/9910.jpg", "medium": "https://s3.anilist.co/media/anime/cover/small/9910.jpg"}, "bannerImage": null, "isAdult": false, "format": "MUSIC"}, {"id": 9911, "title": {"romaji": "Houkago no Pleiades (ONA)", "english": "Wish Upon the Pleiades"}, "type": "ANIME", "status": "FINISHED", "description": "Subaru is a young girl who discovers that her best friend Aoi is part of magical group trying to gather engine fragments so that a little being from Pleiades can return to his home. Subaru considers joining them as she was chosen by the Pleiadian, president of this afterschool club.<br><br>\r\nA collaboration between Gainax and the car maker Subaru.<br><br>\r\n(Source: ANN)", "startDate": {"year": 2011, "month": 2, "day": 1}, "endDate": {"year": 2011, "month": 2, "day": 1}, "season": null, "episodes": 4, "duration": 7, "genres": [], "averageScore": 57, "trending": 0, "popularity": 1997, "streamingEpisodes": [], "coverImage": {"large": "https://s3.anilist.co/media/anime/cover/medium/9911.jpg", "medium": "https://s3.anilist.co/media/anime/cover/small/9911.jpg"}, "bannerImage": null, "isAdult": false, "format": "ONA"}, {"id": 9916, "title": {"romaji": "Samurai Giants", "english": null}, "type": "ANIME", "status": "FINISHED", "description": "Ban Banjou is an insolent wild boy who was raised on the rough sea in Tosa, southern Japan. He joined the Tokyo Yomiuri Giants in Japanese pro baseball league such a baseball pitcher noted for the blazing fastball and the worst control. He fights hard battles against his rival batters, developing his incredible pitching magics.", "startDate": {"year": 1973, "month": 10, "day": 7}, "endDate": {"year": 1974, "month": 9, "day": 15}, "season": "FALL", "episodes": 46, "duration": 25, "genres": ["Sports"], "averageScore": null, "trending": 0, "popularity": 81, "streamingEpisodes": [], "coverImage": {"large": "https://s3.anilist.co/media/anime/cover/medium/9916.jpg", "medium": "https://s3.anilist.co/media/anime/cover/small/9916.jpg"}, "bannerImage": null, "isAdult": false, "format": "TV"}, {"id": 9917, "title": {"romaji": "Pokemon Best Wishes!: Victini to Kuroki Eiyuu Zekrom", "english": "Pokemon the Movie: White - Victini and Zekrom"}, "type": "ANIME", "status": "FINISHED", "description": "One of the two Pokemon Best Wishes movies that will premiere simultaneously on July 16th. The two titles are:<br><br>\nPokemon Best Wishes! the Movie: Victini to Kuroki Eiyuu Zekrom<br>\nPokemon Best Wishes! the Movie: Victini to Shiroki Eiyuu Reshiram<br><br>\nThe stories of the two movies will be the same until Satoshi and Pikachu meet Victini but the legendary Pokemon will be either Zekrom or Reshiram.", "startDate": {"year": 2011, "month": 7, "day": 16}, "endDate": {"year": 2011, "month": 7, "day": 16}, "season": "SUMMER", "episodes": 1, "duration": 96, "genres": ["Adventure", "Comedy"], "averageScore": 62, "trending": 0, "popularity": 2125, "streamingEpisodes": [], "coverImage": {"large": "https://s3.anilist.co/media/anime/cover/medium/9917.jpg", "medium": "https://s3.anilist.co/media/anime/cover/small/9917.jpg"}, "bannerImage": null, "isAdult": false, "format": "MOVIE"}, {"id": 9919, "title": {"romaji": "Ao no Exorcist", "english": "Blue Exorcist"}, "type": "ANIME", "status": "FINISHED", "description": "This world consists of two dimensions joined as one, like a mirror. The first is the world in which the humans live, Assiah. The other is the world of demons, Gehenna. Ordinarily, travel between the two, and indeed any kind of contact between the two, is impossible. However the demons can pass over into this world by possessing anything that exist within it. Satan the god of demons, but there's one thing that he doesn't have, and that's a substance in the human world that is powerful enough to contain him!! For that purpose he created Rin, his son from a human woman, but will his son agree to his plans? Or will he become something else...? An exorcist?<br><br>\n(Source: MU)", "startDate": {"year": 2011, "month": 4, "day": 17}, "endDate": {"year": 2011, "month": 10, "day": 2}, "season": "SPRING", "episodes": 25, "duration": 24, "genres": ["Action", "Fantasy", "Supernatural"], "averageScore": 73, "trending": 3, "popularity": 42822, "streamingEpisodes": [{"title": "Blue Exorcist Official Trailer", "url": "http://www.crunchyroll.com/blue-exorcist/blue-exorcist-blue-exorcist-official-trailer-577928"}, {"title": "Episode 1 - The Devil Resides in Human Souls", "url": "http://www.crunchyroll.com/blue-exorcist/episode-1-the-devil-resides-in-human-souls-573636"}, {"title": "Episode 2 - Gehenna Gate", "url": "http://www.crunchyroll.com/blue-exorcist/episode-2-gehenna-gate-573638"}, {"title": "Episode 3 - Brothers", "url": "http://www.crunchyroll.com/blue-exorcist/episode-3-brothers-573640"}, {"title": "Episode 4 - The Garden of Amahara", "url": "http://www.crunchyroll.com/blue-exorcist/episode-4-the-garden-of-amahara-573642"}, {"title": "Episode 5 - A Boy from the Cursed Temple", "url": "http://www.crunchyroll.com/blue-exorcist/episode-5-a-boy-from-the-cursed-temple-573644"}, {"title": "Episode 6 - The Phantom Chef", "url": "http://www.crunchyroll.com/blue-exorcist/episode-6-the-phantom-chef-573646"}, {"title": "Episode 7 - A Flock of Plovers", "url": "http://www.crunchyroll.com/blue-exorcist/episode-7-a-flock-of-plovers-573648"}, {"title": "Episode 8 - Now A Certain Man Was Sick...", "url": "http://www.crunchyroll.com/blue-exorcist/episode-8-now-a-certain-man-was-sick-573650"}, {"title": "Episode 9 - Memories", "url": "http://www.crunchyroll.com/blue-exorcist/episode-9-memories-573652"}, {"title": "Episode 10 - Black Cat", "url": "http://www.crunchyroll.com/blue-exorcist/episode-10-black-cat-573654"}, {"title": "Episode 11 - Demon of the Deep", "url": "http://www.crunchyroll.com/blue-exorcist/episode-11-demon-of-the-deep-573656"}, {"title": "Episode 12 - A Game of Tag", "url": "http://www.crunchyroll.com/blue-exorcist/episode-12-a-game-of-tag-573658"}, {"title": "Episode 13 - Proof", "url": "http://www.crunchyroll.com/blue-exorcist/episode-13-proof-580052"}, {"title": "Episode 14 - A Fun Camping Trip", "url": "http://www.crunchyroll.com/blue-exorcist/episode-14-a-fun-camping-trip-580054"}, {"title": "Episode 15 - Act of Kindness", "url": "http://www.crunchyroll.com/blue-exorcist/episode-15-act-of-kindness-580056"}, {"title": "Episode 16 - The Wager", "url": "http://www.crunchyroll.com/blue-exorcist/episode-16-the-wager-582436"}, {"title": "Episode 17 - Temptation", "url": "http://www.crunchyroll.com/blue-exorcist/episode-17-temptation-582824"}, {"title": "Episode 18 - Hurricane", "url": "http://www.crunchyroll.com/blue-exorcist/episode-18-hurricane-582826"}, {"title": "Episode 19 - An Ordinary Day", "url": "http://www.crunchyroll.com/blue-exorcist/episode-19-an-ordinary-day-582828"}, {"title": "Episode 20 - Mask", "url": "http://www.crunchyroll.com/blue-exorcist/episode-20-mask-582830"}, {"title": "Episode 21 - The Secret Garden", "url": "http://www.crunchyroll.com/blue-exorcist/episode-21-the-secret-garden-582832"}, {"title": "Episode 22 - Demon Hunting", "url": "http://www.crunchyroll.com/blue-exorcist/episode-22-demon-hunting-582834"}, {"title": "Episode 23 - Truth", "url": "http://www.crunchyroll.com/blue-exorcist/episode-23-truth-582836"}, {"title": "Episode 24 - Satan's Spawn", "url": "http://www.crunchyroll.com/blue-exorcist/episode-24-satans-spawn-582838"}, {"title": "Episode 25 - Time, Stop", "url": "http://www.crunchyroll.com/blue-exorcist/episode-25-time-stop-582840"}], "coverImage": {"large": "https://s3.anilist.co/media/anime/cover/medium/9919.jpg", "medium": "https://s3.anilist.co/media/anime/cover/small/9919.jpg"}, "bannerImage": "https://s3.anilist.co/media/anime/banner/9919-m4mmgEUXf4OU.jpg", "isAdult": false, "format": "TV"}, {"id": 9922, "title": {"romaji": "Oretachi ni Tsubasa wa Nai: Under the Innocent Sky.", "english": "We Without Wings \u2013 Under the Innocent Sky"}, "type": "ANIME", "status": "FINISHED", "description": "Haneda Takashi has a secret he cannot speak of. To leave his dull school-life, he was supposed to have escaped to another world. However, he is reeled in by certain ties on his heart. One of these is Kobato, his awkward younger sister. The other is Watarai Asuka, his negligent girlfriend.<br><br>\nChitose Shuusuke is a poor freeloader. He passes his days working at various part-time jobs. One day, he has a disastrous first encounter with Tamaizumi Hiyoko. The next time they meet, Shuusuke discovers that they are fellow employees at his part-time job.<br><br>\nNarita Hayato sees himself as a \"hard-boiled\" person. Back-breaking jobs are nothing to him. Hayato shuns normal human contact, but, during the nights, he would get together with delinquents and other denizens of the night. One such night, he meets the cheerful and oblivious Otori Naru.<br><br>\nThe relationships with these girls will greatly affect these 3 young men. But what, exactly, is the relationship these young men have with each other?<br><br>\n(Source: AnimeNFO)", "startDate": {"year": 2011, "month": 4, "day": 4}, "endDate": {"year": 2011, "month": 6, "day": 20}, "season": "SPRING", "episodes": 12, "duration": 24, "genres": ["Comedy", "Drama", "Ecchi", "Psychological", "Romance"], "averageScore": 61, "trending": 1, "popularity": 5144, "streamingEpisodes": [{"title": "PV 1", "url": "http://www.crunchyroll.com/we-without-wings-under-the-innocent-sky/we-without-wings-under-the-innocent-sky-pv-1-571928"}, {"title": "Episode 1 - A Hypothetical Fairy Tale", "url": "http://www.crunchyroll.com/we-without-wings-under-the-innocent-sky/episode-1-a-hypothetical-fairy-tale-573564"}, {"title": "Episode 2 - My Favorite Animal is Pegasus", "url": "http://www.crunchyroll.com/we-without-wings-under-the-innocent-sky/episode-2-my-favorite-animal-is-pegasus-573566"}, {"title": "Episode 3 - Kobata-san is Cute", "url": "http://www.crunchyroll.com/we-without-wings-under-the-innocent-sky/episode-3-kobata-san-is-cute-573568"}, {"title": "Episode 4 - Dora-san... I think I'm pregnant...", "url": "http://www.crunchyroll.com/we-without-wings-under-the-innocent-sky/episode-4-dora-san-i-think-im-pregnant-573570"}, {"title": "Episode 5 - The virtuous Lord Hawk!", "url": "http://www.crunchyroll.com/we-without-wings-under-the-innocent-sky/episode-5-the-virtuous-lord-hawk-573572"}, {"title": "Episode 6 - Eek! Don't, they'll hear me!", "url": "http://www.crunchyroll.com/we-without-wings-under-the-innocent-sky/episode-6-eek-dont-theyll-hear-me-573574"}, {"title": "Episode 7 - The prestigous king will taste victory!", "url": "http://www.crunchyroll.com/we-without-wings-under-the-innocent-sky/episode-7-the-prestigous-king-will-taste-victory-573576"}, {"title": "Episode 8 - Is the busty cream girl here yet?", "url": "http://www.crunchyroll.com/we-without-wings-under-the-innocent-sky/episode-8-is-the-busty-cream-girl-here-yet-573578"}, {"title": "Episode 9 - My heart is pounding!", "url": "http://www.crunchyroll.com/we-without-wings-under-the-innocent-sky/episode-9-my-heart-is-pounding-573580"}, {"title": "Episode 10 - Please, Always Be a Fan, Okay?", "url": "http://www.crunchyroll.com/we-without-wings-under-the-innocent-sky/episode-10-please-always-be-a-fan-okay-573582"}, {"title": "Episode 11 - Are you familiar with imoto-moe", "url": "http://www.crunchyroll.com/we-without-wings-under-the-innocent-sky/episode-11-are-you-familiar-with-imoto-moe-573584"}, {"title": "Episode 12 - Oretachi ni Tsubasa wa", "url": "http://www.crunchyroll.com/we-without-wings-under-the-innocent-sky/episode-12-oretachi-ni-tsubasa-wa-573586"}], "coverImage": {"large": "https://s3.anilist.co/media/anime/cover/medium/9922.jpg", "medium": "https://s3.anilist.co/media/anime/cover/small/9922.jpg"}, "bannerImage": "https://s3.anilist.co/media/anime/banner/9922-mB5IlirnY1S4.jpg", "isAdult": false, "format": "TV"}, {"id": 9924, "title": {"romaji": "Shukufuku no Campanella (OVA)", "english": null}, "type": "ANIME", "status": "FINISHED", "description": "Announced in the live program on Niconico douga. The story will be unrelated to the TV series. Fanservice promised.", "startDate": {"year": 2011, "month": 3, "day": 30}, "endDate": {"year": 2011, "month": 3, "day": 30}, "season": "SPRING", "episodes": 1, "duration": 29, "genres": ["Comedy", "Ecchi", "Fantasy"], "averageScore": 58, "trending": 0, "popularity": 472, "streamingEpisodes": [], "coverImage": {"large": "https://s3.anilist.co/media/anime/cover/medium/9924.jpg", "medium": "https://s3.anilist.co/media/anime/cover/small/9924.jpg"}, "bannerImage": null, "isAdult": false, "format": "OVA"}, {"id": 9925, "title": {"romaji": "Amagami SS: Imouto", "english": "Amagami SS: Sister"}, "type": "ANIME", "status": "FINISHED", "description": "In this fun, light-hearted Special episode, Miya Tachibana attempts to figure out why her weird and slightly perverted older brother (Junichi) has such a friendly relationship with many of the girls in his school, yet can't manage to find himself a girlfriend. Fearing he might become a bum later in life and lose his job, she decides to stalk him to find out if there's more to him than what she sees at home.<br><br>\nThe episode is titled \"Imouto\" (Sister) and is available only on Blu-Ray in Volume 13 of the Amagami SS anime series.", "startDate": {"year": 2011, "month": 4, "day": 29}, "endDate": {"year": 2011, "month": 4, "day": 29}, "season": "SPRING", "episodes": 1, "duration": 24, "genres": [], "averageScore": 69, "trending": 1, "popularity": 4150, "streamingEpisodes": [], "coverImage": {"large": "https://s3.anilist.co/media/anime/cover/medium/9925.jpg", "medium": "https://s3.anilist.co/media/anime/cover/small/9925.jpg"}, "bannerImage": null, "isAdult": false, "format": "SPECIAL"}, {"id": 9926, "title": {"romaji": "Sekaiichi Hatsukoi", "english": null}, "type": "ANIME", "status": "FINISHED", "description": "Onodera Ritsu has just transferred from his father's publishing company to Marukawa Shoten. Assigned to the shoujo manga division, he crosses path with the person he'd least expected to meet. Takano Masamune is the editor-in-chief of the division Ritsu's been assigned to, and the two seem get off on the wrong foot right from the very start when Takano unexpectedly kisses him. However, there is more to than what meets the eye: Takano is actually Saga, Ritsu's senpai and high school love, whom Ritsu had thought to have played him for a fool by taking his affections for granted when he confessed and summarily dumped him.", "startDate": {"year": 2011, "month": 4, "day": 9}, "endDate": {"year": 2011, "month": 6, "day": 25}, "season": "SPRING", "episodes": 12, "duration": 23, "genres": ["Comedy", "Romance"], "averageScore": 73, "trending": 1, "popularity": 5327, "streamingEpisodes": [{"title": "PV", "url": "http://www.crunchyroll.com/sekai-ichi-hatsukoi-worlds-greatest-first-love/sekai-ichi-hatsukoi-worlds-greatest-first-love-pv-572848"}, {"title": "Episode 1 - First Impressions are the Most Lasting", "url": "http://www.crunchyroll.com/sekai-ichi-hatsukoi-worlds-greatest-first-love/episode-1-first-impressions-are-the-most-lasting-573416"}, {"title": "Episode 2 - A man has free choice to begin love but not to end it", "url": "http://www.crunchyroll.com/sekai-ichi-hatsukoi-worlds-greatest-first-love/episode-2-a-man-has-free-choice-to-begin-love-but-not-to-end-it-573418"}, {"title": "Episode 3 - In love there is both dotage and discretion", "url": "http://www.crunchyroll.com/sekai-ichi-hatsukoi-worlds-greatest-first-love/episode-3-in-love-there-is-both-dotage-and-discretion-573420"}, {"title": "Episode 4 - Adversity makes a man wise.", "url": "http://www.crunchyroll.com/sekai-ichi-hatsukoi-worlds-greatest-first-love/episode-4-adversity-makes-a-man-wise-573422"}, {"title": "Episode 5 - Love is lawless", "url": "http://www.crunchyroll.com/sekai-ichi-hatsukoi-worlds-greatest-first-love/episode-5-love-is-lawless-573424"}, {"title": "Episode 6 - Go to the sea, if you would fish well.", "url": "http://www.crunchyroll.com/sekai-ichi-hatsukoi-worlds-greatest-first-love/episode-6-go-to-the-sea-if-you-would-fish-well-573426"}, {"title": "Episode 7 - Coming events cast their shadows before them", "url": "http://www.crunchyroll.com/sekai-ichi-hatsukoi-worlds-greatest-first-love/episode-7-coming-events-cast-their-shadows-before-them-573428"}, {"title": "Episode 8 - Looks breed love", "url": "http://www.crunchyroll.com/sekai-ichi-hatsukoi-worlds-greatest-first-love/episode-8-looks-breed-love-573430"}, {"title": "Episode 9 - The die is cast.", "url": "http://www.crunchyroll.com/sekai-ichi-hatsukoi-worlds-greatest-first-love/episode-9-the-die-is-cast-573432"}, {"title": "Episode 10 - Absence makes the heart grow fonder.", "url": "http://www.crunchyroll.com/sekai-ichi-hatsukoi-worlds-greatest-first-love/episode-10-absence-makes-the-heart-grow-fonder-573434"}, {"title": "Episode 11 - It never rains but it pours.", "url": "http://www.crunchyroll.com/sekai-ichi-hatsukoi-worlds-greatest-first-love/episode-11-it-never-rains-but-it-pours-573436"}, {"title": "Episode 12 - After a storm comes a calm.", "url": "http://www.crunchyroll.com/sekai-ichi-hatsukoi-worlds-greatest-first-love/episode-12-after-a-storm-comes-a-calm-573438"}, {"title": "Episode 13 - A good beginning makes a good ending.", "url": "http://www.crunchyroll.com/sekai-ichi-hatsukoi-worlds-greatest-first-love/episode-13-a-good-beginning-makes-a-good-ending-585276"}, {"title": "Episode 14 - One cannot love and be wise", "url": "http://www.crunchyroll.com/sekai-ichi-hatsukoi-worlds-greatest-first-love/episode-14-one-cannot-love-and-be-wise-585734"}, {"title": "Episode 15 - Lingering love breeds mistake.", "url": "http://www.crunchyroll.com/sekai-ichi-hatsukoi-worlds-greatest-first-love/episode-15-lingering-love-breeds-mistake-585736"}, {"title": "Episode 16 - Delay in love is dangerous", "url": "http://www.crunchyroll.com/sekai-ichi-hatsukoi-worlds-greatest-first-love/episode-16-delay-in-love-is-dangerous-585738"}, {"title": "Episode 17 - Follow love and it will flee thee, flee love and it will follow thee.", "url": "http://www.crunchyroll.com/sekai-ichi-hatsukoi-worlds-greatest-first-love/episode-17-follow-love-and-it-will-flee-thee-flee-love-and-it-will-follow-thee-585740"}, {"title": "Episode 18 - Love is without reason.", "url": "http://www.crunchyroll.com/sekai-ichi-hatsukoi-worlds-greatest-first-love/episode-18-love-is-without-reason-585742"}, {"title": "Episode 19 - Actions speak louder than words", "url": "http://www.crunchyroll.com/sekai-ichi-hatsukoi-worlds-greatest-first-love/episode-19-actions-speak-louder-than-words-585744"}, {"title": "Episode 20 - Love and envy make a man pine", "url": "http://www.crunchyroll.com/sekai-ichi-hatsukoi-worlds-greatest-first-love/episode-20-love-and-envy-make-a-man-pine-585746"}, {"title": "Episode 21 - Love is blind", "url": "http://www.crunchyroll.com/sekai-ichi-hatsukoi-worlds-greatest-first-love/episode-21-love-is-blind-585748"}, {"title": "Episode 22 - Love goes never without fear", "url": "http://www.crunchyroll.com/sekai-ichi-hatsukoi-worlds-greatest-first-love/episode-22-love-goes-never-without-fear-585750"}, {"title": "Episode 23 - Love makes the world go round", "url": "http://www.crunchyroll.com/sekai-ichi-hatsukoi-worlds-greatest-first-love/episode-23-love-makes-the-world-go-round-585752"}, {"title": "Episode 24 - Love is bitter-sweet", "url": "http://www.crunchyroll.com/sekai-ichi-hatsukoi-worlds-greatest-first-love/episode-24-love-is-bitter-sweet-585754"}], "coverImage": {"large": "https://s3.anilist.co/media/anime/cover/medium/9926.jpg", "medium": "https://s3.anilist.co/media/anime/cover/small/9926.jpg"}, "bannerImage": null, "isAdult": false, "format": "TV"}, {"id": 9930, "title": {"romaji": "Snow Halation", "english": null}, "type": "ANIME", "status": "FINISHED", "description": "Second single for the anime-idol group Love Live! The CD includes a b-side song together with both a-side and b-side karaokes plus an original drama part. DVD includes an animation shot video of Snow Halation.<br><br>\n(Source: AniDB) <br><br>\nThey have changed their group's name to &mu;'s (Muse).<br>", "startDate": {"year": 2010, "month": 12, "day": 22}, "endDate": {"year": 2010, "month": 12, "day": 22}, "season": "WINTER", "episodes": 1, "duration": 6, "genres": ["Music"], "averageScore": 71, "trending": 0, "popularity": 1838, "streamingEpisodes": [], "coverImage": {"large": "https://s3.anilist.co/media/anime/cover/medium/9930.jpg", "medium": "https://s3.anilist.co/media/anime/cover/small/9930.jpg"}, "bannerImage": null, "isAdult": false, "format": "MUSIC"}, {"id": 9931, "title": {"romaji": "Happy Birthday, Inochi Kagayaku Toki", "english": null}, "type": "ANIME", "status": "FINISHED", "description": "After being abused by her mother physically and mentally Asuka gets taken in by her grandparents. Slowly she learns her own worth as a human being and overcomes many obstacles. ", "startDate": {"year": 1999, "month": 7, "day": 27}, "endDate": {"year": 1999, "month": 7, "day": 27}, "season": "SUMMER", "episodes": 1, "duration": 79, "genres": ["Drama"], "averageScore": 61, "trending": 0, "popularity": 311, "streamingEpisodes": [], "coverImage": {"large": "https://s3.anilist.co/media/anime/cover/medium/9931-CcPzIcwanz33.png", "medium": "https://s3.anilist.co/media/anime/cover/small/9931-CcPzIcwanz33.png"}, "bannerImage": "https://s3.anilist.co/media/anime/banner/9931-XwCtOvWiflTE.jpg", "isAdult": false, "format": "MOVIE"}, {"id": 9934, "title": {"romaji": "Nekogami Yaoyorozu", "english": "The Everyday Tales of a Cat God"}, "type": "ANIME", "status": "FINISHED", "description": "Koyama Yuzu is running an antique shop. Mayu, a cat god (nekogami), is living off Yuzu and leads an idle life playing games. Lots of other gods visit Mayu and enjoy merrymaking.<br><br>\n(Source: ANN)", "startDate": {"year": 2011, "month": 7, "day": 9}, "endDate": {"year": 2011, "month": 9, "day": 24}, "season": "SUMMER", "episodes": 12, "duration": 23, "genres": ["Comedy", "Supernatural"], "averageScore": 60, "trending": 0, "popularity": 1591, "streamingEpisodes": [{"title": "Official Preview", "url": "http://www.crunchyroll.com/cat-god/nekogami-yaoyorozu-official-preview-579410"}, {"title": "Episode 1 - The God of Poverty's Inspect+", "url": "http://www.crunchyroll.com/cat-god/episode-1-the-god-of-povertys-inspect-580584"}, {"title": "Episode 2 - Sakura Front Overture", "url": "http://www.crunchyroll.com/cat-god/episode-2-sakura-front-overture-581246"}, {"title": "Episode 3 - Desperate Deadline", "url": "http://www.crunchyroll.com/cat-god/episode-3-desperate-deadline-581248"}, {"title": "Episode 4 - Memory Halation Summer ", "url": "http://www.crunchyroll.com/cat-god/episode-4-memory-halation-summer-581250"}, {"title": "Episode 5 - Typhoon God Overrun", "url": "http://www.crunchyroll.com/cat-god/episode-5-typhoon-god-overrun-581252"}, {"title": "Episode 6 - Recollection of the Antiquity ", "url": "http://www.crunchyroll.com/cat-god/episode-6-recollection-of-the-antiquity-581254"}, {"title": "Episode 7 - September Thriller Night", "url": "http://www.crunchyroll.com/cat-god/episode-7-september-thriller-night-581256"}, {"title": "Episode 8 - Mukoubuchi Dice Roll", "url": "http://www.crunchyroll.com/cat-god/episode-8-mukoubuchi-dice-roll-581258"}, {"title": "Episode 9 - Rainy Rainy", "url": "http://www.crunchyroll.com/cat-god/episode-9-rainy-rainy-581260"}, {"title": "Episode 10 - Lost Cat on the Earth", "url": "http://www.crunchyroll.com/cat-god/episode-10-lost-cat-on-the-earth-581262"}, {"title": "Episode 11 - Stray Cat Ran After", "url": "http://www.crunchyroll.com/cat-god/episode-11-stray-cat-ran-after-581264"}, {"title": "Episode 12 - Strange Coincidence, Fate, Contention", "url": "http://www.crunchyroll.com/cat-god/episode-12-strange-coincidence-fate-contention-581266"}], "coverImage": {"large": "https://s3.anilist.co/media/anime/cover/medium/9934.jpg", "medium": "https://s3.anilist.co/media/anime/cover/small/9934.jpg"}, "bannerImage": null, "isAdult": false, "format": "TV"}, {"id": 9935, "title": {"romaji": "Chocolat no Mahou", "english": "The Magic of Chocolate"}, "type": "ANIME", "status": "FINISHED", "description": "The \"bittersweet, mysterious story\" revolves around Chocolat Aikawa, a chocolati\u00e8re who runs a shop called Chocolat Noir. She can grant wishes to the troubled people who visit her shop \u2014 if they give her something precious in exchange.", "startDate": {"year": 2011, "month": 3, "day": 3}, "endDate": {"year": 2013, "month": 1, "day": 19}, "season": "SPRING", "episodes": 13, "duration": 14, "genres": ["Horror"], "averageScore": 50, "trending": 0, "popularity": 428, "streamingEpisodes": [], "coverImage": {"large": "https://s3.anilist.co/media/anime/cover/medium/9935.jpg", "medium": "https://s3.anilist.co/media/anime/cover/small/9935.jpg"}, "bannerImage": null, "isAdult": false, "format": "OVA"}, {"id": 9936, "title": {"romaji": "Maken-Ki!", "english": "Maken-Ki! Battling Venus"}, "type": "ANIME", "status": "FINISHED", "description": "Based on the manga series by Hiromitsu Takeda, this romantic comedy is about Takeru Ohyama, a typical perverted teenage boy. His new school doesn't require entrance exams, and it just turned co-ed! Unfortunately, his dreams of a happy high school life are dashed when he finds out the school is much more than it seems. All of the students wield a special item&mdash;a Maken&mdash;to unleash their magical abilities in duels! Can Takeru find a Maken that works for him? Even while trying to fit in at a new school and dealing with all kinds of girl problems?<br><br>\n(Source: FUNimation)", "startDate": {"year": 2011, "month": 10, "day": 5}, "endDate": {"year": 2011, "month": 12, "day": 21}, "season": "FALL", "episodes": 12, "duration": 25, "genres": ["Action", "Ecchi"], "averageScore": 60, "trending": 0, "popularity": 10022, "streamingEpisodes": [], "coverImage": {"large": "https://s3.anilist.co/media/anime/cover/medium/9936.jpg", "medium": "https://s3.anilist.co/media/anime/cover/small/9936.jpg"}, "bannerImage": "https://s3.anilist.co/media/anime/banner/9936-TxE1ElPknoOw.png", "isAdult": false, "format": "TV"}, {"id": 9938, "title": {"romaji": "Ikoku Meiro no Crois\u00e9e", "english": "Crois\u00e9e in a Foreign Labyrinth ~ The Animation"}, "type": "ANIME", "status": "FINISHED", "description": "The story takes place in the second half of the 19th century, as Japanese culture gains popularity in the West. A young Japanese girl, Yune, accompanies a French traveller, Oscar, on his journey back to France, and offers to help at the family's ironwork shop in Paris. Oscar's nephew and shop-owner Claude reluctantly accepts to take care of Yune, and we learn how those two, who have so little in common, get to understand each other and live together in the Paris of the 1800s.", "startDate": {"year": 2011, "month": 7, "day": 4}, "endDate": {"year": 2011, "month": 9, "day": 19}, "season": "SUMMER", "episodes": 12, "duration": 23, "genres": ["Slice of Life"], "averageScore": 71, "trending": 0, "popularity": 4625, "streamingEpisodes": [], "coverImage": {"large": "https://s3.anilist.co/media/anime/cover/medium/9938.jpg", "medium": "https://s3.anilist.co/media/anime/cover/small/9938.jpg"}, "bannerImage": "https://s3.anilist.co/media/anime/banner/9938-u6yMm4XtcDUE.jpg", "isAdult": false, "format": "TV"}, {"id": 9939, "title": {"romaji": "Kunoichi Sakuya", "english": null}, "type": "ANIME", "status": "FINISHED", "description": "Based on the game by Lune.<br>\n<br>\nTelling about the life of the Kunoichi ninja.<br>\n<br>\n(Source: Nekopoi and Has Been Translated)", "startDate": {"year": 2011, "month": 2, "day": 18}, "endDate": {"year": 2011, "month": 8, "day": 19}, "season": "WINTER", "episodes": 2, "duration": 30, "genres": ["Hentai", "Fantasy"], "averageScore": 47, "trending": 0, "popularity": 133, "streamingEpisodes": [], "coverImage": {"large": "https://s3.anilist.co/media/anime/cover/medium/9939.jpg", "medium": "https://s3.anilist.co/media/anime/cover/small/9939.jpg"}, "bannerImage": null, "isAdult": true, "format": "OVA"}, {"id": 9940, "title": {"romaji": "Mai no Mahou to Katei no Hi", "english": null}, "type": "ANIME", "status": "FINISHED", "description": "The main character Tatsumi Mai is a girl who uses magic to understand the feelings of people.", "startDate": {"year": 2011, "month": 2, "day": 21}, "endDate": {"year": 2011, "month": 2, "day": 21}, "season": "WINTER", "episodes": 1, "duration": 29, "genres": [], "averageScore": 51, "trending": 0, "popularity": 187, "streamingEpisodes": [], "coverImage": {"large": "https://s3.anilist.co/media/anime/cover/medium/9940.jpg", "medium": "https://s3.anilist.co/media/anime/cover/small/9940.jpg"}, "bannerImage": null, "isAdult": false, "format": "SPECIAL"}, {"id": 9941, "title": {"romaji": "Tiger & Bunny", "english": "Tiger & Bunny"}, "type": "ANIME", "status": "FINISHED", "description": "Sternbild City is home to people called \"Next,\" who use their special abilities to protect the people as superheroes. These heroes solve cases and save lives so they can wear sponsor logos or acquire \"hero points.\" Their activities are documented on the popular program \"Hero TV,\" which picks the \"King of Heroes\" in a yearly ranking. The veteran hero Wild Tiger has always preferred to work alone, but now he's been assigned the rookie Barnaby Brooks Jr., who has a different perspective on being a superhero.<br><br>\n(Source: ANN) ", "startDate": {"year": 2011, "month": 4, "day": 3}, "endDate": {"year": 2011, "month": 9, "day": 18}, "season": "SPRING", "episodes": 25, "duration": 24, "genres": ["Action", "Comedy", "Mystery"], "averageScore": 77, "trending": 0, "popularity": 11501, "streamingEpisodes": [], "coverImage": {"large": "https://s3.anilist.co/media/anime/cover/medium/9941.jpg", "medium": "https://s3.anilist.co/media/anime/cover/small/9941.jpg"}, "bannerImage": "https://s3.anilist.co/media/anime/banner/9941-HJ5P0MYayd59.jpg", "isAdult": false, "format": "TV"}, {"id": 9943, "title": {"romaji": "Ore-sama Kingdom", "english": null}, "type": "ANIME", "status": "FINISHED", "description": "The story centers on Nonoha Nonohara, a young manga artist who just enrolled in a new school. She finds herself surrounded by a group of three \"super-cute\" guys.<br><br>\n(Source: MU)", "startDate": {"year": 2010, "month": 12, "day": 28}, "endDate": {"year": 2013, "month": 5, "day": 1}, "season": "WINTER", "episodes": 14, "duration": 11, "genres": ["Romance"], "averageScore": null, "trending": 0, "popularity": 206, "streamingEpisodes": [], "coverImage": {"large": "https://s3.anilist.co/media/anime/cover/medium/9943.jpg", "medium": "https://s3.anilist.co/media/anime/cover/small/9943.jpg"}, "bannerImage": null, "isAdult": false, "format": "OVA"}, {"id": 9944, "title": {"romaji": "Hime Gal\u2665Paradise", "english": null}, "type": "ANIME", "status": "FINISHED", "description": "Tachikawa Himeko is a plain high school girl. One day, a handsome boy Mikami Tochiotome starts to lodge at her house. He likes to dress in drag and his fashion awakes Himeko to sense of beauty.", "startDate": {"year": 2010, "month": 12, "day": 28}, "endDate": {"year": 2012, "month": 4, "day": 3}, "season": "WINTER", "episodes": 9, "duration": 11, "genres": [], "averageScore": null, "trending": 0, "popularity": 87, "streamingEpisodes": [], "coverImage": {"large": "https://s3.anilist.co/media/anime/cover/medium/9944.jpg", "medium": "https://s3.anilist.co/media/anime/cover/small/9944.jpg"}, "bannerImage": null, "isAdult": false, "format": "OVA"}]}}}