{"data": {"Page": {"pageInfo": {"total": 12298, "hasNextPage": true}, "media": [{"id": 103361, "title": {"romaji": "Shi Wan Ge Leng Xiaohua Di 3rd Season", "english": null}, "type": "ANIME", "status": "FINISHED", "description": "Season 3 of One Hundred Thousand Bad Jokes", "startDate": {"year": 2015, "month": 12, "day": 31}, "endDate": {"year": 2017, "month": 9, "day": 27}, "season": null, "episodes": 49, "duration": 10, "genres": ["Comedy"], "averageScore": null, "trending": 0, "popularity": 7, "streamingEpisodes": [], "coverImage": {"large": "https://s3.anilist.co/media/anime/cover/medium/103361-JxSK2K2eoQaY.jpg", "medium": "https://s3.anilist.co/media/anime/cover/small/103361-JxSK2K2eoQaY.jpg"}, "bannerImage": null, "isAdult": false, "format": "ONA"}, {"id": 103362, "title": {"romaji": "Shi Wan Ge Leng Xiaohua 2nd Season", "english": null}, "type": "ANIME", "status": "FINISHED", "description": "Second season of One Hundred Thousand Bad Jokes.", "startDate": {"year": 2013, "month": 12, "day": 31}, "endDate": {"year": 2014, "month": 12, "day": 30}, "season": null, "episodes": 13, "duration": 10, "genres": ["Comedy"], "averageScore": null, "trending": 0, "popularity": 7, "streamingEpisodes": [], "coverImage": {"large": "https://s3.anilist.co/media/anime/cover/medium/103362-apurRWAV20kx.jpg", "medium": "https://s3.anilist.co/media/anime/cover/small/103362-apurRWAV20kx.jpg"}, "bannerImage": null, "isAdult": false, "format": "ONA"}, {"id": 103363, "title": {"romaji": "Shi Wan Ge Leng Xiaohua", "english": null}, "type": "ANIME", "status": "FINISHED", "description": "One Hundred Thousand Bad Jokes is mainly constituted by several stories of parodies of classic Chinese Stories, famous Anime and Manga, western fairytales  as well as some original mini-series.\n<br><br>\n(Source: Wikipedia)", "startDate": {"year": 2012, "month": 7, "day": 11}, "endDate": {"year": 2013, "month": 8, "day": 1}, "season": null, "episodes": 12, "duration": 7, "genres": ["Comedy"], "averageScore": null, "trending": 0, "popularity": 12, "streamingEpisodes": [], "coverImage": {"large": "https://s3.anilist.co/media/anime/cover/medium/103363-VcMZs4qEREAs.jpg", "medium": "https://s3.anilist.co/media/anime/cover/small/103363-VcMZs4qEREAs.jpg"}, "bannerImage": null, "isAdult": false, "format": "ONA"}, {"id": 103364, "title": {"romaji": "Luigi's Toy Adventure", "english": null}, "type": "ANIME", "status": "FINISHED", "description": "A stop-motion short from Bandai, promoting the line of Super Mario Figuarts.", "startDate": {"year": 2014, "month": 12, "day": 2}, "endDate": {"year": 2014, "month": 12, "day": 2}, "season": null, "episodes": 1, "duration": 1, "genres": ["Adventure"], "averageScore": null, "trending": 0, "popularity": 42, "streamingEpisodes": [], "coverImage": {"large": "https://s3.anilist.co/media/anime/cover/medium/103364-awmUgGS7chCx.jpg", "medium": "https://s3.anilist.co/media/anime/cover/small/103364-awmUgGS7chCx.jpg"}, "bannerImage": null, "isAdult": false, "format": "ONA"}, {"id": 103365, "title": {"romaji": "Natsu no Gero wa Fuyu no Sakana", "english": "Summer's Puke is Winter's Delight"}, "type": "ANIME", "status": "FINISHED", "description": "Music video by Sawako Kabuki.", "startDate": {"year": 2016, "month": 4, "day": 12}, "endDate": {"year": 2016, "month": 4, "day": 12}, "season": null, "episodes": 1, "duration": 2, "genres": ["Music"], "averageScore": null, "trending": 0, "popularity": 29, "streamingEpisodes": [], "coverImage": {"large": "https://s3.anilist.co/media/anime/cover/medium/103365-nxnaKlBh38bv.jpg", "medium": "https://s3.anilist.co/media/anime/cover/small/103365-nxnaKlBh38bv.jpg"}, "bannerImage": null, "isAdult": false, "format": "MUSIC"}, {"id": 103366, "title": {"romaji": "Nou Nen", "english": null}, "type": "ANIME", "status": "FINISHED", "description": "Music video for Nou Nen feat. utau by THE POTONE!", "startDate": {"year": 2017, "month": 12, "day": 14}, "endDate": {"year": 2017, "month": 12, "day": 14}, "season": null, "episodes": 1, "duration": 3, "genres": ["Music"], "averageScore": null, "trending": 0, "popularity": 7, "streamingEpisodes": [], "coverImage": {"large": "https://s3.anilist.co/media/anime/cover/medium/103366-UTz5Yaott1Np.jpg", "medium": "https://s3.anilist.co/media/anime/cover/small/103366-UTz5Yaott1Np.jpg"}, "bannerImage": null, "isAdult": false, "format": "MUSIC"}, {"id": 103367, "title": {"romaji": "Requiem", "english": null}, "type": "ANIME", "status": "FINISHED", "description": "Short animation by Sawako Kabuki.", "startDate": {"year": 2012, "month": 1, "day": 17}, "endDate": {"year": 2012, "month": 1, "day": 17}, "season": null, "episodes": 1, "duration": 2, "genres": [], "averageScore": null, "trending": 0, "popularity": 30, "streamingEpisodes": [], "coverImage": {"large": "https://s3.anilist.co/media/anime/cover/medium/103367-2opcFg5BpuuE.jpg", "medium": "https://s3.anilist.co/media/anime/cover/small/103367-2opcFg5BpuuE.jpg"}, "bannerImage": null, "isAdult": false, "format": "ONA"}, {"id": 103368, "title": {"romaji": "Tama Gura Abayo: Moki Yumokyu Superdeluxe", "english": null}, "type": "ANIME", "status": "FINISHED", "description": "Love(or being in love) is a wonderful thing that colors our life, but love is not always visible and sometimes is vague and ephemeral. \n<br><br>\nThis film is filled with love and shows the state of being carried away by love. However it is almost impossible to understand each other completely even though they loved each other very very much and sometimes it causes heartbreaking.\n<br><br>\nI expressed vanity of such a heartbreaking love using ceaseless metamorphosis technique. And when this film is completed, my boyfriend left me.\n<br><br>\n(Source: Official Youtube Channel)", "startDate": {"year": 2013, "month": 4, "day": 23}, "endDate": {"year": 2013, "month": 4, "day": 23}, "season": null, "episodes": 1, "duration": 2, "genres": [], "averageScore": null, "trending": 0, "popularity": 23, "streamingEpisodes": [], "coverImage": {"large": "https://s3.anilist.co/media/anime/cover/medium/nx103368-VdIC50pxzbju.png", "medium": "https://s3.anilist.co/media/anime/cover/small/nx103368-VdIC50pxzbju.png"}, "bannerImage": null, "isAdult": false, "format": "MUSIC"}, {"id": 103369, "title": {"romaji": "Okaasan ni Naisho", "english": "Don't tell Mom"}, "type": "ANIME", "status": "FINISHED", "description": "A nocturnal education film, designed to help children develop their emotions and expressions as well as language and physical skills by enjoying singing and exercising with a big brother. \n<br><br>\n(Source: Official Youtube Channel)", "startDate": {"year": 2015, "month": 3, "day": 15}, "endDate": {"year": 2015, "month": 3, "day": 15}, "season": null, "episodes": 1, "duration": 3, "genres": ["Ecchi", "Music", "Comedy"], "averageScore": null, "trending": 0, "popularity": 34, "streamingEpisodes": [], "coverImage": {"large": "https://s3.anilist.co/media/anime/cover/medium/103369-1D92mFbYxsTe.jpg", "medium": "https://s3.anilist.co/media/anime/cover/small/103369-1D92mFbYxsTe.jpg"}, "bannerImage": null, "isAdult": false, "format": "ONA"}, {"id": 103370, "title": {"romaji": "Koumon-teki Juuku Ketsujiru Juke", "english": "Anal Juke: Anal Juice"}, "type": "ANIME", "status": "FINISHED", "description": "After breaking up with my ex-boyfriend, I was heartbroken but I had to think about the theme for my next animation film. Just then I had a dream of this ex-boyfriend. This animation film is based on that dream.\n<br><br>\nIn Japan, on 11th March 2011, we had great earthquakes and aftershocks followed over and over. And not only earthquakes but also how to face the nuclear power is one of the hottest issues in our country. I think that dream  is the mixture of this charged atmosphere of Japan and my heartbreaking depression. So I \"re-mixed\" what I had in my head.  <br>\nBy the way, he used to like enema. So in this song, the word of \"ass\" and its related words are fluttering. All of these are linked to the memories of him so I decided to use this song. In that dream the face of my ex-boyfriend was not clear, so in this animation, his face is drawn just like \"ass\".\u3002\n<br><br>\n(Source: Official Youtube Channel)", "startDate": {"year": 2013, "month": 4, "day": 23}, "endDate": {"year": 2013, "month": 4, "day": 12}, "season": null, "episodes": 1, "duration": 3, "genres": ["Music", "Comedy"], "averageScore": null, "trending": 0, "popularity": 43, "streamingEpisodes": [], "coverImage": {"large": "https://s3.anilist.co/media/anime/cover/medium/103370-lm3YmnlR9a5F.jpg", "medium": "https://s3.anilist.co/media/anime/cover/small/103370-lm3YmnlR9a5F.jpg"}, "bannerImage": null, "isAdult": false, "format": "MUSIC"}, {"id": 103371, "title": {"romaji": "Hachiko\u2191Dance", "english": null}, "type": "ANIME", "status": "FINISHED", "description": "Official music video for Yanakiku's song Hachiko\u2191Dance.", "startDate": {"year": 2017, "month": 6, "day": 5}, "endDate": {"year": 2017, "month": 6, "day": 5}, "season": null, "episodes": 1, "duration": 1, "genres": ["Music"], "averageScore": null, "trending": 0, "popularity": 17, "streamingEpisodes": [], "coverImage": {"large": "https://s3.anilist.co/media/anime/cover/medium/nx103371-Cpv0dBEKZagu.jpg", "medium": "https://s3.anilist.co/media/anime/cover/small/nx103371-Cpv0dBEKZagu.jpg"}, "bannerImage": null, "isAdult": false, "format": "MUSIC"}, {"id": 103372, "title": {"romaji": "Nowhereland", "english": null}, "type": "ANIME", "status": "FINISHED", "description": "Official music video for the international multinational band The Hotpantz' song Nowhereland.", "startDate": {"year": 2016, "month": 11, "day": 1}, "endDate": {"year": 2016, "month": 11, "day": 1}, "season": null, "episodes": 1, "duration": 3, "genres": ["Music"], "averageScore": null, "trending": 0, "popularity": 12, "streamingEpisodes": [], "coverImage": {"large": "https://s3.anilist.co/media/anime/cover/medium/nx103372-jhD49M7JlNj9.jpg", "medium": "https://s3.anilist.co/media/anime/cover/small/nx103372-jhD49M7JlNj9.jpg"}, "bannerImage": null, "isAdult": false, "format": "MUSIC"}, {"id": 103373, "title": {"romaji": "Gokiburi Taisou", "english": "Cockroach Calisthenics"}, "type": "ANIME", "status": "FINISHED", "description": "Female humanoid cockroaches do calisthenics (though resembling normal dancing more).", "startDate": {"year": 2017, "month": 8, "day": 7}, "endDate": {"year": 2017, "month": 8, "day": 7}, "season": null, "episodes": 1, "duration": 0, "genres": ["Music"], "averageScore": null, "trending": 0, "popularity": 30, "streamingEpisodes": [], "coverImage": {"large": "https://s3.anilist.co/media/anime/cover/medium/103373-eNiVKtribrnD.jpg", "medium": "https://s3.anilist.co/media/anime/cover/small/103373-eNiVKtribrnD.jpg"}, "bannerImage": null, "isAdult": false, "format": "ONA"}, {"id": 103374, "title": {"romaji": "Master Blaster", "english": null}, "type": "ANIME", "status": "FINISHED", "description": "Talk between girls regarding the desire to hide in the rectum of the person you like (in other words, wanting to be together forever). \n<br><br>\nIf you begin to think that you might as well dedicate yourself completely to the other person, you become tempted to devour the other person whole. Without knowing their true feelings you are at their mercy.In this situation there is a swirling of various emotions such as yearning, possessiveness, jealousy, and guilt. Constantly having him on my mind, at this rate what will come of me?!\n<br><br>\n(Source: Official Youtube Channel)", "startDate": {"year": 2014, "month": 9, "day": 30}, "endDate": {"year": 2014, "month": 9, "day": 30}, "season": null, "episodes": 1, "duration": 3, "genres": ["Music"], "averageScore": null, "trending": 0, "popularity": 33, "streamingEpisodes": [], "coverImage": {"large": "https://s3.anilist.co/media/anime/cover/medium/nx103374-qEgYfRfmjVQR.jpg", "medium": "https://s3.anilist.co/media/anime/cover/small/nx103374-qEgYfRfmjVQR.jpg"}, "bannerImage": null, "isAdult": false, "format": "MUSIC"}, {"id": 103375, "title": {"romaji": "Chang", "english": "The Window"}, "type": "ANIME", "status": "FINISHED", "description": "Sergeant Jeong Cheol-min's squad are staying indoors a corroded stockroom renovated without windows. His squad is well known for their hardworking members until councellor Hong Yeong-soo comes in. Jeong Cheol-min does all he can to make Hong Yeong-soo the right man for his squad and the army requires him to. However, private Hong Yeong-soo doesn't adjust to the surroundings and causes trouble.\n<br><br>\n(Source: Hancinema)", "startDate": {"year": 2012, "month": 11, "day": 1}, "endDate": {"year": 2012, "month": 11, "day": 1}, "season": null, "episodes": 1, "duration": 29, "genres": ["Drama", "Thriller"], "averageScore": null, "trending": 0, "popularity": 15, "streamingEpisodes": [], "coverImage": {"large": "https://s3.anilist.co/media/anime/cover/medium/103375-y70uu9MWWEcj.jpg", "medium": "https://s3.anilist.co/media/anime/cover/small/103375-y70uu9MWWEcj.jpg"}, "bannerImage": null, "isAdult": false, "format": "MOVIE"}, {"id": 103376, "title": {"romaji": "Heart Cocktail", "english": null}, "type": "ANIME", "status": "FINISHED", "description": "Chalk-Colored People-creator Seizo Watase's 1983 series of short manga in Comic Morning is adapted into dozens of romantic vignettes, each designed to tell a simple love story in \"no more time than it would take to smoke a cigarette,\" which often means that there is little time for even revealing people's names; many tales simply star \"Me\" and \"Her.\" \n<br><br>\nStories include Emblem of My Father, Two in the Beer Garden, Old Hawaii Corner, My Brother's Zippo, and Takeru's Love of Two and a Half Millennia. The tobacco analogy may sound strange in these politically correct times, but it is better than the alternative, remembering that such short manga stories are actually designed to take no longer to read than the average dump.\n<br><br>\n(Source; Anime Encyclopedia)", "startDate": {"year": 1986, "month": 10, "day": 3}, "endDate": {"year": 1988, "month": 3, "day": 26}, "season": null, "episodes": 77, "duration": 3, "genres": ["Romance"], "averageScore": null, "trending": 0, "popularity": 13, "streamingEpisodes": [], "coverImage": {"large": "https://s3.anilist.co/media/anime/cover/medium/103376-bx3pnthhHsSq.jpg", "medium": "https://s3.anilist.co/media/anime/cover/small/103376-bx3pnthhHsSq.jpg"}, "bannerImage": null, "isAdult": false, "format": "TV_SHORT"}, {"id": 103377, "title": {"romaji": "Kizu darake no Tenshi-tachi", "english": "Heartbroken Angels"}, "type": "ANIME", "status": "FINISHED", "description": "Thirty-one stories based on the fourpanel manga strips drawn by Masahiko Kikuni for Young Sunday magazine make up this anime that mixes animation and live action (18 animated stories, 13 live-action stories).\n<br><br>\n(Source: The Anime Encyclopedia)", "startDate": {"year": 1990, "month": 1, "day": 22}, "endDate": {"year": 1990, "month": 1, "day": 22}, "season": null, "episodes": 1, "duration": 70, "genres": ["Comedy", "Ecchi"], "averageScore": null, "trending": 0, "popularity": 6, "streamingEpisodes": [], "coverImage": {"large": "https://s3.anilist.co/media/anime/cover/medium/103377-Xs1TThmgI7PT.jpg", "medium": "https://s3.anilist.co/media/anime/cover/small/103377-Xs1TThmgI7PT.jpg"}, "bannerImage": null, "isAdult": false, "format": "OVA"}, {"id": 103378, "title": {"romaji": "Toilet no Kamisama", "english": null}, "type": "ANIME", "status": "FINISHED", "description": "An animated music video by Daisuke Hashimoto for the song Toilet no Kamisama by Kana Uemura.", "startDate": {"year": 2010, "month": 11, "day": 24}, "endDate": {"year": 2010, "month": 11, "day": 24}, "season": null, "episodes": 1, "duration": 9, "genres": ["Music"], "averageScore": null, "trending": 0, "popularity": 12, "streamingEpisodes": [], "coverImage": {"large": "https://s3.anilist.co/media/anime/cover/medium/103378-Yb6nySmEdccX.jpg", "medium": "https://s3.anilist.co/media/anime/cover/small/103378-Yb6nySmEdccX.jpg"}, "bannerImage": null, "isAdult": false, "format": "MUSIC"}, {"id": 103379, "title": {"romaji": "Timbre A to Z", "english": null}, "type": "ANIME", "status": "FINISHED", "description": "A series of short films where Mirai Mizuki uploaded one abstract representation of a letter of the alphabet every day for 26 days.", "startDate": {"year": 2011, "month": 1, "day": 22}, "endDate": {"year": 2011, "month": 2, "day": 16}, "season": null, "episodes": 26, "duration": 1, "genres": ["Music"], "averageScore": null, "trending": 0, "popularity": 16, "streamingEpisodes": [], "coverImage": {"large": "https://s3.anilist.co/media/anime/cover/medium/103379-ibxAIsPuSvDV.jpg", "medium": "https://s3.anilist.co/media/anime/cover/small/103379-ibxAIsPuSvDV.jpg"}, "bannerImage": null, "isAdult": false, "format": "ONA"}, {"id": 103380, "title": {"romaji": "Modern", "english": null}, "type": "ANIME", "status": "FINISHED", "description": "I finished this film in only two months after the completion of Playground. Inspired by optical illusions, like Escher's paintings, I made the film using isometric drawings. my idea was to make a great film using only transformations of rectangular parallelepipeds. I applied the method of geometric animation, a technique used in Metropolis, in this film. Along with \"cell\" animation, I continue making films with the application of this method. Hopefully, I will eventually discover a third alternative method to use in my films.\n<br><br>\n(Source: Mirai Mizue)", "startDate": {"year": 2011, "month": null, "day": null}, "endDate": {"year": 2011, "month": null, "day": null}, "season": null, "episodes": 1, "duration": 6, "genres": [], "averageScore": null, "trending": 0, "popularity": 17, "streamingEpisodes": [], "coverImage": {"large": "https://s3.anilist.co/media/anime/cover/medium/103380-KWRoYfbD7R4v.jpg", "medium": "https://s3.anilist.co/media/anime/cover/small/103380-KWRoYfbD7R4v.jpg"}, "bannerImage": null, "isAdult": false, "format": "MOVIE"}, {"id": 103381, "title": {"romaji": "Metropolis (2009)", "english": null}, "type": "ANIME", "status": "FINISHED", "description": "A city as a pulsating organism. Repetitive movements are made by drawing on graph papers. Supported by SICAF 2009.\n<br><br>\nMirai Mizue's first time experimenting with geometric animation.\n<br><br>\n(Source: Official Youtube Channel)", "startDate": {"year": 2009, "month": null, "day": null}, "endDate": {"year": 2009, "month": null, "day": null}, "season": null, "episodes": 1, "duration": 4, "genres": [], "averageScore": null, "trending": 0, "popularity": 15, "streamingEpisodes": [], "coverImage": {"large": "https://s3.anilist.co/media/anime/cover/medium/103381-dUTVWgmbPuHw.jpg", "medium": "https://s3.anilist.co/media/anime/cover/small/103381-dUTVWgmbPuHw.jpg"}, "bannerImage": null, "isAdult": false, "format": "MOVIE"}, {"id": 103382, "title": {"romaji": "Blend", "english": null}, "type": "ANIME", "status": "FINISHED", "description": "This short experiments with the flow of oil ink over the surface of the water. Mizue manipulated the ink by blowing with straws or stirring with toothpicks and used stop motion animation techniques to shoot the resulting effects.\n<br><br>\n(Source: MAL)", "startDate": {"year": 2009, "month": null, "day": null}, "endDate": {"year": 2009, "month": null, "day": null}, "season": null, "episodes": 1, "duration": 1, "genres": [], "averageScore": null, "trending": 0, "popularity": 10, "streamingEpisodes": [], "coverImage": {"large": "https://s3.anilist.co/media/anime/cover/medium/103382-O5ksUiKyFWUm.jpg", "medium": "https://s3.anilist.co/media/anime/cover/small/103382-O5ksUiKyFWUm.jpg"}, "bannerImage": null, "isAdult": false, "format": "MOVIE"}, {"id": 103383, "title": {"romaji": "Minamo", "english": null}, "type": "ANIME", "status": "FINISHED", "description": "Made by a frame-by-frame shooting of ink streaming on the surface of water.\n<br><br>\n(source:  Official Vimeo Channel)", "startDate": {"year": 2003, "month": null, "day": null}, "endDate": {"year": 2003, "month": null, "day": null}, "season": null, "episodes": 1, "duration": 2, "genres": [], "averageScore": null, "trending": 0, "popularity": 10, "streamingEpisodes": [], "coverImage": {"large": "https://s3.anilist.co/media/anime/cover/medium/103383-FrX5NqKu7KtP.jpg", "medium": "https://s3.anilist.co/media/anime/cover/small/103383-FrX5NqKu7KtP.jpg"}, "bannerImage": null, "isAdult": false, "format": "MOVIE"}, {"id": 103384, "title": {"romaji": "Fantastic Cell", "english": null}, "type": "ANIME", "status": "FINISHED", "description": "Mirai Mizue's debut animation short film.", "startDate": {"year": 2003, "month": null, "day": null}, "endDate": {"year": 2003, "month": null, "day": null}, "season": null, "episodes": 1, "duration": 6, "genres": [], "averageScore": null, "trending": 0, "popularity": 19, "streamingEpisodes": [], "coverImage": {"large": "https://s3.anilist.co/media/anime/cover/medium/103384-tpeiueF0Wlol.jpg", "medium": "https://s3.anilist.co/media/anime/cover/small/103384-tpeiueF0Wlol.jpg"}, "bannerImage": null, "isAdult": false, "format": "MOVIE"}, {"id": 103385, "title": {"romaji": "Marude Sekai", "english": null}, "type": "ANIME", "status": "FINISHED", "description": "Music video for the song \"Marude Sekai\" by Yasuo Yamada that was featured on NHK's Minna no Uta program.", "startDate": {"year": 1984, "month": null, "day": null}, "endDate": {"year": 1984, "month": null, "day": null}, "season": null, "episodes": 1, "duration": 2, "genres": ["Music"], "averageScore": null, "trending": 0, "popularity": 9, "streamingEpisodes": [], "coverImage": {"large": "https://s3.anilist.co/media/anime/cover/medium/103385-6qGAGfKKq15x.jpg", "medium": "https://s3.anilist.co/media/anime/cover/small/103385-6qGAGfKKq15x.jpg"}, "bannerImage": null, "isAdult": false, "format": "MUSIC"}, {"id": 103386, "title": {"romaji": "Wingcle Bear Hamkkehaneun Lomentig Hwaiteudei", "english": null}, "type": "ANIME", "status": "FINISHED", "description": "A short animation celebrating White Day.", "startDate": {"year": 2013, "month": 3, "day": 7}, "endDate": {"year": 2013, "month": 3, "day": 7}, "season": null, "episodes": 1, "duration": 1, "genres": [], "averageScore": null, "trending": 0, "popularity": 12, "streamingEpisodes": [], "coverImage": {"large": "https://s3.anilist.co/media/anime/cover/medium/nx103386-9I6SnuT7r9aj.jpg", "medium": "https://s3.anilist.co/media/anime/cover/small/nx103386-9I6SnuT7r9aj.jpg"}, "bannerImage": null, "isAdult": false, "format": "ONA"}, {"id": 103387, "title": {"romaji": "Sara Ke Puccho", "english": null}, "type": "ANIME", "status": "FINISHED", "description": "UHA Mikakutou is a candy company that makes a chewy confectionery called Puccho. The candy has mascots and the company collaborated with Ryou Inoue for an anime short with these mascots in a Revolutionary Girl Utena inspired feature. Special LINE stamps were also available in honor of the collaboration.\n<br><br>", "startDate": {"year": 2015, "month": 1, "day": 20}, "endDate": {"year": 2015, "month": 1, "day": 20}, "season": null, "episodes": 1, "duration": 4, "genres": ["Comedy"], "averageScore": null, "trending": 0, "popularity": 3, "streamingEpisodes": [], "coverImage": {"large": "https://s3.anilist.co/media/anime/cover/medium/nx103387-paBYUnzQf350.jpg", "medium": "https://s3.anilist.co/media/anime/cover/small/nx103387-paBYUnzQf350.jpg"}, "bannerImage": null, "isAdult": false, "format": "ONA"}, {"id": 103388, "title": {"romaji": "Padak Padak", "english": "PADAK"}, "type": "ANIME", "status": "FINISHED", "description": "A mackerel from the sea attempts to escape from a restaurant! Padak is a mackerel from the sea, who is caught in a net and gets dumped into a restaurant tank. An old flatfish is the only one that's survived very long. He gains the trust of other fish with his survival skills. Thanks to Padak, who attempts to make it back to the ocean, the peace in the tank is shattered and conflicts with the old flatfish get bigger and bigger.\n<br><br>\n(Source: IMDb)", "startDate": {"year": 2012, "month": 7, "day": 25}, "endDate": {"year": 2012, "month": 7, "day": 25}, "season": null, "episodes": 1, "duration": 78, "genres": ["Drama"], "averageScore": null, "trending": 0, "popularity": 9, "streamingEpisodes": [], "coverImage": {"large": "https://s3.anilist.co/media/anime/cover/medium/nx103388-tfet0wCc825p.jpg", "medium": "https://s3.anilist.co/media/anime/cover/small/nx103388-tfet0wCc825p.jpg"}, "bannerImage": null, "isAdult": false, "format": "MOVIE"}, {"id": 103389, "title": {"romaji": "Renai Saiban", "english": "Love Trial"}, "type": "ANIME", "status": "FINISHED", "description": "Willingness to atone for one's sins by life in prison.", "startDate": {"year": 2014, "month": 6, "day": 10}, "endDate": {"year": 2014, "month": 6, "day": 10}, "season": null, "episodes": 1, "duration": 3, "genres": ["Music", "Romance"], "averageScore": null, "trending": 0, "popularity": 14, "streamingEpisodes": [], "coverImage": {"large": "https://s3.anilist.co/media/anime/cover/medium/103389-s5O94UiPXfhE.jpg", "medium": "https://s3.anilist.co/media/anime/cover/small/103389-s5O94UiPXfhE.jpg"}, "bannerImage": null, "isAdult": false, "format": "MUSIC"}, {"id": 103390, "title": {"romaji": "Karma", "english": null}, "type": "ANIME", "status": "FINISHED", "description": "\"In his early experimental short Karma (\u30ab\u30eb\u30de, 1977), Aihara uses water as his central motif. The film is hand drawn and appears to be shot on 16mm using a blue filter. At first we can only see tiny specks on the screen, coming and going like snow flurries. The specks gradually grow larger and take the shape of bubbles, then even larger into rivulets of water on a transparent surface.\"\n<br><br>\n(Source: Nishikata Film Review)", "startDate": {"year": 1977, "month": null, "day": null}, "endDate": {"year": 1977, "month": null, "day": null}, "season": null, "episodes": 1, "duration": 2, "genres": [], "averageScore": null, "trending": 0, "popularity": 10, "streamingEpisodes": [], "coverImage": {"large": "https://s3.anilist.co/media/anime/cover/medium/nx103390-l8ORxtfrhLkO.png", "medium": "https://s3.anilist.co/media/anime/cover/small/nx103390-l8ORxtfrhLkO.png"}, "bannerImage": null, "isAdult": false, "format": "MOVIE"}, {"id": 103391, "title": {"romaji": "MTV Ident: Horny", "english": null}, "type": "ANIME", "status": null, "description": "Short Animation for MTV Japan by Sawako Kabuki, Music by Seinosuke Saeki.", "startDate": {"year": 2017, "month": null, "day": null}, "endDate": {"year": 2017, "month": null, "day": null}, "season": null, "episodes": 1, "duration": null, "genres": ["Ecchi"], "averageScore": null, "trending": 0, "popularity": 14, "streamingEpisodes": [], "coverImage": {"large": "https://s3.anilist.co/media/anime/cover/medium/103391-ffkEQHwhx65D.jpg", "medium": "https://s3.anilist.co/media/anime/cover/small/103391-ffkEQHwhx65D.jpg"}, "bannerImage": null, "isAdult": false, "format": "MUSIC"}, {"id": 103392, "title": {"romaji": "Nanatsu-iro REALiZE", "english": null}, "type": "ANIME", "status": "FINISHED", "description": "Official music video for IDOLiSH7's song Nanatsu-iro REALiZE also released on the album of the same name.", "startDate": {"year": 2018, "month": 4, "day": 4}, "endDate": {"year": 2018, "month": 4, "day": 4}, "season": null, "episodes": 1, "duration": 4, "genres": ["Music"], "averageScore": null, "trending": 0, "popularity": 42, "streamingEpisodes": [], "coverImage": {"large": "https://s3.anilist.co/media/anime/cover/medium/103392-mpg9EVtCBrgM.jpg", "medium": "https://s3.anilist.co/media/anime/cover/small/103392-mpg9EVtCBrgM.jpg"}, "bannerImage": null, "isAdult": false, "format": "MUSIC"}, {"id": 103393, "title": {"romaji": "RESTART POiNTER", "english": null}, "type": "ANIME", "status": "FINISHED", "description": "Official music video for IDOLiSH7's song \"RESTART POiNTER.\"", "startDate": {"year": 2016, "month": 6, "day": 10}, "endDate": {"year": 2016, "month": 6, "day": 10}, "season": null, "episodes": 1, "duration": 3, "genres": ["Music"], "averageScore": null, "trending": 0, "popularity": 64, "streamingEpisodes": [], "coverImage": {"large": "https://s3.anilist.co/media/anime/cover/medium/103393-PGZXq1VtyrkJ.jpg", "medium": "https://s3.anilist.co/media/anime/cover/small/103393-PGZXq1VtyrkJ.jpg"}, "bannerImage": null, "isAdult": false, "format": "MUSIC"}, {"id": 103394, "title": {"romaji": "MONSTER GENERATiON", "english": null}, "type": "ANIME", "status": "FINISHED", "description": "Official music video for IDOLiSH7's MONSTER GENERATiON album.", "startDate": {"year": 2015, "month": 7, "day": 23}, "endDate": {"year": 2015, "month": 7, "day": 23}, "season": null, "episodes": 1, "duration": 2, "genres": ["Music"], "averageScore": null, "trending": 0, "popularity": 60, "streamingEpisodes": [], "coverImage": {"large": "https://s3.anilist.co/media/anime/cover/medium/103394-tLWWjogbFJcq.jpg", "medium": "https://s3.anilist.co/media/anime/cover/small/103394-tLWWjogbFJcq.jpg"}, "bannerImage": null, "isAdult": false, "format": "MUSIC"}, {"id": 103395, "title": {"romaji": "DIAMOND FUSION", "english": null}, "type": "ANIME", "status": "FINISHED", "description": "Official music video for TRIGGER's song DIAMOND FUSION also released on their \"HEAVENLY VISITOR\" album. The male idol group is primarily a rival to IDOLiSH7, the latter of which is also the name of the overall game franchise being adapted.", "startDate": {"year": 2018, "month": 4, "day": 30}, "endDate": {"year": 2018, "month": 4, "day": 30}, "season": null, "episodes": 1, "duration": 4, "genres": ["Music"], "averageScore": null, "trending": 0, "popularity": 53, "streamingEpisodes": [], "coverImage": {"large": "https://s3.anilist.co/media/anime/cover/medium/nx103395-EAia55dmEuFI.jpg", "medium": "https://s3.anilist.co/media/anime/cover/small/nx103395-EAia55dmEuFI.jpg"}, "bannerImage": null, "isAdult": false, "format": "MUSIC"}, {"id": 103396, "title": {"romaji": "MEMORiES MELODiES", "english": null}, "type": "ANIME", "status": "FINISHED", "description": "Official music video for IDOLiSH7's song \"MEMORiES MELODiES. It was also included on the \"MONSTER GENERATiON\" album.", "startDate": {"year": 2015, "month": 12, "day": 1}, "endDate": {"year": 2015, "month": 12, "day": 1}, "season": null, "episodes": 1, "duration": 5, "genres": ["Music"], "averageScore": null, "trending": 0, "popularity": 69, "streamingEpisodes": [], "coverImage": {"large": "https://s3.anilist.co/media/anime/cover/medium/103396-ak9QrggFsWhl.jpg", "medium": "https://s3.anilist.co/media/anime/cover/small/103396-ak9QrggFsWhl.jpg"}, "bannerImage": null, "isAdult": false, "format": "MUSIC"}, {"id": 103397, "title": {"romaji": "DAYBREAK INTERLUDE", "english": null}, "type": "ANIME", "status": "FINISHED", "description": "Official music video for TRIGGER's song DAYBREAK INTERLUDE also released on their \"REGALITY\" album. The male idol group is primarily a rival to IDOLiSH7, the latter of which is also the name of the overall game franchise being adapted.", "startDate": {"year": 2017, "month": 9, "day": 11}, "endDate": {"year": 2017, "month": 9, "day": 11}, "season": null, "episodes": 1, "duration": 5, "genres": ["Music"], "averageScore": null, "trending": 0, "popularity": 41, "streamingEpisodes": [], "coverImage": {"large": "https://s3.anilist.co/media/anime/cover/medium/103397-jMk33hLkYfSS.jpg", "medium": "https://s3.anilist.co/media/anime/cover/small/103397-jMk33hLkYfSS.jpg"}, "bannerImage": null, "isAdult": false, "format": "MUSIC"}, {"id": 103398, "title": {"romaji": "Leopard Eyes", "english": null}, "type": "ANIME", "status": "FINISHED", "description": "Official music video for TRIGGER's song Leopard Eyes also released on the album \"SECRET NIGHT.\" The male idol group is primarily a rival to IDOLiSH7, the latter of which is also the name of the overall game franchise being adapted.", "startDate": {"year": 2015, "month": 12, "day": 15}, "endDate": {"year": 2015, "month": 12, "day": 15}, "season": null, "episodes": 1, "duration": 4, "genres": ["Music"], "averageScore": null, "trending": 0, "popularity": 54, "streamingEpisodes": [], "coverImage": {"large": "https://s3.anilist.co/media/anime/cover/medium/103398-H532YLtYT5Nu.jpg", "medium": "https://s3.anilist.co/media/anime/cover/small/103398-H532YLtYT5Nu.jpg"}, "bannerImage": null, "isAdult": false, "format": "MUSIC"}, {"id": 103399, "title": {"romaji": "Yamaguchi Sanchi no Tsutomu-kun", "english": null}, "type": "ANIME", "status": "FINISHED", "description": "A music video for the song by Keiji Kawahashi that was featured on NHK's Minna no Uta Program.", "startDate": {"year": 1976, "month": null, "day": null}, "endDate": {"year": 1976, "month": null, "day": null}, "season": null, "episodes": 1, "duration": 2, "genres": ["Music"], "averageScore": null, "trending": 0, "popularity": 7, "streamingEpisodes": [], "coverImage": {"large": "https://s3.anilist.co/media/anime/cover/medium/103399-xPWJvVLDMslk.jpg", "medium": "https://s3.anilist.co/media/anime/cover/small/103399-xPWJvVLDMslk.jpg"}, "bannerImage": null, "isAdult": false, "format": "MUSIC"}, {"id": 103400, "title": {"romaji": "Hatoya", "english": null}, "type": "ANIME", "status": "FINISHED", "description": "A surreal take on The Honest Woodcutter as a promotion for DJ Shugo's \"Otoko-darake no Dai Enkai\" music event.", "startDate": {"year": 2012, "month": 3, "day": 28}, "endDate": {"year": 2012, "month": 3, "day": 28}, "season": null, "episodes": 1, "duration": 2, "genres": ["Music"], "averageScore": null, "trending": 0, "popularity": 7, "streamingEpisodes": [], "coverImage": {"large": "https://s3.anilist.co/media/anime/cover/medium/103400-Wt4bpQgnBKud.jpg", "medium": "https://s3.anilist.co/media/anime/cover/small/103400-Wt4bpQgnBKud.jpg"}, "bannerImage": null, "isAdult": false, "format": "ONA"}, {"id": 103401, "title": {"romaji": "Da Wei Bei Ken Zhi Daomei Tegong Xiong", "english": "Backkom Bear: Agent 008"}, "type": "ANIME", "status": "FINISHED", "description": "A Chinese adaptation of the international Backkom franchise.\n<br><br>\nThe film tells of Backoom the immortal bear taking a chance to accept training to be a secret agent (like James Bond) which he goes on an adventure and saves the world.\n<br><br>\n(Source: MAL)", "startDate": {"year": 2017, "month": 1, "day": 13}, "endDate": {"year": 2017, "month": 1, "day": 13}, "season": null, "episodes": 1, "duration": 90, "genres": ["Adventure", "Comedy"], "averageScore": null, "trending": 0, "popularity": 7, "streamingEpisodes": [], "coverImage": {"large": "https://s3.anilist.co/media/anime/cover/medium/nx103401-k3Ka3XiUb6cz.jpg", "medium": "https://s3.anilist.co/media/anime/cover/small/nx103401-k3Ka3XiUb6cz.jpg"}, "bannerImage": null, "isAdult": false, "format": "MOVIE"}, {"id": 103402, "title": {"romaji": "Sensou no Tsukurikata", "english": "What Happens Before War?"}, "type": "ANIME", "status": "FINISHED", "description": "Short anti-war animation adapting the picture book Sensou no Tsukurikata. It was created by the group NOddIN.", "startDate": {"year": 2016, "month": 2, "day": 10}, "endDate": {"year": 2016, "month": 2, "day": 10}, "season": null, "episodes": 1, "duration": 7, "genres": ["Drama"], "averageScore": null, "trending": 0, "popularity": 11, "streamingEpisodes": [], "coverImage": {"large": "https://s3.anilist.co/media/anime/cover/medium/nx103402-mBrMz78ff5Ka.jpg", "medium": "https://s3.anilist.co/media/anime/cover/small/nx103402-mBrMz78ff5Ka.jpg"}, "bannerImage": null, "isAdult": false, "format": "ONA"}, {"id": 103403, "title": {"romaji": "Yuki no Hi no Tayori", "english": null}, "type": "ANIME", "status": "FINISHED", "description": "A music video for the song by Youko Yoda that was featured on NHK's Minna no Uta program.\n<br><br>\nA little girl reminisces in winter of what spring will bring.\n<br><br>\n(Source: MAL)", "startDate": {"year": 1978, "month": null, "day": null}, "endDate": {"year": 1978, "month": null, "day": null}, "season": null, "episodes": 1, "duration": 2, "genres": ["Music"], "averageScore": null, "trending": 0, "popularity": 14, "streamingEpisodes": [], "coverImage": {"large": "https://s3.anilist.co/media/anime/cover/medium/103403-CUmnChTQZx4g.jpg", "medium": "https://s3.anilist.co/media/anime/cover/small/103403-CUmnChTQZx4g.jpg"}, "bannerImage": null, "isAdult": false, "format": "MOVIE"}, {"id": 103404, "title": {"romaji": "Spacy", "english": null}, "type": "ANIME", "status": "FINISHED", "description": "Film by Takashi Ito.", "startDate": {"year": 1981, "month": null, "day": null}, "endDate": {"year": 1981, "month": null, "day": null}, "season": null, "episodes": 1, "duration": 9, "genres": [], "averageScore": null, "trending": 0, "popularity": 23, "streamingEpisodes": [], "coverImage": {"large": "https://s3.anilist.co/media/anime/cover/medium/nx103404-bYxXLgGuuAuq.jpg", "medium": "https://s3.anilist.co/media/anime/cover/small/nx103404-bYxXLgGuuAuq.jpg"}, "bannerImage": null, "isAdult": false, "format": "MOVIE"}, {"id": 103405, "title": {"romaji": "Kimi wa Sou Kimeta", "english": "You just decided"}, "type": "ANIME", "status": "FINISHED", "description": "An animated music video for Yura Yura Teikoku's song \"Kimi wa Sou Kimeta\".", "startDate": {"year": 2011, "month": 11, "day": 15}, "endDate": {"year": 2011, "month": 11, "day": 15}, "season": null, "episodes": 1, "duration": 5, "genres": ["Music"], "averageScore": null, "trending": 0, "popularity": 13, "streamingEpisodes": [], "coverImage": {"large": "https://s3.anilist.co/media/anime/cover/medium/103405-csh1AiTAlLMp.jpg", "medium": "https://s3.anilist.co/media/anime/cover/small/103405-csh1AiTAlLMp.jpg"}, "bannerImage": null, "isAdult": false, "format": "MUSIC"}, {"id": 103406, "title": {"romaji": "Age of Obscure: Boubaku Jidai", "english": null}, "type": "ANIME", "status": "FINISHED", "description": "Short film by Mirai Mizue and Onohana with music by Twoth.", "startDate": {"year": 2016, "month": null, "day": null}, "endDate": {"year": 2016, "month": null, "day": null}, "season": null, "episodes": 1, "duration": 4, "genres": [], "averageScore": null, "trending": 0, "popularity": 9, "streamingEpisodes": [], "coverImage": {"large": "https://s3.anilist.co/media/anime/cover/medium/103406-x1KX4SGZtw5G.jpg", "medium": "https://s3.anilist.co/media/anime/cover/small/103406-x1KX4SGZtw5G.jpg"}, "bannerImage": null, "isAdult": false, "format": "MOVIE"}, {"id": 103407, "title": {"romaji": "The Baby Birds of Norman McLaren", "english": null}, "type": "ANIME", "status": "FINISHED", "description": "Celebrating the 100th year of birth of Norman McLaren, this short animation is set to the song \"Poker\" by Shugo Tokumaru and is the \"sister piece\" to its music video, also animated by Mirai Mizue and Yukie Tanauchi. It was made as part of the NFB \"Wall-to-Wall\" contest.\n<br><br>\n(Source: MAL)", "startDate": {"year": 2014, "month": 4, "day": 15}, "endDate": {"year": 2014, "month": 4, "day": 15}, "season": null, "episodes": 1, "duration": 3, "genres": ["Music"], "averageScore": null, "trending": 0, "popularity": 17, "streamingEpisodes": [], "coverImage": {"large": "https://s3.anilist.co/media/anime/cover/medium/nx103407-RcNXfJJZ6gXK.jpg", "medium": "https://s3.anilist.co/media/anime/cover/small/nx103407-RcNXfJJZ6gXK.jpg"}, "bannerImage": null, "isAdult": false, "format": "MOVIE"}, {"id": 103408, "title": {"romaji": "Tensai Banpaku Opening", "english": null}, "type": "ANIME", "status": "FINISHED", "description": "Opening animation for Tensai Banpaku Genius Expo directed by Mirai Mizue.", "startDate": {"year": 2014, "month": 12, "day": 29}, "endDate": {"year": 2014, "month": 12, "day": 29}, "season": null, "episodes": 1, "duration": 4, "genres": [], "averageScore": null, "trending": 0, "popularity": 22, "streamingEpisodes": [], "coverImage": {"large": "https://s3.anilist.co/media/anime/cover/medium/nx103408-XVtemkPnLhN7.jpg", "medium": "https://s3.anilist.co/media/anime/cover/small/nx103408-XVtemkPnLhN7.jpg"}, "bannerImage": null, "isAdult": false, "format": "ONA"}, {"id": 103409, "title": {"romaji": "Playground", "english": null}, "type": "ANIME", "status": "FINISHED", "description": "Another experimental film by Mirai Mizue.", "startDate": {"year": 2010, "month": null, "day": null}, "endDate": {"year": 2010, "month": null, "day": null}, "season": null, "episodes": 1, "duration": 3, "genres": [], "averageScore": null, "trending": 0, "popularity": 16, "streamingEpisodes": [], "coverImage": {"large": "https://s3.anilist.co/media/anime/cover/medium/103409-C7alcexpObdR.jpg", "medium": "https://s3.anilist.co/media/anime/cover/small/103409-C7alcexpObdR.jpg"}, "bannerImage": null, "isAdult": false, "format": "MOVIE"}, {"id": 103410, "title": {"romaji": "Yubi wo Nusunda Onna", "english": "Woman Who Stole Fingers"}, "type": "ANIME", "status": "FINISHED", "description": "One day, a boy who separated from his mother's hand is deprived of his fingers.When mother's love shows another side, His fingers become a larva and part from his hand.The house stands as concealed a relationship between the two from anyone.How does the boy who is deprived of his finger grow up?\n<br><br>\n(Source: Geidai Animation)", "startDate": {"year": 2010, "month": null, "day": null}, "endDate": {"year": 2010, "month": null, "day": null}, "season": null, "episodes": 1, "duration": 4, "genres": ["Supernatural"], "averageScore": null, "trending": 0, "popularity": 44, "streamingEpisodes": [], "coverImage": {"large": "https://s3.anilist.co/media/anime/cover/medium/103410-UkOicCH3ycAV.jpg", "medium": "https://s3.anilist.co/media/anime/cover/small/103410-UkOicCH3ycAV.jpg"}, "bannerImage": null, "isAdult": false, "format": "MOVIE"}]}}}