{"data": {"Page": {"pageInfo": {"total": 12297, "hasNextPage": true}, "media": [{"id": 10153, "title": {"romaji": "Mahou Shoujo Lyrical Nanoha: The Movie 2nd A's", "english": "Magical Girl Lyrical Nanoha: The Movie 2nd A's"}, "type": "ANIME", "status": "FINISHED", "description": "Sequel of Mahou Shoujo Lyrical Nanoha The Movie 1st.", "startDate": {"year": 2012, "month": 7, "day": 14}, "endDate": {"year": 2012, "month": 7, "day": 14}, "season": "SUMMER", "episodes": 1, "duration": 138, "genres": ["Action", "Comedy", "Drama", "Mahou Shoujo"], "averageScore": 80, "trending": 0, "popularity": 2087, "streamingEpisodes": [], "coverImage": {"large": "https://s3.anilist.co/media/anime/cover/medium/10153.jpg", "medium": "https://s3.anilist.co/media/anime/cover/small/10153.jpg"}, "bannerImage": null, "isAdult": false, "format": "MOVIE"}, {"id": 10155, "title": {"romaji": "Dog Days", "english": null}, "type": "ANIME", "status": "FINISHED", "description": "Republic of Biscotti faces a predicament by the invasion of Galette Leo Knights. In order to save the country, Princess Milchore summons a \"hero\" from the outer world. Cinque, a junior high school boy living in the Earth, is chosen as the hero.", "startDate": {"year": 2011, "month": 4, "day": 2}, "endDate": {"year": 2011, "month": 6, "day": 25}, "season": "SPRING", "episodes": 13, "duration": 24, "genres": ["Action", "Adventure", "Fantasy"], "averageScore": 67, "trending": 0, "popularity": 9923, "streamingEpisodes": [{"title": "Episode 01 - A Hero is Born!", "url": "http://www.crunchyroll.com/dog-days/episode-01-a-hero-is-born-609927"}, {"title": "Episode 02 - The First Battle!", "url": "http://www.crunchyroll.com/dog-days/episode-02-the-first-battle-609929"}, {"title": "Episode 03 - I Want to Go Back! I Can't Go Back? Hero in Flonyard", "url": "http://www.crunchyroll.com/dog-days/episode-03-i-want-to-go-back-i-cant-go-back-hero-in-flonyard-609931"}, {"title": "Episode 04 - Charge! Princess Recovery Battle!!", "url": "http://www.crunchyroll.com/dog-days/episode-04-charge-princess-recovery-battle-609933"}, {"title": "Episode 05 - Fierce Battle at Fortress Mion!", "url": "http://www.crunchyroll.com/dog-days/episode-05-fierce-battle-at-fortress-mion-609935"}, {"title": "Episode 06 - Star Reading Princess", "url": "http://www.crunchyroll.com/dog-days/episode-06-star-reading-princess-609937"}, {"title": "Episode 07 - Declaration of War", "url": "http://www.crunchyroll.com/dog-days/episode-07-declaration-of-war-609939"}, {"title": "Episode 08 - The War Starts", "url": "http://www.crunchyroll.com/dog-days/episode-08-the-war-starts-609941"}, {"title": "Episode 09 - Battle of Grana Fortress", "url": "http://www.crunchyroll.com/dog-days/episode-09-battle-of-grana-fortress-609943"}, {"title": "Episode 10 - Hero, Princess, and a Ray of Hope", "url": "http://www.crunchyroll.com/dog-days/episode-10-hero-princess-and-a-ray-of-hope-609945"}, {"title": "Episode 11 - Like a Flower Dancing in the Night Sky", "url": "http://www.crunchyroll.com/dog-days/episode-11-like-a-flower-dancing-in-the-night-sky-609947"}, {"title": "Episode 12 - Four Conditions", "url": "http://www.crunchyroll.com/dog-days/episode-12-four-conditions-609949"}, {"title": "Episode 13 - The Promise", "url": "http://www.crunchyroll.com/dog-days/episode-13-the-promise-609951"}], "coverImage": {"large": "https://s3.anilist.co/media/anime/cover/medium/10155.jpg", "medium": "https://s3.anilist.co/media/anime/cover/small/10155.jpg"}, "bannerImage": "https://s3.anilist.co/media/anime/banner/10155-E433GYveGz8I.jpg", "isAdult": false, "format": "TV"}, {"id": 10156, "title": {"romaji": "Sacred Seven", "english": null}, "type": "ANIME", "status": "FINISHED", "description": "Alma Tandoji lives a lonely life. One day, Ruri Alba, a girl accompanied by her butler and maids, visits him. Knowing the power of Sacred Seven is latent within Alma, she asks him to lend her his powers. However, he refuses and drives her away since he injured many with his unusual strength in the past.<br><br>\nMeanwhile, a fiendish Dark Stone creature suddenly appears in this peaceful town in the Kanto region. Only Alma's power of Sacred Seven can fight against it. But Alma just lets his power run amuck and things begin to get worse. Ruri raised her gemstone in order to release his true abilities, My Soul I give to you. <br><br>\nWith Ruri's wishes engraved in it, will Alma be able to defeat the Dark Stone?", "startDate": {"year": 2011, "month": 7, "day": 3}, "endDate": {"year": 2011, "month": 9, "day": 16}, "season": "SUMMER", "episodes": 12, "duration": 24, "genres": ["Action", "Sci-Fi"], "averageScore": 60, "trending": 0, "popularity": 4404, "streamingEpisodes": [], "coverImage": {"large": "https://s3.anilist.co/media/anime/cover/medium/10156.jpg", "medium": "https://s3.anilist.co/media/anime/cover/small/10156.jpg"}, "bannerImage": null, "isAdult": false, "format": "TV"}, {"id": 10161, "title": {"romaji": "No.6", "english": "No.6"}, "type": "ANIME", "status": "FINISHED", "description": "In a near future world, after the last great war, most of mankind lives in a handful of city states. There, for the privileged elite, life should be perfect. But for young Shion, the only thing perfect has been the nightmare his life has become since letting a strange boy called Rat spend the night in his apartment.<br><br>\nBanished to the outskirts of the city and stripped of all privileges for helping the mysterious stranger who has since disappeared, Shion now finds himself in even worse danger as his inquiry into a new series of mysterious deaths results in his being arrested on suspicion of murder! <br><br>\nBut even as Shion is being sent to the city's Correctional Institute, the long-missing Rat reappears to rescue him! Now on the run, the two young men have only one chance at survival: uncover the mysterious secrets that lie at the sinister heart of No. 6!<br><br>\n(Source: RightStuf)", "startDate": {"year": 2011, "month": 7, "day": 8}, "endDate": {"year": 2011, "month": 9, "day": 16}, "season": "SUMMER", "episodes": 11, "duration": 23, "genres": ["Action", "Sci-Fi"], "averageScore": 70, "trending": 0, "popularity": 13619, "streamingEpisodes": [{"title": "Episode 1 - Drowned Rat", "url": "http://www.crunchyroll.com/no-6/episode-1-drowned-rat-581084"}, {"title": "Episode 2 - City Adorned in Light", "url": "http://www.crunchyroll.com/no-6/episode-2-city-adorned-in-light-581182"}, {"title": "Episode 3 - Life and Death", "url": "http://www.crunchyroll.com/no-6/episode-3-life-and-death-581364"}, {"title": "Episode 4 - Good and Evil", "url": "http://www.crunchyroll.com/no-6/episode-4-good-and-evil-581366"}, {"title": "Episode 5 - Angel of Death", "url": "http://www.crunchyroll.com/no-6/episode-5-angel-of-death-581368"}, {"title": "Episode 6 - Hidden Danger", "url": "http://www.crunchyroll.com/no-6/episode-6-hidden-danger-581370"}, {"title": "Episode 7 - True Lies - Empty Truth", "url": "http://www.crunchyroll.com/no-6/episode-7-true-lies-empty-truth-581372"}, {"title": "Episode 8 - The Reason...", "url": "http://www.crunchyroll.com/no-6/episode-8-the-reason-581374"}, {"title": "Episode 9 - Stage for Disaster", "url": "http://www.crunchyroll.com/no-6/episode-9-stage-for-disaster-581376"}, {"title": "Episode 10 - What Lies in the Abyss", "url": "http://www.crunchyroll.com/no-6/episode-10-what-lies-in-the-abyss-581378"}, {"title": "Episode 11 - Tell Me the Truth", "url": "http://www.crunchyroll.com/no-6/episode-11-tell-me-the-truth-581380"}], "coverImage": {"large": "https://s3.anilist.co/media/anime/cover/medium/10161.jpg", "medium": "https://s3.anilist.co/media/anime/cover/small/10161.jpg"}, "bannerImage": "https://s3.anilist.co/media/anime/banner/10161-GbnVZzkRxwU2.jpg", "isAdult": false, "format": "TV"}, {"id": 10162, "title": {"romaji": "Usagi Drop", "english": "Bunny Drop"}, "type": "ANIME", "status": "FINISHED", "description": "Going home from his grandfather's funeral, thirty-year-old Daikichi is floored to discover that the old man had an illegitimate child with a younger lover. The rest of his family is equally shocked and embarrassed by this surprise development, and not one of them wants anything to do with the silent little girl, Rin Kaga. In a fit of anger, Daikichi decides to take her in himself. As Daikichi nurtures Rin, he started to understand the struggle while at the same time the joy of parenting.\n<br>\n(Source: ANN)", "startDate": {"year": 2011, "month": 7, "day": 8}, "endDate": {"year": 2011, "month": 9, "day": 16}, "season": "SUMMER", "episodes": 11, "duration": 22, "genres": ["Slice of Life"], "averageScore": 83, "trending": 2, "popularity": 21893, "streamingEpisodes": [{"title": "Official Preview", "url": "http://www.crunchyroll.com/usagi-drop/usagi-drop-official-preview-580450"}, {"title": "Episode 1 - The Bellflower Girl", "url": "http://www.crunchyroll.com/usagi-drop/episode-1-the-bellflower-girl-580582"}, {"title": "Episode 2 - Pinky Swear", "url": "http://www.crunchyroll.com/usagi-drop/episode-2-pinky-swear-580730"}, {"title": "Episode 3 - Daikichi's Decision", "url": "http://www.crunchyroll.com/usagi-drop/episode-3-daikichis-decision-580732"}, {"title": "Episode 4 - Letter", "url": "http://www.crunchyroll.com/usagi-drop/episode-4-letter-580734"}, {"title": "Episode 5 - Daikichi Should Stay Daikichi", "url": "http://www.crunchyroll.com/usagi-drop/episode-5-daikichi-should-stay-daikichi-580736"}, {"title": "Episode 6 - My Tree", "url": "http://www.crunchyroll.com/usagi-drop/episode-6-my-tree-580738"}, {"title": "Episode 7 - Secretly Running Away From Home", "url": "http://www.crunchyroll.com/usagi-drop/episode-7-secretly-running-away-from-home-580740"}, {"title": "Episode 8 - Precious to Grandpa", "url": "http://www.crunchyroll.com/usagi-drop/episode-8-precious-to-grandpa-580742"}, {"title": "Episode 9 - A Typhoon Has Come!", "url": "http://www.crunchyroll.com/usagi-drop/episode-9-a-typhoon-has-come-580744"}, {"title": "Episode 10 - Stomach Flu", "url": "http://www.crunchyroll.com/usagi-drop/episode-10-stomach-flu-580746"}, {"title": "Episode 11 - The First Step", "url": "http://www.crunchyroll.com/usagi-drop/episode-11-the-first-step-580748"}], "coverImage": {"large": "https://s3.anilist.co/media/anime/cover/medium/10162-3bHyT8o8hweS.png", "medium": "https://s3.anilist.co/media/anime/cover/small/10162-3bHyT8o8hweS.png"}, "bannerImage": "https://s3.anilist.co/media/anime/banner/10162-CHoa4mll25WM.png", "isAdult": false, "format": "TV"}, {"id": 10163, "title": {"romaji": "C: The Money of Soul and Possibility Control", "english": "[C] - CONTROL - The Money and Soul of Possibility"}, "type": "ANIME", "status": "FINISHED", "description": "The Japanese government was rescued from the brink of financial collapse by the Sovereign Wealth Fund. For its citizens, however, life has not improved and unemployment, crime, suicide, and despair are rampant. Kimimaro, raised by his maternal aunt after the disappearance of his father and the death of his mother, is a scholarship student whose only dream is to live a stable, ordinary life. One day he meets a man who offers him a large sum of money if he will allow his \"future\" to be held as collateral. From then on his fate is radically altered as he's drawn into a mysterious realm known as the Financial District, where he must compete in weekly tournaments called \"deals\" in order to keep his money and avoid losing his future.\r\n(Source: Wikipedia) ", "startDate": {"year": 2011, "month": 4, "day": 15}, "endDate": {"year": 2011, "month": 6, "day": 24}, "season": "SPRING", "episodes": 11, "duration": 22, "genres": ["Action", "Mystery", "Thriller"], "averageScore": 69, "trending": 0, "popularity": 15087, "streamingEpisodes": [], "coverImage": {"large": "https://s3.anilist.co/media/anime/cover/medium/10163.jpg", "medium": "https://s3.anilist.co/media/anime/cover/small/10163.jpg"}, "bannerImage": "https://s3.anilist.co/media/anime/banner/10163-xoaUEkL2Nzx6.jpg", "isAdult": false, "format": "TV"}, {"id": 10165, "title": {"romaji": "Nichijou", "english": "Nichijou - My Ordinary Life"}, "type": "ANIME", "status": "FINISHED", "description": "<i>Nichijou</i> primarily focuses on the daily antics of a trio of childhood friends\u2014high school girls Mio Naganohara, Yuuko Aioi and Mai Minakami\u2014whose stories soon intertwine with the young genius Hakase Shinonome, her robot caretaker Nano, and their talking cat Sakamoto. With every passing day, the lives of these six, as well as of the many people around them, experience both the calms of normal life and the insanity of the absurd. Walking to school, being bitten by a talking crow, spending time with friends, and watching the principal suplex a deer: they are all in a day's work in the extraordinary everyday lives of those in <i>Nichijou</i>. <br>\n<br>\n[Written by MAL Rewrite]", "startDate": {"year": 2011, "month": 4, "day": 3}, "endDate": {"year": 2011, "month": 9, "day": 25}, "season": "SPRING", "episodes": 26, "duration": 23, "genres": ["Comedy", "Slice of Life"], "averageScore": 83, "trending": 0, "popularity": 31907, "streamingEpisodes": [{"title": "Episode 1 - Episode 1", "url": "http://www.crunchyroll.com/nichijou-my-ordinary-life/episode-1-episode-1-773969"}, {"title": "Episode 2 - Episode 2", "url": "http://www.crunchyroll.com/nichijou-my-ordinary-life/episode-2-episode-2-773971"}, {"title": "Episode 3 - Episode 3", "url": "http://www.crunchyroll.com/nichijou-my-ordinary-life/episode-3-episode-3-773973"}, {"title": "Episode 4 - Episode 4", "url": "http://www.crunchyroll.com/nichijou-my-ordinary-life/episode-4-episode-4-773977"}, {"title": "Episode 5 - Episode 5", "url": "http://www.crunchyroll.com/nichijou-my-ordinary-life/episode-5-episode-5-773981"}, {"title": "Episode 6 - Episode 6", "url": "http://www.crunchyroll.com/nichijou-my-ordinary-life/episode-6-episode-6-773985"}, {"title": "Episode 7 - Episode 7", "url": "http://www.crunchyroll.com/nichijou-my-ordinary-life/episode-7-episode-7-773987"}, {"title": "Episode 8 - Episode 8", "url": "http://www.crunchyroll.com/nichijou-my-ordinary-life/episode-8-episode-8-773993"}, {"title": "Episode 9 - Episode 9", "url": "http://www.crunchyroll.com/nichijou-my-ordinary-life/episode-9-episode-9-773995"}, {"title": "Episode 10 - Episode 10", "url": "http://www.crunchyroll.com/nichijou-my-ordinary-life/episode-10-episode-10-774003"}, {"title": "Episode 11 - Episode 11", "url": "http://www.crunchyroll.com/nichijou-my-ordinary-life/episode-11-episode-11-774005"}, {"title": "Episode 12 - Episode 12", "url": "http://www.crunchyroll.com/nichijou-my-ordinary-life/episode-12-episode-12-774009"}, {"title": "Episode 13 - Episode 13", "url": "http://www.crunchyroll.com/nichijou-my-ordinary-life/episode-13-episode-13-774013"}, {"title": "Episode 14 - Episode 14", "url": "http://www.crunchyroll.com/nichijou-my-ordinary-life/episode-14-episode-14-774021"}, {"title": "Episode 15 - Episode 15", "url": "http://www.crunchyroll.com/nichijou-my-ordinary-life/episode-15-episode-15-774023"}, {"title": "Episode 16 - Episode 16", "url": "http://www.crunchyroll.com/nichijou-my-ordinary-life/episode-16-episode-16-774025"}, {"title": "Episode 17 - Episode 17", "url": "http://www.crunchyroll.com/nichijou-my-ordinary-life/episode-17-episode-17-774029"}, {"title": "Episode 18 - Episode 18", "url": "http://www.crunchyroll.com/nichijou-my-ordinary-life/episode-18-episode-18-774033"}, {"title": "Episode 19 - Episode 19", "url": "http://www.crunchyroll.com/nichijou-my-ordinary-life/episode-19-episode-19-774037"}, {"title": "Episode 20 - Episode 20", "url": "http://www.crunchyroll.com/nichijou-my-ordinary-life/episode-20-episode-20-774043"}, {"title": "Episode 21 - Episode 21", "url": "http://www.crunchyroll.com/nichijou-my-ordinary-life/episode-21-episode-21-774047"}, {"title": "Episode 22 - Episode 22", "url": "http://www.crunchyroll.com/nichijou-my-ordinary-life/episode-22-episode-22-774049"}, {"title": "Episode 23 - Episode 23", "url": "http://www.crunchyroll.com/nichijou-my-ordinary-life/episode-23-episode-23-774053"}, {"title": "Episode 24 - Episode 24", "url": "http://www.crunchyroll.com/nichijou-my-ordinary-life/episode-24-episode-24-774055"}, {"title": "Episode 25 - Episode 25", "url": "http://www.crunchyroll.com/nichijou-my-ordinary-life/episode-25-episode-25-774059"}, {"title": "Episode 26 - Episode 26", "url": "http://www.crunchyroll.com/nichijou-my-ordinary-life/episode-26-episode-26-774061"}], "coverImage": {"large": "https://s3.anilist.co/media/anime/cover/medium/nx10165-8M57FttyMui8.png", "medium": "https://s3.anilist.co/media/anime/cover/small/nx10165-8M57FttyMui8.png"}, "bannerImage": "https://s3.anilist.co/media/anime/banner/10165.jpg", "isAdult": false, "format": "TV"}, {"id": 10172, "title": {"romaji": "Freezing Specials", "english": null}, "type": "ANIME", "status": "FINISHED", "description": "These episodes focus on ecchi and comedy and don't have anything to do with the main story of Freezing. ", "startDate": {"year": 2011, "month": 3, "day": 30}, "endDate": {"year": 2011, "month": 8, "day": 24}, "season": "SPRING", "episodes": 6, "duration": 3, "genres": ["Action", "Comedy", "Ecchi"], "averageScore": 60, "trending": 0, "popularity": 2568, "streamingEpisodes": [], "coverImage": {"large": "https://s3.anilist.co/media/anime/cover/medium/10172.jpg", "medium": "https://s3.anilist.co/media/anime/cover/small/10172.jpg"}, "bannerImage": null, "isAdult": false, "format": "SPECIAL"}, {"id": 10177, "title": {"romaji": "DD Hokuto no Ken", "english": null}, "type": "ANIME", "status": "FINISHED", "description": "Super-deformed version of Buronson, Hara Tetsuo's post-apocalyptic fighting manga.<br><br>\nNote: The \"DD\" stands for \"Design Deformation,\" since the characters are only \"two-heads-tall.\"<br><br>\n(Source: AniDB)", "startDate": {"year": 2011, "month": 1, "day": 12}, "endDate": {"year": 2011, "month": 4, "day": 6}, "season": "WINTER", "episodes": 12, "duration": 3, "genres": [], "averageScore": 51, "trending": 0, "popularity": 260, "streamingEpisodes": [], "coverImage": {"large": "https://s3.anilist.co/media/anime/cover/medium/10177.jpg", "medium": "https://s3.anilist.co/media/anime/cover/small/10177.jpg"}, "bannerImage": null, "isAdult": false, "format": "TV_SHORT"}, {"id": 10178, "title": {"romaji": "Otona Joshi no Anime Time", "english": null}, "type": "ANIME", "status": "FINISHED", "description": "A series of animations based on prize-winning short stories for women.<br><br><strong>Kawamo wo Suberu Kaze</strong> (January 7, 2011)<br>\nIn the story, 33-year-old Kanazawa native Noriko had decided long ago not to accept an ordinary, provincial life for herself. So, she had gone to college in Tokyo, worked on her own, married a man at an elite trading firm, and had a child. She has just returned home from five years abroad with her husband and four-year-old son. However, she senses a large emptiness in her heart since coming back. Moreover, there is a man who shares a big secret with Noriko.<br><br><strong>Yuuge</strong> (March 10, 2013)<br>\nMimi, a wife in her late 20s, leaves her family and begins living with a young man.<br><br><strong>Jinsei Best 10</strong> (March 17, 2013)<br>\nHatoko, a business woman, faces her upcoming 40th birthday and reunites with the person with whom she shared her first kiss in middle school, over two decades ago.<br><br><strong>Dokoka Dewanai Koko</strong> (March 24, 2013)<br>\nA 43-year-old housewife gets a glimpse of a complicated relationship between a mother and a daughter.<br><br>\n(Source: ANN) ", "startDate": {"year": 2011, "month": 1, "day": 7}, "endDate": {"year": 2013, "month": 3, "day": 24}, "season": "WINTER", "episodes": 4, "duration": 25, "genres": ["Drama", "Slice of Life"], "averageScore": 70, "trending": 0, "popularity": 1739, "streamingEpisodes": [], "coverImage": {"large": "https://s3.anilist.co/media/anime/cover/medium/10178.jpg", "medium": "https://s3.anilist.co/media/anime/cover/small/10178.jpg"}, "bannerImage": null, "isAdult": false, "format": "SPECIAL"}, {"id": 10180, "title": {"romaji": "Otome Youkai Zakuro Picture Drama", "english": null}, "type": "ANIME", "status": "FINISHED", "description": "Picture dramas included with the first and third limited edition DVD volumes.", "startDate": {"year": 2010, "month": 11, "day": 24}, "endDate": {"year": 2011, "month": 1, "day": 26}, "season": "FALL", "episodes": 2, "duration": 15, "genres": ["Romance", "Supernatural"], "averageScore": 50, "trending": 0, "popularity": 326, "streamingEpisodes": [], "coverImage": {"large": "https://s3.anilist.co/media/anime/cover/medium/10180.jpg", "medium": "https://s3.anilist.co/media/anime/cover/small/10180.jpg"}, "bannerImage": null, "isAdult": false, "format": "SPECIAL"}, {"id": 10187, "title": {"romaji": "Hen Zemi (TV)", "english": null}, "type": "ANIME", "status": "FINISHED", "description": "Matsutaka Nanako is a normal university student, who happened to enroll in an Abnormal Physiology seminar. She tries to keep her mental state sound, but other abnormal classmates start to influence her personality...<br><br>\n(Source: MU)", "startDate": {"year": 2011, "month": 4, "day": 8}, "endDate": {"year": 2011, "month": 7, "day": 1}, "season": "SPRING", "episodes": 13, "duration": 12, "genres": ["Comedy", "Ecchi"], "averageScore": 61, "trending": 0, "popularity": 3598, "streamingEpisodes": [], "coverImage": {"large": "https://s3.anilist.co/media/anime/cover/medium/10187.jpg", "medium": "https://s3.anilist.co/media/anime/cover/small/10187.jpg"}, "bannerImage": null, "isAdult": false, "format": "TV_SHORT"}, {"id": 10189, "title": {"romaji": "Hunter x Hunter Pilot", "english": null}, "type": "ANIME", "status": "FINISHED", "description": "The stand-alone pilot OVA which was shown as part of the \"Jump Super Anime Tour\" of 1998.<br><br>\n(Source: Wikipedia)", "startDate": {"year": 1998, "month": null, "day": null}, "endDate": {"year": 1998, "month": null, "day": null}, "season": null, "episodes": 1, "duration": 25, "genres": ["Action", "Adventure"], "averageScore": 66, "trending": 0, "popularity": 1266, "streamingEpisodes": [], "coverImage": {"large": "https://s3.anilist.co/media/anime/cover/medium/10189.jpg", "medium": "https://s3.anilist.co/media/anime/cover/small/10189.jpg"}, "bannerImage": null, "isAdult": false, "format": "OVA"}, {"id": 10191, "title": {"romaji": "Katte ni Kaizou", "english": null}, "type": "ANIME", "status": "FINISHED", "description": "Katsu Kaizou is a very gullible, 17-year-old high school student and a believer in science fiction, aliens, ghosts, UFOs, conspiracies, etc. He thinks that everything going on around him is the result of some sort of alien plot to take over the world. Each story is pretty much self-contained and is completely bizarre. Kaizou joins the school's science club, makes new friends, and ends up coming in contact with all sorts of strange things like log people, deadly sushi, pee-blades, scary infections, robot invasions, ghosts, living dolls, and more!", "startDate": {"year": 2011, "month": 5, "day": 23}, "endDate": {"year": 2011, "month": 10, "day": 26}, "season": "SPRING", "episodes": 6, "duration": 23, "genres": ["Comedy", "Sci-Fi"], "averageScore": 65, "trending": 0, "popularity": 2713, "streamingEpisodes": [], "coverImage": {"large": "https://s3.anilist.co/media/anime/cover/medium/10191.jpg", "medium": "https://s3.anilist.co/media/anime/cover/small/10191.jpg"}, "bannerImage": null, "isAdult": false, "format": "OVA"}, {"id": 10194, "title": {"romaji": "Badaui Jeonseol Jangbogo", "english": "The Legend of Blue"}, "type": "ANIME", "status": "FINISHED", "description": "In a not too distant future, the government sends a particular earthly force of mercenaries to the ocean aboard a high-tech submarine to be named dragon. Led by the young and able captain Jang, the crew of this ship will face powerful mafias that seek to take control of the seas for purposes not entirely clear. A common appearance adventure takes an unexpected and exciting course when you start to reveal that deep things are not as it seems Mysteries and higher forces become part of history when Jang and his team discovered the legendary golden ship. In this Miterio boat hides much of the secrets that pripulantes the Dragon is must be clearer. All this while waging exciting battles where strategy and courage make a difference. Undoubtedly, the most striking of this intriguing anime series is that it was not made in Japan but in Korea. This country has been instrumental in the technical development of Japanese animation for this last ten years, providing support and manpower to the genre's most important productions. Produced by the prestigious firm seoulmovie. Legend Of Blue accomplished.<br><br>\n(Source: Translated from mcanime.net/foro/viewtopic.php?p=1981317)", "startDate": {"year": 2002, "month": null, "day": null}, "endDate": {"year": 2002, "month": null, "day": null}, "season": null, "episodes": 26, "duration": 25, "genres": ["Action", "Adventure", "Comedy", "Mystery"], "averageScore": null, "trending": 0, "popularity": 57, "streamingEpisodes": [], "coverImage": {"large": "https://s3.anilist.co/media/anime/cover/medium/10194.jpg", "medium": "https://s3.anilist.co/media/anime/cover/small/10194.jpg"}, "bannerImage": null, "isAdult": false, "format": "TV"}, {"id": 10196, "title": {"romaji": "Baby Princess 3D Paradise 0 [Love]", "english": null}, "type": "ANIME", "status": "FINISHED", "description": "A high school senior named Yotaro thought he was an only child &mdash; until he met his real mother and discovered that she has 19 daughters, from 0 to 18 years old. He ends up living with his \"true family.\"", "startDate": {"year": 2011, "month": 7, "day": 20}, "endDate": {"year": 2011, "month": 7, "day": 20}, "season": "SUMMER", "episodes": 1, "duration": 30, "genres": ["Ecchi"], "averageScore": 58, "trending": 0, "popularity": 2147, "streamingEpisodes": [], "coverImage": {"large": "https://s3.anilist.co/media/anime/cover/medium/10196.jpg", "medium": "https://s3.anilist.co/media/anime/cover/small/10196.jpg"}, "bannerImage": null, "isAdult": false, "format": "OVA"}, {"id": 10197, "title": {"romaji": "Nyanpire The Animation", "english": null}, "type": "ANIME", "status": "FINISHED", "description": "A heartwarming story about a stray black cat, who was given blood from a vampire. He was taken in by a girl Misaki and started live with her. Nyanpire's favorite phrase is \"Give me blood nya.\"", "startDate": {"year": 2011, "month": 7, "day": 6}, "endDate": {"year": 2011, "month": 9, "day": 21}, "season": "SUMMER", "episodes": 12, "duration": 4, "genres": ["Comedy", "Supernatural"], "averageScore": 61, "trending": 0, "popularity": 1954, "streamingEpisodes": [], "coverImage": {"large": "https://s3.anilist.co/media/anime/cover/medium/10197.jpg", "medium": "https://s3.anilist.co/media/anime/cover/small/10197.jpg"}, "bannerImage": null, "isAdult": false, "format": "TV_SHORT"}, {"id": 10199, "title": {"romaji": "Super Doll Licca-Chan: Licca-chan Zettai Zetsumei! Doll Knights no Kiseki", "english": null}, "type": "ANIME", "status": "FINISHED", "description": "A fun day at the amusement park is interrupted when the evil witch Dana is reawakened. Queen Yae has sent her after Rika and only the Doll Knights can stop this threat. Meanwhile, Dai and the others must deal with other dangers. <br><br>\n(Source: ANN)", "startDate": {"year": 1999, "month": 7, "day": 31}, "endDate": {"year": 1999, "month": 7, "day": 31}, "season": "SUMMER", "episodes": 1, "duration": 30, "genres": ["Action", "Adventure", "Fantasy"], "averageScore": null, "trending": 0, "popularity": 54, "streamingEpisodes": [], "coverImage": {"large": "https://s3.anilist.co/media/anime/cover/medium/10199.jpg", "medium": "https://s3.anilist.co/media/anime/cover/small/10199.jpg"}, "bannerImage": null, "isAdult": false, "format": "MOVIE"}, {"id": 10200, "title": {"romaji": "Bikkuriman: Moen Zone no Himitsu", "english": null}, "type": "ANIME", "status": "FINISHED", "description": null, "startDate": {"year": 1988, "month": 7, "day": 9}, "endDate": {"year": 1988, "month": 7, "day": 9}, "season": "SUMMER", "episodes": 1, "duration": 45, "genres": ["Action", "Adventure"], "averageScore": null, "trending": 0, "popularity": 19, "streamingEpisodes": [], "coverImage": {"large": "https://s3.anilist.co/media/anime/cover/medium/10200.jpg", "medium": "https://s3.anilist.co/media/anime/cover/small/10200.jpg"}, "bannerImage": null, "isAdult": false, "format": "MOVIE"}, {"id": 10201, "title": {"romaji": "Senkou no Night Raid Picture Drama", "english": null}, "type": "ANIME", "status": "FINISHED", "description": "Picture drama included with the 7th volume of the Blu-ray.", "startDate": {"year": 2010, "month": 12, "day": 22}, "endDate": {"year": 2010, "month": 12, "day": 22}, "season": "WINTER", "episodes": 1, "duration": 18, "genres": ["Action"], "averageScore": 51, "trending": 0, "popularity": 221, "streamingEpisodes": [], "coverImage": {"large": "https://s3.anilist.co/media/anime/cover/medium/10201.jpg", "medium": "https://s3.anilist.co/media/anime/cover/small/10201.jpg"}, "bannerImage": null, "isAdult": false, "format": "SPECIAL"}, {"id": 10202, "title": {"romaji": "Kamen Rider Den-O: Imagin Anime 3", "english": null}, "type": "ANIME", "status": "FINISHED", "description": "A third set of animated shorts featuring the popular Imagin characters from the Japanese live-action series \"Kamen Rider Den-O\".", "startDate": {"year": 2010, "month": 10, "day": 21}, "endDate": {"year": 2010, "month": 10, "day": 21}, "season": "FALL", "episodes": 12, "duration": 5, "genres": ["Action", "Adventure", "Comedy"], "averageScore": null, "trending": 0, "popularity": 59, "streamingEpisodes": [], "coverImage": {"large": "https://s3.anilist.co/media/anime/cover/medium/10202.jpg", "medium": "https://s3.anilist.co/media/anime/cover/small/10202.jpg"}, "bannerImage": null, "isAdult": false, "format": "OVA"}, {"id": 10203, "title": {"romaji": "Bikkuriman: Daiichiji Seima Taisen", "english": null}, "type": "ANIME", "status": "FINISHED", "description": "First Bikkuriman film.", "startDate": {"year": 1988, "month": 3, "day": 12}, "endDate": {"year": 1988, "month": 3, "day": 12}, "season": "SPRING", "episodes": 1, "duration": 28, "genres": ["Action", "Adventure"], "averageScore": null, "trending": 0, "popularity": 17, "streamingEpisodes": [], "coverImage": {"large": "https://s3.anilist.co/media/anime/cover/medium/10203.jpg", "medium": "https://s3.anilist.co/media/anime/cover/small/10203.jpg"}, "bannerImage": null, "isAdult": false, "format": "MOVIE"}, {"id": 10207, "title": {"romaji": "Riri to Kaeru to (Otouto)", "english": null}, "type": "ANIME", "status": "FINISHED", "description": "Riri went to an amusement park using the frog as its symbol character with her parents. At the Frog Castle of the park, she happened to draw a sword. It was said that the Frog King would grant any wish if one beat the big snake with the sword. When Riri beat the snake, she went to the Frog Land and met the Frog King. The king said she would become a frog if she couldn't open the Gate of Hope until a child would hatch from the roe in front of her. Suddenly, a man in suits appeared. His name was Knodo, and he was supposed to become her little brother. Riri thought it strange, and she ran away from him. He chased her. Then, they fell over into the water head over heels.<br><br>\n(Source: AnimeNfo)", "startDate": {"year": 2006, "month": 8, "day": 20}, "endDate": {"year": 2006, "month": 8, "day": 20}, "season": "SUMMER", "episodes": 1, "duration": 27, "genres": ["Adventure", "Comedy", "Supernatural"], "averageScore": 51, "trending": 0, "popularity": 109, "streamingEpisodes": [], "coverImage": {"large": "https://s3.anilist.co/media/anime/cover/medium/10207.jpg", "medium": "https://s3.anilist.co/media/anime/cover/small/10207.jpg"}, "bannerImage": null, "isAdult": false, "format": "SPECIAL"}, {"id": 10209, "title": {"romaji": "Kore wa Zombie Desu ka? OVA", "english": "Is this a Zombie? OVA"}, "type": "ANIME", "status": "FINISHED", "description": "Two OVAs released with the 8th and 10th volumes of the original novel. They fall chronologically between the first and second seasons.<br><br>\nSeason 1, Episode 13:<br>\nHaruna is given the task to hold a Spring Festival at the local shrine, in her own magical-Equipment-girl way, of course... Seraphim does not want to be a freeloader at Haruna's and Ayumu's place, so she starts cooking... And a concentration-game contest in the school's main assembly hall pushes Ayumu and Orito to their limits... (Source: AniDB)<br><br>\nSeason 2, Episode 0 part 1:<br>\nHaruna wants to play more with Hellscythe at a swimming pool.<br>\nSeason 2, Episode 0 part 2:<br>\nHellscythe's birthday is near! Haruna prepares a birthday party for Hellscythe in her own magical-Equipment-girl-way. What kind of party could Haruna be holding? What kind of birthday presents will Ayumu and gang give to Hellscythe?", "startDate": {"year": 2011, "month": 6, "day": 10}, "endDate": {"year": 2012, "month": 4, "day": 25}, "season": "SUMMER", "episodes": 2, "duration": 24, "genres": ["Action", "Comedy", "Ecchi", "Supernatural"], "averageScore": 71, "trending": 0, "popularity": 8186, "streamingEpisodes": [], "coverImage": {"large": "https://s3.anilist.co/media/anime/cover/medium/10209.jpg", "medium": "https://s3.anilist.co/media/anime/cover/small/10209.jpg"}, "bannerImage": null, "isAdult": false, "format": "OVA"}, {"id": 10210, "title": {"romaji": "Bug tte Honey", "english": null}, "type": "ANIME", "status": "FINISHED", "description": "A unique program which adopts the toycom games which are loved by children all over the world into animation.<br><br>\nThe story starts off by the kidnapping of Genjin Takahashi, a superstar in the world of toycom games. He is kidnapped by Kyura-the-Great, who plots evil in order to rule this game world and become the star himself. Honey Bee, living in this game world and also the girlfriend of Genjin, learns of this and sets out to save him. She goes to the actual world to seek the help of three game geniuses and brings these three toycom buddies to the game world. With their help and desperate struggles, they try to overthrow Kyura-the-Great and rescue Genjin. Can they overcome the numerous roadblocks of hidden tricks and riddles?<br><br>\n(Source: Official Site)", "startDate": {"year": 1986, "month": 10, "day": 3}, "endDate": {"year": 1987, "month": 9, "day": 25}, "season": "FALL", "episodes": 51, "duration": 25, "genres": ["Comedy"], "averageScore": null, "trending": 0, "popularity": 23, "streamingEpisodes": [], "coverImage": {"large": "https://s3.anilist.co/media/anime/cover/medium/10210.jpg", "medium": "https://s3.anilist.co/media/anime/cover/small/10210.jpg"}, "bannerImage": null, "isAdult": false, "format": "TV"}, {"id": 10213, "title": {"romaji": "Maji de Watashi ni Koi Shinasai!", "english": "Majikoi: Oh! Samurai Girls"}, "type": "ANIME", "status": "FINISHED", "description": "It's one thing to honor your ancestors and keep old traditions alive, but there IS such a thing as taking it to a ridiculous extreme. In Kawakami City, having a samurai ancestor and enormous 'fighting spirit' isn't just an interesting fact, it's a huge part of how you end up being ranked on the social totem pole. That, in turn, rolls over into the school curriculum. Fortunately, that's something the local kids like Yamato Naoe have learned to deal with by forming into small 'bands,' (that's the samurai type, NOT music). However, while the delicate sexual balance of Yamato's group seemed fine when there were three girls and four boys, the sudden addition of two MORE girls starts to send everything spinning out of control! <br><br>\n(Source: Sentai Filmworks) ", "startDate": {"year": 2011, "month": 10, "day": 2}, "endDate": {"year": 2011, "month": 12, "day": 18}, "season": "FALL", "episodes": 12, "duration": 23, "genres": ["Comedy", "Ecchi", "Romance"], "averageScore": 64, "trending": 1, "popularity": 11369, "streamingEpisodes": [], "coverImage": {"large": "https://s3.anilist.co/media/anime/cover/medium/10213.jpg", "medium": "https://s3.anilist.co/media/anime/cover/small/10213.jpg"}, "bannerImage": "https://s3.anilist.co/media/anime/banner/10213-k2ktRL9TcyPO.jpg", "isAdult": false, "format": "TV"}, {"id": 10216, "title": {"romaji": "Yondemasu yo, Azazel-san. (TV)", "english": "You're Being Summoned, Azazel"}, "type": "ANIME", "status": "FINISHED", "description": "Akutabe is a detective who summons devils to solve the troubles of his clients. One day, a low class devil Azazel Atsushi is summoned by Akutabe and is used harshly by him and his assistant Rinko.", "startDate": {"year": 2011, "month": 4, "day": 8}, "endDate": {"year": 2011, "month": 7, "day": 1}, "season": "SPRING", "episodes": 13, "duration": 12, "genres": ["Comedy", "Supernatural"], "averageScore": 73, "trending": 0, "popularity": 4706, "streamingEpisodes": [{"title": "Episode 1 - Enter the Demon Detective, the Demon, and the Part-time Worker!", "url": "http://www.crunchyroll.com/youre-being-summoned-azazel/episode-1-enter-the-demon-detective-the-demon-and-the-part-time-worker-713371"}, {"title": "Episode 2 - The Underworld Prince", "url": "http://www.crunchyroll.com/youre-being-summoned-azazel/episode-2-the-underworld-prince-713373"}, {"title": "Episode 3 - The Men's Revolution", "url": "http://www.crunchyroll.com/youre-being-summoned-azazel/episode-3-the-mens-revolution-713375"}, {"title": "Episode 4 - A Fish Burning (With Jealousy)", "url": "http://www.crunchyroll.com/youre-being-summoned-azazel/episode-4-a-fish-burning-with-jealousy-713377"}, {"title": "Episode 5 - Melancholy, Curry Festival", "url": "http://www.crunchyroll.com/youre-being-summoned-azazel/episode-5-melancholy-curry-festival-713379"}, {"title": "Episode 6 - The Tyrannical Moloch", "url": "http://www.crunchyroll.com/youre-being-summoned-azazel/episode-6-the-tyrannical-moloch-713381"}, {"title": "Episode 7 - The Fish Burning (With Jealousy) Again", "url": "http://www.crunchyroll.com/youre-being-summoned-azazel/episode-7-the-fish-burning-with-jealousy-again-713383"}, {"title": "Episode 8 - Himotisu", "url": "http://www.crunchyroll.com/youre-being-summoned-azazel/episode-8-himotisu-713385"}, {"title": "Episode 9 - The Strawberry Soldier Nyorinwww", "url": "http://www.crunchyroll.com/youre-being-summoned-azazel/episode-9-the-strawberry-soldier-nyorinwww-713387"}, {"title": "Episode 10 - Try Some Strawberry Curry", "url": "http://www.crunchyroll.com/youre-being-summoned-azazel/episode-10-try-some-strawberry-curry-713389"}, {"title": "Episode 11 - Alpinist Angel", "url": "http://www.crunchyroll.com/youre-being-summoned-azazel/episode-11-alpinist-angel-713391"}, {"title": "Episode 12 - Dirty Landlady, Good Landlady", "url": "http://www.crunchyroll.com/youre-being-summoned-azazel/episode-12-dirty-landlady-good-landlady-713393"}, {"title": "Episode 13 - Beh-yan", "url": "http://www.crunchyroll.com/youre-being-summoned-azazel/episode-13-beh-yan-713395"}], "coverImage": {"large": "https://s3.anilist.co/media/anime/cover/medium/10216.jpg", "medium": "https://s3.anilist.co/media/anime/cover/small/10216.jpg"}, "bannerImage": null, "isAdult": false, "format": "TV_SHORT"}, {"id": 10217, "title": {"romaji": "Kaitou Tenshi Twin Angel: Kyun Kyun Tokimeki Paradise!!", "english": "Twin Angel: Twinkle Paradise"}, "type": "ANIME", "status": "FINISHED", "description": "Haruka Minazuki and Aoi Kannazuki are two students at St. Cherine academy. Haruka is always filled with bubbly energy while Aoi is more mature and a top student in all her classes - but despite their differences the two are the best of friends. The two girls look like any other girls, attending the academy, but the truth is they are hiding a little secret, that they can't let anybody know about...<br><br>\nDuring the day they really are just students at St. Cherine academy, but they can also become the Twin Angel duo, and fight against the evils of the town!<br><br>\nThe lovely Angels are back, and it's time for them to get ready for some action!<br><br>\n(Source: NicoNico)", "startDate": {"year": 2011, "month": 7, "day": 5}, "endDate": {"year": 2011, "month": 9, "day": 20}, "season": "SUMMER", "episodes": 12, "duration": 24, "genres": ["Mahou Shoujo"], "averageScore": 53, "trending": 0, "popularity": 760, "streamingEpisodes": [{"title": "Episode 1 - That Does Not Even Deserve a Response! Enter: Twin Angel", "url": "http://www.crunchyroll.com/twin-angel-twinkle-paradise/episode-1-that-does-not-even-deserve-a-response-enter-twin-angel-580764"}, {"title": "Episode 2 - Beware of theives! Stolen Poketen", "url": "http://www.crunchyroll.com/twin-angel-twinkle-paradise/episode-2-beware-of-theives-stolen-poketen-580766"}, {"title": "Episode 3 - The Triumphant Debut of Hazuki Kurumi!", "url": "http://www.crunchyroll.com/twin-angel-twinkle-paradise/episode-3-the-triumphant-debut-of-hazuki-kurumi-581226"}, {"title": "Episode 4 - Sizzling Hot Photos! The Target is Twin Angel!", "url": "http://www.crunchyroll.com/twin-angel-twinkle-paradise/episode-4-sizzling-hot-photos-the-target-is-twin-angel-581228"}, {"title": "Episode 5 - Passionate Love Warning! Senjou-sensei\u2019s Part-time Job!", "url": "http://www.crunchyroll.com/twin-angel-twinkle-paradise/episode-5-passionate-love-warning-senjou-senseis-part-time-job-581230"}, {"title": "Episode 6 - Hot, Passionate Wind! Angel Hurricane!", "url": "http://www.crunchyroll.com/twin-angel-twinkle-paradise/episode-6-hot-passionate-wind-angel-hurricane-581232"}, {"title": "Episode 7 - Identity Unknown! Is Nyan's UMA a Good UMA?!", "url": "http://www.crunchyroll.com/twin-angel-twinkle-paradise/episode-7-identity-unknown-is-nyans-uma-a-good-uma-581234"}, {"title": "Episode 8 - The Path of Duty! Twin Sisters!", "url": "http://www.crunchyroll.com/twin-angel-twinkle-paradise/episode-8-the-path-of-duty-twin-sisters-581236"}, {"title": "Episode 9 - A Formidable Enemy Appears! Who's Twin Phantom?", "url": "http://www.crunchyroll.com/twin-angel-twinkle-paradise/episode-9-a-formidable-enemy-appears-whos-twin-phantom-581238"}, {"title": "Episode 10 - In One Stroke! One Rose Burning in the Darkness!", "url": "http://www.crunchyroll.com/twin-angel-twinkle-paradise/episode-10-in-one-stroke-one-rose-burning-in-the-darkness-581240"}, {"title": "Episode 11 - Driven Into a Corner! The Wish of Each One!", "url": "http://www.crunchyroll.com/twin-angel-twinkle-paradise/episode-11-driven-into-a-corner-the-wish-of-each-one-581242"}, {"title": "Episode 12 - The Final Battle! Let's Get Everyone's Smiles Back!", "url": "http://www.crunchyroll.com/twin-angel-twinkle-paradise/episode-12-the-final-battle-lets-get-everyones-smiles-back-581244"}], "coverImage": {"large": "https://s3.anilist.co/media/anime/cover/medium/10217.jpg", "medium": "https://s3.anilist.co/media/anime/cover/small/10217.jpg"}, "bannerImage": null, "isAdult": false, "format": "TV"}, {"id": 10218, "title": {"romaji": "Berserk: Ougon Jidaihen I - Haou no Tamago", "english": "Berserk: The Golden Age Arc I - The Egg of the King"}, "type": "ANIME", "status": "FINISHED", "description": "Guts, an immensely strong sword-for-hire, has little direction in his life, simply fighting one battle after the next. However, this all changes suddenly when he meets and is bested by Griffith, a beautiful and charismatic young man who leads the Band of the Hawk mercenary army. After Guts joins the Band and the relationship between the two men begins to blossom, Casca, the tough, lone swordswoman in the Band of the Hawk, struggles to accept Guts and the influence he has on the world around her. While the two men begin to fight together, Griffith continues to rise to power, all seemingly in order to reach his mysterious, prophesied goals. What lengths will Guts and Griffith go to in order to reach these goals, and where will fate take the two men? <br><br>\n(Source: ANN) ", "startDate": {"year": 2012, "month": 2, "day": 4}, "endDate": {"year": 2012, "month": 2, "day": 4}, "season": "WINTER", "episodes": 1, "duration": 76, "genres": ["Action", "Adventure", "Fantasy", "Supernatural"], "averageScore": 74, "trending": 0, "popularity": 8314, "streamingEpisodes": [], "coverImage": {"large": "https://s3.anilist.co/media/anime/cover/medium/10218-X5S9mr2GAD1W.jpg", "medium": "https://s3.anilist.co/media/anime/cover/small/10218-X5S9mr2GAD1W.jpg"}, "bannerImage": "https://s3.anilist.co/media/anime/banner/10218-dzK2H746bXEZ.jpg", "isAdult": false, "format": "MOVIE"}, {"id": 10219, "title": {"romaji": "Onii-chan no Koto nanka Zenzen Suki Janain Dakara ne!! Special", "english": null}, "type": "ANIME", "status": "FINISHED", "description": "According to the official website, the fifth volume of the Blu-ray and the DVD of Onii-chan no Koto nanka Zenzen Suki Janain Dakara ne!! will include an unaired episode. It will be released on July 6th.", "startDate": {"year": 2011, "month": 7, "day": 13}, "endDate": {"year": 2011, "month": 7, "day": 13}, "season": "SUMMER", "episodes": 1, "duration": 24, "genres": ["Comedy", "Ecchi", "Romance"], "averageScore": 59, "trending": 0, "popularity": 1210, "streamingEpisodes": [], "coverImage": {"large": "https://s3.anilist.co/media/anime/cover/medium/10219.jpg", "medium": "https://s3.anilist.co/media/anime/cover/small/10219.jpg"}, "bannerImage": null, "isAdult": false, "format": "SPECIAL"}, {"id": 10224, "title": {"romaji": "Uchuu Majin Daikengou", "english": null}, "type": "ANIME", "status": "FINISHED", "description": "Giant robot Daikengo flies through space to re-establish galactic peace; on-board prince Ryger, who ran away from his planet Emperius to defeat the menace out of his reign borders, in order to save his people; Cleo, corrupted prime minister's daughter, help him along with two nice little robots, Anike and Otoke. They fight evil Lady Baracross, leading invasion forces, with her assistant Roboleon, wearing a Napoleon style hat. Daikengo is the first robot with scuttles on his mouth. When he opens them, his vampire style teeth are shown and he can spit fire.<br><br>\n(Source: ANN)", "startDate": {"year": 1978, "month": 7, "day": 27}, "endDate": {"year": 1979, "month": 2, "day": 15}, "season": "SUMMER", "episodes": 26, "duration": 25, "genres": ["Action", "Mecha", "Sci-Fi"], "averageScore": null, "trending": 0, "popularity": 67, "streamingEpisodes": [], "coverImage": {"large": "https://s3.anilist.co/media/anime/cover/medium/10224.jpg", "medium": "https://s3.anilist.co/media/anime/cover/small/10224.jpg"}, "bannerImage": null, "isAdult": false, "format": "TV"}, {"id": 10232, "title": {"romaji": "Tamayura: Hitotose", "english": null}, "type": "ANIME", "status": "FINISHED", "description": "The story takes place in Seto Inland Sea and is about a girl who likes taking pictures.", "startDate": {"year": 2011, "month": 10, "day": 3}, "endDate": {"year": 2011, "month": 12, "day": 19}, "season": "FALL", "episodes": 12, "duration": 24, "genres": ["Comedy", "Slice of Life"], "averageScore": 70, "trending": 0, "popularity": 4087, "streamingEpisodes": [], "coverImage": {"large": "https://s3.anilist.co/media/anime/cover/medium/10232.jpg", "medium": "https://s3.anilist.co/media/anime/cover/small/10232.jpg"}, "bannerImage": null, "isAdult": false, "format": "TV"}, {"id": 10236, "title": {"romaji": "Kagee Grimm Douwa", "english": null}, "type": "ANIME", "status": "FINISHED", "description": null, "startDate": {"year": 1980, "month": null, "day": null}, "endDate": {"year": 1981, "month": null, "day": null}, "season": null, "episodes": 52, "duration": 10, "genres": ["Adventure"], "averageScore": null, "trending": 0, "popularity": 24, "streamingEpisodes": [], "coverImage": {"large": "https://s3.anilist.co/media/anime/cover/medium/10236.jpg", "medium": "https://s3.anilist.co/media/anime/cover/small/10236.jpg"}, "bannerImage": null, "isAdult": false, "format": "TV_SHORT"}, {"id": 10237, "title": {"romaji": "Ki-Fighter Taerang", "english": "Ki Fighter"}, "type": "ANIME", "status": "FINISHED", "description": "The Grand Evil was sealed in a cave behind an energized shield. But now, thousand years have passed and he is about to regain his former power to break away free from the shield. In order to prevent this disaster, the Elders of Fantasia have to take measure to keep the radioactive power in the shield. They send out nymph warriors to find and fetch Ki-fighter cocoons hidden somewhere in the word. <br><br>\nDuring the mission, the nymphs come across with TaeRang, the Ki-Fighter, our heroic kid. He turns out to be the one who has a power to defeat of the Grand Evil, TaeRang sets on his way to find other weak creatures and their villages that are endangered by the unjust evil power. TeaRang is the one wise and brave kid to set it all to justice. <br><br>\n(Source: ANN)", "startDate": {"year": 2002, "month": 8, "day": 21}, "endDate": {"year": 2003, "month": 3, "day": 19}, "season": "SUMMER", "episodes": 26, "duration": 25, "genres": ["Adventure"], "averageScore": null, "trending": 0, "popularity": 11, "streamingEpisodes": [], "coverImage": {"large": "https://s3.anilist.co/media/anime/cover/medium/10237.jpg", "medium": "https://s3.anilist.co/media/anime/cover/small/10237.jpg"}, "bannerImage": null, "isAdult": false, "format": "TV"}, {"id": 10238, "title": {"romaji": "Hybrid Deka", "english": null}, "type": "ANIME", "status": "FINISHED", "description": null, "startDate": {"year": 2011, "month": 1, "day": 22}, "endDate": {"year": 2011, "month": 1, "day": 22}, "season": "WINTER", "episodes": 1, "duration": 45, "genres": ["Comedy"], "averageScore": null, "trending": 0, "popularity": 22, "streamingEpisodes": [], "coverImage": {"large": "https://s3.anilist.co/media/anime/cover/medium/10238.jpg", "medium": "https://s3.anilist.co/media/anime/cover/small/10238.jpg"}, "bannerImage": null, "isAdult": false, "format": "MOVIE"}, {"id": 10239, "title": {"romaji": "Mayutoro The Toons", "english": null}, "type": "ANIME", "status": "FINISHED", "description": null, "startDate": {"year": 2003, "month": 10, "day": 1}, "endDate": {"year": 2004, "month": 3, "day": 1}, "season": "FALL", "episodes": 33, "duration": 2, "genres": ["Comedy", "Fantasy"], "averageScore": null, "trending": 0, "popularity": 12, "streamingEpisodes": [], "coverImage": {"large": "https://s3.anilist.co/media/anime/cover/medium/10239.jpg", "medium": "https://s3.anilist.co/media/anime/cover/small/10239.jpg"}, "bannerImage": null, "isAdult": false, "format": "TV_SHORT"}, {"id": 10241, "title": {"romaji": "Sekai Monoshiri Ryoko", "english": null}, "type": "ANIME", "status": "FINISHED", "description": "An educational documentary series that depicts a variety of real life places around the world in short 5 minute segments. The series aired Monday through Saturday.<br><br>\n(Source: AniDB)", "startDate": {"year": 1971, "month": 10, "day": 1}, "endDate": {"year": 1974, "month": 12, "day": 31}, "season": "FALL", "episodes": 1006, "duration": 5, "genres": ["Comedy"], "averageScore": null, "trending": 0, "popularity": 26, "streamingEpisodes": [], "coverImage": {"large": "https://s3.anilist.co/media/anime/cover/medium/10241.jpg", "medium": "https://s3.anilist.co/media/anime/cover/small/10241.jpg"}, "bannerImage": null, "isAdult": false, "format": "TV_SHORT"}, {"id": 10242, "title": {"romaji": "Ton-Ton Atta to Niigata no Mukashi Banashi", "english": null}, "type": "ANIME", "status": "FINISHED", "description": null, "startDate": {"year": 2004, "month": 10, "day": 3}, "endDate": {"year": 2004, "month": 12, "day": 26}, "season": "FALL", "episodes": 13, "duration": 25, "genres": ["Comedy"], "averageScore": null, "trending": 0, "popularity": 10, "streamingEpisodes": [], "coverImage": {"large": "https://s3.anilist.co/media/anime/cover/medium/10242.jpg", "medium": "https://s3.anilist.co/media/anime/cover/small/10242.jpg"}, "bannerImage": null, "isAdult": false, "format": "TV"}, {"id": 10244, "title": {"romaji": "Ultra B: Black Hole kara no Dokusaisha BB!!", "english": null}, "type": "ANIME", "status": "FINISHED", "description": null, "startDate": {"year": 1988, "month": 3, "day": 12}, "endDate": {"year": 1988, "month": 3, "day": 12}, "season": "SPRING", "episodes": 1, "duration": 20, "genres": ["Adventure", "Comedy"], "averageScore": null, "trending": 0, "popularity": 10, "streamingEpisodes": [], "coverImage": {"large": "https://s3.anilist.co/media/anime/cover/medium/10244.jpg", "medium": "https://s3.anilist.co/media/anime/cover/small/10244.jpg"}, "bannerImage": null, "isAdult": false, "format": "MOVIE"}, {"id": 10245, "title": {"romaji": "Burning Village", "english": null}, "type": "ANIME", "status": "FINISHED", "description": "Animal folk tales set in the titular community, in which local eccentric Ohahai retells several popular fairy tales with considerable license.<br><br>\n(Source: AniDB)", "startDate": {"year": 1989, "month": 5, "day": 1}, "endDate": {"year": 1990, "month": 2, "day": 1}, "season": "SPRING", "episodes": 10, "duration": 12, "genres": ["Fantasy", "Horror"], "averageScore": null, "trending": 0, "popularity": 20, "streamingEpisodes": [], "coverImage": {"large": "https://s3.anilist.co/media/anime/cover/medium/10245-GZmgSIQkKy2E.jpg", "medium": "https://s3.anilist.co/media/anime/cover/small/10245-GZmgSIQkKy2E.jpg"}, "bannerImage": null, "isAdult": false, "format": "OVA"}, {"id": 10246, "title": {"romaji": "Hajimete no Christmas", "english": null}, "type": "ANIME", "status": "FINISHED", "description": null, "startDate": {"year": 1983, "month": 12, "day": 24}, "endDate": {"year": 1983, "month": 12, "day": 24}, "season": "WINTER", "episodes": 1, "duration": 25, "genres": [], "averageScore": null, "trending": 0, "popularity": 13, "streamingEpisodes": [], "coverImage": {"large": "https://s3.anilist.co/media/anime/cover/medium/10246.jpg", "medium": "https://s3.anilist.co/media/anime/cover/small/10246.jpg"}, "bannerImage": null, "isAdult": false, "format": "SPECIAL"}, {"id": 10247, "title": {"romaji": "Jankenman: Kaijuu Dai Kessen", "english": null}, "type": "ANIME", "status": "FINISHED", "description": null, "startDate": {"year": 1992, "month": 7, "day": 23}, "endDate": {"year": 1992, "month": 7, "day": 23}, "season": "SUMMER", "episodes": 1, "duration": 42, "genres": ["Comedy"], "averageScore": null, "trending": 0, "popularity": 14, "streamingEpisodes": [], "coverImage": {"large": "https://s3.anilist.co/media/anime/cover/medium/10247.jpg", "medium": "https://s3.anilist.co/media/anime/cover/small/10247.jpg"}, "bannerImage": null, "isAdult": false, "format": "OVA"}, {"id": 10249, "title": {"romaji": "Toaru Majutsu no Index II Specials", "english": null}, "type": "ANIME", "status": "FINISHED", "description": "New series of shorts featuring Index-tan.", "startDate": {"year": 2011, "month": 1, "day": 26}, "endDate": {"year": 2011, "month": 6, "day": 22}, "season": "WINTER", "episodes": 2, "duration": 10, "genres": ["Comedy"], "averageScore": 66, "trending": 0, "popularity": 2784, "streamingEpisodes": [], "coverImage": {"large": "https://s3.anilist.co/media/anime/cover/medium/10249.jpg", "medium": "https://s3.anilist.co/media/anime/cover/small/10249.jpg"}, "bannerImage": null, "isAdult": false, "format": "SPECIAL"}, {"id": 10250, "title": {"romaji": "Ultra B", "english": null}, "type": "ANIME", "status": "FINISHED", "description": null, "startDate": {"year": 1987, "month": 4, "day": 5}, "endDate": {"year": 1989, "month": 3, "day": 27}, "season": "SPRING", "episodes": 119, "duration": 25, "genres": ["Comedy"], "averageScore": null, "trending": 0, "popularity": 16, "streamingEpisodes": [], "coverImage": {"large": "https://s3.anilist.co/media/anime/cover/medium/10250.jpg", "medium": "https://s3.anilist.co/media/anime/cover/small/10250.jpg"}, "bannerImage": null, "isAdult": false, "format": "TV"}, {"id": 10256, "title": {"romaji": "Shion: Bonus Video", "english": null}, "type": "ANIME", "status": "FINISHED", "description": "An exclusive alternate (happy) ending included in the DVD Box of Shion.", "startDate": {"year": 2010, "month": 10, "day": 1}, "endDate": {"year": 2010, "month": 10, "day": 1}, "season": "FALL", "episodes": 1, "duration": 4, "genres": ["Hentai"], "averageScore": 49, "trending": 0, "popularity": 97, "streamingEpisodes": [], "coverImage": {"large": "https://s3.anilist.co/media/anime/cover/medium/10256.jpg", "medium": "https://s3.anilist.co/media/anime/cover/small/10256.jpg"}, "bannerImage": null, "isAdult": true, "format": "SPECIAL"}, {"id": 10257, "title": {"romaji": "Pretty Rhythm: Aurora Dream", "english": null}, "type": "ANIME", "status": "FINISHED", "description": "Prism Stars are performers on the new popular ice show, Prism Show. They are superidols whose techniques, singing and fashion sense are a cut above all others. Aira and Rizumu are two Prism Stars whose goal is to become the best, the Prism Queen. However, the road to success is bumpy.<br><br>\n(Source: AniDB)", "startDate": {"year": 2011, "month": 4, "day": 9}, "endDate": {"year": 2012, "month": 3, "day": 31}, "season": "SPRING", "episodes": 51, "duration": 24, "genres": ["Music", "Sports"], "averageScore": 64, "trending": 0, "popularity": 1134, "streamingEpisodes": [], "coverImage": {"large": "https://s3.anilist.co/media/anime/cover/medium/10257.jpg", "medium": "https://s3.anilist.co/media/anime/cover/small/10257.jpg"}, "bannerImage": null, "isAdult": false, "format": "TV"}, {"id": 10258, "title": {"romaji": "Gokicha!! Cockroach Girl!", "english": null}, "type": "ANIME", "status": "FINISHED", "description": "A heartwarming story about a cockroach girl who tries to be liked by humans while dodging the insecticide.", "startDate": {"year": 2012, "month": 9, "day": 14}, "endDate": {"year": null, "month": null, "day": null}, "season": "FALL", "episodes": 2, "duration": 8, "genres": ["Comedy"], "averageScore": 51, "trending": 0, "popularity": 1201, "streamingEpisodes": [], "coverImage": {"large": "https://s3.anilist.co/media/anime/cover/medium/10258.jpg", "medium": "https://s3.anilist.co/media/anime/cover/small/10258.jpg"}, "bannerImage": null, "isAdult": false, "format": "ONA"}, {"id": 10259, "title": {"romaji": "Da Yu Hai Tang", "english": "Big Fish & Begonia"}, "type": "ANIME", "status": "FINISHED", "description": "This is a mythic land where no outsider has ever set foot. The spirit-like dwellers there, however, know us mortals well. They are responsible for human emotions and desires, for seasons, weather, the elapsing of time...<br>\n<br>\nOur protagonist, a spirit girl named Chun, has just turned sixteen and goes in the form of a dolphin to explore the earthly part of the sea, to see what the human world is like. While cruising at sea, Chun gets caught in a storm and finds herself enmeshed in a fishing net. A human boy spots her and comes to her rescue, trying to free Chun from the entanglement. By accident, the boy drowns leaving Chun wretched and heartbroken.<br>\n<br>\nDa Hai tells an absorbing and bittersweet story of sacrifice and redemption when Chun is determined to bring back to life the boy's soul, now in the form of a little white fish. Da Hai is about an adolescent coming to terms with her limitations, and a spirit, coming into possession of her powers [...] dealing with the difficult issues of death, love and maturing emotions with empathy and nuance.<br>\n<br>\n(Source: The feature film brochure)<br>\n<br>\nIn an old mythical world, there reside spirit-like beings who oversee the natural order of the mortal realm. One of them, a young girl named Chun, has just come of age and must undergo her rite of passage by experiencing the human world for herself. While there, she gets caught in a fishing net during a storm and is rescued by a human boy.<br>\n<br>\nHowever, the boy ends up drowning during the incident, and Chun returns to her realm full of guilt. Afterwards, she meets the Soul Keeper and decides to revive the boy in exchange for a part of her lifespan. Little does she know, meddling with the natural order of the world has severe consequences.<br>\n<br>\nDa Yu Hai Tang is a story about sacrifice and redemption as Chun comes to terms with the limitations of her powers and deals with death, love, and her own emotions. She must decide if she will sacrifice everything to save the human boy or forsake her moral obligation for the order of the world.<br>\n<br>\n(Source: MAL Rewrite)", "startDate": {"year": 2016, "month": 7, "day": 8}, "endDate": {"year": 2016, "month": 7, "day": 8}, "season": "SUMMER", "episodes": 1, "duration": 100, "genres": ["Adventure", "Drama", "Romance", "Supernatural"], "averageScore": 71, "trending": 0, "popularity": 2144, "streamingEpisodes": [], "coverImage": {"large": "https://s3.anilist.co/media/anime/cover/medium/10259-U2h4Q9mbwOE0.jpg", "medium": "https://s3.anilist.co/media/anime/cover/small/10259-U2h4Q9mbwOE0.jpg"}, "bannerImage": "https://s3.anilist.co/media/anime/banner/10259-tC5VFwjbuAjv.jpg", "isAdult": false, "format": "MOVIE"}, {"id": 10260, "title": {"romaji": "Eiyuu Densetsu: Sora no Kiseki", "english": "Legend of the Heroes: Trails in the Sky"}, "type": "ANIME", "status": "FINISHED", "description": "Ten years ago, a massive invasion by the Erebonian Empire almost shattered the Kingdom of Liberl, piercing to the heart of Capital City before being driven back by a determined counteroffensive led by Cassius Bright. Now, as the invaders pace behind the northern borders, coveting the small kingdom's magic and high technology, Liberl slowly rebuilds with the aid of the Bracer's Guild, whose mystical use of \"Craft\" is even more intrinsic to the nation's defense than its own army. For young Estelle Bright, daughter of Cassius, this is all just ancient history that she and her adopted brother Joshua learned as kids. But history has a way of repeating itself, and as they prepare to join the Bracers Guild themselves, sinister forces are preparing to thrust them into the familiar family situation of being in the worst possible place when mayhem breaks out. Because when their father's airship goes suddenly missing, of course it only makes sense to two green, but extraordinarily capable, young teenagers to strike out on a rescue mission of their own! <br><br>\n(Source: Sentai Filmworks) ", "startDate": {"year": 2011, "month": 10, "day": 10}, "endDate": {"year": 2012, "month": 1, "day": 28}, "season": "FALL", "episodes": 2, "duration": 43, "genres": ["Action", "Adventure", "Fantasy"], "averageScore": 61, "trending": 0, "popularity": 1267, "streamingEpisodes": [], "coverImage": {"large": "https://s3.anilist.co/media/anime/cover/medium/10260.jpg", "medium": "https://s3.anilist.co/media/anime/cover/small/10260.jpg"}, "bannerImage": null, "isAdult": false, "format": "OVA"}, {"id": 10261, "title": {"romaji": "Toufu Kozou", "english": "Little Ghostly Adventures Of The Tofu Boy"}, "type": "ANIME", "status": "FINISHED", "description": "Based on Kyougoku Natsuhiko's Toufu Kozou Sugoroku-douchuu Furidashi novel.<br><br>\n(Source: AniDB)", "startDate": {"year": 2011, "month": 4, "day": 29}, "endDate": {"year": 2011, "month": 4, "day": 29}, "season": "SPRING", "episodes": 1, "duration": 86, "genres": ["Comedy"], "averageScore": null, "trending": 0, "popularity": 34, "streamingEpisodes": [], "coverImage": {"large": "https://s3.anilist.co/media/anime/cover/medium/10261.jpg", "medium": "https://s3.anilist.co/media/anime/cover/small/10261.jpg"}, "bannerImage": null, "isAdult": false, "format": "MOVIE"}]}}}