{"data": {"Page": {"pageInfo": {"total": 12297, "hasNextPage": true}, "media": [{"id": 1046, "title": {"romaji": "Elf wo Karu Mono-tachi II", "english": "Those Who Hunt Elves II"}, "type": "ANIME", "status": "FINISHED", "description": "After Junpei botched the second attempt to transport back to Japan, the four embark their journey once again to collect runes imprinted on skin of Elven females by stripping them. Celsia is cursed into the form of another animal this time.<br><br>\n(Source: ANN)", "startDate": {"year": 1997, "month": 10, "day": 1}, "endDate": {"year": 1997, "month": 12, "day": 24}, "season": "FALL", "episodes": 12, "duration": 24, "genres": ["Adventure", "Comedy", "Fantasy"], "averageScore": 63, "trending": 0, "popularity": 582, "streamingEpisodes": [], "coverImage": {"large": "https://s3.anilist.co/media/anime/cover/medium/1046.jpg", "medium": "https://s3.anilist.co/media/anime/cover/small/1046.jpg"}, "bannerImage": null, "isAdult": false, "format": "TV"}, {"id": 1047, "title": {"romaji": "On Your Mark", "english": "On Your Mark"}, "type": "ANIME", "status": "FINISHED", "description": "In the future, mankind can no longer live on the ground due to intense radiation, both from the sun and from an abandoned nuclear plant. One day, a group of special police raided a religious cult compound, and after a fierce firefight two policemen found a winged mutant girl, with chains on her arms, barely alive. However, government scientists dressed in hazardous material suits immediately intervened and brought her back to a research facility. Realizing they were merely transferring her from one prison to another, those two policemen formulated a daring plan to set her free once and for all. <br><br>\n(Source: ANN)<br><br>\nThis is a music video created by Hayao Miyazaki for the pop music duo Chage &amp; Aska (after whom the two police officers are modeled).", "startDate": {"year": 1995, "month": 7, "day": 15}, "endDate": {"year": 1995, "month": 7, "day": 15}, "season": "SUMMER", "episodes": 1, "duration": 6, "genres": ["Drama", "Music", "Sci-Fi"], "averageScore": 69, "trending": 0, "popularity": 1776, "streamingEpisodes": [], "coverImage": {"large": "https://s3.anilist.co/media/anime/cover/medium/1047.jpg", "medium": "https://s3.anilist.co/media/anime/cover/small/1047.jpg"}, "bannerImage": "https://s3.anilist.co/media/anime/banner/1047-1yCzlnrxMc2o.jpg", "isAdult": false, "format": "MUSIC"}, {"id": 1048, "title": {"romaji": "The SoulTaker ~Tamashiigari~", "english": "The SoulTaker"}, "type": "ANIME", "status": "FINISHED", "description": "After the human colony on the moon was destroyed by disease, Kyosuke Date and his mother flee to Earth- separated from their family. They take refuge in a cathedral where his mother hides as a nun for reasons unknown to Kyosuke. After dangerous people find their sanctuary, his mother stabs him before she herself is murdered.<br><br>\nDays later, Kyosuke finds himself alive and in the house of a mysterious girl who claims to be his twin Runa- and she is not the only one! Runa suffered a similar fate at the hands of her adoptive mother; however her soul was divided into several pieces making \"flicker girls\" who are being hunted by the evil Kirihara Group. The reason Kyosuke survived: his body's DNA conformed to the disease and he is able to transform into a fearsome alien mutant known as the SoulTaker.<br><br>\nKyosuke begins his battle against a hospital of evil mutants and dangerous corporate assassins in order to save himself and the sister he has never known. ", "startDate": {"year": 2001, "month": 4, "day": 4}, "endDate": {"year": 2001, "month": 7, "day": 4}, "season": "SPRING", "episodes": 13, "duration": 25, "genres": ["Horror", "Supernatural"], "averageScore": 56, "trending": 0, "popularity": 1566, "streamingEpisodes": [], "coverImage": {"large": "https://s3.anilist.co/media/anime/cover/medium/1048-gMvkDsWIGwPH.jpg", "medium": "https://s3.anilist.co/media/anime/cover/small/1048-gMvkDsWIGwPH.jpg"}, "bannerImage": "https://s3.anilist.co/media/anime/banner/1048-rKUQrihL4mux.jpg", "isAdult": false, "format": "TV"}, {"id": 1049, "title": {"romaji": "Cello Hiki no Gauche", "english": "Gauche the Cellist"}, "type": "ANIME", "status": "FINISHED", "description": "The story concerns Gauche, a professional cellist. During rehearsals for a performance, he is scolded by the conductor because his playing is not good enough. His timing is off and he seems to have no \"feel\" for the music.<br>\n<br>\nGauche returns to his lonely cottage and starts practicing. Then a cat enters who tricks him into understanding the inner meaning of the music. The importance of practice is shown by a cuckoo, rhythm by a badger and tenderness by a mouse. In four days he learns the true meaning and feeling of music and develops into a great musician.<br>\n<br>\nLaced with popular classical music this special combines fun and inspiration for all ages and audiences.<br>\n<br>\n(Source: AnimeNfo, edited)", "startDate": {"year": 1982, "month": 1, "day": 23}, "endDate": {"year": 1982, "month": 1, "day": 23}, "season": "WINTER", "episodes": 1, "duration": 63, "genres": ["Drama", "Fantasy", "Music"], "averageScore": 64, "trending": 0, "popularity": 1061, "streamingEpisodes": [], "coverImage": {"large": "https://s3.anilist.co/media/anime/cover/medium/1049.jpg", "medium": "https://s3.anilist.co/media/anime/cover/small/1049.jpg"}, "bannerImage": "https://s3.anilist.co/media/anime/banner/1049-QA71Y1IPLoTC.jpg", "isAdult": false, "format": "MOVIE"}, {"id": 1050, "title": {"romaji": "Bobobo-bo Bo-bobo", "english": null}, "type": "ANIME", "status": "FINISHED", "description": "Bo Bobo is a man with the incredible power of hearing the voices of hair and using his own to fight. He uses his power to fight off the Margarita Empire and all of EmperorTsuru Tsuruiina's minions who are stealing the hair off of anyone they find to power up their emperor. <br><br>\n(Source: ANN)", "startDate": {"year": 2003, "month": 11, "day": 8}, "endDate": {"year": 2005, "month": 9, "day": 30}, "season": "FALL", "episodes": 76, "duration": 25, "genres": ["Adventure", "Comedy", "Sci-Fi"], "averageScore": 68, "trending": 0, "popularity": 3533, "streamingEpisodes": [], "coverImage": {"large": "https://s3.anilist.co/media/anime/cover/medium/1050.jpg", "medium": "https://s3.anilist.co/media/anime/cover/small/1050.jpg"}, "bannerImage": "https://s3.anilist.co/media/anime/banner/1050.jpg", "isAdult": false, "format": "TV"}, {"id": 1051, "title": {"romaji": "Ao no 6-gou", "english": "Blue Submarine No. 6"}, "type": "ANIME", "status": "FINISHED", "description": "The once famous and well respected scientist Zorndyke has bred a new genre of living being, one that thrives on the oceans and lives to destroy humans. Zorndyke believes it is time that the humans were relieved of their rule of the earth. It is up to Blue Submarine No. 6 and the rest of the Blue fleet to put an end to Zorndyke's madness and creations. <br><br>\n(Source: ANN)<br>", "startDate": {"year": 1998, "month": 10, "day": 25}, "endDate": {"year": 2000, "month": 3, "day": 25}, "season": "FALL", "episodes": 4, "duration": 32, "genres": ["Action", "Adventure", "Mecha", "Sci-Fi"], "averageScore": 65, "trending": 0, "popularity": 2870, "streamingEpisodes": [{"title": "Episode 1 - Blues", "url": "http://www.crunchyroll.com/blue-submarine-no-6/episode-1-blues-681095"}, {"title": "Episode 2 - Pilots", "url": "http://www.crunchyroll.com/blue-submarine-no-6/episode-2-pilots-681097"}, {"title": "Episode 3 - Hearts", "url": "http://www.crunchyroll.com/blue-submarine-no-6/episode-3-hearts-681099"}, {"title": "Episode 4 - Minasoko", "url": "http://www.crunchyroll.com/blue-submarine-no-6/episode-4-minasoko-681101"}], "coverImage": {"large": "https://s3.anilist.co/media/anime/cover/medium/1051.jpg", "medium": "https://s3.anilist.co/media/anime/cover/small/1051.jpg"}, "bannerImage": "https://s3.anilist.co/media/anime/banner/1051-izHesBZj9wgE.jpg", "isAdult": false, "format": "OVA"}, {"id": 1052, "title": {"romaji": "Tokyo Juushouden", "english": "Ten Tokyo Warriors"}, "type": "ANIME", "status": "FINISHED", "description": " Long ago, in feudal Japan, there was a fierce warrior named the Demon King. He controlled a band of demons, known as the Kyouma. Only the powers of ten warriors sealed the Demon King away and kept the Kyouma under control. But now, Lord Shindigan, a powerful Kyouma is planning to free the Demon King, and the reincarnations of the ten warriors must band together and save the earth. <br><br>\n(Source: ANN)", "startDate": {"year": 1999, "month": 7, "day": 23}, "endDate": {"year": 2000, "month": 1, "day": 21}, "season": "SUMMER", "episodes": 6, "duration": 26, "genres": ["Action", "Adventure", "Supernatural"], "averageScore": null, "trending": 0, "popularity": 107, "streamingEpisodes": [], "coverImage": {"large": "https://s3.anilist.co/media/anime/cover/medium/1052.jpg", "medium": "https://s3.anilist.co/media/anime/cover/small/1052.jpg"}, "bannerImage": null, "isAdult": false, "format": "OVA"}, {"id": 1053, "title": {"romaji": "Tokyo Daigaku Monogatari", "english": null}, "type": "ANIME", "status": "FINISHED", "description": "Based on long running manga by Tatsuya Egawa (Golden Boy). It tells the tale of final-year high-schooler, Murakami Naoki who falls for Mizuno Haruka as they make university entrance exams preparations. <br><br>\n(Source: AniDB)", "startDate": {"year": 2004, "month": 2, "day": 24}, "endDate": {"year": 2004, "month": 3, "day": 24}, "season": "WINTER", "episodes": 2, "duration": 30, "genres": ["Comedy", "Drama", "Ecchi", "Romance"], "averageScore": 43, "trending": 0, "popularity": 218, "streamingEpisodes": [], "coverImage": {"large": "https://s3.anilist.co/media/anime/cover/medium/1053.jpg", "medium": "https://s3.anilist.co/media/anime/cover/small/1053.jpg"}, "bannerImage": null, "isAdult": false, "format": "OVA"}, {"id": 1055, "title": {"romaji": "Blame!", "english": null}, "type": "ANIME", "status": "FINISHED", "description": "The story takes place in a city where it's said that has thousands of levels.<br><br>\nIn a shutdown area, thousands of levels overlap each other, you couldn't tell the sky from the ground and you couldn't tell which way is up or which way is down. Maybe the original purpose of this story is to unravel the mysteries bound in this time and world. For the humans who found this vast rare multi-level city, the mysterious main character \"Kirii\" wanders to search for the \"Net Terminal Genes\" that were not infected. Kirii's burden and his search for the \"Net Terminal Genes\" is a goal like no other and is very much the mystery of this story. Log1~Log6 contains the story of Cibo that wasn't done in the original works. The Cibo who strayed away with Kirii and wanders about. A disc thrown away in the rubble. Cibo starts downloading. Just who's \"Memory\" will he end up with?<br><br>\nPS: These clips are meant as a bonus to the Manga, and should only be taken as such. Do NOT expect any plot in these. They are merely animated (short) scenes from the Manga.<br><br>\n(Source: AniDB)", "startDate": {"year": 2003, "month": 10, "day": 24}, "endDate": {"year": 2003, "month": 10, "day": 24}, "season": "FALL", "episodes": 6, "duration": 6, "genres": ["Mecha", "Sci-Fi"], "averageScore": 51, "trending": 0, "popularity": 1603, "streamingEpisodes": [], "coverImage": {"large": "https://s3.anilist.co/media/anime/cover/medium/1055.jpg", "medium": "https://s3.anilist.co/media/anime/cover/small/1055.jpg"}, "bannerImage": "https://s3.anilist.co/media/anime/banner/1055-MaZeuow65VLU.jpg", "isAdult": false, "format": "ONA"}, {"id": 1056, "title": {"romaji": "Good Morning Call", "english": null}, "type": "ANIME", "status": "FINISHED", "description": "One year has passed since Nao and Uehara accidently moved into the same apartment. Since then, they have become an official couple. With Uehara's 16th birthday coming up, Nao's biggest worry is what to buy him. Everything is going smoothly- that is, until Nao realizes Uehara's birthday has already passed and she spent it acting as a cut model for the handsome hair stylist, Asai. <br><br>\n(Source: ANN)", "startDate": {"year": 2001, "month": 8, "day": 2}, "endDate": {"year": 2001, "month": 8, "day": 2}, "season": "SUMMER", "episodes": 1, "duration": 19, "genres": ["Comedy", "Drama", "Romance"], "averageScore": 52, "trending": 0, "popularity": 313, "streamingEpisodes": [], "coverImage": {"large": "https://s3.anilist.co/media/anime/cover/medium/1056.jpg", "medium": "https://s3.anilist.co/media/anime/cover/small/1056.jpg"}, "bannerImage": null, "isAdult": false, "format": "OVA"}, {"id": 1057, "title": {"romaji": "Ippatsu Kiki Musume", "english": null}, "type": "ANIME", "status": "FINISHED", "description": "Kunyan lives her crazy life of misadventures from episode to episode. This comedy series is accompanied by a narrator who scientifically explains all that happens to her. ", "startDate": {"year": 1999, "month": 10, "day": 5}, "endDate": {"year": 1999, "month": 10, "day": 29}, "season": "FALL", "episodes": 16, "duration": 3, "genres": ["Action", "Comedy", "Ecchi"], "averageScore": 52, "trending": 0, "popularity": 385, "streamingEpisodes": [], "coverImage": {"large": "https://s3.anilist.co/media/anime/cover/medium/1057.jpg", "medium": "https://s3.anilist.co/media/anime/cover/small/1057.jpg"}, "bannerImage": null, "isAdult": false, "format": "TV_SHORT"}, {"id": 1058, "title": {"romaji": "Kidou Shinsengumi Moeyo Ken", "english": null}, "type": "ANIME", "status": "FINISHED", "description": "Set in the Meiji era, Kidou Shinsengumi Moeyo Ken tells the story of Kondou Yuuko, Hijikata Toshie and Okita Kaoru. These three are the daughters of former Shinsengumi members and, in the same fashion as their fathers were, they get called upon to protect Japan from its current problems. Much of their work deals with vanquishing the mysterious paranormal phenomena springing up ever more frequently in the Kyoto area and defending the city from any other dangers that may arise. <br>", "startDate": {"year": 2003, "month": 11, "day": 19}, "endDate": {"year": 2004, "month": 2, "day": 18}, "season": "FALL", "episodes": 4, "duration": 30, "genres": ["Adventure", "Comedy"], "averageScore": null, "trending": 0, "popularity": 100, "streamingEpisodes": [], "coverImage": {"large": "https://s3.anilist.co/media/anime/cover/medium/1058.jpg", "medium": "https://s3.anilist.co/media/anime/cover/small/1058.jpg"}, "bannerImage": null, "isAdult": false, "format": "OVA"}, {"id": 1059, "title": {"romaji": "Mutant Ninja Turtles: Superman Legend", "english": null}, "type": "ANIME", "status": "FINISHED", "description": "When the Teenage Mutant Ninja Turtles acquire Mutastones from Crys-Mu, the spirit of light, they acquire the ability to enhance themselves into Super Turtles for a duration of three minutes. Meanwhile, the evil Shredder and his minions Bebop and Rocksteady stumble upon the Dark Mutastone, which transforms them into Devil Shredder, Supermutant Bebop and Supermutant Rocksteady, respectively. But the Turtles have one more trick up their shells: all four of them can combine into their ultimate form - Turtle Saint. <br><br>\n(Source: ANN)", "startDate": {"year": 1996, "month": 5, "day": 21}, "endDate": {"year": 1996, "month": 5, "day": 21}, "season": "SPRING", "episodes": 2, "duration": 30, "genres": ["Adventure", "Comedy", "Sci-Fi"], "averageScore": 41, "trending": 0, "popularity": 169, "streamingEpisodes": [], "coverImage": {"large": "https://s3.anilist.co/media/anime/cover/medium/1059.jpg", "medium": "https://s3.anilist.co/media/anime/cover/small/1059.jpg"}, "bannerImage": null, "isAdult": false, "format": "OVA"}, {"id": 1060, "title": {"romaji": "Oruchuban Ebichu", "english": null}, "type": "ANIME", "status": "FINISHED", "description": "Ebichu the hamster seems like the perfect house pet: she cleans, shops, cooks, does laundry, and anything to please her master, known only as \"Office Lady\" (OL). Unfortunately, OL and her unfaithful boyfriend, combined with Ebichu's uncontrollable exuberance and love for ice cream, often earn her severe and bloody punishment. However, Ebichu doesn't seem to mind the abuse if she achieves her goal of making her beloved master a little bit happier.<br><br>\n(Source: IMDb)", "startDate": {"year": 1999, "month": 8, "day": 1}, "endDate": {"year": 1999, "month": 10, "day": 1}, "season": "SUMMER", "episodes": 24, "duration": 8, "genres": ["Comedy", "Ecchi"], "averageScore": 68, "trending": 0, "popularity": 2548, "streamingEpisodes": [], "coverImage": {"large": "https://s3.anilist.co/media/anime/cover/medium/n1060-IlyURsFAuM9D.jpg", "medium": "https://s3.anilist.co/media/anime/cover/small/n1060-IlyURsFAuM9D.jpg"}, "bannerImage": "https://s3.anilist.co/media/anime/banner/1060-RGrtSPm6amMJ.jpg", "isAdult": false, "format": "TV_SHORT"}, {"id": 1062, "title": {"romaji": "Nekojiru Gekijou", "english": null}, "type": "ANIME", "status": "FINISHED", "description": "Based on the comics by the late Nekojiru. Contains 23 animated shorts aired TV Asahi Network's show \"Bokusho Mondai Boss Chara Ou.\" and 4 unbroadcast episodes.<br><br>\n(Source: AniDB)", "startDate": {"year": 1999, "month": 7, "day": 9}, "endDate": {"year": 1999, "month": 10, "day": 1}, "season": "SUMMER", "episodes": 27, "duration": 1, "genres": ["Action", "Comedy"], "averageScore": 57, "trending": 0, "popularity": 708, "streamingEpisodes": [], "coverImage": {"large": "https://s3.anilist.co/media/anime/cover/medium/1062.jpg", "medium": "https://s3.anilist.co/media/anime/cover/small/1062.jpg"}, "bannerImage": null, "isAdult": false, "format": "TV_SHORT"}, {"id": 1064, "title": {"romaji": "Mazinkaiser", "english": "Mazinkaiser"}, "type": "ANIME", "status": "FINISHED", "description": "In one of their epic battles, the Mazinger Team suffers a crushing defeat at the hands of Dr. Hell and his minions after Mazinger Z is stolen and its pilot, the legendary Kouji Kabuto, is rendered missing in action. Just when Dr. Hell's second-in-command Baron Ashura uses Mazinger Z against our heroes, Kouji makes a surprise return in Mazinkaiser - an all-new Mazinger with heavier armor and deadlier attacks. <br><br>\n(Source: ANN)", "startDate": {"year": 2001, "month": 9, "day": 25}, "endDate": {"year": 2002, "month": 9, "day": 20}, "season": "FALL", "episodes": 7, "duration": 30, "genres": ["Adventure", "Comedy", "Mecha", "Sci-Fi"], "averageScore": 67, "trending": 0, "popularity": 771, "streamingEpisodes": [], "coverImage": {"large": "https://s3.anilist.co/media/anime/cover/medium/1064.jpg", "medium": "https://s3.anilist.co/media/anime/cover/small/1064.jpg"}, "bannerImage": null, "isAdult": false, "format": "OVA"}, {"id": 1065, "title": {"romaji": "Touch", "english": null}, "type": "ANIME", "status": "FINISHED", "description": "The story centers around three characters - Uesugi Kazuya, his twin older brother Tatsuya, and Asakura Minami. Kazuya is the darling of his town as he's talented, hardworking, and the ace pitcher for his middle school baseball team. Tatsuya is a hopeless slacker who's been living the life of giving up the spotlight to Kazuya, despite the fact that he may be more gifted than him. Minami is the beautiful childhood girlfriend and for all intents, sister from next door who treats both of them as equals. Society largely assumes Kazuya and Minami will become the perfect couple, including Tatsuya. Yet as time progresses, Tatsuya grows to realize that he's willing to sacrifice anything for the sake of his brother, except at the expense of giving up Minami to Kazuya. And thus the story is told of Tatsuya trying to prove himself over his established younger brother, how it affects the relationship between the three, and both brothers' attempts to make Minami's lifelong dreams come true.", "startDate": {"year": 1985, "month": 3, "day": 24}, "endDate": {"year": 1987, "month": 3, "day": 22}, "season": "SPRING", "episodes": 101, "duration": 25, "genres": ["Drama", "Romance", "Slice of Life", "Sports"], "averageScore": 75, "trending": 0, "popularity": 1973, "streamingEpisodes": [], "coverImage": {"large": "https://s3.anilist.co/media/anime/cover/medium/1065.jpg", "medium": "https://s3.anilist.co/media/anime/cover/small/1065.jpg"}, "bannerImage": "https://s3.anilist.co/media/anime/banner/1065-8IZ29s4CXSH4.jpg", "isAdult": false, "format": "TV"}, {"id": 1066, "title": {"romaji": "Shakugan no Shana Specials", "english": "Shakugan no Shana Specials"}, "type": "ANIME", "status": "FINISHED", "description": "A series of shorts parodying the main series Shakugan no Shana, which include: \"Shakugan no Shanatan\", \"Shakugan no Shanatan Returns\", \"Itadaki no Hecate-tan\" (aka \"Master Throne Hecatetan\") and \"Banjou no Carmel-san\" (that includes the preview for the movie and the second season).", "startDate": {"year": 2006, "month": 1, "day": 25}, "endDate": {"year": 2007, "month": 4, "day": 4}, "season": "WINTER", "episodes": 4, "duration": 6, "genres": ["Comedy"], "averageScore": 66, "trending": 0, "popularity": 2490, "streamingEpisodes": [], "coverImage": {"large": "https://s3.anilist.co/media/anime/cover/medium/1066.jpg", "medium": "https://s3.anilist.co/media/anime/cover/small/1066.jpg"}, "bannerImage": null, "isAdult": false, "format": "SPECIAL"}, {"id": 1067, "title": {"romaji": "Kishin Houkou Demonbane (2006)", "english": "Roar of the Machine God Demonbane (2006)"}, "type": "ANIME", "status": "FINISHED", "description": "Kuro Daijuuji is a poor detective living in Arkham City. One day, he was requested by Ruri Hado of Hado Financial Group, to search for a magic book. While he initially refused, Ruri offered him a large sum of money upon completion of her request, in which bribed Kuro to accept. As Kuro searches for the book, he unexpectedly runs into Al, a pretty girl that is actually a powerful grimoire. They forge a contract with each other, bestowing Kuro with powerful magic. Soon afterwards, Al also activates Demonbane, a deus machina owned by the Hado Financial Group, to combat the mechanical menace from the Black Lodge. With this, the war between the Hado Financial Group and the Black Lodge begins.... <br><br>\n(Source: ANN)", "startDate": {"year": 2006, "month": 5, "day": 19}, "endDate": {"year": 2006, "month": 8, "day": 18}, "season": "SPRING", "episodes": 12, "duration": 25, "genres": ["Action", "Ecchi", "Mecha", "Romance"], "averageScore": 58, "trending": 0, "popularity": 1812, "streamingEpisodes": [{"title": "Episode 1 - I am Providence", "url": "http://www.crunchyroll.com/demonbane/episode-1-i-am-providence-568214"}, {"title": "Episode 2 - Evil Shine", "url": "http://www.crunchyroll.com/demonbane/episode-2-evil-shine-568216"}, {"title": "Episode 3 - Reanimator", "url": "http://www.crunchyroll.com/demonbane/episode-3-reanimator-568218"}, {"title": "Episode 4 - The Invaders", "url": "http://www.crunchyroll.com/demonbane/episode-4-the-invaders-568220"}, {"title": "Episode 5 - The Shadow Over Innsmouth", "url": "http://www.crunchyroll.com/demonbane/episode-5-the-shadow-over-innsmouth-568222"}, {"title": "Episode 6 - Quo Vadis", "url": "http://www.crunchyroll.com/demonbane/episode-6-quo-vadis-568224"}, {"title": "Episode 7 - Big \"C\"", "url": "http://www.crunchyroll.com/demonbane/episode-7-big-c-568226"}, {"title": "Episode 8 - Shadow In the Dark", "url": "http://www.crunchyroll.com/demonbane/episode-8-shadow-in-the-dark-568228"}, {"title": "Episode 9 - The Hunt", "url": "http://www.crunchyroll.com/demonbane/episode-9-the-hunt-568230"}, {"title": "Episode 10 - Metallic Warcry", "url": "http://www.crunchyroll.com/demonbane/episode-10-metallic-warcry-568232"}, {"title": "Episode 11 - The Return of the Sorcerer", "url": "http://www.crunchyroll.com/demonbane/episode-11-the-return-of-the-sorcerer-568234"}, {"title": "Episode 12 - Strange Eons", "url": "http://www.crunchyroll.com/demonbane/episode-12-strange-eons-568236"}], "coverImage": {"large": "https://s3.anilist.co/media/anime/cover/medium/1067.jpg", "medium": "https://s3.anilist.co/media/anime/cover/small/1067.jpg"}, "bannerImage": null, "isAdult": false, "format": "TV"}, {"id": 1068, "title": {"romaji": "Chou Denji Robo Combattler V", "english": null}, "type": "ANIME", "status": "FINISHED", "description": "The first of Tadao Nagahama's Romance Super Robot Trilogy. (#2: Chou Denji Machine Voltes V, #3: Toushou Daimos)<br><br>\nThousands of years ago, the people of the planet Campbell decided to leave their planet and seek out new worlds to inhabit. One group, lead by the scientist Oreana, landed on Earth, but was delayed from their mission. In the early 21st century, Oreana's group reawakens and begins their plan to conquer the Earth. The only effective defense against the Campbellians' giant biomechanical slave beasts is the super-electromagnetic robot, Combattler V and its pilots.<br><br>\n(Source: AniDB)", "startDate": {"year": 1976, "month": 4, "day": 17}, "endDate": {"year": 1977, "month": 5, "day": 28}, "season": "SPRING", "episodes": 54, "duration": 25, "genres": ["Adventure", "Mecha", "Sci-Fi"], "averageScore": 52, "trending": 0, "popularity": 216, "streamingEpisodes": [], "coverImage": {"large": "https://s3.anilist.co/media/anime/cover/medium/1068.jpg", "medium": "https://s3.anilist.co/media/anime/cover/small/1068.jpg"}, "bannerImage": null, "isAdult": false, "format": "TV"}, {"id": 1069, "title": {"romaji": "Chou Denji Machine Voltes V", "english": "VOLTES V"}, "type": "ANIME", "status": "FINISHED", "description": "From out of nowhere, a mysterious alien race known as the Boazan Forces has invaded the Earth. A group of individuals specially trained to handle this kind of situation has been unleashed. Kenichi, Ippei, Daijirou, Hiyoshi &amp; Megumi are the pilots of the Choudenji Machine Voltes V (5), Earth's defense against the Boazan and their terrible Beast Warriors. The plot thickens as the Go Brothers discover their true heritage and the truth behind their father's disappearance. Conflicts and mixed emotions hinder the Go Brothers at times but due to their unwavering desire to find their dad, they must go to the place where it all started. With the help of the rebels based on Earth and on the aliens' homeworld, the Voltes Team has another mission, remove the tyrant Zu Zanbajil and liberate the people of Boazan.<br><br>\n(Source: ANN)", "startDate": {"year": 1977, "month": 6, "day": 4}, "endDate": {"year": 1978, "month": 3, "day": 25}, "season": "SUMMER", "episodes": 40, "duration": 23, "genres": ["Adventure", "Drama", "Mecha", "Sci-Fi"], "averageScore": 60, "trending": 0, "popularity": 388, "streamingEpisodes": [], "coverImage": {"large": "https://s3.anilist.co/media/anime/cover/medium/1069.jpg", "medium": "https://s3.anilist.co/media/anime/cover/small/1069.jpg"}, "bannerImage": null, "isAdult": false, "format": "TV"}, {"id": 1070, "title": {"romaji": "Love Get Chu", "english": null}, "type": "ANIME", "status": "FINISHED", "description": "Five girls came to a training school to become voice actresses holding each thought in her mind. Momoko - she wanted to be a voice actress to meet her favorite voice actor. Rinka - she is an armature voice actress, but she didn't have special purpose to become voice actress. Yurika - she likes anime very much. Tsubasa - she was a girl in love, and acted only as a boy. Amane - she found a deadlock as a actress and tried to find another way. They managed to get over the difficulty to become voice actress although they couldn't perform as main characters yet. There is a love romance with a boy works for an anime company, and you can catch a glimpse of situations of anime industries.<br><br>\n(Source: ANN)", "startDate": {"year": 2006, "month": 4, "day": 5}, "endDate": {"year": 2006, "month": 9, "day": 27}, "season": "SPRING", "episodes": 25, "duration": 24, "genres": ["Comedy", "Romance"], "averageScore": 54, "trending": 0, "popularity": 497, "streamingEpisodes": [], "coverImage": {"large": "https://s3.anilist.co/media/anime/cover/medium/1070.jpg", "medium": "https://s3.anilist.co/media/anime/cover/small/1070.jpg"}, "bannerImage": null, "isAdult": false, "format": "TV"}, {"id": 1071, "title": {"romaji": "Memories Off 5", "english": null}, "type": "ANIME", "status": "FINISHED", "description": "Kawai Haruto belongs to a cinema club to realize his dream to make his own movie. But he is losing his passion of the movie because Hina Yusuke, his best friend as well as a good rival, died suddenly last year. One day, he meets Sendo Mahiro. She asks him to make a movie with her. Also she says that she was at the place where Yusuke died, and that he died because of her. On the other hand, Yusuke&rsquo;s little sister Hina Asuka blames him for killing her brother. <br><br>\n(Source: ANN)", "startDate": {"year": 2006, "month": 3, "day": 29}, "endDate": {"year": 2006, "month": 3, "day": 29}, "season": "SPRING", "episodes": 1, "duration": 26, "genres": ["Drama", "Romance"], "averageScore": 49, "trending": 0, "popularity": 206, "streamingEpisodes": [], "coverImage": {"large": "https://s3.anilist.co/media/anime/cover/medium/1071.jpg", "medium": "https://s3.anilist.co/media/anime/cover/small/1071.jpg"}, "bannerImage": null, "isAdult": false, "format": "OVA"}, {"id": 1072, "title": {"romaji": "Sweat Punch", "english": "Sweat Punch"}, "type": "ANIME", "status": "FINISHED", "description": "Sweat Punch is a series of five Studio 4&deg;C shorts collected as a direct-to-DVD package film entitled Deep Imagination.<br><br>\n1. Professor Dan Petory's Blues<br>\nPuppet Professor Dan Petory comedically discusses a series of serious or strange occurrences.<br><br>\n2. End of the World<br>\n\"End of the World\" is a science fiction story about a young alien girl named Yuko as she escapes from the world of humans. After meeting Kazumi, a human girl Yuko met at a rock concert, the girls head to Kazumi's apartment. Before Yuko even takes off her shoes, however, she leaves through Kazumi's TV with her trusty cybernetic steed FACE to wage a retaliatory campaign against hordes of S&amp;M monsters from another dimension, and the evil queen of Yuko's world.<br><br>\n3. Kigeki (Comedy)<br>\nSet during the Irish War of Independence, a five-year old girl goes out in search of the mysterious Demon&rsquo;s Castle - home of the Black Knight whose services she hopes to recruit. The Black Knight is a dark, young, skilled swordsman who will only accept a particular genre of books as advance payment.<br><br>\n4. Higan (Enlightenment)<br>\nAn injured man lies completely still in a hospital room with doctors hovering at his bedside, appearing serene and peaceful as he slowly succumbs to death. However, in his own mind, memories of a recent battle vividly flash by. Thoughts of death and chaos haunt him, even in his final moments.<br><br>\n(Source: ANN)<br><br>\n5. Garakuta no Machi (Junk Town)<br>\nOne summer day, a young boy encounters a little robot at a shopping arcade-a hungry little robot, it turns out, as he devours one machine after the other, growing in size with each \"meal\". This story of a boy, a machine, and their little adventure is the tale of an unusual friendship, enriched by the details of daily life and seen through the director's unique visual style.<br><br>\n(Source: Studio 4&deg;C website)", "startDate": {"year": 2002, "month": 3, "day": 2}, "endDate": {"year": 2006, "month": 7, "day": 1}, "season": "SPRING", "episodes": 5, "duration": 11, "genres": ["Action", "Fantasy", "Mecha"], "averageScore": 66, "trending": 0, "popularity": 2193, "streamingEpisodes": [], "coverImage": {"large": "https://s3.anilist.co/media/anime/cover/medium/1072.jpg", "medium": "https://s3.anilist.co/media/anime/cover/small/1072.jpg"}, "bannerImage": null, "isAdult": false, "format": "OVA"}, {"id": 1074, "title": {"romaji": "Naruto: Finally a Clash!! Jounin vs. Genin!", "english": null}, "type": "ANIME", "status": "FINISHED", "description": "A contest is made by the Fifth Hokage called Jonin vs Genin. The point is to collect crystals for points, with the higher-ranked Chunin and Jonin holding crystals worth more points. The Genin have blue crystals, while the Chunin and Jonin have red crystals.<br><br>\nThe video shows various fights between the Genin and Jonin, which each instance ending in the Jonin unknowingly losing their crystal (or discarding it).<br><br>\n(Source: Wikipedia)", "startDate": {"year": 2005, "month": 12, "day": 22}, "endDate": {"year": 2005, "month": 12, "day": 22}, "season": "WINTER", "episodes": 1, "duration": 27, "genres": ["Adventure", "Comedy"], "averageScore": 62, "trending": 0, "popularity": 2890, "streamingEpisodes": [], "coverImage": {"large": "https://s3.anilist.co/media/anime/cover/medium/1074.jpg", "medium": "https://s3.anilist.co/media/anime/cover/small/1074.jpg"}, "bannerImage": null, "isAdult": false, "format": "OVA"}, {"id": 1075, "title": {"romaji": "Netrun-mon the Movie", "english": null}, "type": "ANIME", "status": "FINISHED", "description": "\"Netrun-mon THE MOVIE #1\" is an original animation DVD convceived by Netrunner Magazine to celebrate their 5th birthday. This 30-min OVA is directed by Poyoyon Rock (of \"Popotan\" fame) and stars cute Netrunner characters Nin'i-tan and friends. <br><br>\n(Source: AniDB)", "startDate": {"year": 2004, "month": 11, "day": 24}, "endDate": {"year": 2004, "month": 11, "day": 24}, "season": "FALL", "episodes": 1, "duration": 32, "genres": ["Comedy"], "averageScore": 44, "trending": 0, "popularity": 141, "streamingEpisodes": [], "coverImage": {"large": "https://s3.anilist.co/media/anime/cover/medium/1075.jpg", "medium": "https://s3.anilist.co/media/anime/cover/small/1075.jpg"}, "bannerImage": null, "isAdult": false, "format": "OVA"}, {"id": 1076, "title": {"romaji": "Wizardry", "english": null}, "type": "ANIME", "status": "FINISHED", "description": "Based on the first Wizardry game \"The Proving Grounds of the Mad Overlord\", a group of characters enter a dungeon to confront the ultimate wizard to prevent him from reaching an unstoppable power. On their way they meet up with a few new friends who have their own battles to settle, but their paths lay together.<br><br>\n(Source: ANN)", "startDate": {"year": 1991, "month": 2, "day": 21}, "endDate": {"year": 1991, "month": 2, "day": 21}, "season": "WINTER", "episodes": 1, "duration": 51, "genres": ["Fantasy"], "averageScore": 47, "trending": 0, "popularity": 156, "streamingEpisodes": [], "coverImage": {"large": "https://s3.anilist.co/media/anime/cover/medium/1076.jpg", "medium": "https://s3.anilist.co/media/anime/cover/small/1076.jpg"}, "bannerImage": null, "isAdult": false, "format": "OVA"}, {"id": 1078, "title": {"romaji": "Cardcaptor Sakura: Kero-chan ni Omakase!", "english": "Cardcaptor Sakura: Leave It to Kero-chan"}, "type": "ANIME", "status": "FINISHED", "description": "Following the events of Cardcaptor Sakura Movie 2: The Sealed Card, Kero and Spinel (if you don't know who they are, watch Cardcaptor Sakura and the movie first) share a plate of takoyaki (octopus balls). They get into a fight over who gets the last piece, and in the process send it flying out the window. They both chase the takoyaki, and each other, in a mighty effort to be the \"takoyaki captor\".<br><br>\r\n(Source: ANN)", "startDate": {"year": 2003, "month": 2, "day": 3}, "endDate": {"year": 2003, "month": 2, "day": 3}, "season": "WINTER", "episodes": 1, "duration": 10, "genres": ["Comedy"], "averageScore": 68, "trending": 0, "popularity": 1903, "streamingEpisodes": [], "coverImage": {"large": "https://s3.anilist.co/media/anime/cover/medium/1078-c24UkFy6f2Xe.png", "medium": "https://s3.anilist.co/media/anime/cover/small/1078-c24UkFy6f2Xe.png"}, "bannerImage": "https://s3.anilist.co/media/anime/banner/1078-8oQZo5mot04l.jpg", "isAdult": false, "format": "SPECIAL"}, {"id": 1079, "title": {"romaji": "Armitage III", "english": "Armitage III"}, "type": "ANIME", "status": "FINISHED", "description": "The year is 2046. Detective Ross Sylibus is transferred to Mars when a country singer on his flight is murdered. Making matters more complicated is that the singer is a \"Third\"&mdash;a robot that looks and feels like a human. Sylibus is partnered with Armitage&mdash;a beautiful female cop with a bad attitude. As they investigate the murder of the singer and other women on Mars, they uncover a conspiracy that can have them both killed by the Martian government.<br><br>\n(Source: ANN)", "startDate": {"year": 1995, "month": 2, "day": 25}, "endDate": {"year": 1995, "month": 11, "day": 25}, "season": "WINTER", "episodes": 4, "duration": 34, "genres": ["Action", "Adventure", "Mecha", "Romance", "Sci-Fi"], "averageScore": 65, "trending": 1, "popularity": 1503, "streamingEpisodes": [], "coverImage": {"large": "https://s3.anilist.co/media/anime/cover/medium/1079.jpg", "medium": "https://s3.anilist.co/media/anime/cover/small/1079.jpg"}, "bannerImage": null, "isAdult": false, "format": "OVA"}, {"id": 1080, "title": {"romaji": "Sentou Yousei Yukikaze", "english": "Yukikaze"}, "type": "ANIME", "status": "FINISHED", "description": "This full 3DCG digital animation has story takes place in the far future after a pillar of huge fog appeared suddenly in the South Pole. This pillar, known as Jam, is actually a passage for an earth invasion.<br><br>\nIn order to oppose the threat, the United Nations established an earth defense mechanism. Fukai Zero is a hero registered to the main force of earth defense and the special 5th flight squadron. His reconnaissance plane, Yukikaze (windblown snow) is the best tactical reconnaissance plane. His job is to collect battle information return safely to the base with the information. But one day when he about to finish his duty, an unidentified machine attacked him...<br><br>\n(Source: AnimeNfo)", "startDate": {"year": 2002, "month": 8, "day": 25}, "endDate": {"year": 2005, "month": 8, "day": 26}, "season": "SUMMER", "episodes": 5, "duration": 37, "genres": ["Action", "Drama", "Psychological", "Sci-Fi"], "averageScore": 65, "trending": 0, "popularity": 1207, "streamingEpisodes": [], "coverImage": {"large": "https://s3.anilist.co/media/anime/cover/medium/1080.jpg", "medium": "https://s3.anilist.co/media/anime/cover/small/1080.jpg"}, "bannerImage": null, "isAdult": false, "format": "OVA"}, {"id": 1081, "title": {"romaji": "Space Pirate Captain Herlock: Outside Legend - The Endless Odyssey", "english": null}, "type": "ANIME", "status": "FINISHED", "description": "On an archaelogical mission to the end of the known universe, Professor Daiba unwitting unleashes an ancient horror from its confines. Five years later the malevolent alien force sets in motion a plan which reunites the various crewmembers of the Arcadia to sail the stars once more as well as bring Tadashi Daiba to meet Harlock for the first time (again). <br><br>\n(Source: ANN) ", "startDate": {"year": 2002, "month": 12, "day": 21}, "endDate": {"year": 2003, "month": 12, "day": 21}, "season": "WINTER", "episodes": 13, "duration": 25, "genres": ["Action", "Sci-Fi"], "averageScore": 65, "trending": 0, "popularity": 414, "streamingEpisodes": [], "coverImage": {"large": "https://s3.anilist.co/media/anime/cover/medium/1081.jpg", "medium": "https://s3.anilist.co/media/anime/cover/small/1081.jpg"}, "bannerImage": null, "isAdult": false, "format": "OVA"}, {"id": 1082, "title": {"romaji": "Hikari to Mizu no Daphne", "english": "Daphne in the Brilliant Blue"}, "type": "ANIME", "status": "FINISHED", "description": "In the future, water has covered much of the Earth due to the effects of global warming. The orphaned Maia Mizuki, 15, just graduated from middle school and has already applied for employment in the elite paramilitary Ocean Agency, part of the futuristic world government. Only the best, most intelligent, and physically fit students are eligible for admission. Maia, the series' protagonist, is set to become one of the few.<br><br>\nBut her ideal life quickly falls apart. To her disappointment, Maia unexpectedly fails her entrance exams. Making matters worse, she promptly gets evicted from her house, pick pocketed, taken hostage, then shot. She is \"saved\" by two women (Rena and Shizuka) that are part of an unorthodox help-for-hire organization called Nereids (inspired by the Greek mythological Nereids ). With nowhere to go, Maia joins up with Nereids, taking jobs from capturing wanted criminals to chasing stray cats, often with unexpected results. Gloria and Yu later join up with Nereids.<br><br>\n\"Daphne\" in the title refers to a subplot that starts midway into the series and eventually become important to Maia. \"Brilliant Blue\" refers to the fact that this is a world covered by water with almost no land. The world consists of vast oceans, a few islands, and floating cities.<br><br>\n(Source: Wikipedia)", "startDate": {"year": 2004, "month": 1, "day": 16}, "endDate": {"year": 2004, "month": 7, "day": 3}, "season": "WINTER", "episodes": 24, "duration": 24, "genres": ["Comedy", "Drama", "Mystery", "Psychological", "Sci-Fi"], "averageScore": 59, "trending": 0, "popularity": 703, "streamingEpisodes": [], "coverImage": {"large": "https://s3.anilist.co/media/anime/cover/medium/1082.jpg", "medium": "https://s3.anilist.co/media/anime/cover/small/1082.jpg"}, "bannerImage": null, "isAdult": false, "format": "TV"}, {"id": 1083, "title": {"romaji": "Human Crossing", "english": "Human Crossing"}, "type": "ANIME", "status": "FINISHED", "description": "Though seemingly unconnected, the characters in HUMAN CROSSING all have something in common. They are dealing with the sometimes joyous, but often horrific realities of everyday life. Set in modern day Japan, this compilation of short stories explores the lives of people from all walks of life. The animation used here is subtle, with realistic renderings that fully express the range of emotions experienced by the film`s characters. HUMAN CROSSING taps into the dramatic potential of reality, focusing on the isolated, sometimes lonely nature of urban life. Ultimately, however, the film suggests that perhaps there is an inter-connectedness between people that binds even the most disparate strangers together.<br><br>\n(Source: AniDB)", "startDate": {"year": 2003, "month": 4, "day": 5}, "endDate": {"year": 2003, "month": 6, "day": 28}, "season": "SPRING", "episodes": 13, "duration": 24, "genres": ["Drama", "Slice of Life", "Sports"], "averageScore": 52, "trending": 0, "popularity": 261, "streamingEpisodes": [], "coverImage": {"large": "https://s3.anilist.co/media/anime/cover/medium/1083.jpg", "medium": "https://s3.anilist.co/media/anime/cover/small/1083.jpg"}, "bannerImage": null, "isAdult": false, "format": "TV"}, {"id": 1084, "title": {"romaji": "I''s", "english": "I''s"}, "type": "ANIME", "status": "FINISHED", "description": "Aiming to become a molding artist, Itsuki, a childhood friend of Ichitaka who went to America come back to Japan. Iori who refused the idol path and started to pursue her ambition to become an actress instead. Ichitaka, wandering on his bicycle alone, tries to decide his choice between the two persons.<br><br>\n(Source: AnimeNfo)", "startDate": {"year": 2002, "month": 12, "day": 9}, "endDate": {"year": 2003, "month": 3, "day": 19}, "season": "WINTER", "episodes": 2, "duration": 27, "genres": ["Drama", "Romance"], "averageScore": 54, "trending": 0, "popularity": 563, "streamingEpisodes": [], "coverImage": {"large": "https://s3.anilist.co/media/anime/cover/medium/1084.jpg", "medium": "https://s3.anilist.co/media/anime/cover/small/1084.jpg"}, "bannerImage": null, "isAdult": false, "format": "OVA"}, {"id": 1085, "title": {"romaji": "Interlude", "english": null}, "type": "ANIME", "status": "FINISHED", "description": "The unnamed main character has been having strange dreams, seeing strange things, and meeting strange people. He investigates these events and finds a strange girl named Aya. With her help, he discovers that his world may not in fact be real and many of the people he thinks he knows may not exist anymore.<br><br>\n(Source: Funimation)", "startDate": {"year": 2004, "month": 3, "day": 25}, "endDate": {"year": 2004, "month": 8, "day": 27}, "season": "SPRING", "episodes": 3, "duration": 40, "genres": ["Adventure", "Horror", "Mystery"], "averageScore": 55, "trending": 0, "popularity": 723, "streamingEpisodes": [{"title": "Episode 1 - Interlude Vol. 1", "url": "http://www.crunchyroll.com/interlude/episode-1-interlude-vol-1-573956"}, {"title": "Episode 2 - Interlude Vol. 2", "url": "http://www.crunchyroll.com/interlude/episode-2-interlude-vol-2-573958"}, {"title": "Episode 3 - Interlude Vol. 3", "url": "http://www.crunchyroll.com/interlude/episode-3-interlude-vol-3-573960"}], "coverImage": {"large": "https://s3.anilist.co/media/anime/cover/medium/1085.jpg", "medium": "https://s3.anilist.co/media/anime/cover/small/1085.jpg"}, "bannerImage": null, "isAdult": false, "format": "OVA"}, {"id": 1086, "title": {"romaji": "Kenran Butou Sai: The Mars Daybreak", "english": "Mars Daybreak"}, "type": "ANIME", "status": "FINISHED", "description": "Mars is now almost entirely covered in water. Humanity exists in large city-ships that float through the open seas. But life is hard for those who live on Mars&mdash;the economy is in bad shape, work is scarce, and food is expensive and highly prized. Gram and his friends try to do the best they can, but the work keeps drying up. Some have taken to a life of piracy to combat the corruption in the government; one such group is the pirates of the feared Ship of Aurora. And the Earth government, which rules Mars, has dispatched a new team of military pilots to combat them. In their specialized mecha called Round Bucklers, they must make the seas of Mars safe for humanity. Caught in the wrong place at the wrong time, Gram finds himself on the run with the most notorious pirates on Mars. But here's the thing&mdash;he's starting to like them!<br><br>\n(Source: Bandai Entertainment)", "startDate": {"year": 2004, "month": 4, "day": 1}, "endDate": {"year": 2004, "month": 9, "day": 23}, "season": "SPRING", "episodes": 26, "duration": 23, "genres": ["Adventure", "Comedy", "Mecha", "Romance", "Sci-Fi"], "averageScore": 65, "trending": 0, "popularity": 1164, "streamingEpisodes": [], "coverImage": {"large": "https://s3.anilist.co/media/anime/cover/medium/1086.jpg", "medium": "https://s3.anilist.co/media/anime/cover/small/1086.jpg"}, "bannerImage": null, "isAdult": false, "format": "TV"}, {"id": 1087, "title": {"romaji": "Kimagure Orange Road", "english": null}, "type": "ANIME", "status": "FINISHED", "description": "Fifteen year old Kyosuke Kasuga moves to a new city and becomes enamoured by one Madoka Ayukawa, whom often treats him coldly even though she seemed friendly the first time they met, when he caught her red straw hat on the stairs. Kyosuke also must try to avoid breaking the heart of the slightly childish Hikaru Hiyama, who fell in love with him after she saw him make an impossible shot with a basketball and who likes to shower him with affection. Also, just to make things interesting, Kyosuke, his sisters, his grandfather, and his cousins all have various powers (teleportation, psychokinesis, hypnosis, time travel, personality transference) which Kyosuke desperately tries to keep a secret, though some of the other family members have no such qualms against using their powers in public.<br><br><br>\n(Source: ANN)", "startDate": {"year": 1987, "month": 4, "day": 6}, "endDate": {"year": 1988, "month": 3, "day": 7}, "season": "SPRING", "episodes": 48, "duration": 25, "genres": ["Action", "Comedy", "Drama", "Fantasy", "Romance"], "averageScore": 69, "trending": 1, "popularity": 2391, "streamingEpisodes": [], "coverImage": {"large": "https://s3.anilist.co/media/anime/cover/medium/1087.jpg", "medium": "https://s3.anilist.co/media/anime/cover/small/1087.jpg"}, "bannerImage": "https://s3.anilist.co/media/anime/banner/1087-ibInHaGwOFPg.jpg", "isAdult": false, "format": "TV"}, {"id": 1088, "title": {"romaji": "Choujikuu Yousai Macross", "english": "Macross"}, "type": "ANIME", "status": "FINISHED", "description": "In 1999, an alien ship crashes on South Atalia Island and makes the human race aware of other life in space. Ten years later, the ship is reconstructed and christened as the SDF-1 Macross. However, on the day of its maiden voyage, an alien race called the Zentraedi make their appearance on Earth, beginning the UN Spacy/Zentraedi war that would change the history of both races forever.<br>\n<br>\n(Source: ANN)", "startDate": {"year": 1982, "month": 10, "day": 3}, "endDate": {"year": 1983, "month": 6, "day": 26}, "season": "FALL", "episodes": 36, "duration": 26, "genres": ["Action", "Mecha", "Music", "Romance", "Sci-Fi"], "averageScore": 76, "trending": 1, "popularity": 5598, "streamingEpisodes": [], "coverImage": {"large": "https://s3.anilist.co/media/anime/cover/medium/1088.jpg", "medium": "https://s3.anilist.co/media/anime/cover/small/1088.jpg"}, "bannerImage": "https://s3.anilist.co/media/anime/banner/1088-qEDmlgWXrKH3.jpg", "isAdult": false, "format": "TV"}, {"id": 1089, "title": {"romaji": "Choujikuu Yousai Macross: Ai Oboete Imasu ka", "english": "Macross: Do You Remember Love?"}, "type": "ANIME", "status": "FINISHED", "description": "A.D. 2009 - The human race is in the middle of a three-way war with a race of giant humanoid aliens called the Zentraedi (male) and Meltrandi (female). After executing a space fold that sent it and part of South Atalia Island to the edge of the Solar System, the space fortress Macross is on its way back to Earth. During a small skirmish with Zentraedi forces, young pilot Hikaru Ichijo rescues idol singer Lynn Minmay and their relationship develops as they're stranded somewhere within the ship. But shortly after returning to Macross City, Minmay is captured by the Zentraedi, and Hikaru and female officer Misa Hayase end up back on Earth - only to view the aftermath of the destruction of their civilization. Only a song discovered eons ago - along with Minmay's voice - can determine the outcome of the war. <br><br>\r\n(Source: ANN) ", "startDate": {"year": 1984, "month": 7, "day": 7}, "endDate": {"year": 1984, "month": 7, "day": 7}, "season": "SUMMER", "episodes": 1, "duration": 115, "genres": ["Action", "Mecha", "Music", "Romance", "Sci-Fi"], "averageScore": 77, "trending": 0, "popularity": 2876, "streamingEpisodes": [], "coverImage": {"large": "https://s3.anilist.co/media/anime/cover/medium/1089-uoP83D60OHxP.jpg", "medium": "https://s3.anilist.co/media/anime/cover/small/1089-uoP83D60OHxP.jpg"}, "bannerImage": "https://s3.anilist.co/media/anime/banner/1089-QrL6y85OKpa5.jpg", "isAdult": false, "format": "MOVIE"}, {"id": 1090, "title": {"romaji": "Kidou Senshi Gundam I", "english": "Mobile Suit Gundam I"}, "type": "ANIME", "status": "FINISHED", "description": "It is the year Universal Century 0079. Over 90 million humans populate the Earth, and many have been forced to live in space. People now live in large cylinder-like colony clusters called Sides, all ruled over by the \"Earth Federation Space Force\" (E.F.S.F.). Around this time, a group of colonies called Side 3, located near the dark side of the moon, proclaimed themselves independent from the Earth Federation and made themselves known as the \"Principality of Zeon\".<br>\r\n<br>\r\nNow the war has gone on for eight months and doesn't seem to be ending any time soon. Both factions are at a stalemate. As a last resort, the Federation attempts to produce a new, stronger force to fight against the Zeonic armies. They create the White Base and a powerful Mobile Suit called the \"Gundam\". However, these suits are piloted by youths...<br>\r\n<br>\r\n(Source: Otakufreakmk2 + edited by Aezreal)", "startDate": {"year": 1981, "month": 3, "day": 14}, "endDate": {"year": 1981, "month": 3, "day": 14}, "season": "SPRING", "episodes": 1, "duration": 140, "genres": ["Action", "Adventure", "Drama", "Mecha", "Sci-Fi"], "averageScore": 69, "trending": 0, "popularity": 2363, "streamingEpisodes": [], "coverImage": {"large": "https://s3.anilist.co/media/anime/cover/medium/nx1090-Zo3MYEx7SuDd.jpg", "medium": "https://s3.anilist.co/media/anime/cover/small/nx1090-Zo3MYEx7SuDd.jpg"}, "bannerImage": "https://s3.anilist.co/media/anime/banner/1090-O363aiE9WBID.jpg", "isAdult": false, "format": "MOVIE"}, {"id": 1091, "title": {"romaji": "Kidou Senshi Gundam II: Ai Senshi Hen", "english": "Mobile Suit Gundam II: Soldiers of Sorrow"}, "type": "ANIME", "status": "FINISHED", "description": "As the War continues, Amuro and the White Base crew must make their way toward the Earth Federation Headquarters, Jaburo. On their way they will meet several new enemies and face off against impossible odds. They will fight in Operation Odessa to relieve the Earth from the clutches of the Zeon forces.<br><br>\nLives will be lost, new friendships will be made, and discoveries lie at every corner. Amuro soon learns that he possesses the power of the mysterious Newtypes.<br><br>\n(Source: Otakufreakmk2)", "startDate": {"year": 1981, "month": 7, "day": 11}, "endDate": {"year": 1981, "month": 7, "day": 11}, "season": "SUMMER", "episodes": 1, "duration": 135, "genres": ["Drama", "Mecha", "Sci-Fi"], "averageScore": 70, "trending": 0, "popularity": 1995, "streamingEpisodes": [], "coverImage": {"large": "https://s3.anilist.co/media/anime/cover/medium/1091.jpg", "medium": "https://s3.anilist.co/media/anime/cover/small/1091.jpg"}, "bannerImage": "https://s3.anilist.co/media/anime/banner/1091-OzzxSPrzcZ4D.jpg", "isAdult": false, "format": "MOVIE"}, {"id": 1092, "title": {"romaji": "Kidou Senshi Gundam III: Meguriai Uchuu Hen", "english": "Mobile Suit Gundam III: Encounters in Space"}, "type": "ANIME", "status": "FINISHED", "description": "The One Year War comes to a close, as the Zeon forces now retreat back into space. Amuro learns much more about his Newtype abilities and tries to use them the best way he can. He's pushed to his limit as he encounters the infamous Char Aznable once again. He also falls in love with a mysterious woman named Lalah Sune, who knows the full potential of the Newtype abilities. <br><br>\nThe greatest battle is about to begin, as many loved ones fall to the power of war. Can the Earth Federation defeat the Principality of Zeon? Can Char prove that he's a better Newtype than Amuro? All these questions will be answered now...<br><br>\n(Source: Otakufreakmk2)", "startDate": {"year": 1982, "month": 3, "day": 13}, "endDate": {"year": 1982, "month": 3, "day": 13}, "season": "SPRING", "episodes": 1, "duration": 140, "genres": ["Drama", "Mecha", "Sci-Fi"], "averageScore": 74, "trending": 0, "popularity": 1941, "streamingEpisodes": [], "coverImage": {"large": "https://s3.anilist.co/media/anime/cover/medium/1092.jpg", "medium": "https://s3.anilist.co/media/anime/cover/small/1092.jpg"}, "bannerImage": "https://s3.anilist.co/media/anime/banner/1092-LJFeg6FByChS.jpg", "isAdult": false, "format": "MOVIE"}, {"id": 1093, "title": {"romaji": "Oishinbo", "english": null}, "type": "ANIME", "status": "FINISHED", "description": "Oishinbo is a drama about newspaper reporters. The main character is a cynical food critic named Yamaoka. Oishinbo is a popular mainstream comic for adults in Japan. It is even mentioned in an episode of \"Iron Chef\". <br><br>\n(Source: AniDB)", "startDate": {"year": 1988, "month": 10, "day": 17}, "endDate": {"year": 1992, "month": 3, "day": 17}, "season": "FALL", "episodes": 136, "duration": 26, "genres": ["Comedy"], "averageScore": null, "trending": 0, "popularity": 94, "streamingEpisodes": [], "coverImage": {"large": "https://s3.anilist.co/media/anime/cover/medium/1093.jpg", "medium": "https://s3.anilist.co/media/anime/cover/small/1093.jpg"}, "bannerImage": null, "isAdult": false, "format": "TV"}, {"id": 1094, "title": {"romaji": "One Piece Special: Adventure in the Ocean's Navel", "english": null}, "type": "ANIME", "status": "FINISHED", "description": "The Straw Hats encounter a city in the middle of a whirlpool, called the Ocean's Navel, that is being destroyed by giant monsters. These monsters supposedly protect a treasure capable of granting wishes, but in the process of defeating these guardians, the crew ends up releasing another evil.  (aired after Episode 53)<br><br>\n(Source: Wikipedia)", "startDate": {"year": 2000, "month": 12, "day": 20}, "endDate": {"year": 2000, "month": 12, "day": 20}, "season": "WINTER", "episodes": 1, "duration": 49, "genres": ["Adventure", "Comedy", "Fantasy"], "averageScore": 68, "trending": 0, "popularity": 1676, "streamingEpisodes": [], "coverImage": {"large": "https://s3.anilist.co/media/anime/cover/medium/1094.jpg", "medium": "https://s3.anilist.co/media/anime/cover/small/1094.jpg"}, "bannerImage": null, "isAdult": false, "format": "SPECIAL"}, {"id": 1095, "title": {"romaji": "Mobile Police Patlabor: The Movie", "english": "Patlabor: The Movie"}, "type": "ANIME", "status": "FINISHED", "description": "The year is 1999 and Tokyo's Mobile Police have a new weapon in the war on crime &ndash; advanced robots called Labors are used to combat criminals who would use the new technology for illegal means. The suicide of a mysterious man on the massive Babylon Project construction site sets off a cascade of events that may signal the destruction of Tokyo.<br><br>\n(Source: ANN)", "startDate": {"year": 1989, "month": 7, "day": 15}, "endDate": {"year": 1989, "month": 7, "day": 15}, "season": "SUMMER", "episodes": 1, "duration": 99, "genres": ["Drama", "Mecha"], "averageScore": 73, "trending": 0, "popularity": 2512, "streamingEpisodes": [], "coverImage": {"large": "https://s3.anilist.co/media/anime/cover/medium/1095-P3Rdq1xSv0ie.jpg", "medium": "https://s3.anilist.co/media/anime/cover/small/1095-P3Rdq1xSv0ie.jpg"}, "bannerImage": "https://s3.anilist.co/media/anime/banner/1095-opwiGO1PYs0A.jpg", "isAdult": false, "format": "MOVIE"}, {"id": 1096, "title": {"romaji": "Mobile Police Patlabor 2: The Movie", "english": "Mobile Police Patlabor 2: The Movie"}, "type": "ANIME", "status": "FINISHED", "description": "The date is 2002, three years after the events of PATLABOR 1 &ndash; Mobile Police. The destruction of a United Nations Labor team in South East Asia begins the build-up to a deadly terrorist plan that threatens to send shockwaves throughout Japan's military. With evidence of an impending military takeover, the scattered members of the original SVD (Special Vehicle Division) must gather to defend the city against danger. To make matters worse, the mastermind behind the operation is none other than Nagumo's former teacher and ex-lover Tsuge. <br><br>\n(Source: ANN)", "startDate": {"year": 1993, "month": 8, "day": 7}, "endDate": {"year": 1993, "month": 8, "day": 7}, "season": "SUMMER", "episodes": 1, "duration": 108, "genres": ["Drama", "Mecha", "Mystery", "Sci-Fi"], "averageScore": 77, "trending": 0, "popularity": 1969, "streamingEpisodes": [], "coverImage": {"large": "https://s3.anilist.co/media/anime/cover/medium/1096-ZyFFrXLZD3x4.png", "medium": "https://s3.anilist.co/media/anime/cover/small/1096-ZyFFrXLZD3x4.png"}, "bannerImage": "https://s3.anilist.co/media/anime/banner/1096-kLqeBpUtul57.jpg", "isAdult": false, "format": "MOVIE"}, {"id": 1097, "title": {"romaji": "Raimuiro Senkitan", "english": null}, "type": "ANIME", "status": "FINISHED", "description": "Around the the 37th year of the Meiji Era (1904) in the midst of the Russo-Japanese war, the small Japanese army, in need of assistance, uses its special flying (thanks to a benevolent demon) ship, the Amanohara, to attack Russia's major base at Port Arthur (Lushun). <br><br>\nUmakai Shintaro, a Russian diplomat originally from Japan, defects and goes to Sapporo to teach at a girls academy. However, that girls academy is not typical - it is on board the Amanohara, and the five girls Shintaro teaches are known as the Raimu Unit - girls with the ability to summon powerful beings to fight for them. Shintaro eventually becomes their teacher and general in battle, and so the six embark on a weird and excessively erotic journey, as Shintaro helps the girls overcome their weaknesses, become stronger for the final stand at Lushun, and also understand the motives of the \"Russian Spiritual Corps\" that assist the opponent, which, unfortunately, has one member whom Shintaro knew well...<br><br>\n(Source: ANN)", "startDate": {"year": 2003, "month": 1, "day": 4}, "endDate": {"year": 2003, "month": 3, "day": 29}, "season": "WINTER", "episodes": 13, "duration": 25, "genres": ["Comedy", "Ecchi", "Mecha", "Supernatural"], "averageScore": 53, "trending": 0, "popularity": 632, "streamingEpisodes": [], "coverImage": {"large": "https://s3.anilist.co/media/anime/cover/medium/1097.jpg", "medium": "https://s3.anilist.co/media/anime/cover/small/1097.jpg"}, "bannerImage": null, "isAdult": false, "format": "TV"}, {"id": 1098, "title": {"romaji": "Samurai Girl Real Bout High School", "english": "Samurai Girl Real Bout High School"}, "type": "ANIME", "status": "FINISHED", "description": "At Daimon High School, kids settle their disputes by dueling with each other in the school's official K-Fight battle arena. Ryoko Mitsurugi, samurai girl and undefeated K-Fight champion, is called upon by a mysterious Priestess to protect the Earth from an invasion coming from the alternate universe of Solvania. She must face battles that will test her skills, her friendships, and her heart in order to find her true strength as a samurai warrior. <br><br>\n(Source: ANN)", "startDate": {"year": 2001, "month": 7, "day": 30}, "endDate": {"year": 2001, "month": 10, "day": 22}, "season": "SUMMER", "episodes": 13, "duration": 23, "genres": ["Adventure", "Comedy", "Fantasy"], "averageScore": 48, "trending": 0, "popularity": 473, "streamingEpisodes": [], "coverImage": {"large": "https://s3.anilist.co/media/anime/cover/medium/1098.jpg", "medium": "https://s3.anilist.co/media/anime/cover/small/1098.jpg"}, "bannerImage": null, "isAdult": false, "format": "TV"}, {"id": 1099, "title": {"romaji": "Shadow Skill: Kurudaryuu Kousatsuhou no Himitsu", "english": null}, "type": "ANIME", "status": "FINISHED", "description": "The story takes place in warrior kingdom where a deadly martial art called Shadow Skill is practiced to defend the continued existence of the kingdom. Dreaming of becoming an invincible warrior one day, like the legendary warrior named Scar Face who has defeated 2,000 opponents, the boy named Cau Ban trains hard with his older adopted sister Elle who has mastered Shadow Skill. A deadly combat breaks out when a rouge pack of intruders suddenly assaults the castle to steal a box that contains a secret... <br><br>\n(Source: ANN)", "startDate": {"year": 2004, "month": 2, "day": 10}, "endDate": {"year": 2004, "month": 2, "day": 10}, "season": "WINTER", "episodes": 1, "duration": 60, "genres": ["Adventure", "Drama", "Fantasy"], "averageScore": null, "trending": 0, "popularity": 104, "streamingEpisodes": [], "coverImage": {"large": "https://s3.anilist.co/media/anime/cover/medium/1099.jpg", "medium": "https://s3.anilist.co/media/anime/cover/small/1099.jpg"}, "bannerImage": null, "isAdult": false, "format": "OVA"}, {"id": 1100, "title": {"romaji": "Soreyuke! Uchuu Senkan Yamamoto Yohko", "english": "Starship Girl Yamamoto Yohko"}, "type": "ANIME", "status": "FINISHED", "description": "Meet Yohko Yamamoto - a cat-eyed, 15-year-old girl in the late 20th century with a love for videogames and Pocky. Because of her exceptional talent with arcade shooters, she's been recruited by Lawson to travel a thousand years into the future to pilot the prototype ship TA-29. Together with Ayano Elizabeth Hakuhoin, Madoka Midoh and Momiji Kagariya, Yohko leads the Terran team against Rouge and Ness' infamous Red Snappers in this epic space adventure. <br><br>\n(Source: ANN)", "startDate": {"year": 1996, "month": 3, "day": 6}, "endDate": {"year": 1996, "month": 6, "day": 5}, "season": "SPRING", "episodes": 3, "duration": 30, "genres": ["Adventure", "Comedy", "Sci-Fi"], "averageScore": 51, "trending": 0, "popularity": 343, "streamingEpisodes": [], "coverImage": {"large": "https://s3.anilist.co/media/anime/cover/medium/1100.jpg", "medium": "https://s3.anilist.co/media/anime/cover/small/1100.jpg"}, "bannerImage": null, "isAdult": false, "format": "OVA"}]}}}