{"data": {"Page": {"pageInfo": {"total": 12297, "hasNextPage": true}, "media": [{"id": 20562, "title": {"romaji": "Glass no Kantai: La Legende du Vent de l'Univers", "english": "Glass Fleet: The Legend of the Wind of the Universe"}, "type": "ANIME", "status": "FINISHED", "description": "The People's Army led by Michel stands against Vetti's newly founded empire. Upon seeing how strong the Glass Battleship is, Michel tries to get Cleo, the captain of the Glass Battleship, to help People's Army overthrow Vetti's empire. And together they fight against Vetti's empire.\r\n\r\n(Source: ANN)", "startDate": {"year": 2006, "month": 4, "day": 4}, "endDate": {"year": 2006, "month": 9, "day": 21}, "season": "SPRING", "episodes": 24, "duration": 24, "genres": ["Adventure", "Sci-Fi"], "averageScore": 55, "trending": 0, "popularity": 565, "streamingEpisodes": [], "coverImage": {"large": "https://s3.anilist.co/media/anime/cover/medium/20562.jpg", "medium": "https://s3.anilist.co/media/anime/cover/small/20562.jpg"}, "bannerImage": null, "isAdult": false, "format": "TV"}, {"id": 20563, "title": {"romaji": "Glass no Kantai: La Legende du Vent de l'Univers Specials", "english": "Glass Fleet: The Legend of the Wind of the Universe Specials"}, "type": "ANIME", "status": "FINISHED", "description": "Episodes 16.5 and 20.5.\r\n\r\nGlass no Kantai Special episodes focus on the history behind the Imperial Royal Family, recounting the events that happened before the TV Series.", "startDate": {"year": 2007, "month": 1, "day": 24}, "endDate": {"year": 2007, "month": 3, "day": 28}, "season": "WINTER", "episodes": 2, "duration": 24, "genres": ["Adventure", "Sci-Fi"], "averageScore": null, "trending": 0, "popularity": 98, "streamingEpisodes": [], "coverImage": {"large": "https://s3.anilist.co/media/anime/cover/medium/20563.jpg", "medium": "https://s3.anilist.co/media/anime/cover/small/20563.jpg"}, "bannerImage": null, "isAdult": false, "format": "SPECIAL"}, {"id": 20564, "title": {"romaji": "Cardfight!! Vanguard: Legion Mate-Hen", "english": null}, "type": "ANIME", "status": "FINISHED", "description": "The fourth season of Cardfight!! Vanguard.", "startDate": {"year": 2014, "month": 3, "day": 9}, "endDate": {"year": 2014, "month": 10, "day": 19}, "season": "SPRING", "episodes": 33, "duration": 24, "genres": ["Action", "Adventure"], "averageScore": 63, "trending": 0, "popularity": 745, "streamingEpisodes": [{"title": "Episode 164 - The Missing Leader", "url": "http://www.crunchyroll.com/cardfight-vanguard-legion-mate-season-4/episode-164-the-missing-leader-649685"}, {"title": "Episode 165 - Legion", "url": "http://www.crunchyroll.com/cardfight-vanguard-legion-mate-season-4/episode-165-legion-651351"}, {"title": "Episode 166 - Aichi's Shadow", "url": "http://www.crunchyroll.com/cardfight-vanguard-legion-mate-season-4/episode-166-aichis-shadow-651769"}, {"title": "Episode 167 - Seek the Mate", "url": "http://www.crunchyroll.com/cardfight-vanguard-legion-mate-season-4/episode-167-seek-the-mate-651771"}, {"title": "Episode 168 - Naoki's Fist", "url": "http://www.crunchyroll.com/cardfight-vanguard-legion-mate-season-4/episode-168-naokis-fist-651773"}, {"title": "Episode 169 - Blue Flames Gaillard", "url": "http://www.crunchyroll.com/cardfight-vanguard-legion-mate-season-4/episode-169-blue-flames-gaillard-651775"}, {"title": "Episode 170 - Steel Neve", "url": "http://www.crunchyroll.com/cardfight-vanguard-legion-mate-season-4/episode-170-steel-neve-651777"}, {"title": "Episode 171 - The Leader, Kai", "url": "http://www.crunchyroll.com/cardfight-vanguard-legion-mate-season-4/episode-171-the-leader-kai-651779"}, {"title": "Episode 172 - Introducing Great Daikaiser", "url": "http://www.crunchyroll.com/cardfight-vanguard-legion-mate-season-4/episode-172-introducing-great-daikaiser-651781"}, {"title": "Episode 173 - Illusional Rati", "url": "http://www.crunchyroll.com/cardfight-vanguard-legion-mate-season-4/episode-173-illusional-rati-651783"}, {"title": "Episode 174 - Freezing Ice Serra", "url": "http://www.crunchyroll.com/cardfight-vanguard-legion-mate-season-4/episode-174-freezing-ice-serra-654833"}, {"title": "Episode 175 - Ren's Promise", "url": "http://www.crunchyroll.com/cardfight-vanguard-legion-mate-season-4/episode-175-rens-promise-654835"}, {"title": "Episode 176 - The Place Where Aichi Will Return", "url": "http://www.crunchyroll.com/cardfight-vanguard-legion-mate-season-4/episode-176-the-place-where-aichi-will-return-654837"}, {"title": "Episode 177 - The Announced Truth", "url": "http://www.crunchyroll.com/cardfight-vanguard-legion-mate-season-4/episode-177-the-announced-truth-654839"}, {"title": "Episode 178 - Island Awaiting the Wind", "url": "http://www.crunchyroll.com/cardfight-vanguard-legion-mate-season-4/episode-178-island-awaiting-the-wind-654841"}, {"title": "Episode 179 - Kai's Will", "url": "http://www.crunchyroll.com/cardfight-vanguard-legion-mate-season-4/episode-179-kais-will-654843"}, {"title": "Episode 180 - Gateway to Sanctuary", "url": "http://www.crunchyroll.com/cardfight-vanguard-legion-mate-season-4/episode-180-gateway-to-sanctuary-654845"}, {"title": "Episode 181 - Manly Big Bang", "url": "http://www.crunchyroll.com/cardfight-vanguard-legion-mate-season-4/episode-181-manly-big-bang-657291"}, {"title": "Episode 182 - Steel Will", "url": "http://www.crunchyroll.com/cardfight-vanguard-legion-mate-season-4/episode-182-steel-will-657293"}, {"title": "Episode 183 - What Doesn't Change", "url": "http://www.crunchyroll.com/cardfight-vanguard-legion-mate-season-4/episode-183-what-doesnt-change-657295"}, {"title": "Episode 184 - Vow of the Blue Flames", "url": "http://www.crunchyroll.com/cardfight-vanguard-legion-mate-season-4/episode-184-vow-of-the-blue-flames-658533"}, {"title": "Episode 185 - Flames of Perdition", "url": "http://www.crunchyroll.com/cardfight-vanguard-legion-mate-season-4/episode-185-flames-of-perdition-658535"}, {"title": "Episode 186 - Interrupted Sleep", "url": "http://www.crunchyroll.com/cardfight-vanguard-legion-mate-season-4/episode-186-interrupted-sleep-658537"}, {"title": "Episode 187 - Aichi Awakens", "url": "http://www.crunchyroll.com/cardfight-vanguard-legion-mate-season-4/episode-187-aichi-awakens-658539"}, {"title": "Episode 188 - Cold Ambition", "url": "http://www.crunchyroll.com/cardfight-vanguard-legion-mate-season-4/episode-188-cold-ambition-658541"}, {"title": "Episode 189 - Omega's Return", "url": "http://www.crunchyroll.com/cardfight-vanguard-legion-mate-season-4/episode-189-omegas-return-658543"}, {"title": "Episode 190 - Determination of the Bluish Flames", "url": "http://www.crunchyroll.com/cardfight-vanguard-legion-mate-season-4/episode-190-determination-of-the-bluish-flames-658545"}, {"title": "Episode 191 - Our Place", "url": "http://www.crunchyroll.com/cardfight-vanguard-legion-mate-season-4/episode-191-our-place-658547"}, {"title": "Episode 192 - Pride of the Flames", "url": "http://www.crunchyroll.com/cardfight-vanguard-legion-mate-season-4/episode-192-pride-of-the-flames-658549"}, {"title": "Episode 193 - Sword of Destruction", "url": "http://www.crunchyroll.com/cardfight-vanguard-legion-mate-season-4/episode-193-sword-of-destruction-658551"}, {"title": "Episode 194 - Sword of Courage", "url": "http://www.crunchyroll.com/cardfight-vanguard-legion-mate-season-4/episode-194-sword-of-courage-662479"}, {"title": "Episode 195 - A Season for Journeys", "url": "http://www.crunchyroll.com/cardfight-vanguard-legion-mate-season-4/episode-195-a-season-for-journeys-662481"}, {"title": "Episode 196 - The Vanguards", "url": "http://www.crunchyroll.com/cardfight-vanguard-legion-mate-season-4/episode-196-the-vanguards-662547"}], "coverImage": {"large": "https://s3.anilist.co/media/anime/cover/medium/20564-UtGMZyD3fC70.jpg", "medium": "https://s3.anilist.co/media/anime/cover/small/20564-UtGMZyD3fC70.jpg"}, "bannerImage": null, "isAdult": false, "format": "TV"}, {"id": 20565, "title": {"romaji": "Ore, Twintail ni Narimasu.", "english": "Gonna be the Twin-Tails!!"}, "type": "ANIME", "status": "FINISHED", "description": "Mitsuka Souji is a first year high school student who greatly loves the \"twintails\" hairstyle. One day a beautiful girl, Thuearle, who comes from another world suddenly appeared in front of him and gave him the power to transform into the twintails warrior TailRed. Now Souji, with the help of his childhood friend Tsube Aika who can becomes the twintails warrior TailBlue, must fight in order to protect the peace on earth.\r\n\r\n(Source: J-Wikipedia)", "startDate": {"year": 2014, "month": 10, "day": 10}, "endDate": {"year": 2014, "month": 12, "day": 26}, "season": "FALL", "episodes": 12, "duration": 24, "genres": ["Action", "Comedy", "Fantasy", "Romance"], "averageScore": 62, "trending": 0, "popularity": 10124, "streamingEpisodes": [{"title": "Episode 1 - Earth Is a Twin-Tail World", "url": "http://www.crunchyroll.com/gonna-be-the-twin-tail/episode-1-earth-is-a-twin-tail-world-662065"}, {"title": "Episode 2 - A Twin-Tail Mystery?!", "url": "http://www.crunchyroll.com/gonna-be-the-twin-tail/episode-2-a-twin-tail-mystery-662067"}, {"title": "Episode 3 - The Azure Surge! Tailblue", "url": "http://www.crunchyroll.com/gonna-be-the-twin-tail/episode-3-the-azure-surge-tailblue-662069"}, {"title": "Episode 4 - Ferocity: Twin Battle!", "url": "http://www.crunchyroll.com/gonna-be-the-twin-tail/episode-4-ferocity-twin-battle-662071"}, {"title": "Episode 5 - The Third Twin-Tail!", "url": "http://www.crunchyroll.com/gonna-be-the-twin-tail/episode-5-the-third-twin-tail-662073"}, {"title": "Episode 6 - Brake Release!!", "url": "http://www.crunchyroll.com/gonna-be-the-twin-tail/episode-6-brake-release-662075"}, {"title": "Episode 7 - A Passionate Debut! Dark Grasper", "url": "http://www.crunchyroll.com/gonna-be-the-twin-tail/episode-7-a-passionate-debut-dark-grasper-662077"}, {"title": "Episode 8 - Erina's First...", "url": "http://www.crunchyroll.com/gonna-be-the-twin-tail/episode-8-erinas-first-662079"}, {"title": "Episode 9 - Smash! Chaosic Infinite", "url": "http://www.crunchyroll.com/gonna-be-the-twin-tail/episode-9-smash-chaosic-infinite-662081"}, {"title": "Episode 10 - How Come?! I'm in Bad Shape", "url": "http://www.crunchyroll.com/gonna-be-the-twin-tail/episode-10-how-come-im-in-bad-shape-662083"}, {"title": "Episode 11 - Red On the Ropes", "url": "http://www.crunchyroll.com/gonna-be-the-twin-tail/episode-11-red-on-the-ropes-662085"}, {"title": "Episode 12 - Twin-Tails Forever", "url": "http://www.crunchyroll.com/gonna-be-the-twin-tail/episode-12-twin-tails-forever-662087"}], "coverImage": {"large": "https://s3.anilist.co/media/anime/cover/medium/nx20565-iJKtIuGW5n1p.jpg", "medium": "https://s3.anilist.co/media/anime/cover/small/nx20565-iJKtIuGW5n1p.jpg"}, "bannerImage": "https://s3.anilist.co/media/anime/banner/20565.jpg", "isAdult": false, "format": "TV"}, {"id": 20566, "title": {"romaji": "Nagato Yuki-chan no Shoushitsu", "english": "The Disappearance of Nagato Yuki-chan"}, "type": "ANIME", "status": "FINISHED", "description": "This spin-off of the Haruhi Suzumiya series takes place in the world of the \"Disappearance\" arc of the original novels, focusing on the high school life (and romance!) of a tentative and bashful Yuki Nagato quite unlike the one you've come to know and love through the usual exploits of the SOS Brigade... but no less charming!<br>\n<br>\nAs the shy head of the Literature Club, Nagato has had a hard time recruiting members. Her close friend Ryoko Asakura supports her in this. Drafting Kyon, she eventually meets up with Haruhi Suzumiya, Tsuruya, Mikuru Asahina and Itsuki Koizumi, and has to put up with their hijinks while trying to romance Kyon. Asakura seems ambivalent about the latter prospect.", "startDate": {"year": 2015, "month": 4, "day": 4}, "endDate": {"year": 2015, "month": 7, "day": 18}, "season": "SPRING", "episodes": 16, "duration": 24, "genres": ["Romance", "Slice of Life"], "averageScore": 62, "trending": 0, "popularity": 9108, "streamingEpisodes": [], "coverImage": {"large": "https://s3.anilist.co/media/anime/cover/medium/20566-3AWqyz8Mbdpq.jpg", "medium": "https://s3.anilist.co/media/anime/cover/small/20566-3AWqyz8Mbdpq.jpg"}, "bannerImage": "https://s3.anilist.co/media/anime/banner/20566.jpg", "isAdult": false, "format": "TV"}, {"id": 20567, "title": {"romaji": "GJ-bu@", "english": null}, "type": "ANIME", "status": "FINISHED", "description": "Kyouya and other members of the GJ Club travel to New York for a graduation trip! But what GJ Club activities will they be doing...?", "startDate": {"year": 2014, "month": 5, "day": 6}, "endDate": {"year": null, "month": null, "day": null}, "season": "SPRING", "episodes": 1, "duration": 46, "genres": ["Comedy", "Slice of Life"], "averageScore": 71, "trending": 0, "popularity": 3474, "streamingEpisodes": [], "coverImage": {"large": "https://s3.anilist.co/media/anime/cover/medium/20567.jpg", "medium": "https://s3.anilist.co/media/anime/cover/small/20567.jpg"}, "bannerImage": "https://s3.anilist.co/media/anime/banner/20567-zEqh0UIiNqHY.jpg", "isAdult": false, "format": "SPECIAL"}, {"id": 20568, "title": {"romaji": "Angel's Feather", "english": null}, "type": "ANIME", "status": "FINISHED", "description": "In the Binfield Kingdom Chronicle, it is said that there was once a small, peaceful country called the Kingdom of Winfield, whose king and royal family possessed great white wings.\r\n\r\nHamura Shou is newly enrolled at Yuusei Academy. After hearing about a student named Misonou Kai from the headmaster, Shou comes to believe that Kai is his younger twin brother, who he was separated from when he was younger. However, after a mysterious earthquake, Shou is suddenly carried into another world with two other students. It is in this new world that, after being attacked by a monster, Shou suddenly unleashes great, white wings.\r\n\r\n[Written by MAL Rewrite]", "startDate": {"year": 2006, "month": 4, "day": 28}, "endDate": {"year": 2006, "month": 5, "day": 26}, "season": "SPRING", "episodes": 2, "duration": 30, "genres": ["Drama", "Fantasy", "Romance", "Sci-Fi", "Supernatural"], "averageScore": 46, "trending": 0, "popularity": 618, "streamingEpisodes": [], "coverImage": {"large": "https://s3.anilist.co/media/anime/cover/medium/20568.jpg", "medium": "https://s3.anilist.co/media/anime/cover/small/20568.jpg"}, "bannerImage": null, "isAdult": false, "format": "OVA"}, {"id": 20569, "title": {"romaji": "Je t'aime", "english": null}, "type": "ANIME", "status": "FINISHED", "description": "Set in Tokyo in the near future, when all humanity has been wiped out, a lonely basset hound wanders around a deserted city. Its only wish is to feel the warmth of a human being once more.", "startDate": {"year": 2010, "month": 7, "day": 6}, "endDate": {"year": null, "month": null, "day": null}, "season": "SUMMER", "episodes": 1, "duration": 11, "genres": ["Sci-Fi"], "averageScore": 60, "trending": 0, "popularity": 705, "streamingEpisodes": [], "coverImage": {"large": "https://s3.anilist.co/media/anime/cover/medium/20569.jpg", "medium": "https://s3.anilist.co/media/anime/cover/small/20569.jpg"}, "bannerImage": null, "isAdult": false, "format": "OVA"}, {"id": 20570, "title": {"romaji": "Pokemon Best Wishes! Season 2: Decorora Adventure Specials", "english": "Pokemon Best Wishes! Season 2: Decolora Adventure Specials"}, "type": "ANIME", "status": "FINISHED", "description": "Pokemon Best Wishes! Season 2: Dekorora Adventure Specials", "startDate": {"year": 2013, "month": 10, "day": 3}, "endDate": {"year": 2014, "month": 3, "day": 27}, "season": "FALL", "episodes": 2, "duration": 23, "genres": ["Adventure", "Comedy", "Fantasy"], "averageScore": 59, "trending": 0, "popularity": 497, "streamingEpisodes": [], "coverImage": {"large": "https://s3.anilist.co/media/anime/cover/medium/20570.jpg", "medium": "https://s3.anilist.co/media/anime/cover/small/20570.jpg"}, "bannerImage": null, "isAdult": false, "format": "SPECIAL"}, {"id": 20571, "title": {"romaji": "IS <Infinite Stratos> World Purge-hen", "english": null}, "type": "ANIME", "status": "FINISHED", "description": "A program called \"World Purge\" sends illusions to all the girls about their ideal fantasies.\r\n\r\n(Source: AICW)", "startDate": {"year": 2014, "month": 11, "day": 26}, "endDate": {"year": null, "month": null, "day": null}, "season": "FALL", "episodes": 1, "duration": 50, "genres": ["Action", "Comedy", "Ecchi", "Mecha", "Sci-Fi"], "averageScore": 66, "trending": 0, "popularity": 4014, "streamingEpisodes": [], "coverImage": {"large": "https://s3.anilist.co/media/anime/cover/medium/20571.jpg", "medium": "https://s3.anilist.co/media/anime/cover/small/20571.jpg"}, "bannerImage": null, "isAdult": false, "format": "OVA"}, {"id": 20572, "title": {"romaji": "Kill la Kill Special", "english": null}, "type": "ANIME", "status": "FINISHED", "description": "Unaired episode included with the 9th Blu-ray and DVD volumes.", "startDate": {"year": 2014, "month": 9, "day": 3}, "endDate": {"year": null, "month": null, "day": null}, "season": "SUMMER", "episodes": 1, "duration": 24, "genres": ["Action", "Comedy"], "averageScore": 75, "trending": 1, "popularity": 12419, "streamingEpisodes": [], "coverImage": {"large": "https://s3.anilist.co/media/anime/cover/medium/20572.jpg", "medium": "https://s3.anilist.co/media/anime/cover/small/20572.jpg"}, "bannerImage": "https://s3.anilist.co/media/anime/banner/20572-esQiUgnZt5RS.jpg", "isAdult": false, "format": "SPECIAL"}, {"id": 20573, "title": {"romaji": "Saikin, Imouto no Yousu ga Chotto Okashiinda ga. OVA", "english": "Recently, My Sister is Unusual OVA"}, "type": "ANIME", "status": "FINISHED", "description": "OVA to be bundled with the limited-edition 7 volume of manga. It will include an \"exclusive, prohibited\" episode that cannot be aired on TV.", "startDate": {"year": 2014, "month": 6, "day": 30}, "endDate": {"year": null, "month": null, "day": null}, "season": "SPRING", "episodes": 1, "duration": 23, "genres": ["Comedy", "Romance"], "averageScore": 59, "trending": 0, "popularity": 2341, "streamingEpisodes": [], "coverImage": {"large": "https://s3.anilist.co/media/anime/cover/medium/20573-1TsK5me8oI9I.jpg", "medium": "https://s3.anilist.co/media/anime/cover/small/20573-1TsK5me8oI9I.jpg"}, "bannerImage": null, "isAdult": false, "format": "OVA"}, {"id": 20574, "title": {"romaji": "High Score Girl", "english": null}, "type": "ANIME", "status": "FINISHED", "description": "The year is 1991 and 6th grader Yaguchi Haruo only has video games to live for. He's not popular in school and he's neither handsome, funny, nice nor even friendly. The only thing he has going for him is that he is good at video games. One day at the local arcade, he plays Oono Akira, a fellow classmate but who's popular, smart, pretty and a rich girl that absolutely destroys him at Street Fighter II. Not only does he lose to her 30 times in a row, he can\u2019t beat her at any game. Haruo can\u2019t seem to shake Akira off as she follows him from arcade to arcade everyday after school and beats him every time. As weird as it sounds, the odd couple begins a strange bond and friendship.\r\n<br><br>\r\n(Source: MU)", "startDate": {"year": 2018, "month": 7, "day": 14}, "endDate": {"year": 2018, "month": 9, "day": 29}, "season": "SUMMER", "episodes": 12, "duration": 25, "genres": ["Comedy", "Romance"], "averageScore": 75, "trending": 3, "popularity": 4864, "streamingEpisodes": [], "coverImage": {"large": "https://s3.anilist.co/media/anime/cover/medium/nx20574-3YJU2T4yRTnM.jpg", "medium": "https://s3.anilist.co/media/anime/cover/small/nx20574-3YJU2T4yRTnM.jpg"}, "bannerImage": "https://s3.anilist.co/media/anime/banner/20574-wSZyxGOlW4Io.jpg", "isAdult": false, "format": "TV"}, {"id": 20575, "title": {"romaji": "Hanayamata", "english": null}, "type": "ANIME", "status": "FINISHED", "description": "Normal appearance, normal intelligence, normal in arts and sports... just normal. This is the entirely normal 14-year-old, Naru Sekiya. While she admires \"Heroines\" she continues to live a normal life until one moonlit night she meets a fairy. This foreign girl then guides her into the extraordinary world of the yosakoi dance.\r\n\r\n(Source: Manga Time Kirara)", "startDate": {"year": 2014, "month": 7, "day": 8}, "endDate": {"year": 2014, "month": 9, "day": 23}, "season": "SUMMER", "episodes": 12, "duration": 24, "genres": ["Comedy", "Slice of Life"], "averageScore": 70, "trending": 3, "popularity": 9300, "streamingEpisodes": [{"title": "Episode 1 - Shall We Dance", "url": "http://www.crunchyroll.com/hanayamata/episode-1-shall-we-dance-657003"}, {"title": "Episode 2 - Jealousy Rose!", "url": "http://www.crunchyroll.com/hanayamata/episode-2-jealousy-rose-657005"}, {"title": "Episode 3 - Girls' Style", "url": "http://www.crunchyroll.com/hanayamata/episode-3-girls-style-657007"}, {"title": "Episode 4 - Princess/Princess", "url": "http://www.crunchyroll.com/hanayamata/episode-4-princessprincess-657009"}, {"title": "Episode 5 - First Step", "url": "http://www.crunchyroll.com/hanayamata/episode-5-first-step-657011"}, {"title": "Episode 6 - Try, Try, Try", "url": "http://www.crunchyroll.com/hanayamata/episode-6-try-try-try-657013"}, {"title": "Episode 7 - Girl Identity", "url": "http://www.crunchyroll.com/hanayamata/episode-7-girl-identity-657015"}, {"title": "Episode 8 - Mission Event", "url": "http://www.crunchyroll.com/hanayamata/episode-8-mission-event-657017"}, {"title": "Episode 9 - Sister Complex", "url": "http://www.crunchyroll.com/hanayamata/episode-9-sister-complex-657019"}, {"title": "Episode 10 - Hot Spring Camp", "url": "http://www.crunchyroll.com/hanayamata/episode-10-hot-spring-camp-657021"}, {"title": "Episode 11 - Smile is Flower", "url": "http://www.crunchyroll.com/hanayamata/episode-11-smile-is-flower-657023"}, {"title": "Episode 12 - Hanayamata", "url": "http://www.crunchyroll.com/hanayamata/episode-12-hanayamata-657025"}], "coverImage": {"large": "https://s3.anilist.co/media/anime/cover/medium/20575.jpg", "medium": "https://s3.anilist.co/media/anime/cover/small/20575.jpg"}, "bannerImage": "https://s3.anilist.co/media/anime/banner/n20575-Em9HyKKRkilJ.jpg", "isAdult": false, "format": "TV"}, {"id": 20576, "title": {"romaji": "Mitsuwano", "english": null}, "type": "ANIME", "status": "FINISHED", "description": "Based on Matsumoto Itsuki's \"Mitsuwano\" light novel series.\r\n\r\nThe story follows a group of young girls in Kyoto who dream of becoming maiko.", "startDate": {"year": 2014, "month": 3, "day": 12}, "endDate": {"year": 2014, "month": 3, "day": 12}, "season": "WINTER", "episodes": 1, "duration": 29, "genres": ["Slice of Life"], "averageScore": 56, "trending": 0, "popularity": 571, "streamingEpisodes": [], "coverImage": {"large": "https://s3.anilist.co/media/anime/cover/medium/20576.jpg", "medium": "https://s3.anilist.co/media/anime/cover/small/20576.jpg"}, "bannerImage": null, "isAdult": false, "format": "OVA"}, {"id": 20577, "title": {"romaji": "HappinessCharge Precure!", "english": "Happiness Charge Pretty Cure!"}, "type": "ANIME", "status": "FINISHED", "description": "All around the world, Pretty Cures have been fighting against the invasion of the enemy known as Saiark!<br>\r\nShirayuki Hime, the princess of Blue Sky Kingdom is in fact a Pretty Cure, but unable to defeat the enemy alone, she is fallen behind the others and is in a quite a terrible situation.<br>\r\nThen, on her quest to find a partner, she meets Aino Megumi (Cure Lovely) and they begin to battle the enemy together.<br>\r\nHaving learned that assembling all PreCards, you can get any one wish fulfilled, the team up with the fairy Ribbon to protect the world peace, transform, dress up and form change as they fight!<br>\r\nWith the dress-up theme beloved by girls, a completely different Pretty Cure story begins!<br>\r\n<br>\r\n(Source: Pretty Cure Wiki)", "startDate": {"year": 2014, "month": 2, "day": 2}, "endDate": {"year": 2015, "month": 1, "day": 25}, "season": "WINTER", "episodes": 49, "duration": 24, "genres": ["Fantasy", "Mahou Shoujo"], "averageScore": 61, "trending": 0, "popularity": 955, "streamingEpisodes": [], "coverImage": {"large": "https://s3.anilist.co/media/anime/cover/medium/20577.jpg", "medium": "https://s3.anilist.co/media/anime/cover/small/20577.jpg"}, "bannerImage": "https://s3.anilist.co/media/anime/banner/20577.jpg", "isAdult": false, "format": "TV"}, {"id": 20578, "title": {"romaji": "Freezing Vibration Specials", "english": null}, "type": "ANIME", "status": "FINISHED", "description": "Short specials included on the BD/DVD volumes of Freezing Vibration.", "startDate": {"year": 2013, "month": 12, "day": 25}, "endDate": {"year": 2014, "month": 5, "day": 28}, "season": "WINTER", "episodes": 6, "duration": 3, "genres": ["Action", "Comedy", "Ecchi"], "averageScore": 58, "trending": 0, "popularity": 1396, "streamingEpisodes": [], "coverImage": {"large": "https://s3.anilist.co/media/anime/cover/medium/20578.jpg", "medium": "https://s3.anilist.co/media/anime/cover/small/20578.jpg"}, "bannerImage": null, "isAdult": false, "format": "SPECIAL"}, {"id": 20579, "title": {"romaji": "Tamayura: More Aggressive - Tsuitachi dake no Shuugakuryokou, Nanode", "english": null}, "type": "ANIME", "status": "FINISHED", "description": "Episode 8.5 of Tamayura: More Aggressive.", "startDate": {"year": 2014, "month": 6, "day": 7}, "endDate": {"year": null, "month": null, "day": null}, "season": "SPRING", "episodes": 1, "duration": 30, "genres": ["Comedy", "Slice of Life"], "averageScore": 70, "trending": 0, "popularity": 714, "streamingEpisodes": [], "coverImage": {"large": "https://s3.anilist.co/media/anime/cover/medium/20579-DedxOGybYWJ9.jpg", "medium": "https://s3.anilist.co/media/anime/cover/small/20579-DedxOGybYWJ9.jpg"}, "bannerImage": null, "isAdult": false, "format": "OVA"}, {"id": 20580, "title": {"romaji": "Planet:Valkyrie", "english": null}, "type": "ANIME", "status": "FINISHED", "description": "Collaboration project between seiyuu/singer Chihara Minori and \"Project Valkyrie.\"", "startDate": {"year": 2013, "month": 12, "day": 23}, "endDate": {"year": 2013, "month": 12, "day": 23}, "season": "WINTER", "episodes": 1, "duration": 1, "genres": ["Action", "Music"], "averageScore": 48, "trending": 0, "popularity": 395, "streamingEpisodes": [], "coverImage": {"large": "https://s3.anilist.co/media/anime/cover/medium/20580.jpg", "medium": "https://s3.anilist.co/media/anime/cover/small/20580.jpg"}, "bannerImage": null, "isAdult": false, "format": "ONA"}, {"id": 20581, "title": {"romaji": "Pretty Rhythm All Stars Selection Prism Show\u2606Best Ten Movie", "english": null}, "type": "ANIME", "status": "FINISHED", "description": "The film will compiles Prism Show scenes from all three television anime series.", "startDate": {"year": 2014, "month": 3, "day": 8}, "endDate": {"year": 2014, "month": 3, "day": 8}, "season": "WINTER", "episodes": 1, "duration": 48, "genres": ["Music"], "averageScore": null, "trending": 0, "popularity": 139, "streamingEpisodes": [], "coverImage": {"large": "https://s3.anilist.co/media/anime/cover/medium/20581.jpg", "medium": "https://s3.anilist.co/media/anime/cover/small/20581.jpg"}, "bannerImage": null, "isAdult": false, "format": "MOVIE"}, {"id": 20582, "title": {"romaji": "Chuunibyou Demo koi ga Shitai! Ren Lite", "english": "Love, Chunibyo & Other Delusions - Heart Throb - Lite"}, "type": "ANIME", "status": "FINISHED", "description": "Short episodes aired on KyoAni's official YouTube channel.", "startDate": {"year": 2013, "month": 12, "day": 25}, "endDate": {"year": 2014, "month": 3, "day": 16}, "season": "WINTER", "episodes": 6, "duration": 3, "genres": ["Comedy"], "averageScore": 68, "trending": 0, "popularity": 4936, "streamingEpisodes": [], "coverImage": {"large": "https://s3.anilist.co/media/anime/cover/medium/20582.jpg", "medium": "https://s3.anilist.co/media/anime/cover/small/20582.jpg"}, "bannerImage": null, "isAdult": false, "format": "ONA"}, {"id": 20583, "title": {"romaji": "Rail Wars!", "english": "Rail Wars!"}, "type": "ANIME", "status": "FINISHED", "description": "The \"dream railway paradise entertainment\" story is set in a parallel world where Japan did not privatize its national railways. Naohito Takayama is an ordinary high school boy who dreams of a comfortable future working for the top-rated Japanese National Railways. He is assigned as a trainee in the Railways Security Force full of odd characters such as Sakurai, a troublemaker who hates men. On top of that, an extremist group called \"RJ\" plots to privatize the Japanese National Railways.<br>\r\n<br>\r\n(Source: ANN)", "startDate": {"year": 2014, "month": 7, "day": 4}, "endDate": {"year": 2014, "month": 9, "day": 19}, "season": "SUMMER", "episodes": 12, "duration": 24, "genres": ["Action", "Romance"], "averageScore": 58, "trending": 0, "popularity": 11130, "streamingEpisodes": [{"title": "Episode 1 - Welcome to K4!", "url": "http://www.crunchyroll.com/rail-wars/episode-1-welcome-to-k4-656683"}, {"title": "Episode 2 - Let Me Stay Like This for Just a Little While", "url": "http://www.crunchyroll.com/rail-wars/episode-2-let-me-stay-like-this-for-just-a-little-while-656685"}, {"title": "Episode 3 - You Were Really Cool", "url": "http://www.crunchyroll.com/rail-wars/episode-3-you-were-really-cool-656687"}, {"title": "Episode 4 - I Think I Might Like Them", "url": "http://www.crunchyroll.com/rail-wars/episode-4-i-think-i-might-like-them-656689"}, {"title": "Episode 5 - Don't Look At Me", "url": "http://www.crunchyroll.com/rail-wars/episode-5-dont-look-at-me-656691"}, {"title": "Episode 6 - I'll Protect You", "url": "http://www.crunchyroll.com/rail-wars/episode-6-ill-protect-you-656693"}, {"title": "Episode 7 - I Thought It Suited You", "url": "http://www.crunchyroll.com/rail-wars/episode-7-i-thought-it-suited-you-656695"}, {"title": "Episode 8 - I'll Deliver It", "url": "http://www.crunchyroll.com/rail-wars/episode-8-ill-deliver-it-656697"}, {"title": "Episode 9 - Thank You", "url": "http://www.crunchyroll.com/rail-wars/episode-9-thank-you-656699"}, {"title": "Episode 10 - Will You Keep This a Secret?", "url": "http://www.crunchyroll.com/rail-wars/episode-10-will-you-keep-this-a-secret-656701"}, {"title": "Episode 11 - I'll Go With You", "url": "http://www.crunchyroll.com/rail-wars/episode-11-ill-go-with-you-656703"}, {"title": "Episode 12 - Everyone is Waiting", "url": "http://www.crunchyroll.com/rail-wars/episode-12-everyone-is-waiting-656705"}], "coverImage": {"large": "https://s3.anilist.co/media/anime/cover/medium/20583.jpg", "medium": "https://s3.anilist.co/media/anime/cover/small/20583.jpg"}, "bannerImage": "https://s3.anilist.co/media/anime/banner/20583.jpg", "isAdult": false, "format": "TV"}, {"id": 20584, "title": {"romaji": "Sugar\uff0aSoldier", "english": null}, "type": "ANIME", "status": "FINISHED", "description": "Makoto is determined to step out of her model sister's shadow and have her own high school debut, but when Makoto's sister shows up at her school unexpectedly things go awry.\r\n<br><br>\r\n(Source: MU)", "startDate": {"year": 2014, "month": 1, "day": 14}, "endDate": {"year": 2014, "month": 1, "day": 28}, "season": "WINTER", "episodes": 3, "duration": 1, "genres": ["Romance"], "averageScore": 51, "trending": 0, "popularity": 1003, "streamingEpisodes": [], "coverImage": {"large": "https://s3.anilist.co/media/anime/cover/medium/20584-Pr5ECA1zAZBG.jpg", "medium": "https://s3.anilist.co/media/anime/cover/small/20584-Pr5ECA1zAZBG.jpg"}, "bannerImage": null, "isAdult": false, "format": "TV_SHORT"}, {"id": 20585, "title": {"romaji": "Romantica Clock", "english": null}, "type": "ANIME", "status": "FINISHED", "description": "Akane: She's beautiful and popular, lively and full of vitality; Aoi: Looks like a small animal but is actually very clever. Who knew that these two very different people were actually... twin siblings?!\r\n<br><br>\r\n(Source: MU)", "startDate": {"year": 2014, "month": 2, "day": 4}, "endDate": {"year": 2014, "month": 2, "day": 25}, "season": "WINTER", "episodes": 3, "duration": 1, "genres": [], "averageScore": 51, "trending": 0, "popularity": 1231, "streamingEpisodes": [], "coverImage": {"large": "https://s3.anilist.co/media/anime/cover/medium/20585.jpg", "medium": "https://s3.anilist.co/media/anime/cover/small/20585.jpg"}, "bannerImage": null, "isAdult": false, "format": "TV_SHORT"}, {"id": 20587, "title": {"romaji": "Fuun Ishin Dai Shogun", "english": "Dai-Shogun - Great Revolution"}, "type": "ANIME", "status": "FINISHED", "description": "In the late Edo period, Japan had experienced an unprecedented crisis by Kurofune (Black Ships), the ships from foreign countries. But a giant robot called Onigami, which has existed since ancient time, dispelled the Kurofune ships and the exclusion of foreigners was accomplished. The story begins in Japan where Meiji restoration in 1868 didn't happen. The tagline says, \"I can be the greatest man in the world, because I am a virgin!!\" \r\n<br><br>\r\n(Source: Crunchyroll)", "startDate": {"year": 2014, "month": 4, "day": 10}, "endDate": {"year": 2014, "month": 6, "day": 26}, "season": "SPRING", "episodes": 12, "duration": 24, "genres": ["Action", "Mecha"], "averageScore": 48, "trending": 0, "popularity": 1988, "streamingEpisodes": [{"title": "Episode 1 - Succession Strife, Keiichiro Appears!", "url": "http://www.crunchyroll.com/dai-shogun-great-revolution/episode-1-succession-strife-keiichiro-appears-653203"}, {"title": "Episode 2 - The Alluring Red-Light District and the Foxy Chiharu!", "url": "http://www.crunchyroll.com/dai-shogun-great-revolution/episode-2-the-alluring-red-light-district-and-the-foxy-chiharu-653219"}, {"title": "Episode 3 - The Sex Witch Houkouin Strikes!", "url": "http://www.crunchyroll.com/dai-shogun-great-revolution/episode-3-the-sex-witch-houkouin-strikes-653221"}, {"title": "Episode 4 - Susanoo Hijacked! The Vicious Asai Hyogo!", "url": "http://www.crunchyroll.com/dai-shogun-great-revolution/episode-4-susanoo-hijacked-the-vicious-asai-hyogo-653223"}, {"title": "Episode 5 - Later Summer in Nagasaki, on the Night the Lanterns Float", "url": "http://www.crunchyroll.com/dai-shogun-great-revolution/episode-5-later-summer-in-nagasaki-on-the-night-the-lanterns-float-653225"}, {"title": "Episode 6 - Shigeyoshi of the Rebellion, The Bloody Surrender of Edo Castle!", "url": "http://www.crunchyroll.com/dai-shogun-great-revolution/episode-6-shigeyoshi-of-the-rebellion-the-bloody-surrender-of-edo-castle-653227"}, {"title": "Episode 7 - Ninja of Passion, the Bloody Shinsengumi!", "url": "http://www.crunchyroll.com/dai-shogun-great-revolution/episode-7-ninja-of-passion-the-bloody-shinsengumi-653229"}, {"title": "Episode 8 - Dejima Dawn, The Greatest Fist in Japan!", "url": "http://www.crunchyroll.com/dai-shogun-great-revolution/episode-8-dejima-dawn-the-greatest-fist-in-japan-653231"}, {"title": "Episode 9 - Cherry Blossom Baths Love Stories", "url": "http://www.crunchyroll.com/dai-shogun-great-revolution/episode-9-cherry-blossom-baths-love-stories-653233"}, {"title": "Episode 10 - After the Rampage, the Two Make Their Decision", "url": "http://www.crunchyroll.com/dai-shogun-great-revolution/episode-10-after-the-rampage-the-two-make-their-decision-653235"}, {"title": "Episode 11 - Led by the Onigami, to Share Our Fate!", "url": "http://www.crunchyroll.com/dai-shogun-great-revolution/episode-11-led-by-the-onigami-to-share-our-fate-653237"}, {"title": "Episode 12 - Break the Thunderclouds, Heavenly Thunder God Susanoo!", "url": "http://www.crunchyroll.com/dai-shogun-great-revolution/episode-12-break-the-thunderclouds-heavenly-thunder-god-susanoo-653239"}], "coverImage": {"large": "https://s3.anilist.co/media/anime/cover/medium/20587.jpg", "medium": "https://s3.anilist.co/media/anime/cover/small/20587.jpg"}, "bannerImage": null, "isAdult": false, "format": "TV"}, {"id": 20588, "title": {"romaji": "Kenzen Robo Daimidaler", "english": "Daimidaler: Prince vs. Penguin Empire"}, "type": "ANIME", "status": "FINISHED", "description": "The comedy centers around a high school boy named Kouichi Madanbashi who has Hi-ERo particles, the power source to operate the robotic weapon Daimidaler. With the help of Kyouko Sonan from the mysterious Prince Beauty Parlor organization, he stands up against the Penguin Empire that troubles humanity.\r\n<br><br>\r\n(Source: ANN)", "startDate": {"year": 2014, "month": 4, "day": 5}, "endDate": {"year": 2014, "month": 6, "day": 21}, "season": "SPRING", "episodes": 12, "duration": 24, "genres": ["Comedy", "Ecchi", "Mecha"], "averageScore": 56, "trending": 0, "popularity": 4392, "streamingEpisodes": [], "coverImage": {"large": "https://s3.anilist.co/media/anime/cover/medium/20588.jpg", "medium": "https://s3.anilist.co/media/anime/cover/small/20588.jpg"}, "bannerImage": null, "isAdult": false, "format": "TV"}, {"id": 20589, "title": {"romaji": "Kakashi Anbu Hen: Yami wo Ikiru Shinobu", "english": "Kakashi Anbu Chapter: The Shinobi Who Lives in the Shadows"}, "type": "ANIME", "status": "FINISHED", "description": "The story of the past of Hatake Kakashi, also known as Kakashi of the Sharingan, a man who has copied over one thousand ninja techniques.\r\n\r\n(Source: ANN)", "startDate": {"year": 2013, "month": 12, "day": 21}, "endDate": {"year": 2013, "month": 12, "day": 21}, "season": null, "episodes": 1, "duration": null, "genres": ["Action"], "averageScore": 59, "trending": 0, "popularity": 256, "streamingEpisodes": [], "coverImage": {"large": "https://s3.anilist.co/media/anime/cover/medium/20589.jpg", "medium": "https://s3.anilist.co/media/anime/cover/small/20589.jpg"}, "bannerImage": null, "isAdult": false, "format": "SPECIAL"}, {"id": 20590, "title": {"romaji": "Shingeki no Bahamut: GENESIS", "english": "Rage of Bahamut: Genesis"}, "type": "ANIME", "status": "FINISHED", "description": "Mistarcia is a magical world where humans, gods, and demons mingle together. In the past, the black-and-silver winged Bahamut has threatened to destroy the land, but humans, gods, and demons overcame their differences to fight together and seal its power. The key to that seal was split in two, one half given to the gods and the other to demons, so that they would never be united and Bahamut never released. Now, two thousand years later, the world is in an era of peace\u2014until the day a human woman steals the gods' half of the key.\r\n\r\n", "startDate": {"year": 2014, "month": 10, "day": 6}, "endDate": {"year": 2014, "month": 12, "day": 29}, "season": "FALL", "episodes": 12, "duration": 24, "genres": ["Action", "Fantasy", "Supernatural"], "averageScore": 75, "trending": 0, "popularity": 19464, "streamingEpisodes": [{"title": "Episode 1 - Encounters in Wytearp", "url": "http://www.crunchyroll.com/rage-of-bahamut-genesis/episode-1-encounters-in-wytearp-735389"}, {"title": "Episode 2 - Escape from Livian", "url": "http://www.crunchyroll.com/rage-of-bahamut-genesis/episode-2-escape-from-livian-735399"}, {"title": "Episode 3 - Fog of Nebelville", "url": "http://www.crunchyroll.com/rage-of-bahamut-genesis/episode-3-fog-of-nebelville-735405"}, {"title": "Episode 4 - Reunion at Ysmenport", "url": "http://www.crunchyroll.com/rage-of-bahamut-genesis/episode-4-reunion-at-ysmenport-735409"}, {"title": "Episode 5 - Rescue in Sword Valley", "url": "http://www.crunchyroll.com/rage-of-bahamut-genesis/episode-5-rescue-in-sword-valley-735413"}, {"title": "Episode 6 - Anatae, Part 1: Legendary Saint", "url": "http://www.crunchyroll.com/rage-of-bahamut-genesis/episode-6-anatae-part-1-legendary-saint-735419"}, {"title": "Episode 7 - Anatae, Part 2: The Storm Rages", "url": "http://www.crunchyroll.com/rage-of-bahamut-genesis/episode-7-anatae-part-2-the-storm-rages-735421"}, {"title": "Episode 8 - Anatae, Part 3: Beyond the Storm", "url": "http://www.crunchyroll.com/rage-of-bahamut-genesis/episode-8-anatae-part-3-beyond-the-storm-735425"}, {"title": "Episode 9 - Decision in the Wailing Woods", "url": "http://www.crunchyroll.com/rage-of-bahamut-genesis/episode-9-decision-in-the-wailing-woods-735431"}, {"title": "Episode 10 - Helheim, Land of Lies", "url": "http://www.crunchyroll.com/rage-of-bahamut-genesis/episode-10-helheim-land-of-lies-735433"}, {"title": "Episode 11 - All Roads Lead to Abos", "url": "http://www.crunchyroll.com/rage-of-bahamut-genesis/episode-11-all-roads-lead-to-abos-735437"}, {"title": "Episode 12 - Rage of Bahamut", "url": "http://www.crunchyroll.com/rage-of-bahamut-genesis/episode-12-rage-of-bahamut-735443"}], "coverImage": {"large": "https://s3.anilist.co/media/anime/cover/medium/nx20590-hUOPYMmWbQGv.jpg", "medium": "https://s3.anilist.co/media/anime/cover/small/nx20590-hUOPYMmWbQGv.jpg"}, "bannerImage": "https://s3.anilist.co/media/anime/banner/20590-UAwdqOHKvENl.jpg", "isAdult": false, "format": "TV"}, {"id": 20591, "title": {"romaji": "Ushinawareta Mirai wo Motomete", "english": "In Search of the Lost Future"}, "type": "ANIME", "status": "FINISHED", "description": "The story is set one autumn at the beginning of the 21st century in the Uchihama area. Uchihama Academy is growing by leaps and bounds. With the construction of a new school building, there will be one last General Club Festival at the old building that is slated to be closed. The students vow to go all out to make this final cultural festival a success.\r\n<br><br>\r\nThe Astronomy Club of the protagonist Sou Akiyama is filled with the big names on campus. Just before the festival on October 1, the club receives a request from the student executive committee to calm the uneasiness among the students. There are reports of ghost sightings, accidents, sleeping sickness, and other mysterious incidents at the old building. When Yui Furukawa, a quiet girl who transfered late into the school, appears before Sou, the gears of fate slowly begin to move.\r\n<br><br>\r\n(Source: ANN)", "startDate": {"year": 2014, "month": 10, "day": 4}, "endDate": {"year": 2014, "month": 12, "day": 20}, "season": "FALL", "episodes": 12, "duration": 23, "genres": ["Romance", "Supernatural"], "averageScore": 61, "trending": 0, "popularity": 6593, "streamingEpisodes": [], "coverImage": {"large": "https://s3.anilist.co/media/anime/cover/medium/20591.jpg", "medium": "https://s3.anilist.co/media/anime/cover/small/20591.jpg"}, "bannerImage": "https://s3.anilist.co/media/anime/banner/20591.jpg", "isAdult": false, "format": "TV"}, {"id": 20592, "title": {"romaji": "Seikoku no Dragonar", "english": "Dragonar Academy"}, "type": "ANIME", "status": "FINISHED", "description": "Learning to ride and tame dragons comes easy to most students at Ansarivan Dragonar Academy\u2014except for first-year student Ash Blake, who is known by his fellow classmates as the \"number one problem child.\" Poor Ash is the laughing stock at school because, despite his unfashionably large star-shaped brand that marks him as a future dragon master, he has nothing to show for it. His dragon has never appeared.\n<br><br>\nUntil now, that is. One fateful day, Ash's dragon awakes in full glory, but appears different than any dragon ever seen before\u2014in the form of a beautiful girl! What's worse, Ash soon discovers that this new dragon has attitude to spare, as she promptly informs him that she is the master, and he, the servant.\n<br>\nAsh's problems with dragon riding have only just begun.\n<br><br>\n(Source: ANN)", "startDate": {"year": 2014, "month": 4, "day": 5}, "endDate": {"year": 2014, "month": 6, "day": 21}, "season": "SPRING", "episodes": 12, "duration": 24, "genres": ["Comedy", "Ecchi", "Fantasy"], "averageScore": 61, "trending": 0, "popularity": 9332, "streamingEpisodes": [], "coverImage": {"large": "https://s3.anilist.co/media/anime/cover/medium/20592.jpg", "medium": "https://s3.anilist.co/media/anime/cover/small/20592.jpg"}, "bannerImage": "https://s3.anilist.co/media/anime/banner/20592-9DWv7633Lz8R.jpg", "isAdult": false, "format": "TV"}, {"id": 20593, "title": {"romaji": "Hanamonogatari", "english": null}, "type": "ANIME", "status": "FINISHED", "description": "Second season of the Monogatari Series, part 2/3. Contains the arc Suruga Devil from the Hanamonogatari light novel.\n<br><br>\nNow that Koyomi Araragi and Hitagi Senjougahara have graduated, few familiar faces remain at Naoetsu Private High School. One of them is Suruga Kanbaru, holder of the Monkey's Paw. When she begins to hear talk of a mysterious being known as the \"Devil,\" who will magically solve any problem, she immediately thinks these rumors are about her and decides to investigate.\n<br><br>\nKanbaru discovers the Devil is actually Rouka Numachi, a former rival who provides free advice to those who seek her out now that she can no longer play basketball due to a leg injury. As a collector of misfortune, Numachi enjoys relieving her clients' stress by giving them false hope. Though Kanbaru sees no real harm being done, she reprimands Rouka for lying and heads home, relieved she is not the cause of the rumors. But the next morning, when she finds that her left hand has reverted back to its original form, she may have a reason to worry after all.\n<br><br>\n(Source: MAL Rewrite)", "startDate": {"year": 2014, "month": 8, "day": 16}, "endDate": {"year": 2014, "month": 8, "day": 16}, "season": "SUMMER", "episodes": 5, "duration": 24, "genres": ["Drama", "Mystery", "Psychological", "Supernatural"], "averageScore": 79, "trending": 0, "popularity": 20468, "streamingEpisodes": [], "coverImage": {"large": "https://s3.anilist.co/media/anime/cover/medium/20593-W47IlKgImlj5.jpg", "medium": "https://s3.anilist.co/media/anime/cover/small/20593-W47IlKgImlj5.jpg"}, "bannerImage": "https://s3.anilist.co/media/anime/banner/20593-axzVzexiYwqs.png", "isAdult": false, "format": "TV"}, {"id": 20594, "title": {"romaji": "Sword Art Online II", "english": "Sword Art Online II"}, "type": "ANIME", "status": "FINISHED", "description": "One year after the SAO incident, Kirito is approached by Seijiro Kikuoka from Japan's Ministry of Internal Affairs and Communications Department \"VR Division\" with a rather peculiar request.\r\n\r\nThat was an investigation on the \"Death Gun\" incident that occurred in the gun and steel filled VRMMO called Gun Gale Online (GGO). \"Players who are shot by a mysterious avatar with a jet black gun lose their lives even in the real world...\" Failing to turn down Kikuoka's bizarre request, Kirito logs in to GGO even though he is not completely convinced that the virtual world could physically affect the real world.<br>\r\n<br>\r\nKirito wanders in an unfamiliar world in order to gain any clues about the \"Death Gun.\" Then, a female sniper named Sinon who owns a gigantic \"Hecate II\" rifle extends Kirito a helping hand. With Sinon's help, Kirito decides to enter the \"Bullet of Bullets,\" a large tournament to choose the most powerful gunner within the realm of GGO, in hopes to become the target of the \"Death Gun\" and make direct contact with the mysterious avatar.<br>\r\n<br>\r\n(Source: Crunchyroll)", "startDate": {"year": 2014, "month": 7, "day": 5}, "endDate": {"year": 2014, "month": 12, "day": 20}, "season": "SUMMER", "episodes": 24, "duration": 24, "genres": ["Action", "Adventure", "Fantasy"], "averageScore": 68, "trending": 6, "popularity": 47440, "streamingEpisodes": [{"title": "Episode 2 - The Demon Tree", "url": "http://www.crunchyroll.com/sword-art-online/episode-2-the-demon-tree-777765"}, {"title": "Episode 1 - Underworld", "url": "http://www.crunchyroll.com/sword-art-online/episode-1-underworld-777764"}], "coverImage": {"large": "https://s3.anilist.co/media/anime/cover/medium/nx20594-FhRgZ1H9Istt.jpg", "medium": "https://s3.anilist.co/media/anime/cover/small/nx20594-FhRgZ1H9Istt.jpg"}, "bannerImage": "https://s3.anilist.co/media/anime/banner/20594-cBxHstNVzTwp.jpg", "isAdult": false, "format": "TV"}, {"id": 20595, "title": {"romaji": "Mushishi Zoku Shou", "english": "MUSHI-SHI The Next Passage"}, "type": "ANIME", "status": "FINISHED", "description": "They existed long before anyone can remember. They are simple and strange in nature, not resembling any other plant or animal in this world. In ancient times, people revered these bizarre creatures and called them \"Mushi.\"<br>\n<br>\nPeople once again began to believe in the existence of these \"Mushi\" when they began affecting their lives in inexplicable ways.<br>\n<br>\nThe one who connects the world of \"Mushi\" to the world of humans\u2014they were called the \"Mushi-shi.\"<br>\n<br>\nAll life exists not to hinder others in this world.<br>\nThey are simply there to live as they were meant to.<br>\n<br>\n(Source: Aniplex USA)", "startDate": {"year": 2014, "month": 4, "day": 5}, "endDate": {"year": 2014, "month": 6, "day": 21}, "season": "SPRING", "episodes": 10, "duration": 24, "genres": ["Adventure", "Fantasy", "Mystery", "Supernatural", "Slice of Life"], "averageScore": 86, "trending": 0, "popularity": 12185, "streamingEpisodes": [{"title": "Episode 1 - MUSHI-SHI OVA", "url": "http://www.crunchyroll.com/mushi-shi/episode-1-mushi-shi-ova-648531"}], "coverImage": {"large": "https://s3.anilist.co/media/anime/cover/medium/nx20595-dXPvrTNRKFUb.jpg", "medium": "https://s3.anilist.co/media/anime/cover/small/nx20595-dXPvrTNRKFUb.jpg"}, "bannerImage": "https://s3.anilist.co/media/anime/banner/n20595-y2Snh07wJ00v.jpg", "isAdult": false, "format": "TV"}, {"id": 20596, "title": {"romaji": "Ao Haru Ride", "english": "Blue Spring Ride"}, "type": "ANIME", "status": "FINISHED", "description": "Yoshioka Futaba has a few reasons why she wants to \"reset\" her image & life as a new high school student. Because she's cute, she was ostracized by her female friends in junior high, and because of a misunderstanding, she couldn't get her feeling across to the one boy she has ever liked, Tanaka-kun.\r\n\r\nNow in high school, she is determined to be as unladylike as possible so that her friends won't be jealous of her. While living her life this way contentedly, she meets Tanaka-kun again, but he now goes under the name of Mabuchi Kou. He tells her that he felt the same way as she did when they were younger, but now things can never be the same again. Will Futaba be able to continue her love that never even started from three years ago? \r\n\r\n(Source: MU)", "startDate": {"year": 2014, "month": 7, "day": 8}, "endDate": {"year": 2014, "month": 9, "day": 23}, "season": "SUMMER", "episodes": 12, "duration": 23, "genres": ["Comedy", "Drama", "Romance", "Slice of Life"], "averageScore": 74, "trending": 0, "popularity": 21128, "streamingEpisodes": [{"title": "Episode 1 - Page. 1", "url": "http://www.crunchyroll.com/blue-spring-ride/episode-1-page-1-657031"}, {"title": "Episode 2 - Page. 2", "url": "http://www.crunchyroll.com/blue-spring-ride/episode-2-page-2-657033"}, {"title": "Episode 3 - Page. 3", "url": "http://www.crunchyroll.com/blue-spring-ride/episode-3-page-3-657035"}, {"title": "Episode 4 - Page. 4", "url": "http://www.crunchyroll.com/blue-spring-ride/episode-4-page-4-657037"}, {"title": "Episode 5 - Page. 5", "url": "http://www.crunchyroll.com/blue-spring-ride/episode-5-page-5-657039"}, {"title": "Episode 6 - Page. 6", "url": "http://www.crunchyroll.com/blue-spring-ride/episode-6-page-6-657041"}, {"title": "Episode 7 - Page. 7", "url": "http://www.crunchyroll.com/blue-spring-ride/episode-7-page-7-657043"}, {"title": "Episode 8 - Page. 8", "url": "http://www.crunchyroll.com/blue-spring-ride/episode-8-page-8-657045"}, {"title": "Episode 9 - Page. 9", "url": "http://www.crunchyroll.com/blue-spring-ride/episode-9-page-9-657047"}, {"title": "Episode 10 - Page. 10", "url": "http://www.crunchyroll.com/blue-spring-ride/episode-10-page-10-657049"}, {"title": "Episode 11 - Page. 11", "url": "http://www.crunchyroll.com/blue-spring-ride/episode-11-page-11-657051"}, {"title": "Episode 12 - Page. 12", "url": "http://www.crunchyroll.com/blue-spring-ride/episode-12-page-12-657053"}], "coverImage": {"large": "https://s3.anilist.co/media/anime/cover/medium/20596.jpg", "medium": "https://s3.anilist.co/media/anime/cover/small/20596.jpg"}, "bannerImage": "https://s3.anilist.co/media/anime/banner/20596.jpg", "isAdult": false, "format": "TV"}, {"id": 20598, "title": {"romaji": "Inari, Konkon, Koi Iroha. OVA", "english": null}, "type": "ANIME", "status": "FINISHED", "description": "Unaired OVA bundled with limited edition eighth volume of the manga.\r\n\r\nThe episode centers around the actions of Inari and Kon.", "startDate": {"year": 2014, "month": 6, "day": 26}, "endDate": {"year": null, "month": null, "day": null}, "season": "SPRING", "episodes": 1, "duration": 23, "genres": ["Comedy", "Romance", "Supernatural"], "averageScore": 66, "trending": 0, "popularity": 2153, "streamingEpisodes": [], "coverImage": {"large": "https://s3.anilist.co/media/anime/cover/medium/20598.jpg", "medium": "https://s3.anilist.co/media/anime/cover/small/20598.jpg"}, "bannerImage": null, "isAdult": false, "format": "OVA"}, {"id": 20599, "title": {"romaji": "Soredemo Sekai wa Utsukushii", "english": "The World is Still Beautiful"}, "type": "ANIME", "status": "FINISHED", "description": "Nike, the fourth princess of the Rain Dukedom and one who holds the power to call forth the rain, travels to the Sun Kingdom to marry Sun King Livius for her country, despite her own reluctance. She soon discovers that the King, who conquered the world in only three years after his ascendance to the throne, is still a child!! Furthermore, for trivial reasons, he has demanded that Nike call forth the rain\u2026!?<br><br>\r\n\r\n(Source: MU)", "startDate": {"year": 2014, "month": 4, "day": 6}, "endDate": {"year": 2014, "month": 6, "day": 29}, "season": "SPRING", "episodes": 12, "duration": 22, "genres": ["Adventure", "Fantasy", "Romance"], "averageScore": 73, "trending": 0, "popularity": 11531, "streamingEpisodes": [{"title": "Episode 1 - The Sun Kingdom", "url": "http://www.crunchyroll.com/the-world-is-still-beautiful/episode-1-the-sun-kingdom-652189"}, {"title": "Episode 2 - The Rain Princess", "url": "http://www.crunchyroll.com/the-world-is-still-beautiful/episode-2-the-rain-princess-652847"}, {"title": "Episode 3 - Chancellor's Declaration", "url": "http://www.crunchyroll.com/the-world-is-still-beautiful/episode-3-chancellors-declaration-652849"}, {"title": "Episode 4 - Ring of Tales (1)", "url": "http://www.crunchyroll.com/the-world-is-still-beautiful/episode-4-ring-of-tales-1-652851"}, {"title": "Episode 5 - Ring of Tales (2)", "url": "http://www.crunchyroll.com/the-world-is-still-beautiful/episode-5-ring-of-tales-2-652853"}, {"title": "Episode 6 - Call My Name", "url": "http://www.crunchyroll.com/the-world-is-still-beautiful/episode-6-call-my-name-652855"}, {"title": "Episode 7 - Wild Waltz", "url": "http://www.crunchyroll.com/the-world-is-still-beautiful/episode-7-wild-waltz-652857"}, {"title": "Episode 8 - Shelter From the Rain", "url": "http://www.crunchyroll.com/the-world-is-still-beautiful/episode-8-shelter-from-the-rain-652859"}, {"title": "Episode 9 - The Principality of Rain", "url": "http://www.crunchyroll.com/the-world-is-still-beautiful/episode-9-the-principality-of-rain-652861"}, {"title": "Episode 10 - A Passing Breeze", "url": "http://www.crunchyroll.com/the-world-is-still-beautiful/episode-10-a-passing-breeze-652863"}, {"title": "Episode 11 - A Passing Wind", "url": "http://www.crunchyroll.com/the-world-is-still-beautiful/episode-11-a-passing-wind-652865"}, {"title": "Episode 12 - Return", "url": "http://www.crunchyroll.com/the-world-is-still-beautiful/episode-12-return-652867"}], "coverImage": {"large": "https://s3.anilist.co/media/anime/cover/medium/20599.jpg", "medium": "https://s3.anilist.co/media/anime/cover/small/20599.jpg"}, "bannerImage": "https://s3.anilist.co/media/anime/banner/20599-ywzkzyHqFe5o.png", "isAdult": false, "format": "TV"}, {"id": 20600, "title": {"romaji": "Tonari no Seki-kun OVA", "english": null}, "type": "ANIME", "status": "FINISHED", "description": "OVA of Tonari no Seki-kun bundled with the fifth manga volume.", "startDate": {"year": 2014, "month": 1, "day": 4}, "endDate": {"year": 2014, "month": 1, "day": 4}, "season": "WINTER", "episodes": 1, "duration": 13, "genres": ["Comedy"], "averageScore": 72, "trending": 0, "popularity": 3843, "streamingEpisodes": [], "coverImage": {"large": "https://s3.anilist.co/media/anime/cover/medium/20600-95P48n7eKGtH.jpg", "medium": "https://s3.anilist.co/media/anime/cover/small/20600-95P48n7eKGtH.jpg"}, "bannerImage": null, "isAdult": false, "format": "OVA"}, {"id": 20601, "title": {"romaji": "Witch Craft Works: Takamiya-kun to Imouto no Warudakumi", "english": "Witch Craft Works OVA"}, "type": "ANIME", "status": "FINISHED", "description": "DVD OVA of Witch Craft Works bundled with the eighth manga volume.", "startDate": {"year": 2015, "month": 1, "day": 7}, "endDate": {"year": null, "month": null, "day": null}, "season": "WINTER", "episodes": 1, "duration": 24, "genres": ["Action", "Fantasy", "Supernatural"], "averageScore": 65, "trending": 0, "popularity": 2400, "streamingEpisodes": [], "coverImage": {"large": "https://s3.anilist.co/media/anime/cover/medium/20601.jpg", "medium": "https://s3.anilist.co/media/anime/cover/small/20601.jpg"}, "bannerImage": null, "isAdult": false, "format": "OVA"}, {"id": 20602, "title": {"romaji": "Amagi Brilliant Park", "english": null}, "type": "ANIME", "status": "FINISHED", "description": "The \"slapstick drama\" begins with Seiya Kanie, a high school boy who is invited on a date in an amusement park by a mysterious beautiful transfer student named Isuzu Sento. He is introduced to Ratifa, a \"real\" princess and the park's manager, and is asked to be the acting manager of this \"disappointing amusement park in the Tokyo suburbs.\"<br>\r\n<br>\r\n(Source: ANN)", "startDate": {"year": 2014, "month": 10, "day": 3}, "endDate": {"year": 2014, "month": 12, "day": 26}, "season": "FALL", "episodes": 13, "duration": 24, "genres": ["Comedy", "Romance"], "averageScore": 74, "trending": 2, "popularity": 27190, "streamingEpisodes": [{"title": "Episode 1 - No Visitors!", "url": "http://www.crunchyroll.com/amagi-brilliant-park/episode-1-no-visitors-680757"}, {"title": "Episode 2 - Not Enough Time!", "url": "http://www.crunchyroll.com/amagi-brilliant-park/episode-2-not-enough-time-680759"}, {"title": "Episode 3 - The Plan Isn't Working!", "url": "http://www.crunchyroll.com/amagi-brilliant-park/episode-3-the-plan-isnt-working-680761"}, {"title": "Episode 4 - The Secretary is Useless!", "url": "http://www.crunchyroll.com/amagi-brilliant-park/episode-4-the-secretary-is-useless-680763"}, {"title": "Episode 5 - Not Enough Money!", "url": "http://www.crunchyroll.com/amagi-brilliant-park/episode-5-not-enough-money-680765"}, {"title": "Episode 6 - Not Enough Workers!", "url": "http://www.crunchyroll.com/amagi-brilliant-park/episode-6-not-enough-workers-680767"}, {"title": "Episode 7 - The Pool is Dangerous!", "url": "http://www.crunchyroll.com/amagi-brilliant-park/episode-7-the-pool-is-dangerous-680769"}, {"title": "Episode 8 - Unrequited Love!", "url": "http://www.crunchyroll.com/amagi-brilliant-park/episode-8-unrequited-love-680771"}, {"title": "Episode 9 - Can't Build Any Teamwork!", "url": "http://www.crunchyroll.com/amagi-brilliant-park/episode-9-cant-build-any-teamwork-680773"}, {"title": "Episode 10 - Out of Options!", "url": "http://www.crunchyroll.com/amagi-brilliant-park/episode-10-out-of-options-680775"}, {"title": "Episode 11 - No More Worries!", "url": "http://www.crunchyroll.com/amagi-brilliant-park/episode-11-no-more-worries-680777"}, {"title": "Episode 12 - No One Can Predict the Future!", "url": "http://www.crunchyroll.com/amagi-brilliant-park/episode-12-no-one-can-predict-the-future-680779"}], "coverImage": {"large": "https://s3.anilist.co/media/anime/cover/medium/nx20602-inmI8K7eSw6j.jpg", "medium": "https://s3.anilist.co/media/anime/cover/small/nx20602-inmI8K7eSw6j.jpg"}, "bannerImage": "https://s3.anilist.co/media/anime/banner/20602-HrakjBfgWeRg.jpg", "isAdult": false, "format": "TV"}, {"id": 20603, "title": {"romaji": "Kuroko no Basket: 41.5Q - Mou Ikkai Yarimasen ka", "english": null}, "type": "ANIME", "status": "FINISHED", "description": "Bundled with the sixth Blu-ray/DVD.\r\n\r\nEpisode \"41.5 Quarter\" will adapt the 124th chapter from the manga, which depicts when Kuroko and Aomine met.", "startDate": {"year": 2014, "month": 6, "day": 20}, "endDate": {"year": null, "month": null, "day": null}, "season": "SPRING", "episodes": 1, "duration": 24, "genres": ["Comedy", "Sports"], "averageScore": 73, "trending": 0, "popularity": 2496, "streamingEpisodes": [], "coverImage": {"large": "https://s3.anilist.co/media/anime/cover/medium/20603.jpg", "medium": "https://s3.anilist.co/media/anime/cover/small/20603.jpg"}, "bannerImage": null, "isAdult": false, "format": "OVA"}, {"id": 20604, "title": {"romaji": "Inugami-san to Nekoyama-san", "english": null}, "type": "ANIME", "status": "FINISHED", "description": "About best friends Inugami Yachiyo and Nekoyama Suzu.\r\nInugami likes cats and has a dog-like personality.\r\nNekoyama likes dogs and has a cat-like personality.", "startDate": {"year": 2014, "month": 4, "day": 11}, "endDate": {"year": 2014, "month": 6, "day": 26}, "season": "SPRING", "episodes": 12, "duration": 4, "genres": ["Comedy", "Slice of Life"], "averageScore": 62, "trending": 0, "popularity": 5708, "streamingEpisodes": [{"title": "Episode 1 - Inugami-san and Nekoyama-san", "url": "http://www.crunchyroll.com/inugami-san-to-nekoyama-san/episode-1-inugami-san-and-nekoyama-san-653387"}, {"title": "Episode 2 - Ushiwaka-san and Nezu-san", "url": "http://www.crunchyroll.com/inugami-san-to-nekoyama-san/episode-2-ushiwaka-san-and-nezu-san-653757"}, {"title": "Episode 3 - Nekoyama-san and Catnip Tea", "url": "http://www.crunchyroll.com/inugami-san-to-nekoyama-san/episode-3-nekoyama-san-and-catnip-tea-653759"}, {"title": "Episode 4 - Nekoyama-san and Glasses", "url": "http://www.crunchyroll.com/inugami-san-to-nekoyama-san/episode-4-nekoyama-san-and-glasses-654339"}, {"title": "Episode 5 - Nekoyama-san and Karaoke", "url": "http://www.crunchyroll.com/inugami-san-to-nekoyama-san/episode-5-nekoyama-san-and-karaoke-654341"}, {"title": "Episode 6 - Inugami-san, Nekoyama-san, and a Day Off", "url": "http://www.crunchyroll.com/inugami-san-to-nekoyama-san/episode-6-inugami-san-nekoyama-san-and-a-day-off-654343"}, {"title": "Episode 7 - Inugami-san and Sarutobi-san", "url": "http://www.crunchyroll.com/inugami-san-to-nekoyama-san/episode-7-inugami-san-and-sarutobi-san-654345"}, {"title": "Episode 8 - Nekoyama-san and Torikai-san", "url": "http://www.crunchyroll.com/inugami-san-to-nekoyama-san/episode-8-nekoyama-san-and-torikai-san-654347"}, {"title": "Episode 9 - Inugami-san and a Lovers' Quarrel", "url": "http://www.crunchyroll.com/inugami-san-to-nekoyama-san/episode-9-inugami-san-and-a-lovers-quarrel-654349"}, {"title": "Episode 10 - Nekoyama-san and Pool Opening", "url": "http://www.crunchyroll.com/inugami-san-to-nekoyama-san/episode-10-nekoyama-san-and-pool-opening-654351"}, {"title": "Episode 11 - Nekoyama-san and the Sick Day", "url": "http://www.crunchyroll.com/inugami-san-to-nekoyama-san/episode-11-nekoyama-san-and-the-sick-day-654353"}, {"title": "Episode 12 - Inugami-san, Nekoyama-san, and the Summer Festival", "url": "http://www.crunchyroll.com/inugami-san-to-nekoyama-san/episode-12-inugami-san-nekoyama-san-and-the-summer-festival-654355"}], "coverImage": {"large": "https://s3.anilist.co/media/anime/cover/medium/20604.jpg", "medium": "https://s3.anilist.co/media/anime/cover/small/20604.jpg"}, "bannerImage": null, "isAdult": false, "format": "TV_SHORT"}, {"id": 20605, "title": {"romaji": "Tokyo Ghoul", "english": null}, "type": "ANIME", "status": "FINISHED", "description": "The suspense horror/dark fantasy story is set in Tokyo, which is haunted by mysterious \"ghouls\" who are devouring humans. People are gripped by the fear of these ghouls whose identities are masked in mystery. An ordinary college student named Kaneki encounters Rize, a girl who is an avid reader like him, at the caf\u00e9 he frequents. Little does he realize that his fate will change overnight.<br>\r\n<br>\r\n(Source: ANN)", "startDate": {"year": 2014, "month": 7, "day": 4}, "endDate": {"year": 2014, "month": 9, "day": 19}, "season": "SUMMER", "episodes": 12, "duration": 24, "genres": ["Horror", "Mystery", "Psychological", "Supernatural"], "averageScore": 74, "trending": 2, "popularity": 52159, "streamingEpisodes": [], "coverImage": {"large": "https://s3.anilist.co/media/anime/cover/medium/nx20605-fmnHdfurM7m6.jpg", "medium": "https://s3.anilist.co/media/anime/cover/small/nx20605-fmnHdfurM7m6.jpg"}, "bannerImage": "https://s3.anilist.co/media/anime/banner/20605-RCJ7M71zLmrh.jpg", "isAdult": false, "format": "TV"}, {"id": 20606, "title": {"romaji": "Kuroshitsuji: Book of Circus", "english": "Black Butler: Book of Circus"}, "type": "ANIME", "status": "FINISHED", "description": "A new Kuroshitsuji animated project.<br>\r\n<br>\r\nThe TV series is subtitled Book of Circus and will air July 2014 in the Animeism block. It will adapt the Noah's Ark Circus Arc, picking the manga story back up from the point at which they diverged. <br>\r\n<br>\r\nThis arc immediately follows the Curry Contest Arc in the manga, which ended at episode 15 in the first season of the anime.<br>\r\n<br>\r\n(Source: MAL News)", "startDate": {"year": 2014, "month": 7, "day": 11}, "endDate": {"year": 2014, "month": 9, "day": 12}, "season": "SUMMER", "episodes": 10, "duration": 24, "genres": ["Comedy", "Fantasy", "Supernatural"], "averageScore": 79, "trending": 1, "popularity": 9573, "streamingEpisodes": [], "coverImage": {"large": "https://s3.anilist.co/media/anime/cover/medium/20606.jpg", "medium": "https://s3.anilist.co/media/anime/cover/small/20606.jpg"}, "bannerImage": "https://s3.anilist.co/media/anime/banner/n20606-W6v0Gn5E5X0Z.jpg", "isAdult": false, "format": "TV"}, {"id": 20607, "title": {"romaji": "Ping Pong the Animation", "english": "Ping Pong the Animation"}, "type": "ANIME", "status": "FINISHED", "description": "Tsukimoto Makoto (nicknamed Smile) is a quiet high-schooler who's been friend with the loud and energetic Hoshino Yukata (nicknamed Peko). They're both in the table tennis club and are very good at it, though Smile's personality prevents him from winning against Peko. The club teacher however notices Smile's talent and tries to make him gain some sportive tenacity.<br>\n<br>\n(Source: ANN)", "startDate": {"year": 2014, "month": 4, "day": 11}, "endDate": {"year": 2014, "month": 6, "day": 20}, "season": "SPRING", "episodes": 11, "duration": 23, "genres": ["Sports", "Drama", "Psychological"], "averageScore": 85, "trending": 2, "popularity": 16085, "streamingEpisodes": [{"title": "Episode 1 - The Sound of the Wind is in the Way", "url": "http://www.crunchyroll.com/ping-pong-the-animation/episode-1-the-sound-of-the-wind-is-in-the-way-653267"}, {"title": "Episode 2 - Smile is a Robot", "url": "http://www.crunchyroll.com/ping-pong-the-animation/episode-2-smile-is-a-robot-653269"}, {"title": "Episode 3 - Devoting Your Life to Table Tennis is Creepy", "url": "http://www.crunchyroll.com/ping-pong-the-animation/episode-3-devoting-your-life-to-table-tennis-is-creepy-653271"}, {"title": "Episode 4 - The Only Way to Avoid Losing by Not Fighting", "url": "http://www.crunchyroll.com/ping-pong-the-animation/episode-4-the-only-way-to-avoid-losing-by-not-fighting-653273"}, {"title": "Episode 5 - Where Did I Go Wrong", "url": "http://www.crunchyroll.com/ping-pong-the-animation/episode-5-where-did-i-go-wrong-653275"}, {"title": "Episode 6 - You Love Table Tennis More Than Anyone Else!!", "url": "http://www.crunchyroll.com/ping-pong-the-animation/episode-6-you-love-table-tennis-more-than-anyone-else-653277"}, {"title": "Episode 7 - Yes, My Coach", "url": "http://www.crunchyroll.com/ping-pong-the-animation/episode-7-yes-my-coach-653279"}, {"title": "Episode 8 - Enter the Hero", "url": "http://www.crunchyroll.com/ping-pong-the-animation/episode-8-enter-the-hero-653281"}, {"title": "Episode 9 - I'm Gonna Go Cry", "url": "http://www.crunchyroll.com/ping-pong-the-animation/episode-9-im-gonna-go-cry-653283"}, {"title": "Episode 10 - You're a Hero, Aren't You?!", "url": "http://www.crunchyroll.com/ping-pong-the-animation/episode-10-youre-a-hero-arent-you-653285"}, {"title": "Episode 11 - Blood Tastes Like Iron", "url": "http://www.crunchyroll.com/ping-pong-the-animation/episode-11-blood-tastes-like-iron-653287"}], "coverImage": {"large": "https://s3.anilist.co/media/anime/cover/medium/20607-zAw0aiOV738X.jpg", "medium": "https://s3.anilist.co/media/anime/cover/small/20607-zAw0aiOV738X.jpg"}, "bannerImage": "https://s3.anilist.co/media/anime/banner/20607-AYghLMjh7reA.jpg", "isAdult": false, "format": "TV"}, {"id": 20608, "title": {"romaji": "Hentai Ouji to Warawanai Neko.: Henneko BBS", "english": "The \"Hentai\" Prince and the Stony Cat.: Henneko BBS"}, "type": "ANIME", "status": "FINISHED", "description": "Specials that were initially broadcasted as CMs starting in January 2013 and later included in BD/DVD volumes.", "startDate": {"year": 2013, "month": 1, "day": 2}, "endDate": {"year": 2013, "month": 3, "day": 27}, "season": "WINTER", "episodes": 13, "duration": 1, "genres": ["Comedy"], "averageScore": 61, "trending": 1, "popularity": 2224, "streamingEpisodes": [], "coverImage": {"large": "https://s3.anilist.co/media/anime/cover/medium/20608.jpg", "medium": "https://s3.anilist.co/media/anime/cover/small/20608.jpg"}, "bannerImage": "https://s3.anilist.co/media/anime/banner/20608.jpg", "isAdult": false, "format": "SPECIAL"}, {"id": 20609, "title": {"romaji": "Magi: Sinbad no Bouken OVA", "english": null}, "type": "ANIME", "status": "FINISHED", "description": "OVAs released with volumes of the manga.", "startDate": {"year": 2014, "month": 5, "day": 16}, "endDate": {"year": 2015, "month": 7, "day": 15}, "season": "SPRING", "episodes": 5, "duration": 25, "genres": ["Action", "Comedy", "Fantasy"], "averageScore": 75, "trending": 0, "popularity": 5318, "streamingEpisodes": [], "coverImage": {"large": "https://s3.anilist.co/media/anime/cover/medium/20609-9ORZIscPqdYj.jpg", "medium": "https://s3.anilist.co/media/anime/cover/small/20609-9ORZIscPqdYj.jpg"}, "bannerImage": null, "isAdult": false, "format": "OVA"}, {"id": 20610, "title": {"romaji": "Momo Kyun Sword", "english": null}, "type": "ANIME", "status": "FINISHED", "description": "The story begins with a female re-imagining of Momotarou, a famous character in Japanese folklore. Momoko is a beautiful young sword fighter who was born inside a peach (momo in Japanese). She lives with her constant companions \u2014 the dog god Inugami, the monkey god Sarugami, and the pheasant god Kijigami \u2014 in a peaceful paradise. However, a demon army led by devil king invades the paradise and steals the precious treasure that protects Momoko's land. To retrieve the treasure and save the people, Momoko embarks on a great adventure with her three companions.\r\n\r\n(Source: ANN)", "startDate": {"year": 2014, "month": 7, "day": 9}, "endDate": {"year": 2014, "month": 9, "day": 24}, "season": "SUMMER", "episodes": 12, "duration": 24, "genres": ["Ecchi", "Fantasy"], "averageScore": 49, "trending": 0, "popularity": 2704, "streamingEpisodes": [{"title": "Episode 1 - Possession Fusion! Momokyun Sword!!", "url": "http://www.crunchyroll.com/momo-kyun-sword/episode-1-possession-fusion-momokyun-sword-657055"}, {"title": "Episode 2 - Demon Combination!? Onihime is Here!", "url": "http://www.crunchyroll.com/momo-kyun-sword/episode-2-demon-combination-onihime-is-here-657057"}, {"title": "Episode 3 - One for All and All for One: The Celestial Maiden Squad!?", "url": "http://www.crunchyroll.com/momo-kyun-sword/episode-3-one-for-all-and-all-for-one-the-celestial-maiden-squad-657059"}, {"title": "Episode 4 - Mad Dance of the Giant Boobs!? The Pine Forest of Miho!", "url": "http://www.crunchyroll.com/momo-kyun-sword/episode-4-mad-dance-of-the-giant-boobs-the-pine-forest-of-miho-657061"}, {"title": "Episode 5 - Suspicious!? The Trap in the Fog!", "url": "http://www.crunchyroll.com/momo-kyun-sword/episode-5-suspicious-the-trap-in-the-fog-657063"}, {"title": "Episode 6 - A Star is Born! We're the Celestial Maiden Squad!", "url": "http://www.crunchyroll.com/momo-kyun-sword/episode-6-a-star-is-born-were-the-celestial-maiden-squad-657065"}, {"title": "Episode 7 - Lost!? Momoko's Important Thing", "url": "http://www.crunchyroll.com/momo-kyun-sword/episode-7-lost-momokos-important-thing-657067"}, {"title": "Episode 8 - Peach Plan The Underwear that Disappeared into the Steam!?", "url": "http://www.crunchyroll.com/momo-kyun-sword/episode-8-peach-plan-the-underwear-that-disappeared-into-the-steam-657069"}, {"title": "Episode 9 - Big Developments!? The Secret of Momo!", "url": "http://www.crunchyroll.com/momo-kyun-sword/episode-9-big-developments-the-secret-of-momo-657071"}, {"title": "Episode 10 - Shocking! Onigashima's Counterattack!!", "url": "http://www.crunchyroll.com/momo-kyun-sword/episode-10-shocking-onigashimas-counterattack-657073"}, {"title": "Episode 11 - The Last Battle! Momoko vs. Jakiou!!", "url": "http://www.crunchyroll.com/momo-kyun-sword/episode-11-the-last-battle-momoko-vs-jakiou-657075"}, {"title": "Episode 12 - Peach Fantasy! Momo Kyun Sword", "url": "http://www.crunchyroll.com/momo-kyun-sword/episode-12-peach-fantasy-momo-kyun-sword-657077"}], "coverImage": {"large": "https://s3.anilist.co/media/anime/cover/medium/20610.jpg", "medium": "https://s3.anilist.co/media/anime/cover/small/20610.jpg"}, "bannerImage": "https://s3.anilist.co/media/anime/banner/20610.jpg", "isAdult": false, "format": "TV"}, {"id": 20611, "title": {"romaji": "Futsuu no Joshikousei ga [Locodol] Yatte Mita.", "english": "Locodol"}, "type": "ANIME", "status": "FINISHED", "description": "The story is about the life of a high school girl, Nanako, and her senpai, Yukari, who end up becoming the town\u2019s local idols (locodol) upon the request of her uncle. However they would soon learn that their new idol lifestyle is less than stellar as they are only be interviewed by the town\u2019s shopping center, appear on low-budget cable television, and perform concerts on top of the roof of department stores. The girls\u2019 salaries come from the town\u2019s taxes.", "startDate": {"year": 2014, "month": 7, "day": 4}, "endDate": {"year": 2014, "month": 9, "day": 19}, "season": "SUMMER", "episodes": 12, "duration": 24, "genres": ["Comedy"], "averageScore": 65, "trending": 1, "popularity": 4699, "streamingEpisodes": [{"title": "Episode 1 - We Tried Starting It", "url": "http://www.crunchyroll.com/locodol/episode-1-we-tried-starting-it-656533"}, {"title": "Episode 2 - We Tried to Go Play", "url": "http://www.crunchyroll.com/locodol/episode-2-we-tried-to-go-play-656589"}, {"title": "Episode 3 - We Tried Putting It On. We Tried Taking It Off.", "url": "http://www.crunchyroll.com/locodol/episode-3-we-tried-putting-it-on-we-tried-taking-it-off-656591"}, {"title": "Episode 4 - We Tried Adding a Manager and Stuff.", "url": "http://www.crunchyroll.com/locodol/episode-4-we-tried-adding-a-manager-and-stuff-656593"}, {"title": "Episode 5 - We Tried Setting A Big Goal.", "url": "http://www.crunchyroll.com/locodol/episode-5-we-tried-setting-a-big-goal-656595"}, {"title": "Episode 6 - We Tried Gathering Cute and Loose Characters.", "url": "http://www.crunchyroll.com/locodol/episode-6-we-tried-gathering-cute-and-loose-characters-656563"}, {"title": "Episode 7 - We Tried Adding a Lot of Things", "url": "http://www.crunchyroll.com/locodol/episode-7-we-tried-adding-a-lot-of-things-656565"}, {"title": "Episode 8 - We Tried Gathering the Courage to Call", "url": "http://www.crunchyroll.com/locodol/episode-8-we-tried-gathering-the-courage-to-call-656567"}, {"title": "Episode 9 - We Tried Being Selfish", "url": "http://www.crunchyroll.com/locodol/episode-9-we-tried-being-selfish-656569"}, {"title": "Episode 10 - We Tried Working As Four", "url": "http://www.crunchyroll.com/locodol/episode-10-we-tried-working-as-four-656571"}, {"title": "Episode 11 - We Tried Gathering Locodols", "url": "http://www.crunchyroll.com/locodol/episode-11-we-tried-gathering-locodols-656573"}, {"title": "Episode 12 - We Tried Being Locodols", "url": "http://www.crunchyroll.com/locodol/episode-12-we-tried-being-locodols-656575"}, {"title": "Episode 13 - We Tried Giving a Tour of Nagarekawa", "url": "http://www.crunchyroll.com/locodol/episode-13-we-tried-giving-a-tour-of-nagarekawa-666445"}], "coverImage": {"large": "https://s3.anilist.co/media/anime/cover/medium/20611-Seu3vRmVKnbu.jpg", "medium": "https://s3.anilist.co/media/anime/cover/small/20611-Seu3vRmVKnbu.jpg"}, "bannerImage": null, "isAdult": false, "format": "TV"}, {"id": 20612, "title": {"romaji": "Sengoku Basara Judge End", "english": null}, "type": "ANIME", "status": "FINISHED", "description": "Based on CAPCOM's 2010 game Sengoku Basara 3 (Sengoku Basara: Samurai Heroes), and it will depict the epic Battle of Sekigahara.<br>\r\n<br>\r\n(Source: ANN)", "startDate": {"year": 2014, "month": 7, "day": 6}, "endDate": {"year": 2014, "month": 9, "day": 28}, "season": "SUMMER", "episodes": 12, "duration": 24, "genres": ["Action"], "averageScore": 61, "trending": 0, "popularity": 1727, "streamingEpisodes": [], "coverImage": {"large": "https://s3.anilist.co/media/anime/cover/medium/20612.jpg", "medium": "https://s3.anilist.co/media/anime/cover/small/20612.jpg"}, "bannerImage": null, "isAdult": false, "format": "TV"}, {"id": 20613, "title": {"romaji": "Akame ga Kill!", "english": "Akame ga Kill!"}, "type": "ANIME", "status": "FINISHED", "description": "Tatsumi is a fighter who just got robbed by a pretty girl, but his luck seems to be looking up, as another pretty girl has taken him in. What he doesn\u2019t know is that this girl is about to be visited by a family of assassins (including the girl who robbed him) and they might be the good guys, and be recruiting...\r\n<br><br>\r\n(Source: MU)", "startDate": {"year": 2014, "month": 7, "day": 7}, "endDate": {"year": 2014, "month": 12, "day": 15}, "season": "SUMMER", "episodes": 24, "duration": 24, "genres": ["Action", "Adventure", "Fantasy", "Horror", "Psychological", "Drama"], "averageScore": 72, "trending": 2, "popularity": 44122, "streamingEpisodes": [{"title": "Episode 1 - Kill the Darkness", "url": "http://www.crunchyroll.com/akame-ga-kill/episode-1-kill-the-darkness-656895"}, {"title": "Episode 2 - Kill the Authority", "url": "http://www.crunchyroll.com/akame-ga-kill/episode-2-kill-the-authority-656897"}, {"title": "Episode 3 - Kill Your Cares", "url": "http://www.crunchyroll.com/akame-ga-kill/episode-3-kill-your-cares-656899"}, {"title": "Episode 4 - Kill the Imperial Arm Users", "url": "http://www.crunchyroll.com/akame-ga-kill/episode-4-kill-the-imperial-arm-users-656901"}, {"title": "Episode 5 - Kill the Dream", "url": "http://www.crunchyroll.com/akame-ga-kill/episode-5-kill-the-dream-656903"}, {"title": "Episode 6 - Kill the Absolute Justice", "url": "http://www.crunchyroll.com/akame-ga-kill/episode-6-kill-the-absolute-justice-656905"}, {"title": "Episode 7 - Kill the Three \u2014 Part One \u2014", "url": "http://www.crunchyroll.com/akame-ga-kill/episode-7-kill-the-three-part-one-656907"}, {"title": "Episode 8 - Kill the Three \u2014 Part Two \u2014", "url": "http://www.crunchyroll.com/akame-ga-kill/episode-8-kill-the-three-part-two-656909"}, {"title": "Episode 9 - Kill the Battle Fanatic", "url": "http://www.crunchyroll.com/akame-ga-kill/episode-9-kill-the-battle-fanatic-656911"}, {"title": "Episode 10 - Kill the Temptation", "url": "http://www.crunchyroll.com/akame-ga-kill/episode-10-kill-the-temptation-656913"}, {"title": "Episode 11 - Kill the Mad Scientist", "url": "http://www.crunchyroll.com/akame-ga-kill/episode-11-kill-the-mad-scientist-656915"}, {"title": "Episode 12 - Kill the Newcomers", "url": "http://www.crunchyroll.com/akame-ga-kill/episode-12-kill-the-newcomers-656917"}, {"title": "Episode 13 - Kill the Nuisances", "url": "http://www.crunchyroll.com/akame-ga-kill/episode-13-kill-the-nuisances-656919"}, {"title": "Episode 14 - Kill the Giant Danger Beast", "url": "http://www.crunchyroll.com/akame-ga-kill/episode-14-kill-the-giant-danger-beast-656921"}, {"title": "Episode 15 - Kill the Religious Organization", "url": "http://www.crunchyroll.com/akame-ga-kill/episode-15-kill-the-religious-organization-656923"}, {"title": "Episode 16 - Kill the Puppets", "url": "http://www.crunchyroll.com/akame-ga-kill/episode-16-kill-the-puppets-656925"}, {"title": "Episode 17 - Kill the Curse", "url": "http://www.crunchyroll.com/akame-ga-kill/episode-17-kill-the-curse-662265"}, {"title": "Episode 18 - Kill the Demon", "url": "http://www.crunchyroll.com/akame-ga-kill/episode-18-kill-the-demon-662267"}, {"title": "Episode 19 - Kill the Fate", "url": "http://www.crunchyroll.com/akame-ga-kill/episode-19-kill-the-fate-662269"}, {"title": "Episode 20 - Kill the Carnage", "url": "http://www.crunchyroll.com/akame-ga-kill/episode-20-kill-the-carnage-662271"}, {"title": "Episode 21 - Kill the Despair", "url": "http://www.crunchyroll.com/akame-ga-kill/episode-21-kill-the-despair-662273"}, {"title": "Episode 22 - Kill the Little Sister", "url": "http://www.crunchyroll.com/akame-ga-kill/episode-22-kill-the-little-sister-662275"}, {"title": "Episode 23 - Kill the Emperor", "url": "http://www.crunchyroll.com/akame-ga-kill/episode-23-kill-the-emperor-662277"}, {"title": "Episode 24 - Akame ga Kill!", "url": "http://www.crunchyroll.com/akame-ga-kill/episode-24-akame-ga-kill-662279"}], "coverImage": {"large": "https://s3.anilist.co/media/anime/cover/medium/20613.jpg", "medium": "https://s3.anilist.co/media/anime/cover/small/20613.jpg"}, "bannerImage": "https://s3.anilist.co/media/anime/banner/20613-cm2ehqBfip42.jpg", "isAdult": false, "format": "TV"}]}}}