{"data": {"Page": {"pageInfo": {"total": 12297, "hasNextPage": true}, "media": [{"id": 3152, "title": {"romaji": "Download", "english": "Download: Devil's Circuit"}, "type": "ANIME", "status": "FINISHED", "description": "An exciting cyberpunk romp directed by Rintaro with veteran animator Kanada Yoshinori about a genius hacker and a gang of hot-rodders.", "startDate": {"year": 1992, "month": 12, "day": 18}, "endDate": {"year": 1992, "month": 12, "day": 18}, "season": "WINTER", "episodes": 1, "duration": 50, "genres": ["Action", "Adventure", "Psychological", "Sci-Fi"], "averageScore": 48, "trending": 0, "popularity": 203, "streamingEpisodes": [], "coverImage": {"large": "https://s3.anilist.co/media/anime/cover/medium/3152.jpg", "medium": "https://s3.anilist.co/media/anime/cover/small/3152.jpg"}, "bannerImage": null, "isAdult": false, "format": "OVA"}, {"id": 3153, "title": {"romaji": "Kagaku Ninja-Tai Gatchaman (Movie)", "english": null}, "type": "ANIME", "status": "FINISHED", "description": "This is the condensed theatrical adaptation of the original TV series' first season. ", "startDate": {"year": 1978, "month": 7, "day": 15}, "endDate": {"year": 1978, "month": 7, "day": 15}, "season": "SUMMER", "episodes": 1, "duration": 110, "genres": ["Action", "Adventure", "Sci-Fi"], "averageScore": null, "trending": 0, "popularity": 129, "streamingEpisodes": [], "coverImage": {"large": "https://s3.anilist.co/media/anime/cover/medium/3153.jpg", "medium": "https://s3.anilist.co/media/anime/cover/small/3153.jpg"}, "bannerImage": null, "isAdult": false, "format": "MOVIE"}, {"id": 3154, "title": {"romaji": "Kagaku Ninja-Tai Gatchaman (OVA)", "english": null}, "type": "ANIME", "status": "FINISHED", "description": "A.D. 2066 - Shortly after a small country separates itself from the United Nations, members of the International Science Organization mysteriously disappear without a trace. Renowned scientist Kouzaburou Nanbu realizes that the secret organization known as the \"Gallactor\" is making its move to conquer the world. To counter this terrorist group, he prepares his ultimate weapon: five brave heroes that comprise the Science Ninja Team - Gatchaman.<br><br>\n(Source: ANN)", "startDate": {"year": 1994, "month": 10, "day": 1}, "endDate": {"year": 1995, "month": 4, "day": 1}, "season": "FALL", "episodes": 3, "duration": 45, "genres": ["Action", "Adventure", "Sci-Fi"], "averageScore": 53, "trending": 0, "popularity": 225, "streamingEpisodes": [], "coverImage": {"large": "https://s3.anilist.co/media/anime/cover/medium/3154-KXLtoO5gmQkZ.png", "medium": "https://s3.anilist.co/media/anime/cover/small/3154-KXLtoO5gmQkZ.png"}, "bannerImage": "https://s3.anilist.co/media/anime/banner/3154-k3UFNl7pDIS2.jpg", "isAdult": false, "format": "OVA"}, {"id": 3155, "title": {"romaji": "Kingyo Chuuihou! (Movie)", "english": null}, "type": "ANIME", "status": "FINISHED", "description": "A super-short fast paced theatrical animation about Wapiko and friends. ", "startDate": {"year": 1992, "month": 4, "day": 25}, "endDate": {"year": 1992, "month": 4, "day": 25}, "season": "SPRING", "episodes": 1, "duration": 15, "genres": ["Action", "Comedy"], "averageScore": null, "trending": 0, "popularity": 39, "streamingEpisodes": [], "coverImage": {"large": "https://s3.anilist.co/media/anime/cover/medium/3155.jpg", "medium": "https://s3.anilist.co/media/anime/cover/small/3155.jpg"}, "bannerImage": null, "isAdult": false, "format": "MOVIE"}, {"id": 3157, "title": {"romaji": "Guardian Hearts-Power UP!", "english": "Guardian Hearts-Power UP!"}, "type": "ANIME", "status": "FINISHED", "description": "Sequel to the madcap Guardian Hearts OVA series, continuing with Kazuya's misadventures. ", "startDate": {"year": 2005, "month": 1, "day": 28}, "endDate": {"year": 2005, "month": 3, "day": 25}, "season": "WINTER", "episodes": 4, "duration": 17, "genres": ["Action", "Comedy", "Ecchi", "Fantasy", "Romance"], "averageScore": 48, "trending": 0, "popularity": 229, "streamingEpisodes": [], "coverImage": {"large": "https://s3.anilist.co/media/anime/cover/medium/3157.jpg", "medium": "https://s3.anilist.co/media/anime/cover/small/3157.jpg"}, "bannerImage": null, "isAdult": false, "format": "OVA"}, {"id": 3159, "title": {"romaji": "The Kabocha Wine", "english": "The Pumpkin Wine"}, "type": "ANIME", "status": "FINISHED", "description": "Transfer student, Aoba Shunsuke, arrived at Sunshine School only to find the premises empty. He was secretly gleeful to be the first to reach the school, oblivious to the fact that it was Foundation Day and a rest day for the institution. At that moment, a big-sized \"L\"(Eru) beauty by the name of Natsumi appeared before him and the two of them hit off together even though Shunsuke was so much smaller than her. Shunsuke's mother runs a women's apparel busines but the shop is in need of manpower. <br><br>\nShunsuke offers to help out at the shop but fumbles a lot because he does not know how to interact with the ladies. Eru decides to step in and help out around the shop and this pleases Shunsuke's mother. This is a romance story that shares the joys and woes of the \"SL\" combi between Shunsuke and Eru.<br><br>\n(Source: ANN)", "startDate": {"year": 1982, "month": 7, "day": 5}, "endDate": {"year": 1984, "month": 8, "day": 27}, "season": "SUMMER", "episodes": 95, "duration": 25, "genres": ["Comedy", "Romance", "Slice of Life"], "averageScore": null, "trending": 0, "popularity": 148, "streamingEpisodes": [], "coverImage": {"large": "https://s3.anilist.co/media/anime/cover/medium/3159.jpg", "medium": "https://s3.anilist.co/media/anime/cover/small/3159.jpg"}, "bannerImage": null, "isAdult": false, "format": "TV"}, {"id": 3160, "title": {"romaji": "Houkago Mania Club", "english": "After School Mania Club"}, "type": "ANIME", "status": "FINISHED", "description": "Why join a boring club like the literature or baseball club when you can be part of \"After school Mania club\", its a club that encourages conversation between its members to get to know each other better and ultimately have a date. After their usual meeting on a cafeteria the members can go shopping, find a girlfriend or boyfriend or why not, discover each other sexual preferences.<br><br>\nBased on a game of the same name by Libido.", "startDate": {"year": 2003, "month": 7, "day": 25}, "endDate": {"year": 2003, "month": 12, "day": 19}, "season": "SUMMER", "episodes": 2, "duration": 30, "genres": ["Hentai"], "averageScore": 44, "trending": 0, "popularity": 167, "streamingEpisodes": [], "coverImage": {"large": "https://s3.anilist.co/media/anime/cover/medium/3160.jpg", "medium": "https://s3.anilist.co/media/anime/cover/small/3160.jpg"}, "bannerImage": null, "isAdult": true, "format": "OVA"}, {"id": 3162, "title": {"romaji": "Makiba no Shoujo Katori", "english": "Katri"}, "type": "ANIME", "status": "FINISHED", "description": "This series tells the story of 9 year-old Katri, a  girl who lives on a farm in Finland with her grandparents. Katri's mother has been away in Germany for three years.  The farm is not doing well, so to help support her family, she goes to work on a neighboring farm. Katri faces many struggles and challenges.", "startDate": {"year": 1984, "month": 1, "day": 8}, "endDate": {"year": 1984, "month": 12, "day": 23}, "season": "WINTER", "episodes": 49, "duration": 25, "genres": ["Adventure", "Drama", "Slice of Life"], "averageScore": null, "trending": 0, "popularity": 192, "streamingEpisodes": [], "coverImage": {"large": "https://s3.anilist.co/media/anime/cover/medium/3162.jpg", "medium": "https://s3.anilist.co/media/anime/cover/small/3162.jpg"}, "bannerImage": "https://s3.anilist.co/media/anime/banner/3162-Ew8n143Ulz9J.jpg", "isAdult": false, "format": "TV"}, {"id": 3164, "title": {"romaji": "Ichigo Ichie: Koibana Tomobana", "english": null}, "type": "ANIME", "status": "FINISHED", "description": "Ichigo Ichie is based on a series of stationery. The stationery, by a company called Mind Wave, focuses on the friendship of two young girls.<br><br>\n(Source: TokyoPop)", "startDate": {"year": 2007, "month": 10, "day": 20}, "endDate": {"year": 2008, "month": 1, "day": 26}, "season": "FALL", "episodes": 13, "duration": 5, "genres": ["Comedy"], "averageScore": null, "trending": 0, "popularity": 31, "streamingEpisodes": [], "coverImage": {"large": "https://s3.anilist.co/media/anime/cover/medium/3164.jpg", "medium": "https://s3.anilist.co/media/anime/cover/small/3164.jpg"}, "bannerImage": null, "isAdult": false, "format": "TV_SHORT"}, {"id": 3165, "title": {"romaji": "Hidamari Sketch Specials", "english": null}, "type": "ANIME", "status": "FINISHED", "description": "Sequel of the Hidamari Sketch TV series.", "startDate": {"year": 2007, "month": 10, "day": 18}, "endDate": {"year": 2007, "month": 10, "day": 18}, "season": "FALL", "episodes": 2, "duration": 24, "genres": ["Comedy", "Slice of Life"], "averageScore": 73, "trending": 0, "popularity": 2351, "streamingEpisodes": [], "coverImage": {"large": "https://s3.anilist.co/media/anime/cover/medium/3165.jpg", "medium": "https://s3.anilist.co/media/anime/cover/small/3165.jpg"}, "bannerImage": "https://s3.anilist.co/media/anime/banner/3165-bwZ7eIHAu2xd.jpg", "isAdult": false, "format": "SPECIAL"}, {"id": 3166, "title": {"romaji": "Ayakashi", "english": null}, "type": "ANIME", "status": "FINISHED", "description": "Adapted from the 2005 adults-only superhuman battle action visual novel game Ayakashi. Ayakashi is a parasite life force that gives superpowers to its host, taking in return the host's entire life force. Kusaka Yuu is a student that lost his will to live after the death of a dear childhood friend, until the day a mysterious girl, named Yoake Eim, appears. From that moment on, his life would never be the same again. Hunted by Ayakashi and their hosts, the power within Yuu awakens and a never ending battle begins.<br><br>\n(Source: ANN)", "startDate": {"year": 2007, "month": 12, "day": 2}, "endDate": {"year": 2008, "month": 2, "day": 27}, "season": "WINTER", "episodes": 12, "duration": 24, "genres": ["Action", "Fantasy", "Horror", "Sci-Fi"], "averageScore": 55, "trending": 0, "popularity": 1250, "streamingEpisodes": [], "coverImage": {"large": "https://s3.anilist.co/media/anime/cover/medium/3166.jpg", "medium": "https://s3.anilist.co/media/anime/cover/small/3166.jpg"}, "bannerImage": null, "isAdult": false, "format": "TV"}, {"id": 3167, "title": {"romaji": "Eve no Jikan", "english": "Time of Eve"}, "type": "ANIME", "status": "FINISHED", "description": "The future, probably Japan. Robots have long been put into practical use, and androids have just come into use.<br><br>\nInfluenced by the Robot Ethics Committee, it's become common sense for people to treat androids like household appliances. Their appearance - indistinguishable from humans except for the ring over each android's head - has led some people to empathize unnecessarily with androids. Known as \"android-holics\", such people have become a social problem.<br><br>\nRikuo, a high school student, has been taught from childhood that androids are not to be viewed as humans, and has always used them as convenient tools. One day Rikuo discovers some strange data in the behavior records of his family's household android, Sammy.<br><br>\nRikuo and his friend Masaki trace Sammy's movements, only to discover a mysterious caf&eacute; that features a house rule that \"humans and robots are to be treated the same\"...<br><br>\n(Source: Official Website - English)", "startDate": {"year": 2008, "month": 8, "day": 1}, "endDate": {"year": 2009, "month": 9, "day": 18}, "season": "SUMMER", "episodes": 6, "duration": 17, "genres": ["Sci-Fi", "Slice of Life"], "averageScore": 80, "trending": 1, "popularity": 10611, "streamingEpisodes": [{"title": "Episode 1 - Akiko", "url": "http://www.crunchyroll.com/time-of-eve/episode-1-akiko-452708"}, {"title": "Episode 2 - Sammy", "url": "http://www.crunchyroll.com/time-of-eve/episode-2-sammy-456432"}, {"title": "Episode 3 - Koji & Rina", "url": "http://www.crunchyroll.com/time-of-eve/episode-3-koji-rina-497398"}, {"title": "Episode 4 - Nameless", "url": "http://www.crunchyroll.com/time-of-eve/episode-4-nameless-527892"}, {"title": "Episode 5 - Chie & Shimei", "url": "http://www.crunchyroll.com/time-of-eve/episode-5-chie-shimei-531044"}, {"title": "Episode 6 - Masaki", "url": "http://www.crunchyroll.com/time-of-eve/episode-6-masaki-534004"}], "coverImage": {"large": "https://s3.anilist.co/media/anime/cover/medium/3167.jpg", "medium": "https://s3.anilist.co/media/anime/cover/small/3167.jpg"}, "bannerImage": "https://s3.anilist.co/media/anime/banner/3167-e2qIc6utiYEC.jpg", "isAdult": false, "format": "ONA"}, {"id": 3171, "title": {"romaji": "Ryoujoku Hitozuma Onsen", "english": "Spa of Love"}, "type": "ANIME", "status": "FINISHED", "description": "This is a historic Japanese style hotel, but after Yuji began to work part-time, everything has gone wrong. First, the young landlady and a waitress fell victims to him. Not being satisfied with them, the next games he aims at are three young married women staying at the hotel.<br><br>\n(Source: AnimeNfo)", "startDate": {"year": 2005, "month": 10, "day": 25}, "endDate": {"year": 2006, "month": 7, "day": 25}, "season": "FALL", "episodes": 2, "duration": 30, "genres": ["Hentai"], "averageScore": 52, "trending": 0, "popularity": 160, "streamingEpisodes": [], "coverImage": {"large": "https://s3.anilist.co/media/anime/cover/medium/3171.jpg", "medium": "https://s3.anilist.co/media/anime/cover/small/3171.jpg"}, "bannerImage": null, "isAdult": true, "format": "OVA"}, {"id": 3174, "title": {"romaji": "Sola Specials", "english": null}, "type": "ANIME", "status": "FINISHED", "description": "Episode 1: A Different Route<br><br>\nEpisode 2: Towards the Dawning Sky", "startDate": {"year": 2007, "month": 9, "day": 25}, "endDate": {"year": 2007, "month": 10, "day": 26}, "season": "FALL", "episodes": 2, "duration": 24, "genres": ["Comedy", "Romance", "Slice of Life", "Supernatural"], "averageScore": 64, "trending": 0, "popularity": 1142, "streamingEpisodes": [], "coverImage": {"large": "https://s3.anilist.co/media/anime/cover/medium/3174.jpg", "medium": "https://s3.anilist.co/media/anime/cover/small/3174.jpg"}, "bannerImage": null, "isAdult": false, "format": "SPECIAL"}, {"id": 3175, "title": {"romaji": "Marine Express", "english": "Marine Express"}, "type": "ANIME", "status": "FINISHED", "description": "The year is 2002, and the Marine Express, the first underwater train between America and Japan, is ready for its maiden voyage. The chief engineer suspects that the train's test run will be used for illicit purposes and hires private detective Ban Shunsaku. He arrives to his client's mansion only to find that he has just been murdered. Armed with just a glimpse of the murderer's face, Shunsaku boards the Marine Express to get to the bottom of this mystery. This job, however, is much more than what he bargained for, as the train holds secrets beyond anyone's imagination.<br><br>\n(Source: ANN)", "startDate": {"year": 1979, "month": 8, "day": 26}, "endDate": {"year": 1979, "month": 8, "day": 26}, "season": "SUMMER", "episodes": 1, "duration": 91, "genres": ["Action", "Adventure", "Comedy", "Drama", "Sci-Fi"], "averageScore": null, "trending": 0, "popularity": 109, "streamingEpisodes": [], "coverImage": {"large": "https://s3.anilist.co/media/anime/cover/medium/3175.jpg", "medium": "https://s3.anilist.co/media/anime/cover/small/3175.jpg"}, "bannerImage": null, "isAdult": false, "format": "SPECIAL"}, {"id": 3176, "title": {"romaji": "Nessa no Haou Gandalla", "english": "Gandalla: The King of Burning Desert"}, "type": "ANIME", "status": "FINISHED", "description": "A dispute between young band members and an unfortunate choice of melody inadverdently draws them all into the demonic horror known as  the desert-god Gandalla. ", "startDate": {"year": 1998, "month": 4, "day": 11}, "endDate": {"year": 1998, "month": 10, "day": 17}, "season": "SPRING", "episodes": 26, "duration": 22, "genres": ["Adventure", "Drama", "Fantasy", "Horror", "Music"], "averageScore": null, "trending": 0, "popularity": 90, "streamingEpisodes": [], "coverImage": {"large": "https://s3.anilist.co/media/anime/cover/medium/3176.jpg", "medium": "https://s3.anilist.co/media/anime/cover/small/3176.jpg"}, "bannerImage": null, "isAdult": false, "format": "TV"}, {"id": 3178, "title": {"romaji": "Karura Mau Movie", "english": "Karura Mau Movie"}, "type": "ANIME", "status": "FINISHED", "description": "Shoko and Maiko Ougi are apparently two ordinary schoolgirls in pursuit of graduating and having fun. Shii-chan is the more serious while Mai-chan is more fun-loving. In reality, the two sisters are powerful exorcists from the Karura temple. Each wields half the power...Shii-chan can \"see\" the spirits, and Mai-chan can banish them. This is the movie adaptation of a spooky series with heavy emphasis on traditionally Japanese occult themes. <br><br>\n(Source: AnimeNfo's Karura Mau OVA description; modified)", "startDate": {"year": 1989, "month": 4, "day": 8}, "endDate": {"year": 1989, "month": 4, "day": 8}, "season": "SPRING", "episodes": 1, "duration": 80, "genres": ["Action", "Adventure", "Fantasy", "Horror"], "averageScore": null, "trending": 0, "popularity": 89, "streamingEpisodes": [], "coverImage": {"large": "https://s3.anilist.co/media/anime/cover/medium/3178.jpg", "medium": "https://s3.anilist.co/media/anime/cover/small/3178.jpg"}, "bannerImage": null, "isAdult": false, "format": "MOVIE"}, {"id": 3180, "title": {"romaji": "Manga Aesop Monogatari", "english": "Aesop's Fables"}, "type": "ANIME", "status": "FINISHED", "description": "Aesop is a trouble-making young boy who finds himself in another world filled with creatures he never believed to exist, such as fairies and talking donkeys. He sets off to find a way back to the nomal world. On his jouney he befriends many classical creatures from well-known fables and encounters many trials, each teaching him a valuable lesson. ", "startDate": {"year": 1983, "month": 10, "day": 10}, "endDate": {"year": 1983, "month": 12, "day": 22}, "season": "FALL", "episodes": 52, "duration": 15, "genres": ["Fantasy"], "averageScore": null, "trending": 0, "popularity": 24, "streamingEpisodes": [], "coverImage": {"large": "https://s3.anilist.co/media/anime/cover/medium/3180.jpg", "medium": "https://s3.anilist.co/media/anime/cover/small/3180.jpg"}, "bannerImage": null, "isAdult": false, "format": "TV_SHORT"}, {"id": 3182, "title": {"romaji": "Massugu ni Ikou (2004)", "english": null}, "type": "ANIME", "status": "FINISHED", "description": "Mametarou is a Crossbreed and this is about his daily activities and the friends he makes with his girlfriend, Hanako. ", "startDate": {"year": 2004, "month": 3, "day": 27}, "endDate": {"year": 2004, "month": 4, "day": 1}, "season": "SPRING", "episodes": 5, "duration": 20, "genres": ["Comedy", "Romance", "Slice of Life"], "averageScore": null, "trending": 0, "popularity": 111, "streamingEpisodes": [], "coverImage": {"large": "https://s3.anilist.co/media/anime/cover/medium/3182-zjTbAj2THPD3.jpg", "medium": "https://s3.anilist.co/media/anime/cover/small/3182-zjTbAj2THPD3.jpg"}, "bannerImage": null, "isAdult": false, "format": "TV"}, {"id": 3183, "title": {"romaji": "Maps (1987)", "english": "Maps: Legendary Space Wanderers"}, "type": "ANIME", "status": "FINISHED", "description": "While looking for the ledgendary Mapman, the last surviving member of the Nomad Star tribe, Lipumira finds him in Tokyo. His name is Gen Tokishima and he is the only one able to get one part of the starmap hidden within the Earth. After retrieving the piece, Gen must make a decision to follow Lipumira in her foolhardy search to find the remaining pieces of the starmap or stay on Earth. He makes his decision, only to find his girlfriend has beaten him to the spaceship as she wants to come as well. Unfortunately, as Gen learns the secret of the starmap, Lipumira's sisters have plans to stop her and will stop her at any cost. <br><br>\n(Source: ANN's description of the 1994 remake, which shares the same manga story)", "startDate": {"year": 1987, "month": 7, "day": 14}, "endDate": {"year": 1987, "month": 7, "day": 14}, "season": "SUMMER", "episodes": 1, "duration": 51, "genres": ["Action", "Adventure", "Drama", "Sci-Fi"], "averageScore": null, "trending": 0, "popularity": 53, "streamingEpisodes": [], "coverImage": {"large": "https://s3.anilist.co/media/anime/cover/medium/3183.jpg", "medium": "https://s3.anilist.co/media/anime/cover/small/3183.jpg"}, "bannerImage": null, "isAdult": false, "format": "OVA"}, {"id": 3185, "title": {"romaji": "Fortune Quest", "english": null}, "type": "ANIME", "status": "FINISHED", "description": "Our story is set in another world, parallel to ours. We meet Pastel, an orphan girl, 18 years old, who lives with a group of adventurers in a small house. Pastel works as a writer and also a \"mapper\", charting towns, the countryside, rivers and mountains with sketches and illustrations. <br><br>\nShe is highly respected by her friends as her intelligence and honesty are extraordinary. Living in the house with Pastel, we meet Clay, a young swordsman; Trapp, the son of a bandit chieftain; Kitton, literally a working dictionary and a descendant of the Family Kittons; Knoll, a big guy a with tender heart; Whitey, a baby dragon; and Rumy, an infant sorcerer of the tribe \"Elf.\" Together this odd group become involved in many mysterious adventures from treasure hunting, to searching for a missing person, to challenging a riddle, to many more unexpected quests.<br><br>\n(Source: enokifilmsusa)", "startDate": {"year": 1997, "month": 10, "day": 18}, "endDate": {"year": 1998, "month": 5, "day": 23}, "season": "FALL", "episodes": 26, "duration": 25, "genres": ["Adventure", "Comedy", "Fantasy"], "averageScore": null, "trending": 0, "popularity": 99, "streamingEpisodes": [], "coverImage": {"large": "https://s3.anilist.co/media/anime/cover/medium/3185.jpg", "medium": "https://s3.anilist.co/media/anime/cover/small/3185.jpg"}, "bannerImage": null, "isAdult": false, "format": "TV"}, {"id": 3186, "title": {"romaji": "Sekai Meisaku Douwa: Hakuchou no Mizuumi", "english": "Swan Lake"}, "type": "ANIME", "status": "FINISHED", "description": "When Prince Siegfried spots a beautiful swan with a crown on its head, for some reason he feels compelled to follow it. He discovers that the swan is, in fact, a princess named Odette, who is under a wizard's curse that causes her to become a swan by day. The wizard, Rothbart, wants to keep Odette to himself, and the only thing that can break the spell on Odette is a man who truly loves her, with all his heart and soul...<br><br>\n(Source: ANN)", "startDate": {"year": 1981, "month": null, "day": null}, "endDate": {"year": 1981, "month": null, "day": null}, "season": null, "episodes": 1, "duration": 75, "genres": ["Drama", "Fantasy", "Romance"], "averageScore": 57, "trending": 0, "popularity": 238, "streamingEpisodes": [], "coverImage": {"large": "https://s3.anilist.co/media/anime/cover/medium/3186.jpg", "medium": "https://s3.anilist.co/media/anime/cover/small/3186.jpg"}, "bannerImage": null, "isAdult": false, "format": "MOVIE"}, {"id": 3190, "title": {"romaji": "Guitar wo Motta Shounen: Kikaider vs. Inazuman", "english": "The Boy Who Carried a Guitar: Kikaider vs. Inazuman"}, "type": "ANIME", "status": "FINISHED", "description": "The OVA Special which teams the Anime version of the legendary Henshin Hero Jiro/Jinzou Ningen Kikaider with another Toei Henshin Hero Inazuman.  ", "startDate": {"year": 2003, "month": 9, "day": 18}, "endDate": {"year": 2003, "month": 9, "day": 18}, "season": "FALL", "episodes": 1, "duration": 28, "genres": ["Sci-Fi"], "averageScore": null, "trending": 0, "popularity": 93, "streamingEpisodes": [], "coverImage": {"large": "https://s3.anilist.co/media/anime/cover/medium/3190.jpg", "medium": "https://s3.anilist.co/media/anime/cover/small/3190.jpg"}, "bannerImage": null, "isAdult": false, "format": "SPECIAL"}, {"id": 3192, "title": {"romaji": "Tobira wo Akete (1986)", "english": "Open the Door"}, "type": "ANIME", "status": "FINISHED", "description": "In modern day Tokyo, three university students, Negishi Miyako (Neko-chan), Saiki Haruka, and Yamagishi Keiichiro, have magical powers that make them feel like outcasts. They come together one night and are transported to another world. They open a massive door and Neko finds that she is the Princess Neryulla, who must defeat the evil Duran III to free her people. <br><br>\n(Source: AniDB)", "startDate": {"year": 1986, "month": 11, "day": 1}, "endDate": {"year": 1986, "month": 11, "day": 1}, "season": "FALL", "episodes": 1, "duration": 81, "genres": ["Fantasy", "Sci-Fi"], "averageScore": 48, "trending": 0, "popularity": 153, "streamingEpisodes": [], "coverImage": {"large": "https://s3.anilist.co/media/anime/cover/medium/3192.jpg", "medium": "https://s3.anilist.co/media/anime/cover/small/3192.jpg"}, "bannerImage": "https://s3.anilist.co/media/anime/banner/3192-V3TqbzSpub9A.png", "isAdult": false, "format": "OVA"}, {"id": 3193, "title": {"romaji": "Monkey Typhoon", "english": "Monkey Typhoon"}, "type": "ANIME", "status": "FINISHED", "description": "Four years into the future, the world has lost its balance...<br><br>\n10 thousand metres of vast woodland is gone, preventing humans to live and leaving a desert to spread endlessly. And so, they head into the world of Meshichi, to live together with the Anbots.<br><br>\nAs if guided by fate, Sanzou and Gokyuu meet. Traveling together, Sanzou - a young man shrouded in mystery, Gokyuu - the strongest and worst Anbot around, Tongoh - an Anbot fond of drinking, Jou - someone who is great with machines, Suuji - a female Anbot thief, and last but not least, Mioto. And so, their journey begins to the boundless East, to the land where the sun was born!<br><br>\n(Source: AnimeNfo)", "startDate": {"year": 2002, "month": 10, "day": 1}, "endDate": {"year": 2003, "month": 9, "day": 30}, "season": "FALL", "episodes": 52, "duration": 23, "genres": ["Comedy", "Sci-Fi"], "averageScore": 52, "trending": 0, "popularity": 185, "streamingEpisodes": [], "coverImage": {"large": "https://s3.anilist.co/media/anime/cover/medium/3193.jpg", "medium": "https://s3.anilist.co/media/anime/cover/small/3193.jpg"}, "bannerImage": null, "isAdult": false, "format": "TV"}, {"id": 3194, "title": {"romaji": "Ningyo Hime Marina no Bouken", "english": "Saban's Adventures of the Little Mermaid"}, "type": "ANIME", "status": "FINISHED", "description": "Marina, a lonely mermaid, is bored of underwater life. She wants legs. She goes to the sea witch. She is given a magic whistle that when blown, can turn her into a human or mermaid. The Prince and Marina fall in love but she can't stay with him until she can get the sea witch off her case.<br><br>\n(Source: ANN)", "startDate": {"year": 1991, "month": 2, "day": 2}, "endDate": {"year": 1991, "month": 7, "day": 27}, "season": "WINTER", "episodes": 26, "duration": 20, "genres": ["Fantasy"], "averageScore": null, "trending": 0, "popularity": 79, "streamingEpisodes": [], "coverImage": {"large": "https://s3.anilist.co/media/anime/cover/medium/3194.jpg", "medium": "https://s3.anilist.co/media/anime/cover/small/3194.jpg"}, "bannerImage": null, "isAdult": false, "format": "TV"}, {"id": 3196, "title": {"romaji": "Wakakusa no Charlotte", "english": null}, "type": "ANIME", "status": "FINISHED", "description": "Charlotte is a girl who lives on a farm in Canada. On her 12th birthday, her father tells her that her mother, whom Charlotte has always believed to be dead, is actually alive and living in Paris, but soon she will arrive to live with them! Charlotte is very upset about this at first, but just when she adjusts to the idea, the idea, her father soon dies! Now Charlotte must face many challenges to live. She discovers that her father was from a noble family and her grandfather wants to force Charlotte to return to the family. She doesn't know her mother at all. Meanwhile, a landowner is trying to steal away her father's farm! Poor Charlotte...", "startDate": {"year": 1977, "month": 10, "day": 29}, "endDate": {"year": 1978, "month": 5, "day": 27}, "season": "FALL", "episodes": 30, "duration": 25, "genres": ["Drama", "Slice of Life"], "averageScore": null, "trending": 0, "popularity": 106, "streamingEpisodes": [], "coverImage": {"large": "https://s3.anilist.co/media/anime/cover/medium/3196.jpg", "medium": "https://s3.anilist.co/media/anime/cover/small/3196.jpg"}, "bannerImage": null, "isAdult": false, "format": "TV"}, {"id": 3199, "title": {"romaji": "Nanatsu no Umi no Tico", "english": "Tico and Friends"}, "type": "ANIME", "status": "FINISHED", "description": "Nanami Simpson is a young girl. Her mother dies when she is young, and she goes to live with her Father, Scott Simpson, on board a Marine Research Vessel , the Peperonchino. Her Father is a Marine Biologist, and he is in search of a creature known as the Glowing Whale. When He finds the bones of one of these, he is saddened, and resolves to change his mission towards preserving and caring for the creatures. Nanami befriends an Orca which she names Tico, and She goes swimming with it every day. Eventually, she learns to breathe Underwater which astounds her Father. Nanami nearly drowns one day, and one of the glowing whales saves her from certain death and returns her to the vessel, where her Father finally gets to see it.<br><br>\n(Source: ANN)", "startDate": {"year": 1994, "month": 1, "day": 16}, "endDate": {"year": 1994, "month": 12, "day": 18}, "season": "WINTER", "episodes": 39, "duration": 25, "genres": ["Adventure", "Slice of Life"], "averageScore": 60, "trending": 0, "popularity": 293, "streamingEpisodes": [], "coverImage": {"large": "https://s3.anilist.co/media/anime/cover/medium/3199.jpg", "medium": "https://s3.anilist.co/media/anime/cover/small/3199.jpg"}, "bannerImage": "https://s3.anilist.co/media/anime/banner/3199-kLNARrD3BVkm.jpg", "isAdult": false, "format": "TV"}, {"id": 3201, "title": {"romaji": "Serendipity Monogatari: Pyuatou no Nakamatachi", "english": "Serendipity the Pink Dragon"}, "type": "ANIME", "status": "FINISHED", "description": "Kona is a boy who has a friend: a pink dragon named Serendipity with a kind nature. They want to stop the evil captain who tries steal gold from their peaceful island. ", "startDate": {"year": 1983, "month": 7, "day": 1}, "endDate": {"year": 1983, "month": 12, "day": 23}, "season": "SUMMER", "episodes": 26, "duration": 30, "genres": ["Fantasy"], "averageScore": null, "trending": 0, "popularity": 41, "streamingEpisodes": [], "coverImage": {"large": "https://s3.anilist.co/media/anime/cover/medium/3201.jpg", "medium": "https://s3.anilist.co/media/anime/cover/small/3201.jpg"}, "bannerImage": null, "isAdult": false, "format": "TV"}, {"id": 3202, "title": {"romaji": "Hello Kitty", "english": null}, "type": "ANIME", "status": "FINISHED", "description": "The adventures of a young kitten named Kitty with her twin sister Mimi. It's a variety of adventures, including Kitty in some fairy tales as well.", "startDate": {"year": 1993, "month": 10, "day": 5}, "endDate": {"year": 1994, "month": 3, "day": 29}, "season": "FALL", "episodes": 26, "duration": 25, "genres": [], "averageScore": 48, "trending": 0, "popularity": 130, "streamingEpisodes": [], "coverImage": {"large": "https://s3.anilist.co/media/anime/cover/medium/3202.jpg", "medium": "https://s3.anilist.co/media/anime/cover/small/3202.jpg"}, "bannerImage": null, "isAdult": false, "format": "TV"}, {"id": 3203, "title": {"romaji": "Chibi Maruko-chan Movie (1990)", "english": null}, "type": "ANIME", "status": "FINISHED", "description": "Chibi Maruko chan is the nickname of a sweetly obnoxious 9-year-old girl. She tricks her grandfather, ponders for hours over how to spend her allowance, and hates sitting next to ugly boys. She talks, feels and lives just as real kids do.<br><br>\nAs the second term commences, Maruko and her classmates return to their small groups. Maruko&rsquo;s group includes two naughty boys and Maruko is forced to be one of their subordinates. She seems to face a lot of pressure at school.<br><br>\nAs the school&rsquo;s athletic meet approaches, all the classmates are busy exercising. Maruko is no exception, although her laziness means that she is late sometimes. Maruko realizes that the two boys rival each other in everything they do, and that their friendship is deep and strong. <br><br>\n(Source: AnimeNfo)", "startDate": {"year": 1990, "month": 12, "day": 15}, "endDate": {"year": 1990, "month": 12, "day": 15}, "season": "WINTER", "episodes": 1, "duration": 93, "genres": ["Comedy"], "averageScore": 54, "trending": 0, "popularity": 100, "streamingEpisodes": [], "coverImage": {"large": "https://s3.anilist.co/media/anime/cover/medium/3203-3RzleAJui6zh.jpg", "medium": "https://s3.anilist.co/media/anime/cover/small/3203-3RzleAJui6zh.jpg"}, "bannerImage": null, "isAdult": false, "format": "MOVIE"}, {"id": 3205, "title": {"romaji": "Cream Lemon: Lemon Angel", "english": "Lemon Angel"}, "type": "ANIME", "status": "FINISHED", "description": "Franchise combining a real life idol trio and limited animation short stories, with their cartoon alter egos thrown into various bizarre and generally sexual situations.<br><br>\n(Source: AniDB)", "startDate": {"year": 1987, "month": 10, "day": 1}, "endDate": {"year": 1987, "month": 12, "day": 24}, "season": "FALL", "episodes": 37, "duration": 3, "genres": ["Ecchi"], "averageScore": null, "trending": 0, "popularity": 180, "streamingEpisodes": [], "coverImage": {"large": "https://s3.anilist.co/media/anime/cover/medium/3205-ka64ihA9wHpb.png", "medium": "https://s3.anilist.co/media/anime/cover/small/3205-ka64ihA9wHpb.png"}, "bannerImage": null, "isAdult": false, "format": "TV_SHORT"}, {"id": 3210, "title": {"romaji": "Ikoku Irokoi Romantan", "english": null}, "type": "ANIME", "status": "FINISHED", "description": "Japanese yakuza clan heir Ranmaru just got married on a lavish cruise ship, but things aren't as they seem. The marriage is just for the appearances, and he ends up getting drunk and spending the night not with his bride but with the sexy ship captain. When the two men meet again in Italy, it is the start of a spectacular love story.<br><br>\n(Source: MU)", "startDate": {"year": 2007, "month": 12, "day": 21}, "endDate": {"year": 2008, "month": 10, "day": 24}, "season": "WINTER", "episodes": 2, "duration": 27, "genres": ["Romance"], "averageScore": 63, "trending": 0, "popularity": 1289, "streamingEpisodes": [], "coverImage": {"large": "https://s3.anilist.co/media/anime/cover/medium/3210.jpg", "medium": "https://s3.anilist.co/media/anime/cover/small/3210.jpg"}, "bannerImage": null, "isAdult": false, "format": "OVA"}, {"id": 3211, "title": {"romaji": "Otenki Onee-san", "english": "Weather Report Girl"}, "type": "ANIME", "status": "FINISHED", "description": "Hurricane Keiko has arrived! The newscast weather segment. Usually the last thing anyone ever thinks about (unless they said \"sun\" and it wound up being \"rain\") but Keiko Nakadai's going to change all that. Toiling in obscurity for years at a horribly rated TV station, Keiko has figured out what the weather report needs and doesn't mind taking off her top (or lifting her skirt) on the air to do it. The ratings aren't going to go down, that's for sure. <br><br>\nOf course, some of the people at the station don't find this appealing, and decide that Keiko's got to go. They devise a series of horrible \"accidents\" for her, but Keiko usually seems to be about a step ahead of them. <br><br>\nEventually, everyone at the station will discover that there's far more to her than meets the eye as Keiko's star rises incredibly quickly ... and as her importance increases, Michiko Kawai's (the old weather girl) drops. Something has got to be done, but who can do it? <br><br>\n(Source: AnimeNfo) ", "startDate": {"year": 1995, "month": 6, "day": 1}, "endDate": {"year": 1995, "month": 6, "day": 1}, "season": "SUMMER", "episodes": 2, "duration": 43, "genres": ["Comedy", "Hentai"], "averageScore": null, "trending": 0, "popularity": 116, "streamingEpisodes": [], "coverImage": {"large": "https://s3.anilist.co/media/anime/cover/medium/3211.jpg", "medium": "https://s3.anilist.co/media/anime/cover/small/3211.jpg"}, "bannerImage": null, "isAdult": true, "format": "OVA"}, {"id": 3213, "title": {"romaji": "Ganbare Genki", "english": null}, "type": "ANIME", "status": "FINISHED", "description": "Horiguchi Genki was 5 years old boy. His mother died when he was born, and he was raised only by his father. His father, Shark Horiguchi, was a professional boxer, but he was ruined and become an itinerant boxer. However, Genki believed his father was strong and he would become a champion, and he had a dream to become a strong boxer as his father. <br>\nAfter his father&rsquo;s death, he was adopted by his grandparents. Although they opposed Genki boxing, Genki made up his mind to become a boxer, and he continued training secretly. Meeting with various people, for example, Teacher Ashikiwa who resembles his mother, Mishima who is a high school boxing champion, he made his way to be a boxer. <br><br>\n(Source: AnimeNfo)", "startDate": {"year": 1980, "month": 7, "day": 16}, "endDate": {"year": 1981, "month": 4, "day": 1}, "season": "SUMMER", "episodes": 35, "duration": 23, "genres": ["Action", "Comedy", "Sports"], "averageScore": null, "trending": 0, "popularity": 136, "streamingEpisodes": [], "coverImage": {"large": "https://s3.anilist.co/media/anime/cover/medium/3213.jpg", "medium": "https://s3.anilist.co/media/anime/cover/small/3213.jpg"}, "bannerImage": "https://s3.anilist.co/media/anime/banner/3213-3s0c9Hf3x1Kb.jpg", "isAdult": false, "format": "TV"}, {"id": 3214, "title": {"romaji": "Kosuke-sama Rikimaru-sama: Konpeitou no Ryuu", "english": null}, "type": "ANIME", "status": "FINISHED", "description": "Kosukesama Rikimarusama: Konpeito no Ryu was a 45 minute long anime TV special produced by J.C. Staff and broadcast on Japanese television in 1988. Similar to Dragon Ball, it was a martial arts adventure story featuring villains that could have stepped out of the Red Ribbon Army, typical Toriyama mecha, and a clone of Son Gohan's Haiya Dragon.<br>\n(Source: animenation.net)", "startDate": {"year": 1988, "month": 9, "day": 23}, "endDate": {"year": 1988, "month": 9, "day": 23}, "season": "FALL", "episodes": 1, "duration": 47, "genres": ["Action", "Adventure"], "averageScore": null, "trending": 0, "popularity": 79, "streamingEpisodes": [], "coverImage": {"large": "https://s3.anilist.co/media/anime/cover/medium/3214.jpg", "medium": "https://s3.anilist.co/media/anime/cover/small/3214.jpg"}, "bannerImage": null, "isAdult": false, "format": "OVA"}, {"id": 3215, "title": {"romaji": "Fuyu no Hi", "english": "Winter Days"}, "type": "ANIME", "status": "FINISHED", "description": "Fuyu no Hin is a 2003 animated film directed by Kihachiro Kawamoto. It is based upon the renga of the same name by the 17th-century Japanese poet Basho.<br><br>\nThe creation of the film followed the traditional collaborative nature of the source material&mdash;the visuals for each of the 36 stanzas were independently created by 35 different animators. As well as many Japanese animators, Kawamoto assembled leading names of animation from across the world. Each animator was asked to contribute at least 30 seconds to illustrate their stanza, and most of the sequences are under a minute (Yuriy Norshteyn's, though, is nearly two minutes long).<br><br>\nThe released film consists of the 40-minute animation, followed by an hour-long \"Making of\" documentary, including interviews with the animators. Fuyu no Hi won the Grand Prize of the Japan Media Arts Festival in 2003.<br><br>\n(Source: Wikipedia)", "startDate": {"year": 2003, "month": 11, "day": 22}, "endDate": {"year": 2003, "month": 11, "day": 22}, "season": "FALL", "episodes": 1, "duration": 39, "genres": [], "averageScore": 53, "trending": 0, "popularity": 406, "streamingEpisodes": [], "coverImage": {"large": "https://s3.anilist.co/media/anime/cover/medium/3215.jpg", "medium": "https://s3.anilist.co/media/anime/cover/small/3215.jpg"}, "bannerImage": null, "isAdult": false, "format": "MOVIE"}, {"id": 3218, "title": {"romaji": "Saiyuki OVA", "english": null}, "type": "ANIME", "status": "FINISHED", "description": "The story of Sanzo and his three companions in their quest to the west, to stop the resurrection of Gyuumao. On the way they are fighting youkai, getting into trouble and helping the townspeople.", "startDate": {"year": 1999, "month": 4, "day": 23}, "endDate": {"year": 1999, "month": 8, "day": 27}, "season": "SPRING", "episodes": 2, "duration": 30, "genres": ["Adventure", "Supernatural"], "averageScore": 55, "trending": 0, "popularity": 258, "streamingEpisodes": [], "coverImage": {"large": "https://s3.anilist.co/media/anime/cover/medium/3218-GUWJSz2yNfjB.png", "medium": "https://s3.anilist.co/media/anime/cover/small/3218-GUWJSz2yNfjB.png"}, "bannerImage": null, "isAdult": false, "format": "OVA"}, {"id": 3219, "title": {"romaji": "Gakuen Utopia Manabi Straight! Special", "english": null}, "type": "ANIME", "status": "FINISHED", "description": "This episode takes place before the actual planning of the School Fair and shows how the girls spend their summer holidays.", "startDate": {"year": 2007, "month": 10, "day": 10}, "endDate": {"year": 2007, "month": 10, "day": 10}, "season": "FALL", "episodes": 1, "duration": 24, "genres": ["Comedy", "Sci-Fi", "Slice of Life"], "averageScore": 66, "trending": 0, "popularity": 672, "streamingEpisodes": [], "coverImage": {"large": "https://s3.anilist.co/media/anime/cover/medium/3219.jpg", "medium": "https://s3.anilist.co/media/anime/cover/small/3219.jpg"}, "bannerImage": null, "isAdult": false, "format": "SPECIAL"}, {"id": 3220, "title": {"romaji": "Kanashimi no Belladonna", "english": "Belladonna of Sadness"}, "type": "ANIME", "status": "FINISHED", "description": "The beautiful peasant woman Jeanne is raped by a demonic overlord on her wedding night. Spurned by her husband, she has no outlet for her awakened libido, which develops to give her powers of witchcraft. <br><br>\nThe film is inspired by Jules Michelet's non-fiction book \"Satanism and Witchcraft\", it is the third and final film in the Animerama trilogy, and the only one to be neither written nor directed by Osamu Tezuka. <br><br>\n(Sources: ANN, Wikipedia)", "startDate": {"year": 1973, "month": 6, "day": 30}, "endDate": {"year": 1973, "month": 6, "day": 30}, "season": "SUMMER", "episodes": 1, "duration": 89, "genres": ["Drama"], "averageScore": 68, "trending": 0, "popularity": 1769, "streamingEpisodes": [], "coverImage": {"large": "https://s3.anilist.co/media/anime/cover/medium/3220.jpg", "medium": "https://s3.anilist.co/media/anime/cover/small/3220.jpg"}, "bannerImage": "https://s3.anilist.co/media/anime/banner/3220-ZdjakVJ2qKyb.jpg", "isAdult": false, "format": "MOVIE"}, {"id": 3221, "title": {"romaji": "Shakugan no Shana Movie Special", "english": null}, "type": "ANIME", "status": "FINISHED", "description": "Various scenes from the movie represented with a very tiny Shana and distorted bits of the story.", "startDate": {"year": 2007, "month": 9, "day": 21}, "endDate": {"year": 2007, "month": 9, "day": 21}, "season": "FALL", "episodes": 1, "duration": 5, "genres": ["Adventure", "Comedy", "Fantasy"], "averageScore": 65, "trending": 0, "popularity": 1650, "streamingEpisodes": [], "coverImage": {"large": "https://s3.anilist.co/media/anime/cover/medium/3221.jpg", "medium": "https://s3.anilist.co/media/anime/cover/small/3221.jpg"}, "bannerImage": null, "isAdult": false, "format": "SPECIAL"}, {"id": 3222, "title": {"romaji": "Kiddy Grade: Hanran Hen", "english": "Kiddy Grade: Maelstrom"}, "type": "ANIME", "status": "FINISHED", "description": "This Movie is a recap of the original anime's second quarter.", "startDate": {"year": 2007, "month": 6, "day": 23}, "endDate": {"year": 2007, "month": 6, "day": 23}, "season": "SUMMER", "episodes": 1, "duration": 95, "genres": ["Action", "Mecha", "Sci-Fi"], "averageScore": 58, "trending": 0, "popularity": 311, "streamingEpisodes": [], "coverImage": {"large": "https://s3.anilist.co/media/anime/cover/medium/3222.jpg", "medium": "https://s3.anilist.co/media/anime/cover/small/3222.jpg"}, "bannerImage": null, "isAdult": false, "format": "MOVIE"}, {"id": 3223, "title": {"romaji": "Kiddy Grade: Reimei Hen", "english": "Kiddy Grade: Truth Dawn"}, "type": "ANIME", "status": "FINISHED", "description": "This Movie is the retelling of the original anime's final.", "startDate": {"year": 2007, "month": 9, "day": 1}, "endDate": {"year": 2007, "month": 9, "day": 1}, "season": "FALL", "episodes": 1, "duration": 90, "genres": ["Action", "Mecha", "Sci-Fi"], "averageScore": 58, "trending": 0, "popularity": 316, "streamingEpisodes": [], "coverImage": {"large": "https://s3.anilist.co/media/anime/cover/medium/3223.jpg", "medium": "https://s3.anilist.co/media/anime/cover/small/3223.jpg"}, "bannerImage": null, "isAdult": false, "format": "MOVIE"}, {"id": 3225, "title": {"romaji": "Minami-ke Okawari", "english": null}, "type": "ANIME", "status": "FINISHED", "description": "The second season of Minami-Ke. It picks up where the first season left off, and just like the first season, it's about the daily lives of the three Minami sisters, Haruka, Kana and Chiaki, and their school friends.", "startDate": {"year": 2008, "month": 1, "day": 7}, "endDate": {"year": 2008, "month": 3, "day": 31}, "season": "WINTER", "episodes": 13, "duration": 24, "genres": ["Comedy", "Slice of Life"], "averageScore": 70, "trending": 0, "popularity": 4956, "streamingEpisodes": [], "coverImage": {"large": "https://s3.anilist.co/media/anime/cover/medium/3225.jpg", "medium": "https://s3.anilist.co/media/anime/cover/small/3225.jpg"}, "bannerImage": null, "isAdult": false, "format": "TV"}, {"id": 3226, "title": {"romaji": "Major S4", "english": null}, "type": "ANIME", "status": "FINISHED", "description": "Next season of Major.<br><br>\nAfter the final game of his Seishuu team against the goal he set himself, Kaidou - the team he left to play against, Gorou has no feelings of remorse anymore. Again he decides to take a step forward and challenge himself.<br><br>\nSaying one more time good bye to Shimizu and his friends, he leaves for the USA, where he plans on competing in the Minor League.<br><br>\nThis is where Season 4 starts, in a country that`s foreign to him, a baseball style that`s unknown to him and new friends and strong rivals who share the same love to the game as him. Accompany Gorou in his neverending quest for new challenges. <br><br>\n(Source: AniDB)", "startDate": {"year": 2008, "month": 1, "day": 5}, "endDate": {"year": 2008, "month": 6, "day": 28}, "season": "WINTER", "episodes": 26, "duration": 24, "genres": ["Comedy", "Drama", "Sports"], "averageScore": 79, "trending": 0, "popularity": 2479, "streamingEpisodes": [], "coverImage": {"large": "https://s3.anilist.co/media/anime/cover/medium/3226.jpg", "medium": "https://s3.anilist.co/media/anime/cover/small/3226.jpg"}, "bannerImage": null, "isAdult": false, "format": "TV"}, {"id": 3227, "title": {"romaji": "Harukanaru Toki no Naka de 3: Kurenai no Tsuki", "english": null}, "type": "ANIME", "status": "FINISHED", "description": "One day, Kasuga Nozomi encounters a strange boy at her high school, who sends her across time and space to Kyou, a place in another world that bears a strong resemblance to Kyoto towards the end of the Heian period. There, the Minamoto clan (\"Genji\"), led by Minamoto no Yoritomo, is at war with the Taira clan (\"Heike\"), led by Taira no Kiyomori. The Heike hope to defeat the Genji by releasing vengeful spirits to disturb the earth`s natural flow of energy and to terrorize the land. The boy is revealed to be the human form of Hakuryuu, the White Dragon God that protects Kyou, who is weakened by the presence of the vengeful spirits. As the Hakuryuu no Miko (Priestess of the White Dragon God), Nozomi allies herself with the Genji because Hakuryuu cannot send her home until his power is restored...<br><br>\n(Source: AniDB)", "startDate": {"year": 2007, "month": 12, "day": 28}, "endDate": {"year": 2007, "month": 12, "day": 28}, "season": "WINTER", "episodes": 1, "duration": 60, "genres": ["Adventure", "Fantasy"], "averageScore": null, "trending": 0, "popularity": 153, "streamingEpisodes": [], "coverImage": {"large": "https://s3.anilist.co/media/anime/cover/medium/3227.jpg", "medium": "https://s3.anilist.co/media/anime/cover/small/3227.jpg"}, "bannerImage": null, "isAdult": false, "format": "SPECIAL"}, {"id": 3228, "title": {"romaji": "Zoku Sayonara Zetsubou Sensei", "english": null}, "type": "ANIME", "status": "FINISHED", "description": "More crazy antics abound as Nozomu Itoshiki, a.k.a Zetsubou-sensei, who is the worlds most negative person, tries to teach class 2-H about how life is filled with despair and darkness. A harder task than it first may seem, with his students being far from ordinary themselves, including the likes of the most positive girl he has ever met, his very own stalker, a foreign exchange student with split personalities and a perfectionist acting class president, due to the fact the real class president can't be seen by anyone, among others. <br><br>\n(Source: ANN)", "startDate": {"year": 2008, "month": 1, "day": 6}, "endDate": {"year": 2008, "month": 3, "day": 30}, "season": "WINTER", "episodes": 13, "duration": 25, "genres": ["Comedy"], "averageScore": 77, "trending": 1, "popularity": 8013, "streamingEpisodes": [], "coverImage": {"large": "https://s3.anilist.co/media/anime/cover/medium/3228.jpg", "medium": "https://s3.anilist.co/media/anime/cover/small/3228.jpg"}, "bannerImage": "https://s3.anilist.co/media/anime/banner/3228-FE7xnVCLXcSl.jpg", "isAdult": false, "format": "TV"}, {"id": 3229, "title": {"romaji": "Kimi ga Aruji de Shitsuji ga Ore de", "english": null}, "type": "ANIME", "status": "FINISHED", "description": "Based On a Visual Novel developed by Minato Soft.<br><br>\nDue to family troubles, Ren Uesugi and his sister, Mihato, leave their home. They end up moving to the city but find themselves with a lack of money. Somehow they are able to find work in the form of the Kuonji family's mansion, being employed as servants to the three sisters of the Kuonji family: Shinra, Miyu, and Yume. Being a servant also associates Ren with the mansion's additional servants and the Kuonji sisters' friends.<br><br>\n(Source: Wikipedia)", "startDate": {"year": 2008, "month": 1, "day": 6}, "endDate": {"year": 2008, "month": 3, "day": 30}, "season": "WINTER", "episodes": 13, "duration": 25, "genres": ["Comedy", "Ecchi", "Romance"], "averageScore": 68, "trending": 0, "popularity": 5166, "streamingEpisodes": [], "coverImage": {"large": "https://s3.anilist.co/media/anime/cover/medium/3229.jpg", "medium": "https://s3.anilist.co/media/anime/cover/small/3229.jpg"}, "bannerImage": null, "isAdult": false, "format": "TV"}, {"id": 3230, "title": {"romaji": "Druaga no Tou: The Aegis of Uruk", "english": "Tower of Druaga: The Aegis of Uruk"}, "type": "ANIME", "status": "FINISHED", "description": "It is said that every few years, there is what's known as the \"Summer of Anu.\"  During that summer, thanks to the divine protection of the sky-god Anu, all of the demons in the tower lose their power.  The country of Uruk has begun an invasion of the tower in order to suppress the demons.  They've built up positions inside the tower, with their sights set on getting to the upper levels.  The Uruk army knows that this is the third Summer of Anu-a perfect time to launch a mission to suppress the monster Druaga once and for all.  The army soldiers aren't the only ones in the tower, though.  An enitre city called Meskia has formed inside the tower's first floor.  It plays host not just to soldiers, but also to adventurers who have heard rumors about a legendary treasure called the Blue Crystal Rod, which is said to rest at the very top of the tower.  With all these different groups in the mix, each with its own agenda, one can only guess how things will play out during this unusual summer.<br><br>\n(Source:  Newtype Magazine)", "startDate": {"year": 2008, "month": 4, "day": 5}, "endDate": {"year": 2008, "month": 6, "day": 21}, "season": "SPRING", "episodes": 12, "duration": 25, "genres": ["Adventure", "Comedy", "Fantasy"], "averageScore": 68, "trending": 0, "popularity": 5417, "streamingEpisodes": [{"title": "The Tower of DRUAGA -the Aegis of URUK- Trailer", "url": "http://www.crunchyroll.com/the-tower-of-druaga-the-aegis-of-uruk-/the-tower-of-druaga-the-aegis-of-uruk-the-tower-of-druaga-the-aegis-of-uruk-trailer-305652"}, {"title": "Episode 1 - The Great Tower of Druaga", "url": "http://www.crunchyroll.com/the-tower-of-druaga-the-aegis-of-uruk-/episode-1-the-great-tower-of-druaga-317861"}, {"title": "Episode 2 - Meskia, the City in the Tower", "url": "http://www.crunchyroll.com/the-tower-of-druaga-the-aegis-of-uruk-/episode-2-meskia-the-city-in-the-tower-322967"}, {"title": "Episode 3 - Before Departure", "url": "http://www.crunchyroll.com/the-tower-of-druaga-the-aegis-of-uruk-/episode-3-before-departure-328854"}, {"title": "Episode 4 - Band of the Hand", "url": "http://www.crunchyroll.com/the-tower-of-druaga-the-aegis-of-uruk-/episode-4-band-of-the-hand-334349"}, {"title": "Episode 5 - Ziusudra's Trap", "url": "http://www.crunchyroll.com/the-tower-of-druaga-the-aegis-of-uruk-/episode-5-ziusudras-trap-339842"}, {"title": "Episode 6 - Bridge of Lightning", "url": "http://www.crunchyroll.com/the-tower-of-druaga-the-aegis-of-uruk-/episode-6-bridge-of-lightning-345718"}, {"title": "Episode 7 - Dance with the One-Winged Dragon!", "url": "http://www.crunchyroll.com/the-tower-of-druaga-the-aegis-of-uruk-/episode-7-dance-with-the-one-winged-dragon-349684"}, {"title": "Episode 8 - Tower of Legend", "url": "http://www.crunchyroll.com/the-tower-of-druaga-the-aegis-of-uruk-/episode-8-tower-of-legend-352564"}, {"title": "Episode 9 - Eleven Nines", "url": "http://www.crunchyroll.com/the-tower-of-druaga-the-aegis-of-uruk-/episode-9-eleven-nines-358370"}, {"title": "Episode 10 - Summer\u2019s End", "url": "http://www.crunchyroll.com/the-tower-of-druaga-the-aegis-of-uruk-/episode-10-summers-end-365570"}, {"title": "Episode 11 - One Solitary Shield", "url": "http://www.crunchyroll.com/the-tower-of-druaga-the-aegis-of-uruk-/episode-11-one-solitary-shield-371850"}, {"title": "Episode 12 - Tower of Druaga FINALE", "url": "http://www.crunchyroll.com/the-tower-of-druaga-the-aegis-of-uruk-/episode-12-tower-of-druaga-finale-377574"}], "coverImage": {"large": "https://s3.anilist.co/media/anime/cover/medium/3230.jpg", "medium": "https://s3.anilist.co/media/anime/cover/small/3230.jpg"}, "bannerImage": null, "isAdult": false, "format": "TV"}, {"id": 3231, "title": {"romaji": "Gunslinger Girl: Il Teatrino", "english": null}, "type": "ANIME", "status": "FINISHED", "description": "When the Social Welfare Agency investigates the disappearance of an operative, their inquiry leads them right into the lair of their rival, the Five Republics. The assassin Triela infiltrates the hostile organization, but her search is cut short when she finds herself staring down the barrel of a gun...<br><br>\n(Source: ANN)", "startDate": {"year": 2008, "month": 1, "day": 7}, "endDate": {"year": 2008, "month": 4, "day": 1}, "season": "WINTER", "episodes": 13, "duration": 25, "genres": ["Action", "Drama", "Sci-Fi"], "averageScore": 67, "trending": 0, "popularity": 3112, "streamingEpisodes": [], "coverImage": {"large": "https://s3.anilist.co/media/anime/cover/medium/3231.jpg", "medium": "https://s3.anilist.co/media/anime/cover/small/3231.jpg"}, "bannerImage": null, "isAdult": false, "format": "TV"}]}}}