{"data": {"Page": {"pageInfo": {"total": 12297, "hasNextPage": true}, "media": [{"id": 4458, "title": {"romaji": "Bavel no Hon", "english": "Bavel's Book"}, "type": "ANIME", "status": "FINISHED", "description": "A boy and his young sister were curious about the book someone had left on a bench, and they opened the book. Then the small Tower of Bavel was completed on a page. Looking into the tower, they found an old man sitting and reading a book, surrounded by innumerable books. As the man turned pages, mythical animals appeared and disappeared.<br><br>\n(Source: yamamura-animation.jp)", "startDate": {"year": 1996, "month": 10, "day": 14}, "endDate": {"year": 1996, "month": 10, "day": 14}, "season": "FALL", "episodes": 1, "duration": 5, "genres": [], "averageScore": 50, "trending": 0, "popularity": 282, "streamingEpisodes": [], "coverImage": {"large": "https://s3.anilist.co/media/anime/cover/medium/4458.jpg", "medium": "https://s3.anilist.co/media/anime/cover/small/4458.jpg"}, "bannerImage": null, "isAdult": false, "format": "SPECIAL"}, {"id": 4459, "title": {"romaji": "Ojarumaru", "english": "Prince Mackaroo"}, "type": "ANIME", "status": "RELEASING", "description": "In the Heian era, around 1000 years ago, a young boy of noble family named Ojarumaru is bored with his life of privilege. Meanwhile, three demons steal the power-stick of Enma, king of demons, and then lose it. Ojarumaru finds it, and uses it to transport himself to the present time. Here, he is befriended by a young boy named Kazuma, and becomes a member of his family. As time goes on, Ojarumaru makes many new friends, while dodging the comedic efforts of the three demons, Akane, Kisuke, and Aobee, as they try to recover the stick. (from ANN)", "startDate": {"year": 1998, "month": 10, "day": 5}, "endDate": {"year": null, "month": null, "day": null}, "season": "FALL", "episodes": null, "duration": 10, "genres": ["Adventure", "Comedy", "Fantasy"], "averageScore": null, "trending": 0, "popularity": 65, "streamingEpisodes": [], "coverImage": {"large": "https://s3.anilist.co/media/anime/cover/medium/4459.jpg", "medium": "https://s3.anilist.co/media/anime/cover/small/4459.jpg"}, "bannerImage": null, "isAdult": false, "format": "TV_SHORT"}, {"id": 4460, "title": {"romaji": "Kikumana", "english": null}, "type": "ANIME", "status": "FINISHED", "description": "This work \"Kikumana\" is an animation of a girl called Kikumana who acts like in a stage performance, the role defeated by such an ill circumstance though she tries to find herself. The primal aim is to get the audience feeling a strange atmosphere spread from this work. The image has a pictorial atmosphere and a documentary touch at the same time. Unrealistic phenomena take place there.<br><br>\n(Source: AniDB)", "startDate": {"year": 2001, "month": 7, "day": 14}, "endDate": {"year": 2001, "month": 7, "day": 14}, "season": "SUMMER", "episodes": 1, "duration": 6, "genres": ["Psychological"], "averageScore": 52, "trending": 0, "popularity": 766, "streamingEpisodes": [], "coverImage": {"large": "https://s3.anilist.co/media/anime/cover/medium/4460-dJTy6ocwVP1o.jpg", "medium": "https://s3.anilist.co/media/anime/cover/small/4460-dJTy6ocwVP1o.jpg"}, "bannerImage": null, "isAdult": false, "format": "ONA"}, {"id": 4461, "title": {"romaji": "Man & Whale", "english": null}, "type": "ANIME", "status": "FINISHED", "description": "A seaside school. In the corridor stands the principal, beloved of the high-spirited youngsters. Gazing at a picture of a whale drawn as a child, the head teacher is swept away with sentiment into a flashback from the past. Just then, on the ocean horizon... <br><br>\n(Source: Official site)", "startDate": {"year": 2007, "month": null, "day": null}, "endDate": {"year": 2007, "month": null, "day": null}, "season": null, "episodes": 1, "duration": 2, "genres": ["Drama"], "averageScore": 52, "trending": 0, "popularity": 232, "streamingEpisodes": [], "coverImage": {"large": "https://s3.anilist.co/media/anime/cover/medium/4461.jpg", "medium": "https://s3.anilist.co/media/anime/cover/small/4461.jpg"}, "bannerImage": null, "isAdult": false, "format": "MOVIE"}, {"id": 4462, "title": {"romaji": "Tairiki Tarou no Mucha Shuugyou", "english": null}, "type": "ANIME", "status": "FINISHED", "description": "Short film from 1928 about a samurai fighting demons. ", "startDate": {"year": 1928, "month": null, "day": null}, "endDate": {"year": 1928, "month": null, "day": null}, "season": null, "episodes": 1, "duration": 2, "genres": ["Action"], "averageScore": 39, "trending": 0, "popularity": 208, "streamingEpisodes": [], "coverImage": {"large": "https://s3.anilist.co/media/anime/cover/medium/4462.jpg", "medium": "https://s3.anilist.co/media/anime/cover/small/4462.jpg"}, "bannerImage": null, "isAdult": false, "format": "MOVIE"}, {"id": 4463, "title": {"romaji": "Custom Reido", "english": "Custom Slave"}, "type": "ANIME", "status": "FINISHED", "description": "Based on the game by Kiss.<br><br>\nArisugawa Academy. An all-girl school well known for its high standards with the upper class. However, there is a dark side to this educational facility. The Chairman of the academy, Takahashi Hiroaki, is actually a member of a secret organization whose prime objective is to cater to the sexual desires of government officials. Mutsuki Sayoko has fallen into the hands of this sinister being, who leads her to the path of libido. A high-class, well-behaved student or a horny, wicked sex slave... which is the true her?<br><br>\n(Source: AniDB)", "startDate": {"year": 2001, "month": 5, "day": 25}, "endDate": {"year": 2001, "month": 5, "day": 25}, "season": "SPRING", "episodes": 1, "duration": 30, "genres": ["Hentai"], "averageScore": null, "trending": 0, "popularity": 97, "streamingEpisodes": [], "coverImage": {"large": "https://s3.anilist.co/media/anime/cover/medium/4463.jpg", "medium": "https://s3.anilist.co/media/anime/cover/small/4463.jpg"}, "bannerImage": null, "isAdult": true, "format": "OVA"}, {"id": 4467, "title": {"romaji": "Universe", "english": "Universe"}, "type": "ANIME", "status": "FINISHED", "description": "Under the night sky feebly illuminated by innumerable twinkling stars, a little girl wanders alone through a magic world between darkness and dawan, that is not today and not tomorrow, inhabited by 6 billion solitudes. What will she encounter in this solitary night journey?<br><br>\nMusic video for Maaya Sakamoto's song Universe, created by Production I.G.", "startDate": {"year": 2007, "month": null, "day": null}, "endDate": {"year": 2007, "month": null, "day": null}, "season": null, "episodes": 1, "duration": 4, "genres": ["Fantasy", "Music"], "averageScore": 57, "trending": 0, "popularity": 228, "streamingEpisodes": [], "coverImage": {"large": "https://s3.anilist.co/media/anime/cover/medium/4467.jpg", "medium": "https://s3.anilist.co/media/anime/cover/small/4467.jpg"}, "bannerImage": null, "isAdult": false, "format": "MUSIC"}, {"id": 4468, "title": {"romaji": "Nagagutsu wo Haita Neko no Boken", "english": null}, "type": "ANIME", "status": "FINISHED", "description": "Anime adaptation of Charles Perrault fairy tale, directed by Susumu Ishizaki.", "startDate": {"year": 1992, "month": 4, "day": 1}, "endDate": {"year": 1992, "month": 9, "day": 23}, "season": "SPRING", "episodes": 26, "duration": 20, "genres": ["Adventure", "Fantasy"], "averageScore": null, "trending": 0, "popularity": 44, "streamingEpisodes": [], "coverImage": {"large": "https://s3.anilist.co/media/anime/cover/medium/4468.jpg", "medium": "https://s3.anilist.co/media/anime/cover/small/4468.jpg"}, "bannerImage": null, "isAdult": false, "format": "TV"}, {"id": 4469, "title": {"romaji": ".hack//G.U. Trilogy: Parody Mode", "english": null}, "type": "ANIME", "status": "FINISHED", "description": "A special bonus Parody Mode added to the extras of the .hack//G.U. Trilogy <br><br>\n(Source: AniDB)", "startDate": {"year": 2008, "month": 3, "day": 25}, "endDate": {"year": 2008, "month": 3, "day": 25}, "season": "SPRING", "episodes": 1, "duration": 6, "genres": ["Comedy", "Fantasy", "Sci-Fi"], "averageScore": 58, "trending": 0, "popularity": 683, "streamingEpisodes": [], "coverImage": {"large": "https://s3.anilist.co/media/anime/cover/medium/4469.jpg", "medium": "https://s3.anilist.co/media/anime/cover/small/4469.jpg"}, "bannerImage": null, "isAdult": false, "format": "SPECIAL"}, {"id": 4470, "title": {"romaji": "Gene Diver", "english": "Gene Diver"}, "type": "ANIME", "status": "FINISHED", "description": "Virtual Station is a laboratory with the purpose of gathering and researching DNA. With the information gained through combining old DNA elements, the ancient world was virtually reconstructed. Yui is one of the Gene Divers. She enters the virtual ancient world to collect the DNA of animals that are extinct in reality.<br><br>\nBut then an incident happens. Yui tries to leave the virtual world during a maintenance cycle, but instead of being returned to reality she is transferred to a new virtual present. In this new world, generated by the now uncontrollable system, an intelligent species evolved from rodents, called puglaistig exists. They consider the existence of humankind a serious threat and try to stop human evolution by all means.<br><br>\n(Source: Kaninona.org)", "startDate": {"year": 1994, "month": 4, "day": 4}, "endDate": {"year": 1995, "month": 1, "day": 24}, "season": "SPRING", "episodes": 56, "duration": 20, "genres": ["Action", "Adventure"], "averageScore": null, "trending": 0, "popularity": 38, "streamingEpisodes": [], "coverImage": {"large": "https://s3.anilist.co/media/anime/cover/medium/4470.jpg", "medium": "https://s3.anilist.co/media/anime/cover/small/4470.jpg"}, "bannerImage": null, "isAdult": false, "format": "TV"}, {"id": 4471, "title": {"romaji": "Shin SOS Dai Tokyo Tankentai", "english": null}, "type": "ANIME", "status": "FINISHED", "description": "\"While packing for a move, elementary school student Ryuhei finds his father's old school notebook detailing a search for a treasure in Tokyo's vast network of underground passages. With his little brother tagging along, he and three friends from an online chat room gather and set out on a quest to find the treasure. What they discover instead is an entire underground community composed of assorted eccentrics, including a senile old soldier still performing a World War II-era mission.\" <br><br>\n(Source: ANN)", "startDate": {"year": 2007, "month": 5, "day": 19}, "endDate": {"year": 2007, "month": 5, "day": 19}, "season": "SPRING", "episodes": 1, "duration": 40, "genres": ["Adventure"], "averageScore": null, "trending": 0, "popularity": 129, "streamingEpisodes": [], "coverImage": {"large": "https://s3.anilist.co/media/anime/cover/medium/4471.jpg", "medium": "https://s3.anilist.co/media/anime/cover/small/4471.jpg"}, "bannerImage": null, "isAdult": false, "format": "MOVIE"}, {"id": 4472, "title": {"romaji": "Lucky\u2606Star OVA", "english": null}, "type": "ANIME", "status": "FINISHED", "description": "The OVA features six separate stories revolving around the cast, some of which border on the bizarre; one of which is an MMORPG environment being played by Konata, Kagami, Tsukasa, and Nanako Kuroi, and another in which Kagami has a \"suggestive\" dream about Konata. <br><br>\n(Source: Wikipedia) ", "startDate": {"year": 2008, "month": 9, "day": 25}, "endDate": {"year": 2008, "month": 9, "day": 25}, "season": "FALL", "episodes": 1, "duration": 42, "genres": ["Comedy", "Slice of Life"], "averageScore": 75, "trending": 0, "popularity": 7820, "streamingEpisodes": [], "coverImage": {"large": "https://s3.anilist.co/media/anime/cover/medium/4472.jpg", "medium": "https://s3.anilist.co/media/anime/cover/small/4472.jpg"}, "bannerImage": "https://s3.anilist.co/media/anime/banner/4472-iC1646gsIJtT.jpg", "isAdult": false, "format": "OVA"}, {"id": 4473, "title": {"romaji": "Shoujo Sect", "english": "Shoujo Sect"}, "type": "ANIME", "status": "FINISHED", "description": "Shinobu Honda and Momoko Naitou know each other since childhood. Shinobu fell in love with Momoko from the first day they met. Now in high school, Momoko has forgotten about the past, but Shinobu hasn't. Both follow their own ways but Shinobu still hopes for Momoko to remember their promise from long ago.<br><br>\n(Source: ANN)", "startDate": {"year": 2008, "month": 7, "day": 25}, "endDate": {"year": 2008, "month": 11, "day": 25}, "season": "SUMMER", "episodes": 3, "duration": 25, "genres": ["Comedy", "Hentai", "Romance"], "averageScore": 63, "trending": 0, "popularity": 1426, "streamingEpisodes": [], "coverImage": {"large": "https://s3.anilist.co/media/anime/cover/medium/4473.jpg", "medium": "https://s3.anilist.co/media/anime/cover/small/4473.jpg"}, "bannerImage": null, "isAdult": true, "format": "OVA"}, {"id": 4475, "title": {"romaji": "Toshi wo totta Wani", "english": "The Old Crocodile"}, "type": "ANIME", "status": "FINISHED", "description": "A very old crocodile, so old that he had witnessed the building of the pyramids, was suffering from rheumatism, and no longer able to catch his food. In desperation, he decided to eat his great grand son. Although his thousands of years of longevity entitled him to much respect, the family decided he would have to be put down. <br><br>\nUnable to bear the disrespect of his family, the old crocodile said goodbye to the Nile. One day the old crocodile met an octopus. The octopus treated her new friend to a variety of fish that she caught just for him. When the night fell, he couldn&rsquo;t restrain himself from eating one of the octopus&rsquo;s legs. Since then, the old crocodile began to help himself to the octopus&rsquo; leg every night&hellip;<br><br>\n(Source: AniDB)", "startDate": {"year": 2005, "month": 3, "day": 25}, "endDate": {"year": 2005, "month": 3, "day": 25}, "season": "SPRING", "episodes": 1, "duration": 13, "genres": ["Drama"], "averageScore": 57, "trending": 0, "popularity": 307, "streamingEpisodes": [], "coverImage": {"large": "https://s3.anilist.co/media/anime/cover/medium/4475.jpg", "medium": "https://s3.anilist.co/media/anime/cover/small/4475.jpg"}, "bannerImage": "https://s3.anilist.co/media/anime/banner/4475-cLiF8vGWVir9.jpg", "isAdult": false, "format": "MOVIE"}, {"id": 4476, "title": {"romaji": "Saiyuki Interactive OVA", "english": "Saiyuki Interactive"}, "type": "ANIME", "status": "FINISHED", "description": "A mysterious light falls from the Heavens. It's the Pearl Jade. It can grant any wish. Dr. Ni tells Gyokumen Koushu about it. Lirin overhears and tells Kougaiji. Then Kanzeon Bosatsu (The Merciful Goddess) requests \"orders\" Sanzo and company to go and find and seal it before it falls into the wrong hands. <br><br>\n(Source: ANN)", "startDate": {"year": 2002, "month": 9, "day": 19}, "endDate": {"year": 2002, "month": 9, "day": 19}, "season": "FALL", "episodes": 1, "duration": 46, "genres": ["Adventure", "Fantasy"], "averageScore": 53, "trending": 0, "popularity": 236, "streamingEpisodes": [], "coverImage": {"large": "https://s3.anilist.co/media/anime/cover/medium/4476.jpg", "medium": "https://s3.anilist.co/media/anime/cover/small/4476.jpg"}, "bannerImage": null, "isAdult": false, "format": "OVA"}, {"id": 4477, "title": {"romaji": "Nodame Cantabile Paris Hen", "english": null}, "type": "ANIME", "status": "FINISHED", "description": "Having been given the opportunity to study in Paris, Noda accompanies Chiaki to Europe as he strives to become the accomplished conductor he always dreamt to be.<br><br>\n(Source: ANN)", "startDate": {"year": 2008, "month": 10, "day": 10}, "endDate": {"year": 2008, "month": 12, "day": 19}, "season": "FALL", "episodes": 11, "duration": 23, "genres": ["Comedy", "Music", "Romance", "Slice of Life"], "averageScore": 79, "trending": 0, "popularity": 5954, "streamingEpisodes": [], "coverImage": {"large": "https://s3.anilist.co/media/anime/cover/medium/4477.jpg", "medium": "https://s3.anilist.co/media/anime/cover/small/4477.jpg"}, "bannerImage": null, "isAdult": false, "format": "TV"}, {"id": 4479, "title": {"romaji": "Shitsurakuen", "english": "Sinners Paradise"}, "type": "ANIME", "status": "FINISHED", "description": "Longtime friends Erika and Akino have a difficult road ahead of them. One minute, they're basking in the warm summer air, and the next, they're sucked into a strange dimension. There, an army of mysterious soldiers declare that the two women are allies of an enemy nation and put them through all manner of perverse torture. But even if they could escape their captors, where could they run when they don't even know where they are? <br><br>\n(Source: Mania.com) ", "startDate": {"year": 2008, "month": 2, "day": 8}, "endDate": {"year": 2008, "month": 5, "day": 9}, "season": "WINTER", "episodes": 2, "duration": 30, "genres": ["Hentai"], "averageScore": null, "trending": 0, "popularity": 87, "streamingEpisodes": [], "coverImage": {"large": "https://s3.anilist.co/media/anime/cover/medium/4479.jpg", "medium": "https://s3.anilist.co/media/anime/cover/small/4479.jpg"}, "bannerImage": null, "isAdult": true, "format": "OVA"}, {"id": 4480, "title": {"romaji": "Ryoujoku Guerrilla Kari 3", "english": null}, "type": "ANIME", "status": "FINISHED", "description": "There is a spaceship called Victoire. It keeps winning and never loses. The ship is controlled by young and beautiful women, and their victory always boosts the morale of the team. But the ship and its secrets are sold to the enemy after the war, and the women are confined in prison. They have nothing to protect themselves...   <br><br>\n(Source: AniDB)", "startDate": {"year": 2008, "month": 2, "day": 29}, "endDate": {"year": 2008, "month": 4, "day": 25}, "season": "WINTER", "episodes": 2, "duration": 30, "genres": ["Hentai"], "averageScore": null, "trending": 0, "popularity": 107, "streamingEpisodes": [], "coverImage": {"large": "https://s3.anilist.co/media/anime/cover/medium/4480.jpg", "medium": "https://s3.anilist.co/media/anime/cover/small/4480.jpg"}, "bannerImage": null, "isAdult": true, "format": "OVA"}, {"id": 4481, "title": {"romaji": "Saiyuuki", "english": null}, "type": "ANIME", "status": "FINISHED", "description": "Alakazam is a young and brave monkey who convinces all the other monkeys to make him their king. After attaining the throne and learning magic, he becomes so vain that he goes to heaven to challenge the gods. He is defeated by King Amo, and sentenced to serve as the bodyguard of Prince Amat in order to learn humility.", "startDate": {"year": 1960, "month": null, "day": null}, "endDate": {"year": 1960, "month": null, "day": null}, "season": null, "episodes": 1, "duration": 88, "genres": ["Adventure", "Fantasy"], "averageScore": 50, "trending": 0, "popularity": 199, "streamingEpisodes": [], "coverImage": {"large": "https://s3.anilist.co/media/anime/cover/medium/4481.jpg", "medium": "https://s3.anilist.co/media/anime/cover/small/4481.jpg"}, "bannerImage": null, "isAdult": false, "format": "MOVIE"}, {"id": 4483, "title": {"romaji": "Mahoutsukai ni Taisetsu na Koto: Natsu no Sora", "english": "Someday's Dreamers II Sora"}, "type": "ANIME", "status": "FINISHED", "description": "Get ready for a second magical journey to the world of Someday's Dreamers, where spellcasting is a profession that requires both the proper training AND a license. It's to get that license and fulfill a promise made to her late father that young Sora Suzuki has made the long journey from her distant home in the countryside town of Biei to the big city of Tokyo. It's a daunting challenge, but she's got a little bit of talent, a charming personality and, most important of all, the promise of an internship! What she ISN'T expecting, though, is how different life in the city will be, especially the people themselves. While she gets along with the confident Asagi, Kuroda and the gentle Hiyori, she's completely confused with the mysterious boy Gouta. And yet, as a result of their internships they keep ending up in the same situations and slowly learning to understand more about each other than they ever imagined possible! <br><br>\n(Source: Sentai Filmworks) ", "startDate": {"year": 2008, "month": 7, "day": 3}, "endDate": {"year": 2008, "month": 9, "day": 25}, "season": "SUMMER", "episodes": 12, "duration": 23, "genres": ["Drama", "Slice of Life", "Romance"], "averageScore": 66, "trending": 0, "popularity": 1751, "streamingEpisodes": [], "coverImage": {"large": "https://s3.anilist.co/media/anime/cover/medium/4483.jpg", "medium": "https://s3.anilist.co/media/anime/cover/small/4483.jpg"}, "bannerImage": null, "isAdult": false, "format": "TV"}, {"id": 4484, "title": {"romaji": "Umi no Yami, Tsuki no Kage", "english": "Darkness of the Sea, Shadow of the Moon"}, "type": "ANIME", "status": "FINISHED", "description": "Lumi and Luka Kobayakawa are identical twins who both are members of the track team and have a crush on a handsome upperclassman Katsuyuki Tohma, but he chooses the latter. While Luka doesn't want to hurt Lumi's feelings, Lumi feels betrayed by her own sister. On their way to the party celebrating the graduation of eldest members of the team, they take shelter in a cave, which turns out to be a mass grave, and all members were killed by the strange smell from the cave, with Lumi and Luka only survivors. After the tragedy, Lumi has become a completely different person, and one day she literally emerges from the floor of Luka's room...<br>\n<br>\n(Source: ANN)", "startDate": {"year": 1989, "month": 10, "day": 14}, "endDate": {"year": 1989, "month": 10, "day": 14}, "season": "FALL", "episodes": 3, "duration": 30, "genres": ["Drama", "Horror", "Romance"], "averageScore": null, "trending": 0, "popularity": 82, "streamingEpisodes": [], "coverImage": {"large": "https://s3.anilist.co/media/anime/cover/medium/4484.jpg", "medium": "https://s3.anilist.co/media/anime/cover/small/4484.jpg"}, "bannerImage": null, "isAdult": false, "format": "OVA"}, {"id": 4485, "title": {"romaji": "Kasei Yakyoku", "english": "Nightsong of Splendor"}, "type": "ANIME", "status": "FINISHED", "description": "The story takes place in old Tokyo, the Tokyo of August-September 1923 (Showa 12). At this moment in time, the city is a mixture of extremes... past and present, rich and poor, good and bad. This is a city where we see both horsecarts and motorcars, swords and pistols, lords and businessmen.  A wealthy woman from an upper-class family finds herself attracted to a handsome young man, Taka. He and his younger brother seem to be allied, perhaps not entirely willingly, with some of the city's criminal underground (Yakuza). The lady's lovely young maidservant, Sara, meets him too, and a conflict ensues which can only lead to tragedy, passion, and dishonor. But, as events move on, and the days pass, the viewer sees a terrible date coming closer... that unforgettable day of September 1, 1923, at 11:58, when the Great Kanto Earthquake and tidal wave struck Tokyo, causing the death of almost 100,000 people, one of the greatest disasters in human history. (Source: The Technogirls)", "startDate": {"year": 1989, "month": 3, "day": 25}, "endDate": {"year": 1989, "month": 9, "day": 25}, "season": "SPRING", "episodes": 4, "duration": 30, "genres": ["Drama", "Romance"], "averageScore": null, "trending": 0, "popularity": 138, "streamingEpisodes": [], "coverImage": {"large": "https://s3.anilist.co/media/anime/cover/medium/4485.jpg", "medium": "https://s3.anilist.co/media/anime/cover/small/4485.jpg"}, "bannerImage": null, "isAdult": false, "format": "OVA"}, {"id": 4486, "title": {"romaji": "Getter Robo G", "english": "Getter Robo G"}, "type": "ANIME", "status": "FINISHED", "description": "Takes place after the final defeat of the Dinosaur Empire and the death of Musashi Tomoe in the original Getter Robo series.<br><br>\nDr. Saotome, creator of Getter Robo, fears that the peace the Getter Robo team has won will be short lived and that an even greater enemies would appear. Dr. Saotome's fears are justified when the militaristic Hyakki (or \"Hundred demons\") Empire appears, but Dr. Saotome is prepared with the creation of an even more powerful Getter Robo, Getter Robo G and a new Getter Robo base. Also with Musashi Tomoe dead, Dr. Saotome needs a third pilot which he finds in baseball player Benkei Kuruma.<br><br>\n(Source: Wikipedia)<br><br>", "startDate": {"year": 1975, "month": 5, "day": 15}, "endDate": {"year": 1976, "month": 3, "day": 25}, "season": "SPRING", "episodes": 39, "duration": 24, "genres": ["Mecha"], "averageScore": 49, "trending": 0, "popularity": 163, "streamingEpisodes": [], "coverImage": {"large": "https://s3.anilist.co/media/anime/cover/medium/4486.jpg", "medium": "https://s3.anilist.co/media/anime/cover/small/4486.jpg"}, "bannerImage": null, "isAdult": false, "format": "TV"}, {"id": 4487, "title": {"romaji": "Wind of Ebenbourg", "english": null}, "type": "ANIME", "status": "FINISHED", "description": "Claude was a poor scholar living in England, but is called back to become the Lord of Ronsard by a counselor known as Sophie. Claude's life begins anew with the fate of the city in his hands. But the exiled former lord Eric wants his power back and plans to assassinate Claude. At his new home, Claude meets the lovely maid of the mansion, Mylene. <br><br>\n(Source: ANN) ", "startDate": {"year": 2003, "month": 7, "day": 25}, "endDate": {"year": 2003, "month": 9, "day": 26}, "season": "SUMMER", "episodes": 2, "duration": 29, "genres": ["Hentai"], "averageScore": null, "trending": 0, "popularity": 86, "streamingEpisodes": [], "coverImage": {"large": "https://s3.anilist.co/media/anime/cover/medium/4487.jpg", "medium": "https://s3.anilist.co/media/anime/cover/small/4487.jpg"}, "bannerImage": null, "isAdult": true, "format": "OVA"}, {"id": 4488, "title": {"romaji": "Keraku no Ou", "english": "King of Pleasure"}, "type": "ANIME", "status": "FINISHED", "description": "No friends, daily beatings by bullies &amp; even his parents have given up on Ryouichi. However, his life changes one day when a new girl transfers to his class. Chihiro is an old childhood friend, and she remembers Ryouichi. She is unaware that he has suffered brain damage from an injury he sustained while they were playing together as children. Riddled with guilt, she offers to do anything for him. Taking advantage of the situation, Ryouichi demands sex from her. Her conscience does not allow Chihiro to back out, and she agrees. Ryouichi quickly learns that he is infallible in bed, and vows to make every woman who has wronged him his sexual slave! (Source: hkdvdstore.net)", "startDate": {"year": 2002, "month": 7, "day": 18}, "endDate": {"year": 2002, "month": 12, "day": 18}, "season": "SUMMER", "episodes": 3, "duration": 29, "genres": ["Hentai"], "averageScore": null, "trending": 0, "popularity": 81, "streamingEpisodes": [], "coverImage": {"large": "https://s3.anilist.co/media/anime/cover/medium/4488.jpg", "medium": "https://s3.anilist.co/media/anime/cover/small/4488.jpg"}, "bannerImage": null, "isAdult": true, "format": "OVA"}, {"id": 4489, "title": {"romaji": "Septem Charm Magical Kanan: SP Summer Camp", "english": null}, "type": "ANIME", "status": "FINISHED", "description": "Chihaya &amp; friends come to the beach for summer camp. There they meet their classmate Nami Minami. She likes Natsuki, but doesn't have the courage to talk to him. As the darkness inside Nami grows, she finds an old mansion where the \"Netherworld Tree\" awaits her. It was the start of the incident that would rock the boat?<br><br>\n(Source: AnimeDB)", "startDate": {"year": 2002, "month": 8, "day": 25}, "endDate": {"year": 2003, "month": 2, "day": 25}, "season": "SUMMER", "episodes": 2, "duration": 30, "genres": ["Hentai"], "averageScore": null, "trending": 0, "popularity": 102, "streamingEpisodes": [], "coverImage": {"large": "https://s3.anilist.co/media/anime/cover/medium/4489.jpg", "medium": "https://s3.anilist.co/media/anime/cover/small/4489.jpg"}, "bannerImage": null, "isAdult": true, "format": "SPECIAL"}, {"id": 4490, "title": {"romaji": "Soap no Moko-Chan", "english": "My Fair Masseuse"}, "type": "ANIME", "status": "FINISHED", "description": "Moko is a masseuse who gives her male clients a special massage, guaranteed to help them release stress. Of all the women in her profession, Miko is one of the most popular. Her secret is simple, it's just that she enjoys pleasing men so much, that she loves the massages just as much as her clients do.<br><br>\n(Source: AniDB)", "startDate": {"year": 1996, "month": 6, "day": 21}, "endDate": {"year": 1996, "month": 6, "day": 21}, "season": "SUMMER", "episodes": 1, "duration": 40, "genres": ["Hentai"], "averageScore": null, "trending": 0, "popularity": 78, "streamingEpisodes": [], "coverImage": {"large": "https://s3.anilist.co/media/anime/cover/medium/4490.jpg", "medium": "https://s3.anilist.co/media/anime/cover/small/4490.jpg"}, "bannerImage": null, "isAdult": true, "format": "OVA"}, {"id": 4491, "title": {"romaji": "Choisuji", "english": null}, "type": "ANIME", "status": "FINISHED", "description": "Two stories, one about a little and innocent girl thats being lectured by her teacher but with a \"hand-pet\" since she gives more attention to what it says than to the teacher itself, so the teacher decides to get advantage of that point and introduce the little girl to adult matters. And the second about two friends that attend to a doctor to get some examinations but in order to give a test they must also get introduced into adult love.", "startDate": {"year": 2007, "month": 6, "day": 22}, "endDate": {"year": 2007, "month": 6, "day": 22}, "season": "SUMMER", "episodes": 2, "duration": 30, "genres": ["Hentai"], "averageScore": 53, "trending": 0, "popularity": 406, "streamingEpisodes": [], "coverImage": {"large": "https://s3.anilist.co/media/anime/cover/medium/4491.jpg", "medium": "https://s3.anilist.co/media/anime/cover/small/4491.jpg"}, "bannerImage": null, "isAdult": true, "format": "OVA"}, {"id": 4492, "title": {"romaji": "Seisen Gakuin", "english": "Holy Sleazy School"}, "type": "ANIME", "status": "FINISHED", "description": "At a school in Japan, a glowing phallus-shaped artifact possesses magical powers that turn innocent girls into raging sex maniacs. When a teacher is seduced by a student, he soon finds himself endowed with a power that the girls cannot resist...<br><br>\n(Source: AniDB)", "startDate": {"year": 2007, "month": 6, "day": 25}, "endDate": {"year": 2007, "month": 6, "day": 25}, "season": "SUMMER", "episodes": 1, "duration": 18, "genres": ["Hentai"], "averageScore": 45, "trending": 0, "popularity": 151, "streamingEpisodes": [], "coverImage": {"large": "https://s3.anilist.co/media/anime/cover/medium/4492.jpg", "medium": "https://s3.anilist.co/media/anime/cover/small/4492.jpg"}, "bannerImage": null, "isAdult": true, "format": "OVA"}, {"id": 4493, "title": {"romaji": "Super Sexy Android", "english": null}, "type": "ANIME", "status": "FINISHED", "description": "Kenichi, a down on his luck salaryman runs into a beautiful (and naked) woman on his walk home from work and invites her to his home. To Kenichi's great surprise, not only does the woman accept, but she just so happens to be an escaped espionage android named Pinky. With one fateful kiss Pinky's priorities change to pleasing Kenichi in any way possible. (from ANN) ", "startDate": {"year": 2001, "month": 6, "day": 15}, "endDate": {"year": 2001, "month": 6, "day": 15}, "season": "SUMMER", "episodes": 1, "duration": 25, "genres": ["Hentai", "Sci-Fi"], "averageScore": 48, "trending": 0, "popularity": 142, "streamingEpisodes": [], "coverImage": {"large": "https://s3.anilist.co/media/anime/cover/medium/4493.jpg", "medium": "https://s3.anilist.co/media/anime/cover/small/4493.jpg"}, "bannerImage": null, "isAdult": true, "format": "OVA"}, {"id": 4494, "title": {"romaji": "Enyoku", "english": null}, "type": "ANIME", "status": "FINISHED", "description": "Awashika Mizuho, a English teacher, strongly desired to have a relationship with Kusumoto Naria, who was a student of her's. She had an intense desire that was beginning to take hold of her every thought.  One day, Mizuho finally began to take action on her feelings and seduced Naria in her office.  That action set her on a prohibited course that would take both Mizuho and Naria to the heights of pleasure. But Mizuho has one obstacle in her way, Yukiha, a girl from her school that may have similar feelings for Naria. What happens from here as pent up lust comes to the surface?", "startDate": {"year": 2007, "month": 4, "day": 25}, "endDate": {"year": 2007, "month": 4, "day": 25}, "season": "SPRING", "episodes": 1, "duration": 30, "genres": ["Hentai"], "averageScore": 51, "trending": 0, "popularity": 189, "streamingEpisodes": [], "coverImage": {"large": "https://s3.anilist.co/media/anime/cover/medium/4494.jpg", "medium": "https://s3.anilist.co/media/anime/cover/small/4494.jpg"}, "bannerImage": null, "isAdult": true, "format": "OVA"}, {"id": 4495, "title": {"romaji": "Hyakkiyakou: Warashi", "english": null}, "type": "ANIME", "status": "FINISHED", "description": "Based on the manga by Ajisu Abeba (&#12354;&#12376;&#12377;&#12354;&#12409;&#12400;).", "startDate": {"year": 2000, "month": 10, "day": 25}, "endDate": {"year": 2000, "month": 10, "day": 25}, "season": "FALL", "episodes": 1, "duration": 30, "genres": ["Hentai"], "averageScore": null, "trending": 0, "popularity": 44, "streamingEpisodes": [], "coverImage": {"large": "https://s3.anilist.co/media/anime/cover/medium/4495.jpg", "medium": "https://s3.anilist.co/media/anime/cover/small/4495.jpg"}, "bannerImage": null, "isAdult": true, "format": "OVA"}, {"id": 4496, "title": {"romaji": "Zero Sum Game", "english": "Zero Sum Game"}, "type": "ANIME", "status": "FINISHED", "description": "Yuuka's boyfriend/husband has a brother in the band \"Zero Sum\" as the lead singer. After a request, she and her husband Yazaki got tickets to go backstage at a concert. However afterwards, all the band members, except Keith the leader, kidnapped her and raped her on the roof top all as a scheme by Keith who is madly in love with his brother. Now she can't forget nor can she get away. (Source: ANN) ", "startDate": {"year": 2001, "month": 10, "day": 25}, "endDate": {"year": 2001, "month": 10, "day": 25}, "season": "FALL", "episodes": 1, "duration": 30, "genres": ["Hentai"], "averageScore": null, "trending": 0, "popularity": 107, "streamingEpisodes": [], "coverImage": {"large": "https://s3.anilist.co/media/anime/cover/medium/4496.jpg", "medium": "https://s3.anilist.co/media/anime/cover/small/4496.jpg"}, "bannerImage": null, "isAdult": true, "format": "OVA"}, {"id": 4497, "title": {"romaji": "Kijutsushi x Majutsushi: Osaka Tanteibu no Jikenbo", "english": null}, "type": "ANIME", "status": "FINISHED", "description": null, "startDate": {"year": 2002, "month": 4, "day": 26}, "endDate": {"year": 2002, "month": 4, "day": 26}, "season": "SPRING", "episodes": 1, "duration": 27, "genres": ["Hentai"], "averageScore": null, "trending": 0, "popularity": 53, "streamingEpisodes": [], "coverImage": {"large": "https://s3.anilist.co/media/anime/cover/medium/4497.jpg", "medium": "https://s3.anilist.co/media/anime/cover/small/4497.jpg"}, "bannerImage": null, "isAdult": true, "format": "OVA"}, {"id": 4498, "title": {"romaji": "Ikenie", "english": null}, "type": "ANIME", "status": "FINISHED", "description": "Adolpho has his heart set on a life of service to God, that is untill he met the engaged village girl Michaella. After that innocent encounter, Adolpho starts getting midnight visits from a hedonistic devil that appeears startlingly like Michaella. Confused, Adolpho decides to confront Michaella with his new feelings, which can lead to dire consequences for both.<br><br>\n(Source: ANN)", "startDate": {"year": 1999, "month": 4, "day": 30}, "endDate": {"year": 1999, "month": 4, "day": 30}, "season": "SPRING", "episodes": 1, "duration": 30, "genres": ["Hentai"], "averageScore": null, "trending": 0, "popularity": 78, "streamingEpisodes": [], "coverImage": {"large": "https://s3.anilist.co/media/anime/cover/medium/4498.jpg", "medium": "https://s3.anilist.co/media/anime/cover/small/4498.jpg"}, "bannerImage": null, "isAdult": true, "format": "OVA"}, {"id": 4502, "title": {"romaji": "Stringendo+Accelerando Ultimatum Sera", "english": null}, "type": "ANIME", "status": "FINISHED", "description": "School is a place for learning and gaining knowledge for the sake of the future but very few know of what happens between couples/students behind the scenes which could be considered learning but in a more intimate way.<br><br>\n(Source: ANN)", "startDate": {"year": 2008, "month": 5, "day": 23}, "endDate": {"year": 2008, "month": 10, "day": 31}, "season": "SPRING", "episodes": 3, "duration": 30, "genres": ["Hentai"], "averageScore": 64, "trending": 0, "popularity": 666, "streamingEpisodes": [], "coverImage": {"large": "https://s3.anilist.co/media/anime/cover/medium/nx4502-tw4TqUMjOkSg.jpg", "medium": "https://s3.anilist.co/media/anime/cover/small/nx4502-tw4TqUMjOkSg.jpg"}, "bannerImage": null, "isAdult": true, "format": "OVA"}, {"id": 4503, "title": {"romaji": "Choujikuu Kidan Southern Cross", "english": "Robotech Masters"}, "type": "ANIME", "status": "FINISHED", "description": "By the year 2120, humans have successfully colonized other planets following the near devestation of Earth from the last great world war. However, on Gloire, one such colony are surprised and unprepared at the arrival of The Zor, a group of beings whom were the original inhabitants of the planet and left following similar near fatal events. Coming to reclaim their former home world, a relentless war erupts between both races that ultimately leads to a cataclysmic showdown and into a no-win scenario for either.<br><br>\n(Source: ANN)", "startDate": {"year": 1984, "month": 4, "day": 15}, "endDate": {"year": 1984, "month": 9, "day": 30}, "season": "SPRING", "episodes": 23, "duration": 23, "genres": ["Action", "Drama", "Mecha", "Sci-Fi"], "averageScore": 54, "trending": 0, "popularity": 364, "streamingEpisodes": [], "coverImage": {"large": "https://s3.anilist.co/media/anime/cover/medium/4503.jpg", "medium": "https://s3.anilist.co/media/anime/cover/small/4503.jpg"}, "bannerImage": null, "isAdult": false, "format": "TV"}, {"id": 4504, "title": {"romaji": "Kinkyuu Hasshin Saver Kids", "english": "Emergency Departure Rescue Kids"}, "type": "ANIME", "status": "FINISHED", "description": "An adventure anime series by Tokyo Movie Shinsha, originally created by mangaka Monkey Punch.", "startDate": {"year": 1991, "month": 2, "day": 19}, "endDate": {"year": 1992, "month": 2, "day": 18}, "season": "WINTER", "episodes": 50, "duration": 25, "genres": ["Action", "Adventure", "Comedy", "Mecha", "Sci-Fi"], "averageScore": null, "trending": 0, "popularity": 37, "streamingEpisodes": [], "coverImage": {"large": "https://s3.anilist.co/media/anime/cover/medium/4504.jpg", "medium": "https://s3.anilist.co/media/anime/cover/small/4504.jpg"}, "bannerImage": null, "isAdult": false, "format": "TV"}, {"id": 4508, "title": {"romaji": "Da Capo Second Season Omake", "english": "D.C.S.S: Da Capo Second Season Omake"}, "type": "ANIME", "status": "FINISHED", "description": "Based on the D.C.S.G. game/manga.<br><br>\nThe story takes place 2 years after the happenings in the first series. A new, mysterious girl appears and attaches herself to Jun'ichi. Who is this new girl and which connection does she have to the Sakura on Hatsune Island.", "startDate": {"year": 2005, "month": 10, "day": 5}, "endDate": {"year": 2006, "month": 4, "day": 5}, "season": "FALL", "episodes": 7, "duration": 7, "genres": ["Comedy", "Romance"], "averageScore": 57, "trending": 0, "popularity": 464, "streamingEpisodes": [], "coverImage": {"large": "https://s3.anilist.co/media/anime/cover/medium/4508.jpg", "medium": "https://s3.anilist.co/media/anime/cover/small/4508.jpg"}, "bannerImage": null, "isAdult": false, "format": "SPECIAL"}, {"id": 4509, "title": {"romaji": "Captain Future: Kareinaru Taiyokei Race", "english": null}, "type": "ANIME", "status": "FINISHED", "description": "Sequel of Captain Future.", "startDate": {"year": 1978, "month": 12, "day": 31}, "endDate": {"year": 1978, "month": 12, "day": 31}, "season": "WINTER", "episodes": 1, "duration": 58, "genres": ["Action", "Adventure", "Sci-Fi"], "averageScore": null, "trending": 0, "popularity": 63, "streamingEpisodes": [], "coverImage": {"large": "https://s3.anilist.co/media/anime/cover/medium/4509.jpg", "medium": "https://s3.anilist.co/media/anime/cover/small/4509.jpg"}, "bannerImage": null, "isAdult": false, "format": "SPECIAL"}, {"id": 4511, "title": {"romaji": "Hoero! Bun Bun", "english": null}, "type": "ANIME", "status": "FINISHED", "description": "Bunbun, an abandoned puppy meets the old Big, also a stray dog. Bunbun will learn to survive in an hostile and strange world. <br><br>\n(Source: manga-distribution.fr)", "startDate": {"year": 1980, "month": 10, "day": 9}, "endDate": {"year": 1981, "month": 7, "day": 9}, "season": "FALL", "episodes": 39, "duration": 23, "genres": ["Adventure", "Slice of Life"], "averageScore": null, "trending": 0, "popularity": 39, "streamingEpisodes": [], "coverImage": {"large": "https://s3.anilist.co/media/anime/cover/medium/4511.jpg", "medium": "https://s3.anilist.co/media/anime/cover/small/4511.jpg"}, "bannerImage": null, "isAdult": false, "format": "TV"}, {"id": 4513, "title": {"romaji": "Hakujaden", "english": "The Great White Snake"}, "type": "ANIME", "status": "FINISHED", "description": "As a young boy, Xu-Xian is forced to free his pet, a small snake. Unbeknownst to him, the snake is actually a young snake goddess named Bai-Niang and she is in love with him. Many years later, when they are both adults, the princess is magically transformed into a human and sets out to find her love. But the local wizard believes her to be a vampire, and banishes Xu-Xian from the village in order to save him. Xu-Xian's pet pandas Panda and Mimi set out to save him and bring him, in the process becoming leaders of an animal gang.<br>\n(from ANN)", "startDate": {"year": 1958, "month": 10, "day": 22}, "endDate": {"year": 1958, "month": 10, "day": 22}, "season": "FALL", "episodes": 1, "duration": 78, "genres": ["Adventure", "Fantasy", "Romance"], "averageScore": 52, "trending": 0, "popularity": 434, "streamingEpisodes": [], "coverImage": {"large": "https://s3.anilist.co/media/anime/cover/medium/4513.jpg", "medium": "https://s3.anilist.co/media/anime/cover/small/4513.jpg"}, "bannerImage": "https://s3.anilist.co/media/anime/banner/4513-gnFAqZMVBfoj.jpg", "isAdult": false, "format": "MOVIE"}, {"id": 4514, "title": {"romaji": "Seton Doubutsuki: Kuma no Ko Jacky", "english": "Monarch: The Big Bear of Tallac"}, "type": "ANIME", "status": "FINISHED", "description": "One day a native American boy named Lan meets two little bears at the foot of the Sierra Nevada, where he lives with his father.<br>\nLan names the brother bear &lsquo;Jacky&rsquo; and the sister bear &lsquo;Jill&rsquo;. As Lan plays with the two bears, they become good friends. However their happiness doesn&rsquo;t last for long. Lan&rsquo;s father accidentally shoots the two little bears&rsquo; mother to death. Feeling sorry for them, Lan decides to take Jackie and Jill back home to live with him.<br><br>\n(from AniDB)", "startDate": {"year": 1977, "month": 6, "day": 7}, "endDate": {"year": 1977, "month": 12, "day": 16}, "season": "SUMMER", "episodes": 26, "duration": 20, "genres": ["Adventure", "Comedy", "Drama"], "averageScore": 50, "trending": 0, "popularity": 103, "streamingEpisodes": [], "coverImage": {"large": "https://s3.anilist.co/media/anime/cover/medium/4514.jpg", "medium": "https://s3.anilist.co/media/anime/cover/small/4514.jpg"}, "bannerImage": null, "isAdult": false, "format": "TV"}, {"id": 4515, "title": {"romaji": "Seton Doubutsuki: Risu no Banner", "english": "Bannertail: The Story of Gray Squirrel"}, "type": "ANIME", "status": "FINISHED", "description": "Soon after birth a young squirrel comesc to a farm, and gets caught by a human. This human then tries to find him to their pet cat. However, the cat feels sorry for the squirrel and adopts him as their child and names the squirrel Banner. Banner and the cat live happily in the farm, but their happy lives don't last long. A fire destoys the farm, and Banner gets separated from his mother the cat. <br><br>\n(Source: ANN)", "startDate": {"year": 1979, "month": 4, "day": 7}, "endDate": {"year": 1979, "month": 9, "day": 29}, "season": "SPRING", "episodes": 26, "duration": 23, "genres": [], "averageScore": null, "trending": 0, "popularity": 83, "streamingEpisodes": [], "coverImage": {"large": "https://s3.anilist.co/media/anime/cover/medium/4515.jpg", "medium": "https://s3.anilist.co/media/anime/cover/small/4515.jpg"}, "bannerImage": null, "isAdult": false, "format": "TV"}, {"id": 4521, "title": {"romaji": "Watt Poe to Bokura no Ohanashi", "english": "Watt Poe"}, "type": "ANIME", "status": "FINISHED", "description": "The legend of Watt Poe, a mysterious whale said to give happiness, in a world destroyed many years ago by a nuclear war.", "startDate": {"year": 1988, "month": 8, "day": 12}, "endDate": {"year": 1988, "month": 8, "day": 12}, "season": "SUMMER", "episodes": 1, "duration": 54, "genres": ["Adventure", "Sci-Fi"], "averageScore": null, "trending": 0, "popularity": 30, "streamingEpisodes": [], "coverImage": {"large": "https://s3.anilist.co/media/anime/cover/medium/4521.jpg", "medium": "https://s3.anilist.co/media/anime/cover/small/4521.jpg"}, "bannerImage": null, "isAdult": false, "format": "OVA"}, {"id": 4522, "title": {"romaji": "Bounty Hunter: The Hard", "english": null}, "type": "ANIME", "status": "FINISHED", "description": "The story of \"Hard\", a bounty hunter living in New-York and seeking revenge.", "startDate": {"year": 1996, "month": 5, "day": 1}, "endDate": {"year": 1996, "month": 5, "day": 1}, "season": "SPRING", "episodes": 1, "duration": 48, "genres": ["Action"], "averageScore": null, "trending": 0, "popularity": 87, "streamingEpisodes": [], "coverImage": {"large": "https://s3.anilist.co/media/anime/cover/medium/4522.jpg", "medium": "https://s3.anilist.co/media/anime/cover/small/4522.jpg"}, "bannerImage": null, "isAdult": false, "format": "OVA"}, {"id": 4524, "title": {"romaji": "Shenmue: The Movie", "english": null}, "type": "ANIME", "status": "FINISHED", "description": "Using scenes from the original SEGA Dreamcast game plus some extra made for the movie, Shenmue: the Movie details the events of the first game. After Ryo's father is murdered and a mysterious mirror taken, Ryo sets himself on a quest for revenge.", "startDate": {"year": 2001, "month": 9, "day": 8}, "endDate": {"year": 2001, "month": 9, "day": 8}, "season": "FALL", "episodes": 1, "duration": 90, "genres": ["Action", "Adventure"], "averageScore": null, "trending": 0, "popularity": 75, "streamingEpisodes": [], "coverImage": {"large": "https://s3.anilist.co/media/anime/cover/medium/4524.jpg", "medium": "https://s3.anilist.co/media/anime/cover/small/4524.jpg"}, "bannerImage": null, "isAdult": false, "format": "MOVIE"}, {"id": 4531, "title": {"romaji": "Dark Cat", "english": "Dark Cat"}, "type": "ANIME", "status": "FINISHED", "description": "Hyoi and Ryoi, two brothers with the power to take the form of cats, must unravel the mystery of a creeping, tenticled, demon plauge before it consumes them and their classmates. Ultimately, they must confront their old Dark Cat master Jukokubo, though whether they can put an end to the evil he has released remains a mystery.<br><br>\n(Source: ANN)", "startDate": {"year": 1991, "month": 11, "day": 28}, "endDate": {"year": 1991, "month": 11, "day": 28}, "season": "FALL", "episodes": 1, "duration": 50, "genres": ["Action", "Horror", "Supernatural"], "averageScore": 32, "trending": 0, "popularity": 292, "streamingEpisodes": [], "coverImage": {"large": "https://s3.anilist.co/media/anime/cover/medium/4531.jpg", "medium": "https://s3.anilist.co/media/anime/cover/small/4531.jpg"}, "bannerImage": null, "isAdult": false, "format": "OVA"}, {"id": 4532, "title": {"romaji": "Taiyou no Yuusha Fighbird", "english": "Brave of the Sun Fighbird"}, "type": "ANIME", "status": "FINISHED", "description": "An evil alien life form, Dryus, assaulted the Earth. The leader of Space Patrol, Fighbird, pursed Dryus to the Earth. Fighbird combined with an android that Dr. Amano was developing. Fighbird named Hidori Ryutaro and fight against Dryus to protect the peace of the Earth. <br><br>\nAt first look, he was a normal person, but because he was an alien, Fibird, his acts were a bit away from the normal persons'. Usually, he worked for Dr. Amano as an assistant. He looked uncouth always wearing while coat and glasses. However, once enemy appears, his personality changed dramatically.<br><br>\n(Source: AnimeNfo)", "startDate": {"year": 1991, "month": 2, "day": 2}, "endDate": {"year": 1992, "month": 2, "day": 1}, "season": "WINTER", "episodes": 48, "duration": 23, "genres": ["Action", "Mecha", "Sci-Fi"], "averageScore": null, "trending": 0, "popularity": 202, "streamingEpisodes": [], "coverImage": {"large": "https://s3.anilist.co/media/anime/cover/medium/4532.jpg", "medium": "https://s3.anilist.co/media/anime/cover/small/4532.jpg"}, "bannerImage": null, "isAdult": false, "format": "TV"}, {"id": 4533, "title": {"romaji": "Uchuu Kazoku Carlvinson", "english": null}, "type": "ANIME", "status": "FINISHED", "description": "When a motley band of travelling performers have a deep-space collision with another spacecraft, they find that the sole survivor of the other craft is a humanoid infant. They decide to raise the child as their own on the nearest planet as they wait for other members of the girl's race to come and find her. <br><br>\n(Source: AniDB)", "startDate": {"year": 1988, "month": 12, "day": 21}, "endDate": {"year": 1988, "month": 12, "day": 21}, "season": "WINTER", "episodes": 1, "duration": 45, "genres": ["Comedy", "Sci-Fi"], "averageScore": 51, "trending": 0, "popularity": 139, "streamingEpisodes": [], "coverImage": {"large": "https://s3.anilist.co/media/anime/cover/medium/4533.jpg", "medium": "https://s3.anilist.co/media/anime/cover/small/4533.jpg"}, "bannerImage": null, "isAdult": false, "format": "OVA"}]}}}