{"data": {"Page": {"pageInfo": {"total": 12297, "hasNextPage": true}, "media": [{"id": 830, "title": {"romaji": "Sexfriend", "english": null}, "type": "ANIME", "status": "FINISHED", "description": "Tomohiro Takabe is suprised one day when Mina Hayase tells him she wants to be more than a friend. Instead of being her boyfriend, Tomohiro is going to be her \"sexfriend\". With the help of the school nurse, the two spend their days in the nurses office. The two then decide to further their friendship by trying out some new ways. <br><br>\n(Source: ANN)", "startDate": {"year": 2004, "month": 1, "day": 22}, "endDate": {"year": 2004, "month": 4, "day": 23}, "season": "WINTER", "episodes": 2, "duration": 30, "genres": ["Hentai"], "averageScore": 60, "trending": 0, "popularity": 787, "streamingEpisodes": [], "coverImage": {"large": "https://s3.anilist.co/media/anime/cover/medium/830.jpg", "medium": "https://s3.anilist.co/media/anime/cover/small/830.jpg"}, "bannerImage": null, "isAdult": true, "format": "OVA"}, {"id": 831, "title": {"romaji": "Chicchana Yukitsukai Sugar", "english": "A Little Snow Fairy Sugar"}, "type": "ANIME", "status": "FINISHED", "description": "Season Fairies create and control the weather using special musical instruments. They make the wind blow, the snow fall, the sun shine; if it's something weather related, they are the ones who make it happen. <br><br>\nSugar, an apprentice Snow Fairy, and her friends Salt and Pepper, all want to become full-fledged Season Fairies, and the only way to achieve this is to search for and find the \"Twinkles\" that will make their magical flowers bloom. The only problem is that none of them have any idea what a Twinkle is. <br><br>\nThey enlist the somewhat unwilling help of Saga, a human girl who can see Season Fairies. Much to her annoyance, Saga's perfectly planned and ordered life has just become a little too lively for her taste. Together, they search for the mysterious Twinkles while trying to perfect their magic.<br><br>\n(Source: ANN)", "startDate": {"year": 2001, "month": 10, "day": 2}, "endDate": {"year": 2002, "month": 3, "day": 26}, "season": "FALL", "episodes": 24, "duration": 24, "genres": ["Comedy", "Fantasy"], "averageScore": 63, "trending": 0, "popularity": 957, "streamingEpisodes": [], "coverImage": {"large": "https://s3.anilist.co/media/anime/cover/medium/831.jpg", "medium": "https://s3.anilist.co/media/anime/cover/small/831.jpg"}, "bannerImage": null, "isAdult": false, "format": "TV"}, {"id": 832, "title": {"romaji": "Ginsoukikou Ordian", "english": null}, "type": "ANIME", "status": "FINISHED", "description": "Kananase Yu is just an ordinary high-school student. Since he has mysterious inside knowledge about piloting a mecha, he is recruited by the International Military Organization as a potential test pilot for a new mobile armor. However, apparently there are other young recruits around his age, including one of his classmates, were recruited as test pilot as well. Now Kananase Yu must prove that he is the best to be the test pilot. <br><br>\n(Source: ANN)", "startDate": {"year": 2000, "month": 4, "day": 4}, "endDate": {"year": 2000, "month": 9, "day": 19}, "season": "SPRING", "episodes": 24, "duration": 25, "genres": ["Mecha", "Sci-Fi"], "averageScore": null, "trending": 0, "popularity": 175, "streamingEpisodes": [], "coverImage": {"large": "https://s3.anilist.co/media/anime/cover/medium/832.jpg", "medium": "https://s3.anilist.co/media/anime/cover/small/832.jpg"}, "bannerImage": null, "isAdult": false, "format": "TV"}, {"id": 833, "title": {"romaji": "Choujuushin Gravion", "english": "Super Heavy God Gravion"}, "type": "ANIME", "status": "FINISHED", "description": "The year is now 2041 AD. A new enemy called Zeravire suddenly appears in the solar system, destroying all military installations it comes across. However, a wealthy man named Klein Sandman is already aware of this planned invasion and had been secretly preparing his army for battle. His trump card is Gravion, a giant robot that utilizes gravity as its source of energy. Meanwhile a young man named Eiji secretly enters Sandman's base in search for his missing sister. It is there that he meets another young man by the name of Toga... These two must now fight together with four other individuals aboard the super robot, Gravion to fend off the Zeravire threat.<br><br>\n(Source: ANN)", "startDate": {"year": 2002, "month": 10, "day": 7}, "endDate": {"year": 2002, "month": 12, "day": 16}, "season": "FALL", "episodes": 13, "duration": 23, "genres": ["Adventure", "Comedy", "Mecha", "Sci-Fi"], "averageScore": 56, "trending": 0, "popularity": 788, "streamingEpisodes": [], "coverImage": {"large": "https://s3.anilist.co/media/anime/cover/medium/833.jpg", "medium": "https://s3.anilist.co/media/anime/cover/small/833.jpg"}, "bannerImage": null, "isAdult": false, "format": "TV"}, {"id": 834, "title": {"romaji": "Bleach: The Sealed Sword Frenzy", "english": null}, "type": "ANIME", "status": "FINISHED", "description": "A Shinigami named Baishin who was sealed by Soul Society long ago is set free on Earth. On a fateful day Ichigo encounters him and has roughly half of his reiatsu drained. Its now up to Ichigo and Soul Society to finally put a stop to Baishin and his destruction. <br>", "startDate": {"year": 2006, "month": 3, "day": 23}, "endDate": {"year": 2006, "month": 3, "day": 23}, "season": "SPRING", "episodes": 1, "duration": 33, "genres": ["Adventure", "Comedy", "Drama", "Fantasy", "Supernatural"], "averageScore": 63, "trending": 1, "popularity": 4308, "streamingEpisodes": [], "coverImage": {"large": "https://s3.anilist.co/media/anime/cover/medium/834.jpg", "medium": "https://s3.anilist.co/media/anime/cover/small/834.jpg"}, "bannerImage": null, "isAdult": false, "format": "SPECIAL"}, {"id": 835, "title": {"romaji": "Sister Princess RePure", "english": null}, "type": "ANIME", "status": "FINISHED", "description": "After a long time, Wataru has decided to leave the house and lives on his own. The girls have also decided to split up and most of them are living seperately as well. But none of them has forgotten about their brother and they still stick together to meet him, or their sisters. <br><br>\n(Source: AniDB)", "startDate": {"year": 2002, "month": 10, "day": 4}, "endDate": {"year": 2002, "month": 12, "day": 25}, "season": "FALL", "episodes": 13, "duration": 23, "genres": ["Drama", "Romance"], "averageScore": 56, "trending": 0, "popularity": 472, "streamingEpisodes": [], "coverImage": {"large": "https://s3.anilist.co/media/anime/cover/medium/835.jpg", "medium": "https://s3.anilist.co/media/anime/cover/small/835.jpg"}, "bannerImage": null, "isAdult": false, "format": "TV"}, {"id": 836, "title": {"romaji": "Sister Princess", "english": null}, "type": "ANIME", "status": "FINISHED", "description": "Wataru Minakami is a top student who failed his high school entrance exam because of a computer glitch. He later discovered that he was accepted to Stargazer Hill Academy, which is located at a mysterious place called Promised Island. At the request of his father, Wataru is whisked away to the island, and before he can settle in, a dozen of cute and charming girls start to flock him and claim to be his younger sisters. As Wataru gets closer to his newfound siblings, a deeper mystery as to why they were sent to the island comes to play. <br><br>\n(Source: ANN)", "startDate": {"year": 2001, "month": 4, "day": 4}, "endDate": {"year": 2001, "month": 9, "day": 26}, "season": "SPRING", "episodes": 26, "duration": 23, "genres": ["Comedy", "Drama", "Romance", "Slice of Life"], "averageScore": 59, "trending": 0, "popularity": 1209, "streamingEpisodes": [], "coverImage": {"large": "https://s3.anilist.co/media/anime/cover/medium/836.jpg", "medium": "https://s3.anilist.co/media/anime/cover/small/836.jpg"}, "bannerImage": null, "isAdult": false, "format": "TV"}, {"id": 837, "title": {"romaji": "Kyou no Go no Ni", "english": "Today in Class 5-2"}, "type": "ANIME", "status": "FINISHED", "description": "Kyou no Go no Ni revolves around Sato Ryota, a 5th grader in an elementary school. He is a bright and active boy but always manages to get in to a bit of ecchi troubles with his classmate girls. <br><br>\n(Source: ANN)", "startDate": {"year": 2006, "month": 3, "day": 24}, "endDate": {"year": 2007, "month": 3, "day": 21}, "season": "SPRING", "episodes": 4, "duration": 29, "genres": ["Comedy", "Ecchi", "Romance"], "averageScore": 68, "trending": 0, "popularity": 2052, "streamingEpisodes": [], "coverImage": {"large": "https://s3.anilist.co/media/anime/cover/medium/837.jpg", "medium": "https://s3.anilist.co/media/anime/cover/small/837.jpg"}, "bannerImage": null, "isAdult": false, "format": "OVA"}, {"id": 838, "title": {"romaji": "Narutaru: Mukuro Naru Hoshi Tama Taru Ko", "english": "Shadow Star Narutaru"}, "type": "ANIME", "status": "FINISHED", "description": "During her summer holiday at her grandparents house Tamai Shiina, a young and cheerful schoolgirl, meets a strange looking creature. They befriend each other and Shiina names it \"Hoshimaru - The Round Star\". When Shiina returns home after the summer to go back to school she starts meeting other kids that also have befriended a strange creature like Hoshimaru. But she soon finds out that not all these creatures and their masters are as friendly as Hoshimaru. <br><br>\n(Source: ANN) ", "startDate": {"year": 2003, "month": 7, "day": 7}, "endDate": {"year": 2003, "month": 9, "day": 29}, "season": "SUMMER", "episodes": 13, "duration": 24, "genres": ["Drama", "Horror", "Supernatural"], "averageScore": 55, "trending": 0, "popularity": 2298, "streamingEpisodes": [], "coverImage": {"large": "https://s3.anilist.co/media/anime/cover/medium/838.jpg", "medium": "https://s3.anilist.co/media/anime/cover/small/838.jpg"}, "bannerImage": "https://s3.anilist.co/media/anime/banner/838-cVcu4eRzJv5Y.jpg", "isAdult": false, "format": "TV"}, {"id": 839, "title": {"romaji": "Samurai Spirits 2", "english": "Samurai Spirits 2"}, "type": "ANIME", "status": "FINISHED", "description": "One hundred years after their deaths at the hands of a former colleage, six legendary holy warriors are reborn to seek justice against the teammate who betrayed them into the hands of an evil god. Based upon one of the most popular video games of all time, Samurai Shodown is a sprawling feature-length saga of reincarnation and revenge, featuring some of the most spectacular battle sequences ever animated! Join Charlotte, Wan Fu, Nakoruru, Galford and Tamtam as they search the feudal province of Edo questing for their lost comrade, Haohmaru, and their sworn nemesis Shirou Amakusa. Will the followers of the divine light triumph over the forces of the dark, or is the course of history destined to repeat itself? Before their hundred-year journey has ended, six samurai will prove that the only thing stronger than their holy blades is the steel of their wills! <br><br>\n(Source: AniDB)", "startDate": {"year": 1999, "month": 6, "day": 25}, "endDate": {"year": 1999, "month": 9, "day": 30}, "season": "SUMMER", "episodes": 2, "duration": 30, "genres": ["Action", "Fantasy"], "averageScore": 50, "trending": 0, "popularity": 134, "streamingEpisodes": [], "coverImage": {"large": "https://s3.anilist.co/media/anime/cover/medium/839.jpg", "medium": "https://s3.anilist.co/media/anime/cover/small/839.jpg"}, "bannerImage": null, "isAdult": false, "format": "OVA"}, {"id": 840, "title": {"romaji": "Narue no Sekai", "english": "The World of Narue"}, "type": "ANIME", "status": "FINISHED", "description": "Meet Narue, an adorable schoolgirl with a secret. She's really an alien with powers right out of a sci-fi comic! But growing up is never easy, and sometimes it doesn't help when you're from outer space. Join our spunky heroine as she faces androids, alien invaders, and her first date with the boy next door. It's the sci-fi comedy that's a direct hit to your heart!<br><br>\n(Source: Central Park Media)", "startDate": {"year": 2003, "month": 4, "day": 5}, "endDate": {"year": 2003, "month": 6, "day": 28}, "season": "SPRING", "episodes": 12, "duration": 24, "genres": ["Comedy", "Romance", "Sci-Fi"], "averageScore": 61, "trending": 0, "popularity": 1040, "streamingEpisodes": [], "coverImage": {"large": "https://s3.anilist.co/media/anime/cover/medium/840.jpg", "medium": "https://s3.anilist.co/media/anime/cover/small/840.jpg"}, "bannerImage": null, "isAdult": false, "format": "TV"}, {"id": 841, "title": {"romaji": "Colorful", "english": null}, "type": "ANIME", "status": "FINISHED", "description": "The adventures (and misadventures) of men staring, peeking, glancing, looking, and glaring at women and their efforts to get that extra eyeful of harmlessly exposed panties, bras, and occasional cleavage. Following at most, a few regular males and the outrageous consequences of their actions.<br>\n(Source: ANN)", "startDate": {"year": 1999, "month": 9, "day": 6}, "endDate": {"year": 1999, "month": 9, "day": 30}, "season": "FALL", "episodes": 16, "duration": 6, "genres": ["Comedy", "Ecchi", "Slice of Life"], "averageScore": 51, "trending": 0, "popularity": 1416, "streamingEpisodes": [], "coverImage": {"large": "https://s3.anilist.co/media/anime/cover/medium/841.jpg", "medium": "https://s3.anilist.co/media/anime/cover/small/841.jpg"}, "bannerImage": null, "isAdult": false, "format": "TV_SHORT"}, {"id": 842, "title": {"romaji": "Ushio to Tora (OVA)", "english": "Ushio and Tora"}, "type": "ANIME", "status": "FINISHED", "description": "Ushio thinks his father's tale of an ancient ancestor impaling a demon on a temple altar stone with the legendary Beast Spear is nuts, but when he finds the monster in his own basement, Ushio has to take another look at the family legend! Fortunately, Ushio knows it's best to let sleeping dogs lie and leave captured demons where they are. Unfortunately, the release of the monster's evil energies begins to beckon other demons to Ushio's hometown! To save his friends and family from the invading spirits, Ushio is forced to release Tora from his captivity. But will the cure prove to be worse than the curse? Will Ushio end his life a Tora-snack? Or will the Beast Spear keep Tora in line long enough to save the city?<br><br>\n(Source: AniDB)", "startDate": {"year": 1992, "month": 9, "day": 11}, "endDate": {"year": 1993, "month": 8, "day": 1}, "season": "FALL", "episodes": 10, "duration": 30, "genres": ["Action", "Comedy", "Horror"], "averageScore": 63, "trending": 0, "popularity": 695, "streamingEpisodes": [], "coverImage": {"large": "https://s3.anilist.co/media/anime/cover/medium/842.jpg", "medium": "https://s3.anilist.co/media/anime/cover/small/842.jpg"}, "bannerImage": null, "isAdult": false, "format": "OVA"}, {"id": 844, "title": {"romaji": "Konjiki no Gash Bell!!: 101 Banme no Mamono", "english": "Zatch Bell! 101st Devil"}, "type": "ANIME", "status": "FINISHED", "description": "During the Summer holidays, Gash and gang decide to head for Fuji Mountain for a picnic gathering. There, they encounter a girl with a white magical book. Her name is Kotoha and her book has a message saying that Gash's mother is located a cave in the forest. However, when they eventually found the cave, there was already a blond-haired youth by the name of Wiseman. In order to rescue Wiseman, Gash and the others attempt to proceed into the depths of the cave and stumble upon the entrance to another world. Soon later, the strongest warrior, the Black Knight, appeared before them. Thinking that Gash was the one who stole the 101th magical book, the Black Knight started to attack them. Gash and Kiyomaro have to find the real criminal in exactly 24 hours, or else they will be stuck in the alternative world forever.", "startDate": {"year": 2004, "month": 8, "day": 7}, "endDate": {"year": 2004, "month": 8, "day": 7}, "season": "SUMMER", "episodes": 1, "duration": 84, "genres": ["Adventure", "Supernatural"], "averageScore": 66, "trending": 0, "popularity": 441, "streamingEpisodes": [], "coverImage": {"large": "https://s3.anilist.co/media/anime/cover/medium/844.jpg", "medium": "https://s3.anilist.co/media/anime/cover/small/844.jpg"}, "bannerImage": null, "isAdult": false, "format": "MOVIE"}, {"id": 845, "title": {"romaji": "Kiba", "english": null}, "type": "ANIME", "status": "FINISHED", "description": "In a dystopian future, two friends dream of freedom... and gain more than they bargain for! Hothead Zed is on the run from the authorities, while his brainy pal Noah struggles with his own battered body. Both find a magical world that seems to offer escape and power undreamed of. Join Zed and his powerful, rebellious spirit Amir Gaul on their search for the ultimate power. It's a force that can save the world - or destroy life as we know it. This is the world of KIBA! Where you must harness the power within and fight with all you got!<br><br>\n(Source: RightStuf)", "startDate": {"year": 2006, "month": 4, "day": 2}, "endDate": {"year": 2007, "month": 3, "day": 25}, "season": "SPRING", "episodes": 51, "duration": 24, "genres": ["Adventure", "Fantasy"], "averageScore": 66, "trending": 0, "popularity": 2898, "streamingEpisodes": [], "coverImage": {"large": "https://s3.anilist.co/media/anime/cover/medium/845.jpg", "medium": "https://s3.anilist.co/media/anime/cover/small/845.jpg"}, "bannerImage": null, "isAdult": false, "format": "TV"}, {"id": 846, "title": {"romaji": "School Rumble Ni Gakki", "english": "School Rumble 2nd Term"}, "type": "ANIME", "status": "FINISHED", "description": "Continuing right where season 1 left off: Harima still likes Tenma but still runs into obstacles everytime he tries to confess his love to her. To complicate the situation, Class 2-D challenges class 2-C once again and there's a rumor floating around that Harima and Yakumo are dating as the school prepares for the cultural festival.<br><br>\n(Source: ANN)", "startDate": {"year": 2006, "month": 4, "day": 3}, "endDate": {"year": 2006, "month": 9, "day": 25}, "season": "SPRING", "episodes": 26, "duration": 24, "genres": ["Comedy", "Romance"], "averageScore": 78, "trending": 0, "popularity": 6359, "streamingEpisodes": [], "coverImage": {"large": "https://s3.anilist.co/media/anime/cover/medium/846.jpg", "medium": "https://s3.anilist.co/media/anime/cover/small/846.jpg"}, "bannerImage": null, "isAdult": false, "format": "TV"}, {"id": 848, "title": {"romaji": "Jinki:Extend OVA", "english": "Jinki:Extend"}, "type": "ANIME", "status": "FINISHED", "description": "Aoba is a young girl who loves to build models of robots. She lived alone with her grandmother until her grandmother passes away. Shortly after she is kidnapped and brought to a secret base where she discovers a huge robot. The piloted robots fight against Ancient-Jinki in The Grand Savanna, but the true meaning behind the fights is hidden. Aoba works hard at the base so one day she can pilot one of the robots and discover these secrets. <br>", "startDate": {"year": 2006, "month": 2, "day": 22}, "endDate": {"year": 2006, "month": 2, "day": 22}, "season": "WINTER", "episodes": 1, "duration": 30, "genres": ["Mecha", "Sci-Fi"], "averageScore": 51, "trending": 0, "popularity": 206, "streamingEpisodes": [], "coverImage": {"large": "https://s3.anilist.co/media/anime/cover/medium/848.jpg", "medium": "https://s3.anilist.co/media/anime/cover/small/848.jpg"}, "bannerImage": null, "isAdult": false, "format": "OVA"}, {"id": 849, "title": {"romaji": "Suzumiya Haruhi no Yuuutsu", "english": "The Melancholy of Haruhi Suzumiya"}, "type": "ANIME", "status": "FINISHED", "description": "Kyon, your typical high school student, has long given up his belief in the supernatural. However, upon meeting Haruhi Suzumiya, he quickly finds out that it is the supernatural that she is interested in; aliens, time travelers and espers among other things. When Haruhi laments about the lack of intriguing clubs around school, Kyon inspires Haruhi to form her own club. As a result, the SOS Brigade is formed, a club which specializes in all that is the supernatural.<br><br>\nMuch to his chagrin, Kyon, along with the silent bookworm, Yuki Nagato, the shy and timid Mikuru Asahina, and the perpetually smiling Itsuki Koizumi, are recruited as members. The story follows the crazy adventures that these four endure under their whimsical leader, Haruhi. The story is based on the light novels by Nagaru Tanigawa.<br><br>\n[Written by MAL Rewrite]", "startDate": {"year": 2006, "month": 4, "day": 3}, "endDate": {"year": 2006, "month": 7, "day": 3}, "season": "SPRING", "episodes": 14, "duration": 23, "genres": ["Comedy", "Mystery", "Sci-Fi", "Slice of Life"], "averageScore": 77, "trending": 0, "popularity": 36520, "streamingEpisodes": [{"title": "Episode 1 - The Melancholy of Haruhi Suzumiya I", "url": "http://www.crunchyroll.com/the-melancholy-of-haruhi-suzumiya/episode-1-the-melancholy-of-haruhi-suzumiya-i-750445"}, {"title": "Episode 2 - The Melancholy of Haruhi Suzumiya II", "url": "http://www.crunchyroll.com/the-melancholy-of-haruhi-suzumiya/episode-2-the-melancholy-of-haruhi-suzumiya-ii-750447"}, {"title": "Episode 3 - The Melancholy of Haruhi Suzumiya III", "url": "http://www.crunchyroll.com/the-melancholy-of-haruhi-suzumiya/episode-3-the-melancholy-of-haruhi-suzumiya-iii-750449"}, {"title": "Episode 4 - The Melancholy of Haruhi Suzumiya IV", "url": "http://www.crunchyroll.com/the-melancholy-of-haruhi-suzumiya/episode-4-the-melancholy-of-haruhi-suzumiya-iv-750451"}, {"title": "Episode 5 - The Melancholy of Haruhi Suzumiya V", "url": "http://www.crunchyroll.com/the-melancholy-of-haruhi-suzumiya/episode-5-the-melancholy-of-haruhi-suzumiya-v-750453"}, {"title": "Episode 6 - The Melancholy of Haruhi Suzumiya VI", "url": "http://www.crunchyroll.com/the-melancholy-of-haruhi-suzumiya/episode-6-the-melancholy-of-haruhi-suzumiya-vi-750457"}, {"title": "Episode 7 - The Boredom of Haruhi Suzumiya", "url": "http://www.crunchyroll.com/the-melancholy-of-haruhi-suzumiya/episode-7-the-boredom-of-haruhi-suzumiya-750459"}, {"title": "Episode 8 - Bamboo Leaf Rhapsody", "url": "http://www.crunchyroll.com/the-melancholy-of-haruhi-suzumiya/episode-8-bamboo-leaf-rhapsody-750463"}, {"title": "Episode 9 - Mysterique Sign", "url": "http://www.crunchyroll.com/the-melancholy-of-haruhi-suzumiya/episode-9-mysterique-sign-750465"}, {"title": "Episode 10 - Remote Island Syndrome Part 1", "url": "http://www.crunchyroll.com/the-melancholy-of-haruhi-suzumiya/episode-10-remote-island-syndrome-part-1-750467"}, {"title": "Episode 11 - Remote Island Syndrome Part 2", "url": "http://www.crunchyroll.com/the-melancholy-of-haruhi-suzumiya/episode-11-remote-island-syndrome-part-2-750469"}, {"title": "Episode 12 - Endless Eight I", "url": "http://www.crunchyroll.com/the-melancholy-of-haruhi-suzumiya/episode-12-endless-eight-i-750471"}, {"title": "Episode 13 - Endless Eight II", "url": "http://www.crunchyroll.com/the-melancholy-of-haruhi-suzumiya/episode-13-endless-eight-ii-750473"}, {"title": "Episode 14 - Endless Eight III", "url": "http://www.crunchyroll.com/the-melancholy-of-haruhi-suzumiya/episode-14-endless-eight-iii-750475"}, {"title": "Episode 15 - Endless Eight IV", "url": "http://www.crunchyroll.com/the-melancholy-of-haruhi-suzumiya/episode-15-endless-eight-iv-750479"}, {"title": "Episode 16 - Endless Eight V", "url": "http://www.crunchyroll.com/the-melancholy-of-haruhi-suzumiya/episode-16-endless-eight-v-750481"}, {"title": "Episode 17 - Endless Eight VI", "url": "http://www.crunchyroll.com/the-melancholy-of-haruhi-suzumiya/episode-17-endless-eight-vi-750483"}, {"title": "Episode 18 - Endless Eight VII", "url": "http://www.crunchyroll.com/the-melancholy-of-haruhi-suzumiya/episode-18-endless-eight-vii-750485"}, {"title": "Episode 19 - Endless Eight VIII", "url": "http://www.crunchyroll.com/the-melancholy-of-haruhi-suzumiya/episode-19-endless-eight-viii-750489"}, {"title": "Episode 20 - The Sigh of Haruhi Suzumiya I", "url": "http://www.crunchyroll.com/the-melancholy-of-haruhi-suzumiya/episode-20-the-sigh-of-haruhi-suzumiya-i-750493"}, {"title": "Episode 21 - The Sigh of Haruhi Suzumiya II", "url": "http://www.crunchyroll.com/the-melancholy-of-haruhi-suzumiya/episode-21-the-sigh-of-haruhi-suzumiya-ii-750495"}, {"title": "Episode 22 - The Sigh of Haruhi Suzumiya III", "url": "http://www.crunchyroll.com/the-melancholy-of-haruhi-suzumiya/episode-22-the-sigh-of-haruhi-suzumiya-iii-750499"}, {"title": "Episode 23 - The Sigh of Haruhi Suzumiya IV", "url": "http://www.crunchyroll.com/the-melancholy-of-haruhi-suzumiya/episode-23-the-sigh-of-haruhi-suzumiya-iv-750503"}, {"title": "Episode 24 - The Sigh of Haruhi Suzumiya V", "url": "http://www.crunchyroll.com/the-melancholy-of-haruhi-suzumiya/episode-24-the-sigh-of-haruhi-suzumiya-v-750507"}, {"title": "Episode 25 - The Adventures of Mikuru Asahina Episode 00", "url": "http://www.crunchyroll.com/the-melancholy-of-haruhi-suzumiya/episode-25-the-adventures-of-mikuru-asahina-episode-00-750511"}, {"title": "Episode 26 - Live Alive", "url": "http://www.crunchyroll.com/the-melancholy-of-haruhi-suzumiya/episode-26-live-alive-750513"}, {"title": "Episode 27 - The Day of Sagittarius", "url": "http://www.crunchyroll.com/the-melancholy-of-haruhi-suzumiya/episode-27-the-day-of-sagittarius-750515"}, {"title": "Episode 28 - Someday in the Rain", "url": "http://www.crunchyroll.com/the-melancholy-of-haruhi-suzumiya/episode-28-someday-in-the-rain-750519"}], "coverImage": {"large": "https://s3.anilist.co/media/anime/cover/medium/849-63USQ1xklBjM.jpg", "medium": "https://s3.anilist.co/media/anime/cover/small/849-63USQ1xklBjM.jpg"}, "bannerImage": "https://s3.anilist.co/media/anime/banner/849-Cey4HHIDoeY2.jpg", "isAdult": false, "format": "TV"}, {"id": 850, "title": {"romaji": "Gakuen Heaven", "english": "Heaven Academy"}, "type": "ANIME", "status": "FINISHED", "description": "Itou Keita, an average guy, is shocked when he's invited to attend the elite institution, \"Bell Liberty Academy\". Unnerved by the mystery, he's further distracted by the school's social dynamics. In a sea of amazing young men, Keita struggles to find out what makes him unique, and how he can possibly deserve to be treated as an equal by the boys of BL. Lacking any particular ability, just why has Itou been welcomed into the privileged world of the talented and the beautiful? <br><br>\nAlong the way, he develops intense relationships with the almost everyone at school but he is terribly drawn to the friendly, overcaring but very mysterious classmate, Kazuki Endou.", "startDate": {"year": 2006, "month": 4, "day": 1}, "endDate": {"year": 2006, "month": 6, "day": 24}, "season": "SPRING", "episodes": 13, "duration": 26, "genres": ["Comedy", "Drama", "Romance"], "averageScore": 59, "trending": 0, "popularity": 1591, "streamingEpisodes": [{"title": "Episode 1 - Off-Season Transfer Student", "url": "http://www.crunchyroll.com/gakuen-heaven/episode-1-off-season-transfer-student-716243"}, {"title": "Episode 2 - The Heaven That We Reached", "url": "http://www.crunchyroll.com/gakuen-heaven/episode-2-the-heaven-that-we-reached-716245"}, {"title": "Episode 3 - Circulating Memo, Vacillating Emotions", "url": "http://www.crunchyroll.com/gakuen-heaven/episode-3-circulating-memo-vacillating-emotions-716247"}, {"title": "Episode 4 - Steam! A Welcome Party Fraught with Drama", "url": "http://www.crunchyroll.com/gakuen-heaven/episode-4-steam-a-welcome-party-fraught-with-drama-716249"}, {"title": "Episode 5 - Heaven\u2019s Door", "url": "http://www.crunchyroll.com/gakuen-heaven/episode-5-heavens-door-716251"}, {"title": "Episode 6 - Perfect Day for a Date", "url": "http://www.crunchyroll.com/gakuen-heaven/episode-6-perfect-day-for-a-date-716253"}, {"title": "Episode 7 - Where Uncertainty Lives", "url": "http://www.crunchyroll.com/gakuen-heaven/episode-7-where-uncertainty-lives-716255"}, {"title": "Episode 8 - The Night Before the MVP Battle", "url": "http://www.crunchyroll.com/gakuen-heaven/episode-8-the-night-before-the-mvp-battle-716257"}, {"title": "Episode 9 - Flowers of Steel", "url": "http://www.crunchyroll.com/gakuen-heaven/episode-9-flowers-of-steel-716259"}, {"title": "Episode 10 - The Key to Memories", "url": "http://www.crunchyroll.com/gakuen-heaven/episode-10-the-key-to-memories-716261"}, {"title": "Episode 11 - The Truth is Revealed", "url": "http://www.crunchyroll.com/gakuen-heaven/episode-11-the-truth-is-revealed-716263"}, {"title": "Episode 12 - A Flower Unbending in the Wind", "url": "http://www.crunchyroll.com/gakuen-heaven/episode-12-a-flower-unbending-in-the-wind-716265"}, {"title": "Episode 13 - The Promise", "url": "http://www.crunchyroll.com/gakuen-heaven/episode-13-the-promise-716267"}], "coverImage": {"large": "https://s3.anilist.co/media/anime/cover/medium/850.jpg", "medium": "https://s3.anilist.co/media/anime/cover/small/850.jpg"}, "bannerImage": null, "isAdult": false, "format": "TV"}, {"id": 851, "title": {"romaji": "Kyou kara Ore wa!!", "english": null}, "type": "ANIME", "status": "FINISHED", "description": "This anime is about two students that tired of being normal and unpopular at their old schools, after they both transfer to a new one they try to change that deciding to become delinquents. After a rough start they become friends and the righteous Itou with the cheater Takashi start their (dis)adventures trying to survive the other delinquents from both their own and other schools. ", "startDate": {"year": 1992, "month": 12, "day": 11}, "endDate": {"year": 1997, "month": 12, "day": 21}, "season": "WINTER", "episodes": 10, "duration": 60, "genres": ["Comedy"], "averageScore": 72, "trending": 0, "popularity": 1357, "streamingEpisodes": [], "coverImage": {"large": "https://s3.anilist.co/media/anime/cover/medium/851.jpg", "medium": "https://s3.anilist.co/media/anime/cover/small/851.jpg"}, "bannerImage": null, "isAdult": false, "format": "OVA"}, {"id": 852, "title": {"romaji": "Gokinjo Monogatari", "english": "Neighborhood Stories"}, "type": "ANIME", "status": "FINISHED", "description": "The protagonist, Kouda Mikako, is a student of \"Yaza Gaku\". Specialising in fashion design, Mikako dreams of becoming a fashion designer with her own brand. Living next to her is her childhood friend, Yamaguchi Tsutomu. Even though they have been close since they were young, they share a platonic friendship. However, Tsutomu has been gaining popularity, especially with the girls, because he seems to resemble a popular vocalist from a band and somehow, Mikako begins to see him in a different light. This is a story about how youths cope with dreams, love and friendship. <br><br>\n(Source: ANN) ", "startDate": {"year": 1995, "month": 9, "day": 10}, "endDate": {"year": 1996, "month": 9, "day": 1}, "season": "FALL", "episodes": 50, "duration": 25, "genres": ["Comedy", "Drama", "Romance", "Slice of Life"], "averageScore": 60, "trending": 0, "popularity": 690, "streamingEpisodes": [], "coverImage": {"large": "https://s3.anilist.co/media/anime/cover/medium/852.jpg", "medium": "https://s3.anilist.co/media/anime/cover/small/852.jpg"}, "bannerImage": null, "isAdult": false, "format": "TV"}, {"id": 853, "title": {"romaji": "Ouran Koukou Host Club", "english": "Ouran High School Host Club"}, "type": "ANIME", "status": "FINISHED", "description": "Fujioka Haruhi wins a scholarship to attend Ouran Academy, a school reserved for only the most rich and prestigious. Despite what other students may think of her, she cares little for physical appearances or the fact that she is a commoner.<br><br>\nUnfortunately for Haruhi, her high school days take a sudden turn when she stumbles upon the Host Club, an elite club filled with super rich and beautiful boys who use their specific traits and charms to entertain young ladies. Even worse, Haruhi accidentally breaks an 8-million yen vase in the club. Since she is unable to repay her debt with money, Haruhi finds herself with no choice but to work for the Host Club, becoming a male host herself.", "startDate": {"year": 2006, "month": 4, "day": 5}, "endDate": {"year": 2006, "month": 9, "day": 27}, "season": "SPRING", "episodes": 26, "duration": 24, "genres": ["Comedy", "Romance"], "averageScore": 79, "trending": 2, "popularity": 23767, "streamingEpisodes": [], "coverImage": {"large": "https://s3.anilist.co/media/anime/cover/medium/853.jpg", "medium": "https://s3.anilist.co/media/anime/cover/small/853.jpg"}, "bannerImage": "https://s3.anilist.co/media/anime/banner/853-gG0Xnc2Zo2Aa.jpg", "isAdult": false, "format": "TV"}, {"id": 854, "title": {"romaji": "Soul Link", "english": null}, "type": "ANIME", "status": "FINISHED", "description": "Aizawa Ryota was in the 3rd grade of the preparatory course of Central Military Academy. AD 2045, he went to a space station, Aries, for the training with his classmates including Nagase Saka and Nittak Kazuhiko. However, the station was attacked by a terrorist group, Hallarax.Now they must find a way back to earth. <br><br>\n(Source: ANN)", "startDate": {"year": 2006, "month": 4, "day": 2}, "endDate": {"year": 2006, "month": 6, "day": 25}, "season": "SPRING", "episodes": 12, "duration": 25, "genres": ["Action", "Adventure", "Comedy", "Romance", "Sci-Fi"], "averageScore": 55, "trending": 0, "popularity": 1172, "streamingEpisodes": [], "coverImage": {"large": "https://s3.anilist.co/media/anime/cover/medium/854.jpg", "medium": "https://s3.anilist.co/media/anime/cover/small/854.jpg"}, "bannerImage": null, "isAdult": false, "format": "TV"}, {"id": 855, "title": {"romaji": "Strawberry Panic", "english": null}, "type": "ANIME", "status": "FINISHED", "description": "Aoi Nagisa transfers to one of the three affiliated all-girl Catholic schools on Astraea Hill, St. Miator's Girls' Academy. There, she discovers a community of fellow students entwined in an intricate hierarchy, in which two Etoiles represent the three schools. In order to fit in, Nagisa must go to class, join clubs, and make new friends. Meanwhile, Shizuma Hanazono, the sole Etoile of Astraea Hill, finds herself drawn to this new, exciting transfer student. As Shizuma and Nagisa get to know each other, Shizuma finally decides it is time to face her troubled past.", "startDate": {"year": 2006, "month": 4, "day": 3}, "endDate": {"year": 2006, "month": 9, "day": 25}, "season": "SPRING", "episodes": 26, "duration": 25, "genres": ["Drama", "Romance"], "averageScore": 67, "trending": 0, "popularity": 5992, "streamingEpisodes": [], "coverImage": {"large": "https://s3.anilist.co/media/anime/cover/medium/855.jpg", "medium": "https://s3.anilist.co/media/anime/cover/small/855.jpg"}, "bannerImage": "https://s3.anilist.co/media/anime/banner/855-jWVRMwcYXrRF.jpg", "isAdult": false, "format": "TV"}, {"id": 856, "title": {"romaji": "Utawarerumono", "english": "The One Being Sung"}, "type": "ANIME", "status": "FINISHED", "description": "Everything about him is shrouded in mystery. The mask he can't remove. The past he can't unravel. And the very survival of the people who have chosen him as their leader. But what Hakuoro does know is this: he was gravely injured and left for dead in a forest. A kind young girl named Eluluu found him and nursed him back to health. He was welcomed into a barren land where strange creatures roam, an angry god seeks vengeance, an oppressive government slaughters the innocent, and a bloody war looms on the horizon. Will the masked hero liberate the people who saved him? Can he unlock the memories that elude him? Or will he remain a stranger even to himself? <br><br>\n(Source: Funimation) ", "startDate": {"year": 2006, "month": 4, "day": 4}, "endDate": {"year": 2006, "month": 9, "day": 26}, "season": "SPRING", "episodes": 26, "duration": 23, "genres": ["Action", "Drama", "Fantasy", "Sci-Fi"], "averageScore": 74, "trending": 0, "popularity": 8051, "streamingEpisodes": [], "coverImage": {"large": "https://s3.anilist.co/media/anime/cover/medium/856.jpg", "medium": "https://s3.anilist.co/media/anime/cover/small/856.jpg"}, "bannerImage": "https://s3.anilist.co/media/anime/banner/856-hhonRqLKDmc1.jpg", "isAdult": false, "format": "TV"}, {"id": 857, "title": {"romaji": "Air Gear", "english": "Air Gear"}, "type": "ANIME", "status": "FINISHED", "description": "Minami Itsuki never thought about seriously riding Air Treck motorized roller blades, until he got his butt handed to him by a street gang of Storm Riders. That day, he discovered in a locked up room, a pair of AT's and a box of stickers belonging to the Sleeping Forest street gang. One thing leads to another, and Ikki dons the wheels and begins to ride. As his reputation builds in the AT street fighting/racing world, he begins to develop his own gang and participate in more fights, gaining more and more territory. ", "startDate": {"year": 2006, "month": 4, "day": 5}, "endDate": {"year": 2006, "month": 9, "day": 27}, "season": "SPRING", "episodes": 25, "duration": 24, "genres": ["Action", "Comedy", "Ecchi", "Sports"], "averageScore": 71, "trending": 0, "popularity": 11707, "streamingEpisodes": [], "coverImage": {"large": "https://s3.anilist.co/media/anime/cover/medium/857.jpg", "medium": "https://s3.anilist.co/media/anime/cover/small/857.jpg"}, "bannerImage": "https://s3.anilist.co/media/anime/banner/857-1N95wHWuA5gk.jpg", "isAdult": false, "format": "TV"}, {"id": 858, "title": {"romaji": "Gunparade Orchestra", "english": "Gunparade Orchestra"}, "type": "ANIME", "status": "FINISHED", "description": "The story focuses and revolves around the 108th Guard Squad, stationed in Aomori. A poorly equipped unit with very little military standing, it is often viewed as a 'reject camp' for pilots not making the grade for the elite units based in Hokkaido. The apparent helpless nature of this force is hardly a deterrent for the encroaching enemy armies, ever closing in on both the 108th and the rest of the empire. The young pilots of the 108th, who had dreamed on returning home, are plunged forcefully and unwillingly into a war. <br><br>\n(Source: ANN)", "startDate": {"year": 2005, "month": 10, "day": 4}, "endDate": {"year": 2006, "month": 3, "day": 28}, "season": "FALL", "episodes": 24, "duration": 25, "genres": ["Drama", "Mecha", "Romance", "Sci-Fi", "Slice of Life"], "averageScore": 47, "trending": 0, "popularity": 262, "streamingEpisodes": [], "coverImage": {"large": "https://s3.anilist.co/media/anime/cover/medium/858.jpg", "medium": "https://s3.anilist.co/media/anime/cover/small/858.jpg"}, "bannerImage": null, "isAdult": false, "format": "TV"}, {"id": 859, "title": {"romaji": "Digimon Savers", "english": "Digimon Data Squad"}, "type": "ANIME", "status": "FINISHED", "description": "Masaru, a second year Junior High student and undefeated street-fighter, is about to learn the meaning of the word \"teamwork.\" After Agumon escapes DATS, an organization that deals with Digimon, it winds up in a fight with Masaru. Soon Yoshino and Lalamon come to capture Agumon, and the two fighters escape. After an evil Digimon appears, it's up to Masaru and Agumon to defeat it with their DNA Charge.<br><br>\nSoon, Masaru must join DATS to put an end to the Digimon coming to Earth. With the help of Yoshino, Ikuto, and Touma, the group must stop any evil Digimon that appear, and return them to the Digital World.<br><br>\nBut not everything goes as planned...", "startDate": {"year": 2006, "month": 4, "day": 2}, "endDate": {"year": 2007, "month": 3, "day": 25}, "season": "SPRING", "episodes": 48, "duration": 23, "genres": ["Adventure", "Comedy", "Drama", "Fantasy"], "averageScore": 64, "trending": 0, "popularity": 3424, "streamingEpisodes": [], "coverImage": {"large": "https://s3.anilist.co/media/anime/cover/medium/859-bjjZXdawvrJW.jpg", "medium": "https://s3.anilist.co/media/anime/cover/small/859-bjjZXdawvrJW.jpg"}, "bannerImage": null, "isAdult": false, "format": "TV"}, {"id": 860, "title": {"romaji": "Makai Senki Disgaea", "english": "Netherworld Battle Chronicle: Disgaea"}, "type": "ANIME", "status": "FINISHED", "description": "From the darkest realms of another dimension emerges the story of Laharl, the son of a demon overlord, and his two sidekicks: his impish servant and an angelic assassin. Awoken from a two-year, poison-induced nap, Laharl learns of his father&rsquo;s demise and blazes a trail of destruction on his quest to declare rule over the Netherworld. Never skimping on the wisecracks, the diabolical prince and his accomplices battle dragons, sorceresses, robots, power-hungry humans, and corrupt angels.<br><br>\nBased on the popular adventure games, Disgaea lunges at you with a full-force attack. You can laugh, cry, scream or squirm, but you can&rsquo;t escape the wrath of Laharl, dood!<br><br>\n(Source: FUNimation Entertainment)", "startDate": {"year": 2006, "month": 4, "day": 5}, "endDate": {"year": 2006, "month": 6, "day": 21}, "season": "SPRING", "episodes": 12, "duration": 24, "genres": ["Action", "Comedy", "Fantasy"], "averageScore": 62, "trending": 0, "popularity": 2313, "streamingEpisodes": [], "coverImage": {"large": "https://s3.anilist.co/media/anime/cover/medium/860.jpg", "medium": "https://s3.anilist.co/media/anime/cover/small/860.jpg"}, "bannerImage": null, "isAdult": false, "format": "TV"}, {"id": 861, "title": {"romaji": "xxxHOLiC", "english": null}, "type": "ANIME", "status": "FINISHED", "description": "Watanuki Kimihiro can see spirits and other assorted supernatural creatures, which is quite a bothersome ability he strongly dislikes. On the way home one day, while plagued by some spirits, he is inexplicably compelled to enter a strange house. There, he encounters Yuuko, a mysterious woman who claims to be able to rid him of the ability to see and attract the troublesome creatures &ndash; for a price. She demands that he work at her &ldquo;store&rdquo; that grants wishes to people, and thus begins Watanuki's adventures through weird and wonderful events.<br><br>\n[Written by MAL Rewrite]", "startDate": {"year": 2006, "month": 4, "day": 7}, "endDate": {"year": 2006, "month": 9, "day": 29}, "season": "SPRING", "episodes": 24, "duration": 24, "genres": ["Comedy", "Drama", "Mystery", "Psychological", "Supernatural"], "averageScore": 76, "trending": 0, "popularity": 10940, "streamingEpisodes": [], "coverImage": {"large": "https://s3.anilist.co/media/anime/cover/medium/861.jpg", "medium": "https://s3.anilist.co/media/anime/cover/small/861.jpg"}, "bannerImage": "https://s3.anilist.co/media/anime/banner/861-52oDVNhQkBOp.jpg", "isAdult": false, "format": "TV"}, {"id": 863, "title": {"romaji": "Joshi Kousei", "english": "High School Girls"}, "type": "ANIME", "status": "FINISHED", "description": "Eriko and her friends Yuma and Ayano are excited about entering high school. Their excitement leads to their breaking of the rules when they toured the school before the opening ceremony. They find out their preconceptions about the all female school may not be as true as they had first thought. Despite that, Eriko and her friends are joined by new friends. They aim to get through high school life together.<br><br>\n(Source: ANN)", "startDate": {"year": 2006, "month": 4, "day": 3}, "endDate": {"year": 2006, "month": 6, "day": 19}, "season": "SPRING", "episodes": 12, "duration": 24, "genres": ["Comedy", "Drama", "Ecchi"], "averageScore": 59, "trending": 0, "popularity": 2048, "streamingEpisodes": [{"title": "Episode 1 - High School Girls Have Their Stupid Side", "url": "http://www.crunchyroll.com/girls-high/episode-1-high-school-girls-have-their-stupid-side-420042"}, {"title": "Episode 2 - Physical Examinations are the Scent of a Maiden's Shyness", "url": "http://www.crunchyroll.com/girls-high/episode-2-physical-examinations-are-the-scent-of-a-maidens-shyness-420044"}, {"title": "Episode 3 - Fall in Love, Deceived, and then a Love Hotel?", "url": "http://www.crunchyroll.com/girls-high/episode-3-fall-in-love-deceived-and-then-a-love-hotel-420054"}, {"title": "Episode 4 - Celebrate! Even now, Our school uses Bloomers", "url": "http://www.crunchyroll.com/girls-high/episode-4-celebrate-even-now-our-school-uses-bloomers-420056"}, {"title": "Episode 5 - The Swimsuit, the Beauty, and the Macho Teacher", "url": "http://www.crunchyroll.com/girls-high/episode-5-the-swimsuit-the-beauty-and-the-macho-teacher-420058"}, {"title": "Episode 6 - Cracks", "url": "http://www.crunchyroll.com/girls-high/episode-6-cracks-420076"}, {"title": "Episode 7 - An example of a difficult situation where teachers mistakenly flirt with students", "url": "http://www.crunchyroll.com/girls-high/episode-7-an-example-of-a-difficult-situation-where-teachers-mistakenly-flirt-with-students-420080"}, {"title": "Episode 8 - In the past, we were young, too. ~Back to a few years ago~", "url": "http://www.crunchyroll.com/girls-high/episode-8-in-the-past-we-were-young-too-back-to-a-few-years-ago-420084"}, {"title": "Episode 9 - Fairwell, Akari Kouda", "url": "http://www.crunchyroll.com/girls-high/episode-9-fairwell-akari-kouda-420050"}, {"title": "Episode 10 - Glasses! Glasses! Glasses!", "url": "http://www.crunchyroll.com/girls-high/episode-10-glasses-glasses-glasses-420052"}, {"title": "Episode 11 - Blooming Girls' Tales of Failed Love ~Feelings, Crossing Over the Years~", "url": "http://www.crunchyroll.com/girls-high/episode-11-blooming-girls-tales-of-failed-love-feelings-crossing-over-the-years-420060"}, {"title": "Episode 12 - Stupidity, Never Ending Stupidity", "url": "http://www.crunchyroll.com/girls-high/episode-12-stupidity-never-ending-stupidity-420086"}], "coverImage": {"large": "https://s3.anilist.co/media/anime/cover/medium/863.jpg", "medium": "https://s3.anilist.co/media/anime/cover/small/863.jpg"}, "bannerImage": "https://s3.anilist.co/media/anime/banner/863-1KWLHXwFDS1j.jpg", "isAdult": false, "format": "TV"}, {"id": 864, "title": {"romaji": "Kidou Senshi Gundam SEED MSV Astray", "english": "Mobile Suit Gundam Seed MSV Astray"}, "type": "ANIME", "status": "FINISHED", "description": "In the first short, Lowe Gear and the Junk Guild make a stop at an mobile suit parts auction on Earth where Lowe purchases a head taken from a modified BuCUE suit which, when attached to the arm of his Red Frame Astray, acts as a dual beam saber. Lowe tries to decrypt some combat data contained in the head, but is shortly engaged by, and goes into combat with, several ZAFT suits including a CGUE DEEP Arms. In the second short, Blue Frame pilot Gai Murakamo engages and, with the help of his fellow Serpent Tail mercenaries, traps a GINN High Mobility Type. He then faces off with the legendary Edward Harrelson, who pilots a Sword Calamity Gundam and has just finished destroying a fleet of ZAFT ships. <br><br>\n(Source: ANN)", "startDate": {"year": 2004, "month": 3, "day": 1}, "endDate": {"year": 2004, "month": 7, "day": 1}, "season": "SPRING", "episodes": 2, "duration": 7, "genres": ["Mecha", "Sci-Fi"], "averageScore": 55, "trending": 0, "popularity": 769, "streamingEpisodes": [], "coverImage": {"large": "https://s3.anilist.co/media/anime/cover/medium/864.jpg", "medium": "https://s3.anilist.co/media/anime/cover/small/864.jpg"}, "bannerImage": null, "isAdult": false, "format": "OVA"}, {"id": 865, "title": {"romaji": "Kikou Senki Dragonar", "english": "Metal Armor Dragonar"}, "type": "ANIME", "status": "FINISHED", "description": " A.D. 2087 - the United Lunar Empire Giganos wages war on the Earth Federation Military to take control of the planet and establish a \"rebirth\" of the human race. During an invasion of a colony by Giganos' forces, three civilian men stumble upon a trio of top-secret Metal Armor units called \"Dragonars\" and pilot them to combat the enemy forces. <br>", "startDate": {"year": 1987, "month": 2, "day": 7}, "endDate": {"year": 1988, "month": 1, "day": 30}, "season": "WINTER", "episodes": 48, "duration": 24, "genres": ["Adventure", "Mecha", "Sci-Fi"], "averageScore": 51, "trending": 0, "popularity": 336, "streamingEpisodes": [], "coverImage": {"large": "https://s3.anilist.co/media/anime/cover/medium/865.jpg", "medium": "https://s3.anilist.co/media/anime/cover/small/865.jpg"}, "bannerImage": null, "isAdult": false, "format": "TV"}, {"id": 866, "title": {"romaji": "Slayers Premium", "english": null}, "type": "ANIME", "status": "FINISHED", "description": "Lina and Gourry travel to a seaside town named Acassi, where octopus tentacle is a delicacy. However, the octopus meat carries a curse that dooms the eater to only speak Takogo (octopus language). Amelia, Zelgadiss, and Xelloss all show up, and the main four characters (Lina, Gourry, Ameria, Zelgadiss) get cursed. The octopi enlist the power of a mazoku to get rid of the humans once and for all. The white sorceress Ruma must learn the cure to the curse from her long-lost master in order to save the town. <br><br>\n(Source: ANN)", "startDate": {"year": 2001, "month": 12, "day": 22}, "endDate": {"year": 2001, "month": 12, "day": 22}, "season": "WINTER", "episodes": 1, "duration": 33, "genres": ["Adventure", "Comedy", "Fantasy"], "averageScore": 65, "trending": 0, "popularity": 1033, "streamingEpisodes": [], "coverImage": {"large": "https://s3.anilist.co/media/anime/cover/medium/866.jpg", "medium": "https://s3.anilist.co/media/anime/cover/small/866.jpg"}, "bannerImage": null, "isAdult": false, "format": "MOVIE"}, {"id": 867, "title": {"romaji": "Slayers Gorgeous", "english": null}, "type": "ANIME", "status": "FINISHED", "description": "Sorceresses Lina Inverse and Naga the Serpent are enjoying a meal in a villiage when the residents suddenly retreat indoors and two armies - one of men and one of a young girl and a tribe of dragons. Although the ruler of the town originally tries to convince Lina that this is because of a dark legacy, in truth the dragon army is led by his daughter and their battles are over her allowance. Lina agrees to help the ruler while Naga joins his daughter, Marlene. <br><br>\n(Source: ANN)", "startDate": {"year": 1998, "month": 8, "day": 1}, "endDate": {"year": 1998, "month": 8, "day": 1}, "season": "SUMMER", "episodes": 1, "duration": 60, "genres": ["Adventure", "Comedy", "Fantasy", "Supernatural"], "averageScore": 68, "trending": 0, "popularity": 998, "streamingEpisodes": [], "coverImage": {"large": "https://s3.anilist.co/media/anime/cover/medium/867.jpg", "medium": "https://s3.anilist.co/media/anime/cover/small/867.jpg"}, "bannerImage": null, "isAdult": false, "format": "MOVIE"}, {"id": 868, "title": {"romaji": "Slayers Great", "english": "Slayers Movie 3"}, "type": "ANIME", "status": "FINISHED", "description": "Laia Einburg wants for her father Galia, who is a talented golom maker, and her equally ambitious brother Huey to end a long running feud. But her luck changes for the worse when Lina Inverse and Naga the Serpent save Laia from a rampaging golem. <br><br>\n(Source: ANN)", "startDate": {"year": 1997, "month": 8, "day": 2}, "endDate": {"year": 1997, "month": 8, "day": 2}, "season": "SUMMER", "episodes": 1, "duration": 59, "genres": ["Adventure", "Comedy", "Fantasy"], "averageScore": 67, "trending": 0, "popularity": 1011, "streamingEpisodes": [], "coverImage": {"large": "https://s3.anilist.co/media/anime/cover/medium/868.jpg", "medium": "https://s3.anilist.co/media/anime/cover/small/868.jpg"}, "bannerImage": null, "isAdult": false, "format": "MOVIE"}, {"id": 869, "title": {"romaji": "Slayers Return", "english": "Slayers Movie 2"}, "type": "ANIME", "status": "FINISHED", "description": "The inhabitants of the village of Biaz, forced to labor in the serivce of the world-domination-happy Zein organization, hires Lina Inverse and Naga The Serpent to drive off the invaders. Lina and Naga agree, lured by stories of Elfin treasure sleeping below Biaz, only to get considerably more trouble -from the Zein and from the treasure - than they ever expected. <br><br>\n(Source: ANN)", "startDate": {"year": 1996, "month": 8, "day": 3}, "endDate": {"year": 1996, "month": 8, "day": 3}, "season": "SUMMER", "episodes": 1, "duration": 60, "genres": ["Adventure", "Comedy", "Fantasy"], "averageScore": 68, "trending": 0, "popularity": 1030, "streamingEpisodes": [], "coverImage": {"large": "https://s3.anilist.co/media/anime/cover/medium/869.jpg", "medium": "https://s3.anilist.co/media/anime/cover/small/869.jpg"}, "bannerImage": null, "isAdult": false, "format": "MOVIE"}, {"id": 870, "title": {"romaji": "Dragon Half", "english": null}, "type": "ANIME", "status": "FINISHED", "description": "Mink&mdash;the daughter of a dragon and a retired dragonslaying knight&mdash;sets out on a journey to get tickets for a concert held by Dick Saucer, world-famous teen idol and dragon hunter. Meanwhile, the corrupt king of the land is trying to take her hostage to get at her mother, and his magic-using daughter seeks to foil Mink's quest out of sheer spite. <br><br>\n(Source: ANN) ", "startDate": {"year": 1993, "month": 3, "day": 26}, "endDate": {"year": 1993, "month": 5, "day": 28}, "season": "SPRING", "episodes": 2, "duration": 30, "genres": ["Comedy", "Fantasy"], "averageScore": 63, "trending": 0, "popularity": 1089, "streamingEpisodes": [], "coverImage": {"large": "https://s3.anilist.co/media/anime/cover/medium/870.jpg", "medium": "https://s3.anilist.co/media/anime/cover/small/870.jpg"}, "bannerImage": null, "isAdult": false, "format": "OVA"}, {"id": 872, "title": {"romaji": "Mahou Shoujo Tai Arusu", "english": "Tweeny Witches"}, "type": "ANIME", "status": "FINISHED", "description": "Alice believes in magic. With all her heart, she believes that magic is possible and that it can be used for good deeds and fun games. But suddenly, she finds herself transported into another world, ruled by a mysterious elite of witches - and these witches don't seem to be in it for the fun. They're hard at work capturing sprites, the native magical beings of the world, and forcing them into slavery. Once Alice realizes that her new surroundings aren't just a dream, she sets out to change things. <br><br>\n(Source: ANN)", "startDate": {"year": 2004, "month": 4, "day": 9}, "endDate": {"year": 2005, "month": 3, "day": 4}, "season": "SPRING", "episodes": 40, "duration": 9, "genres": ["Adventure", "Comedy", "Fantasy"], "averageScore": 65, "trending": 0, "popularity": 2228, "streamingEpisodes": [], "coverImage": {"large": "https://s3.anilist.co/media/anime/cover/medium/872-btNN45wUVChE.jpg", "medium": "https://s3.anilist.co/media/anime/cover/small/872-btNN45wUVChE.jpg"}, "bannerImage": "https://s3.anilist.co/media/anime/banner/872-l4LGoKGrRPOG.jpg", "isAdult": false, "format": "TV_SHORT"}, {"id": 873, "title": {"romaji": ".hack//Roots", "english": null}, "type": "ANIME", "status": "FINISHED", "description": "After the destruction of \"The World\" in 2015, CC Corporation rebuilt the game using data from what was previously to be another game. \"The World R:2\" was then released in 2016. A newcomer to the game, Haseo, is instantly PKed and then revived by a mysterious man known as Ovan. With the problem of PKs occupying the game, Haseo soon after receives help from a female Harvest known as Shino. Amidst curiosity and confusion, Haseo is lead to joining the guild known as the Twilight Brigade. The guild that searches for the legendary object known as the \"Key of the Twilight\". Set before the .hack//G.U. game.", "startDate": {"year": 2006, "month": 4, "day": 6}, "endDate": {"year": 2006, "month": 9, "day": 28}, "season": "SPRING", "episodes": 26, "duration": 24, "genres": ["Adventure", "Drama", "Fantasy", "Sci-Fi"], "averageScore": 64, "trending": 0, "popularity": 3446, "streamingEpisodes": [], "coverImage": {"large": "https://s3.anilist.co/media/anime/cover/medium/873.jpg", "medium": "https://s3.anilist.co/media/anime/cover/small/873.jpg"}, "bannerImage": null, "isAdult": false, "format": "TV"}, {"id": 874, "title": {"romaji": "Digimon Tamers", "english": null}, "type": "ANIME", "status": "FINISHED", "description": "Takato Matsuda, Ruki Matsuno, and Lee Jenrya are children who have, by fate, recieved real Digimon, unlike the imaginary ones in the card game they play. Each of the children, or \"Digimon Tamers\", have their different views on how Digimon should be treated. But when other Digimon begin to appear around Japan, they must put aside their differences to fend off the digital intruders; even though Yamaki, who is the head of a secret organization called Hypnos is trying to eliminate all of the Digimon himself. <br><br>\r\n(Source: ANN)", "startDate": {"year": 2001, "month": 4, "day": 1}, "endDate": {"year": 2002, "month": 3, "day": 31}, "season": "SPRING", "episodes": 51, "duration": 25, "genres": ["Adventure", "Comedy", "Drama", "Fantasy"], "averageScore": 73, "trending": 0, "popularity": 7816, "streamingEpisodes": [{"title": "Episode 1 - Guilmon Comes Alive", "url": "http://www.crunchyroll.com/digimon-tamers/episode-1-guilmon-comes-alive-679977"}, {"title": "Episode 2 - Digimon, Digimon Everywhere", "url": "http://www.crunchyroll.com/digimon-tamers/episode-2-digimon-digimon-everywhere-679979"}, {"title": "Episode 3 - To Fight or Not to Fight", "url": "http://www.crunchyroll.com/digimon-tamers/episode-3-to-fight-or-not-to-fight-679981"}, {"title": "Episode 4 - It Came From the Other Side", "url": "http://www.crunchyroll.com/digimon-tamers/episode-4-it-came-from-the-other-side-679983"}, {"title": "Episode 5 - Dream a Little Dream", "url": "http://www.crunchyroll.com/digimon-tamers/episode-5-dream-a-little-dream-679985"}, {"title": "Episode 6 - O Partner, Where Art Thou?", "url": "http://www.crunchyroll.com/digimon-tamers/episode-6-o-partner-where-art-thou-679987"}, {"title": "Episode 7 - Now You See It, Now You Don't", "url": "http://www.crunchyroll.com/digimon-tamers/episode-7-now-you-see-it-now-you-dont-679989"}, {"title": "Episode 8 - A Question of Trust", "url": "http://www.crunchyroll.com/digimon-tamers/episode-8-a-question-of-trust-679991"}, {"title": "Episode 9 - Not As Seen on TV", "url": "http://www.crunchyroll.com/digimon-tamers/episode-9-not-as-seen-on-tv-679993"}, {"title": "Episode 10 - The Icemon Cometh", "url": "http://www.crunchyroll.com/digimon-tamers/episode-10-the-icemon-cometh-679995"}, {"title": "Episode 11 - Much Ado About Musyamon", "url": "http://www.crunchyroll.com/digimon-tamers/episode-11-much-ado-about-musyamon-679997"}, {"title": "Episode 12 - Divided They Stand", "url": "http://www.crunchyroll.com/digimon-tamers/episode-12-divided-they-stand-679999"}, {"title": "Episode 13 - Juggernaut", "url": "http://www.crunchyroll.com/digimon-tamers/episode-13-juggernaut-680001"}, {"title": "Episode 14 - Grow Mon Grow", "url": "http://www.crunchyroll.com/digimon-tamers/episode-14-grow-mon-grow-680003"}, {"title": "Episode 15 - Snakes, Trains, and Digimon", "url": "http://www.crunchyroll.com/digimon-tamers/episode-15-snakes-trains-and-digimon-680561"}, {"title": "Episode 16 - Back to Nature, Back to Battle", "url": "http://www.crunchyroll.com/digimon-tamers/episode-16-back-to-nature-back-to-battle-680005"}, {"title": "Episode 17 - Duel with the Deva", "url": "http://www.crunchyroll.com/digimon-tamers/episode-17-duel-with-the-deva-680007"}, {"title": "Episode 18 - Digital Beauty", "url": "http://www.crunchyroll.com/digimon-tamers/episode-18-digital-beauty-680009"}, {"title": "Episode 19 - Impmon's Last Stand", "url": "http://www.crunchyroll.com/digimon-tamers/episode-19-impmons-last-stand-680011"}, {"title": "Episode 20 - Out of the Blue", "url": "http://www.crunchyroll.com/digimon-tamers/episode-20-out-of-the-blue-680013"}, {"title": "Episode 21 - Jeri's Quest", "url": "http://www.crunchyroll.com/digimon-tamers/episode-21-jeris-quest-680015"}, {"title": "Episode 22 - The Boar Wars", "url": "http://www.crunchyroll.com/digimon-tamers/episode-22-the-boar-wars-680017"}, {"title": "Episode 23 - A World Apart", "url": "http://www.crunchyroll.com/digimon-tamers/episode-23-a-world-apart-680019"}, {"title": "Episode 24 - The Journey Begins", "url": "http://www.crunchyroll.com/digimon-tamers/episode-24-the-journey-begins-680021"}, {"title": "Episode 25 - Brave New Digital World", "url": "http://www.crunchyroll.com/digimon-tamers/episode-25-brave-new-digital-world-680025"}, {"title": "Episode 26 - Kazu and Kenta's Excellent Adventure", "url": "http://www.crunchyroll.com/digimon-tamers/episode-26-kazu-and-kentas-excellent-adventure-680023"}, {"title": "Episode 27 - Motorcycle Madness", "url": "http://www.crunchyroll.com/digimon-tamers/episode-27-motorcycle-madness-680027"}, {"title": "Episode 28 - Blame it on Ryo", "url": "http://www.crunchyroll.com/digimon-tamers/episode-28-blame-it-on-ryo-680029"}, {"title": "Episode 29 - Goliath", "url": "http://www.crunchyroll.com/digimon-tamers/episode-29-goliath-680031"}, {"title": "Episode 30 - The Imperfect Storm", "url": "http://www.crunchyroll.com/digimon-tamers/episode-30-the-imperfect-storm-680033"}, {"title": "Episode 31 - Kazu's Upgrade", "url": "http://www.crunchyroll.com/digimon-tamers/episode-31-kazus-upgrade-680035"}, {"title": "Episode 32 - Shibumi Speaks", "url": "http://www.crunchyroll.com/digimon-tamers/episode-32-shibumi-speaks-680037"}, {"title": "Episode 33 - Rabbit Transit", "url": "http://www.crunchyroll.com/digimon-tamers/episode-33-rabbit-transit-680039"}, {"title": "Episode 34 - Lionheart", "url": "http://www.crunchyroll.com/digimon-tamers/episode-34-lionheart-680041"}, {"title": "Episode 35 - Give a Little Bit", "url": "http://www.crunchyroll.com/digimon-tamers/episode-35-give-a-little-bit-680557"}, {"title": "Episode 36 - The Battle Within", "url": "http://www.crunchyroll.com/digimon-tamers/episode-36-the-battle-within-680559"}, {"title": "Episode 37 - No Mon Is An Island", "url": "http://www.crunchyroll.com/digimon-tamers/episode-37-no-mon-is-an-island-680043"}, {"title": "Episode 38 - Azulongmon Explains It All", "url": "http://www.crunchyroll.com/digimon-tamers/episode-38-azulongmon-explains-it-all-680045"}, {"title": "Episode 39 - Song of Sakuyamon", "url": "http://www.crunchyroll.com/digimon-tamers/episode-39-song-of-sakuyamon-680047"}, {"title": "Episode 40 - Janyu's Ark", "url": "http://www.crunchyroll.com/digimon-tamers/episode-40-janyus-ark-680049"}, {"title": "Episode 41 - Homeward Bound", "url": "http://www.crunchyroll.com/digimon-tamers/episode-41-homeward-bound-680051"}, {"title": "Episode 42 - Reunion", "url": "http://www.crunchyroll.com/digimon-tamers/episode-42-reunion-680053"}, {"title": "Episode 43 - Beezlemon's Big Day", "url": "http://www.crunchyroll.com/digimon-tamers/episode-43-beezlemons-big-day-680055"}, {"title": "Episode 44 - The Messenger", "url": "http://www.crunchyroll.com/digimon-tamers/episode-44-the-messenger-680057"}, {"title": "Episode 45 - The D-Reaper's Disguise", "url": "http://www.crunchyroll.com/digimon-tamers/episode-45-the-d-reapers-disguise-680059"}, {"title": "Episode 46 - When Is A Mon Justimon", "url": "http://www.crunchyroll.com/digimon-tamers/episode-46-when-is-a-mon-justimon-680061"}, {"title": "Episode 47 - His Kingdom For A Horse", "url": "http://www.crunchyroll.com/digimon-tamers/episode-47-his-kingdom-for-a-horse-680063"}, {"title": "Episode 48 - Shadow of the Beast King", "url": "http://www.crunchyroll.com/digimon-tamers/episode-48-shadow-of-the-beast-king-680065"}, {"title": "Episode 49 - D-Reaper's Feast", "url": "http://www.crunchyroll.com/digimon-tamers/episode-49-d-reapers-feast-680067"}, {"title": "Episode 50 - Jeri Fights Back", "url": "http://www.crunchyroll.com/digimon-tamers/episode-50-jeri-fights-back-680069"}, {"title": "Episode 51 - Such Sweet Sorrow", "url": "http://www.crunchyroll.com/digimon-tamers/episode-51-such-sweet-sorrow-680071"}], "coverImage": {"large": "https://s3.anilist.co/media/anime/cover/medium/874-wJAeOR3nlQM7.jpg", "medium": "https://s3.anilist.co/media/anime/cover/small/874-wJAeOR3nlQM7.jpg"}, "bannerImage": "https://s3.anilist.co/media/anime/banner/874-BiWJF3CMte3m.jpg", "isAdult": false, "format": "TV"}, {"id": 875, "title": {"romaji": "Mind Game", "english": null}, "type": "ANIME", "status": "FINISHED", "description": "Nishi has always loved Myon since they were little. And now as adults, he wants to pursue his dream of becoming a manga artist and marrying his childhood sweetheart. There's one problem, though. She's already been proposed to and she thinks Nishi is too much of a wimp. But upon meeting the fianc&eacute; while at her family's diner and accepting him as a good guy, they encounter a couple Yakuza (Japanese mafia), only to have Nishi grasp a certain revelation. And, with his newly aquired look on life, adventures abound as he, Myon, and her sister Yan escape the Yakuza into a most unlikely location where they meet an old man...<br><br>\n(Source: ANN)", "startDate": {"year": 2004, "month": 8, "day": 7}, "endDate": {"year": 2004, "month": 8, "day": 7}, "season": "SUMMER", "episodes": 1, "duration": 104, "genres": ["Adventure", "Comedy", "Psychological", "Romance"], "averageScore": 74, "trending": 0, "popularity": 4782, "streamingEpisodes": [], "coverImage": {"large": "https://s3.anilist.co/media/anime/cover/medium/875-r5V2EqHZ3FyS.jpg", "medium": "https://s3.anilist.co/media/anime/cover/small/875-r5V2EqHZ3FyS.jpg"}, "bannerImage": "https://s3.anilist.co/media/anime/banner/875-yXbiRS7ayxlG.jpg", "isAdult": false, "format": "MOVIE"}, {"id": 876, "title": {"romaji": "Street Fighter II V", "english": null}, "type": "ANIME", "status": "FINISHED", "description": "Ryu and Ken Masters are close friends and both are martial artists. In order to become better fighters and learn new techniques, they travel the world and are exposed to many different fighting styles, as well as meeting new people. During their journey, they find themselves caught up in a conspiracy perpetrated by a mysterious organisation called Shadowlaw, both now face their ultimate challenge and must fight for their lives as they combat the evil M. Bison. <br><br>\n(Source: ANN)", "startDate": {"year": 1995, "month": 4, "day": 10}, "endDate": {"year": 1995, "month": 11, "day": 27}, "season": "SPRING", "episodes": 29, "duration": 24, "genres": ["Adventure", "Drama", "Mystery"], "averageScore": 64, "trending": 0, "popularity": 948, "streamingEpisodes": [], "coverImage": {"large": "https://s3.anilist.co/media/anime/cover/medium/876.jpg", "medium": "https://s3.anilist.co/media/anime/cover/small/876.jpg"}, "bannerImage": null, "isAdult": false, "format": "TV"}, {"id": 877, "title": {"romaji": "Nana", "english": "Nana"}, "type": "ANIME", "status": "FINISHED", "description": "Komatsu Nana moves to Tokyo, following after her boyfriend Shouji to gain a life she has always dreamed of. On a train bound for Tokyo, she meets Osaki Nana, the vocalist for the punk rock band \"Blast\", also moving to Tokyo to achieve her dreams of becoming a professional. Sharing the same name, the two of them perhaps through a twist of fate, ended up becoming flat mates in Tokyo, where together they support each other through each of their love lives and careers.", "startDate": {"year": 2006, "month": 4, "day": 5}, "endDate": {"year": 2007, "month": 3, "day": 28}, "season": "SPRING", "episodes": 47, "duration": 23, "genres": ["Comedy", "Drama", "Music", "Romance", "Slice of Life"], "averageScore": 81, "trending": 1, "popularity": 14448, "streamingEpisodes": [], "coverImage": {"large": "https://s3.anilist.co/media/anime/cover/medium/877.jpg", "medium": "https://s3.anilist.co/media/anime/cover/small/877.jpg"}, "bannerImage": "https://s3.anilist.co/media/anime/banner/877-5yVMHXHApFzf.jpg", "isAdult": false, "format": "TV"}, {"id": 878, "title": {"romaji": "Zegapain", "english": "Zegapain"}, "type": "ANIME", "status": "FINISHED", "description": "Kyo, an avid swimmer tries his best to keep the high school swimming club going, which is pretty hard when he's the only member. Facing the prospect of the club being closed by the student council, he tries to enlist beautiful Misaki to act in a promo video, shot by his good friend Ryoko, in a bid to start a recruitment drive. She agrees but only if he pilots a mecha under the wing of Celebrum, a resistance organisation fighting to destroy Deutera Areas formed on Earth by the aliens Gards-orm. He agrees but finds it all strangely familiar as if he's done it before...<br><br>\n(Source: ANN)", "startDate": {"year": 2006, "month": 4, "day": 6}, "endDate": {"year": 2006, "month": 9, "day": 28}, "season": "SPRING", "episodes": 26, "duration": 23, "genres": ["Action", "Mecha", "Romance", "Sci-Fi"], "averageScore": 70, "trending": 0, "popularity": 2460, "streamingEpisodes": [], "coverImage": {"large": "https://s3.anilist.co/media/anime/cover/medium/878.jpg", "medium": "https://s3.anilist.co/media/anime/cover/small/878.jpg"}, "bannerImage": "https://s3.anilist.co/media/anime/banner/878-LJuR16xu7vVs.jpg", "isAdult": false, "format": "TV"}, {"id": 879, "title": {"romaji": "Simoun", "english": null}, "type": "ANIME", "status": "FINISHED", "description": "In the peaceful theocracy of Simulicram, everyone is born female. At age 19, each maiden undergoes a special ceremony where she chooses her sex. However, only Pairs of maiden priestesses can synchronize with the ancient flying ships known as Simoun needed to defend Simulicram. These Pairs refrain from undergoing the ceremony as long as they wish to keep piloting their Simoun.<br><br>\nAer is recruited to be a Simoun pilot after a terrifying attack by an enemy nation decimates the squadron known as Chor Tempest. To earn her wings she needs to find her way into the heart of Neviril, Regina of Chor Tempest. But Neviril's heart still belongs to her previous Pair, lost in the battle when she attempted a forbidden Simoun maneuver.<br><br>\n(Source: Media Blasters) ", "startDate": {"year": 2006, "month": 4, "day": 3}, "endDate": {"year": 2006, "month": 9, "day": 25}, "season": "SPRING", "episodes": 26, "duration": 23, "genres": ["Drama", "Romance"], "averageScore": 70, "trending": 0, "popularity": 3022, "streamingEpisodes": [], "coverImage": {"large": "https://s3.anilist.co/media/anime/cover/medium/879.jpg", "medium": "https://s3.anilist.co/media/anime/cover/small/879.jpg"}, "bannerImage": "https://s3.anilist.co/media/anime/banner/879-87TegB6ZPbJE.jpg", "isAdult": false, "format": "TV"}, {"id": 880, "title": {"romaji": "Aa! Megami-sama!: Sorezore no Tsubasa", "english": "Oh! My Goddess: Flights of Fancy"}, "type": "ANIME", "status": "FINISHED", "description": "One year after goddess Belldandy emerged from Keiichi Morisato's mirror and promised to stay with him forever, a new threat to their happiness emerges, one that could end the contract between Belldandy and Keiichi. <br>", "startDate": {"year": 2006, "month": 4, "day": 7}, "endDate": {"year": 2006, "month": 9, "day": 15}, "season": "SPRING", "episodes": 22, "duration": 24, "genres": ["Comedy", "Romance", "Supernatural"], "averageScore": 72, "trending": 0, "popularity": 2806, "streamingEpisodes": [], "coverImage": {"large": "https://s3.anilist.co/media/anime/cover/medium/880.jpg", "medium": "https://s3.anilist.co/media/anime/cover/small/880.jpg"}, "bannerImage": null, "isAdult": false, "format": "TV"}, {"id": 881, "title": {"romaji": "Green Green OVA", "english": null}, "type": "ANIME", "status": "FINISHED", "description": "Hanaoka high school is an all girls' school, and the girls were pretty excited when they heard that boys were admitted into their high school. Smart and elegant boys, that's in their fantasy. However, in reality, the boys who were actually admitted are from the countryside and not smart at all, leave alone being elegant. And in fact, two of them are dirty perverts...<br>", "startDate": {"year": 2002, "month": 12, "day": 20}, "endDate": {"year": 2002, "month": 12, "day": 20}, "season": "WINTER", "episodes": 1, "duration": 27, "genres": ["Comedy", "Ecchi", "Romance"], "averageScore": 53, "trending": 0, "popularity": 1360, "streamingEpisodes": [], "coverImage": {"large": "https://s3.anilist.co/media/anime/cover/medium/881.jpg", "medium": "https://s3.anilist.co/media/anime/cover/small/881.jpg"}, "bannerImage": null, "isAdult": false, "format": "OVA"}, {"id": 882, "title": {"romaji": "Yu Yu Hakusho: The Golden Seal", "english": "Yu Yu Hakusho: The Movie"}, "type": "ANIME", "status": "FINISHED", "description": "Yusuke Urameshi is not exactly what you'd call an angel. In fact, some might call him down right devilish. But when he dies in an accident trying to save a child, he finds himself in the Spirit World. Unfortunately for Yusuke, his name is not listed in the Book of Enma, which means it was one big mistake! So he should return from the Spirit World, but must pass a few tests first, and become a detective of the spiritual world.<br><br>\nSo now Yusuke works in the Spirit World as a half-dead, half-alive agent for Koenma, son of the ruler of the Spirit World. This position does have its disadvantages, especially when you're trying to enjoy your summer vacation and Koenma gets kidnapped! So now Yusuke must interrupt his summer fun to find Koenma and trade the Golden Seal of King Enma for his life. But if someone other then King Enma has the Golden Seal there will be chaos in the Spirit World! What's a half-dead spirit detective to do?<br><br>\nWith the aide of his closest allies, Yusuke sets off for Magma Valley, to save the life of the one who saved his, and find out who's at the bottom of this evil conspiracy.<br><br>\n(Source: AnimeNfo)", "startDate": {"year": 1993, "month": 7, "day": 10}, "endDate": {"year": 1993, "month": 7, "day": 10}, "season": "SUMMER", "episodes": 1, "duration": 30, "genres": ["Action", "Adventure", "Comedy"], "averageScore": 63, "trending": 0, "popularity": 1264, "streamingEpisodes": [], "coverImage": {"large": "https://s3.anilist.co/media/anime/cover/medium/882-Y2vedfQeYKyY.png", "medium": "https://s3.anilist.co/media/anime/cover/small/882-Y2vedfQeYKyY.png"}, "bannerImage": null, "isAdult": false, "format": "MOVIE"}, {"id": 883, "title": {"romaji": "Yu Yu Hakusho: Meikai Shitou Hen - Honoo no Kizuna", "english": "Yu Yu Hakusho: The Movie - Poltergeist Report"}, "type": "ANIME", "status": "FINISHED", "description": "Millennia ago, a war was fought between the Netherworld and the Spirit World. Ultimately, the Netherworld was destroyed and Lord Yakumo, the King of the Netherworld, was banished to the depths of space. Now, five defenders from the Spirit World must team-up against Yakumo's Demon-Gods for possesion of five, mystical sites. But Lord Yakumo is dangerously close to reclaiming the Power Sphere - the source of the Netherworld's energy - and once it is again in his possession, our world will become the new Netherworld.<br><br>\r\n(Source: AniDB)", "startDate": {"year": 1994, "month": 4, "day": 9}, "endDate": {"year": 1994, "month": 4, "day": 9}, "season": "SPRING", "episodes": 1, "duration": 90, "genres": ["Action", "Comedy"], "averageScore": 67, "trending": 0, "popularity": 1323, "streamingEpisodes": [], "coverImage": {"large": "https://s3.anilist.co/media/anime/cover/medium/883.jpg", "medium": "https://s3.anilist.co/media/anime/cover/small/883.jpg"}, "bannerImage": null, "isAdult": false, "format": "MOVIE"}]}}}