{"data": {"Page": {"pageInfo": {"total": 12298, "hasNextPage": true}, "media": [{"id": 103746, "title": {"romaji": "Balgwanghaneun Hyeondaesa", "english": null}, "type": "ANIME", "status": "FINISHED", "description": "\"I can't finish you...\"\n<br><br>\nThere's a man named Hyeon-dae who has sex and a woman named Min-joo who loves!\n<br><br>\n32-year-old man Hyeon-dae is a part-time illustration instructor. He looks like he has a normal life but he suffers from his endless sexual desires and emptiness.\n<br><br>\n27-year-old Min-joo is a traffic reporter. She always greets people with a bright smile everyday but she's smudged with pain and betrayal.\n<br><br>\nThey have been seeing each other for 2 years but Hyeon-dae's marriage ended things. However, they crave each other without realizing it. They are confusing sex with love and the world is a confusing place. What do they desire?\n<br><br>\n(Source: HanCinema)", "startDate": {"year": 2014, "month": null, "day": null}, "endDate": {"year": 2014, "month": null, "day": null}, "season": null, "episodes": 1, "duration": 239, "genres": ["Drama"], "averageScore": null, "trending": 0, "popularity": 17, "streamingEpisodes": [], "coverImage": {"large": "https://s3.anilist.co/media/anime/cover/medium/103746-U6qritLYyKkl.jpg", "medium": "https://s3.anilist.co/media/anime/cover/small/103746-U6qritLYyKkl.jpg"}, "bannerImage": null, "isAdult": false, "format": "MOVIE"}, {"id": 103747, "title": {"romaji": "Oppai ga Ippai", "english": null}, "type": "ANIME", "status": "FINISHED", "description": "Music video for the song Oppai ga Ippai by Kana Bunke (\u3076\u3093\u3051\u304b\u306a) that was featured on the Fuji TV's show \"Hirake! Ponkikki.\"", "startDate": {"year": 1984, "month": null, "day": null}, "endDate": {"year": 1984, "month": null, "day": null}, "season": null, "episodes": 1, "duration": 2, "genres": ["Music"], "averageScore": null, "trending": 0, "popularity": 11, "streamingEpisodes": [], "coverImage": {"large": "https://s3.anilist.co/media/anime/cover/medium/103747-reL9XMUwijQe.jpg", "medium": "https://s3.anilist.co/media/anime/cover/small/103747-reL9XMUwijQe.jpg"}, "bannerImage": null, "isAdult": false, "format": "MUSIC"}, {"id": 103748, "title": {"romaji": "Tick Tock", "english": null}, "type": "ANIME", "status": "FINISHED", "description": "An official music video for the song Tick Tock from the [MARU-108] Pollarstars - Final Frontier release by the band \"Pollarstars\".", "startDate": {"year": 2012, "month": 7, "day": 25}, "endDate": {"year": 2012, "month": 7, "day": 25}, "season": null, "episodes": 1, "duration": 2, "genres": ["Music"], "averageScore": null, "trending": 0, "popularity": 11, "streamingEpisodes": [], "coverImage": {"large": "https://s3.anilist.co/media/anime/cover/medium/103748-970Xki2krymP.jpg", "medium": "https://s3.anilist.co/media/anime/cover/small/103748-970Xki2krymP.jpg"}, "bannerImage": null, "isAdult": false, "format": "MUSIC"}, {"id": 103749, "title": {"romaji": "Natsu no Ginkei", "english": null}, "type": "ANIME", "status": "FINISHED", "description": "A music video for the Aobouzu song \"Natsu no Ginkei\".", "startDate": {"year": 2014, "month": 10, "day": 9}, "endDate": {"year": 2014, "month": 10, "day": 9}, "season": null, "episodes": 1, "duration": 6, "genres": ["Music"], "averageScore": null, "trending": 0, "popularity": 8, "streamingEpisodes": [], "coverImage": {"large": "https://s3.anilist.co/media/anime/cover/medium/103749-RREB9HdP8fWg.jpg", "medium": "https://s3.anilist.co/media/anime/cover/small/103749-RREB9HdP8fWg.jpg"}, "bannerImage": null, "isAdult": false, "format": "MUSIC"}, {"id": 103750, "title": {"romaji": "Jikkyou Chuukei", "english": null}, "type": "ANIME", "status": "FINISHED", "description": "Official music video for Radwimps' Jikkyou Chuukei song.", "startDate": {"year": 2014, "month": 2, "day": 4}, "endDate": {"year": 2014, "month": 2, "day": 4}, "season": null, "episodes": 1, "duration": 5, "genres": ["Music"], "averageScore": null, "trending": 0, "popularity": 10, "streamingEpisodes": [], "coverImage": {"large": "https://s3.anilist.co/media/anime/cover/medium/103750-1O9dcAFssd6m.jpg", "medium": "https://s3.anilist.co/media/anime/cover/small/103750-1O9dcAFssd6m.jpg"}, "bannerImage": null, "isAdult": false, "format": "MUSIC"}, {"id": 103751, "title": {"romaji": "Sora wa Koko ni Aru", "english": null}, "type": "ANIME", "status": "FINISHED", "description": "An animated music video for the song \"Sora wa Koko ni Aru\" by Ai Kawashima.\n<br><br>\nThe video was released on a limited edition DVD sold with her 22nd single.\n<br><br>\n(Source: MAL)", "startDate": {"year": 2014, "month": 1, "day": 17}, "endDate": {"year": 2014, "month": 1, "day": 17}, "season": null, "episodes": 1, "duration": 5, "genres": ["Music"], "averageScore": null, "trending": 0, "popularity": 13, "streamingEpisodes": [], "coverImage": {"large": "https://s3.anilist.co/media/anime/cover/medium/103751-IE6okzicibMW.jpg", "medium": "https://s3.anilist.co/media/anime/cover/small/103751-IE6okzicibMW.jpg"}, "bannerImage": null, "isAdult": false, "format": "MUSIC"}, {"id": 103752, "title": {"romaji": "Chou Akuukan Bouheki Cheese Napolitan", "english": null}, "type": "ANIME", "status": "FINISHED", "description": "GMO Internet's full 3D CG two-minute anime special featuring its two female mascots. The video features the image song \"Up To You\" by Maaya Uchida and Sumire Uesaka.\n<br><br>\n(Source: ANN)", "startDate": {"year": 2013, "month": 12, "day": 29}, "endDate": {"year": 2013, "month": 12, "day": 29}, "season": null, "episodes": 1, "duration": 2, "genres": ["Music"], "averageScore": null, "trending": 0, "popularity": 27, "streamingEpisodes": [], "coverImage": {"large": "https://s3.anilist.co/media/anime/cover/medium/103752-QVrVET0HtxvK.jpg", "medium": "https://s3.anilist.co/media/anime/cover/small/103752-QVrVET0HtxvK.jpg"}, "bannerImage": null, "isAdult": false, "format": "ONA"}, {"id": 103753, "title": {"romaji": "Shinsatsushitsu", "english": "Consultation Room"}, "type": "ANIME", "status": "FINISHED", "description": "In Kei Oyama's grim Consultation Room, a medical diagnosis triggers a wave of traumatic fantasies, portrayed in greyish pencil drawings that waver as if left out for too long in the rain.\n<br><br>\n(Source: Sydney Morning Herald)", "startDate": {"year": 2005, "month": null, "day": null}, "endDate": {"year": 2005, "month": null, "day": null}, "season": null, "episodes": 1, "duration": 8, "genres": ["Horror"], "averageScore": null, "trending": 0, "popularity": 39, "streamingEpisodes": [], "coverImage": {"large": "https://s3.anilist.co/media/anime/cover/medium/103753-FGB4OGPUuisW.jpg", "medium": "https://s3.anilist.co/media/anime/cover/small/103753-FGB4OGPUuisW.jpg"}, "bannerImage": null, "isAdult": false, "format": "MOVIE"}, {"id": 103754, "title": {"romaji": "Hello Kagerou", "english": null}, "type": "ANIME", "status": "FINISHED", "description": "Official music video for GReeeeN's 31st single Hello Kagerou released on February 7, 2018. A shortened version of the music video was posted on GReeeeN's official YouTube channel on January 11, 2018 to promote the full release as well as several campaigns as the song itself is the official relay theme song for Fuji TV's broadcast of the 2018 Pyeongchang Olympics.\n<br><br>\n(Source: MAL)", "startDate": {"year": 2018, "month": 2, "day": 7}, "endDate": {"year": 2018, "month": 2, "day": 7}, "season": null, "episodes": 1, "duration": 4, "genres": ["Music"], "averageScore": null, "trending": 0, "popularity": 18, "streamingEpisodes": [], "coverImage": {"large": "https://s3.anilist.co/media/anime/cover/medium/103754-iEkyGZ1cnVdE.jpg", "medium": "https://s3.anilist.co/media/anime/cover/small/103754-iEkyGZ1cnVdE.jpg"}, "bannerImage": null, "isAdult": false, "format": "MUSIC"}, {"id": 103755, "title": {"romaji": "Katasumi no Uroko", "english": "Scutes on my Mind"}, "type": "ANIME", "status": "FINISHED", "description": "The scutes glisten in the corner of her mind and she starts to dig her memories up. What was like the museum director she encountered when she was lost?\n<br><br>\nGraduate Work 2015 by Megumi Ishitani, Tokyo University of the Arts, Graduate School of Film and New Media, Department of Animation.\n<br><br>\n(Source: Geidai Animation)", "startDate": {"year": 2016, "month": 2, "day": 26}, "endDate": {"year": 2016, "month": 2, "day": 26}, "season": null, "episodes": 1, "duration": 9, "genres": ["Adventure", "Drama", "Fantasy"], "averageScore": null, "trending": 0, "popularity": 16, "streamingEpisodes": [], "coverImage": {"large": "https://s3.anilist.co/media/anime/cover/medium/103755-s1jdEeW1ZeJs.jpg", "medium": "https://s3.anilist.co/media/anime/cover/small/103755-s1jdEeW1ZeJs.jpg"}, "bannerImage": null, "isAdult": false, "format": "ONA"}, {"id": 103756, "title": {"romaji": "The Legend of Huainanzi 2nd Season", "english": null}, "type": "ANIME", "status": "FINISHED", "description": "Second season of The Legend of Huainanzi.", "startDate": {"year": 2014, "month": 3, "day": 3}, "endDate": {"year": 2014, "month": 3, "day": 3}, "season": null, "episodes": 26, "duration": 22, "genres": ["Adventure", "Fantasy"], "averageScore": null, "trending": 0, "popularity": 5, "streamingEpisodes": [], "coverImage": {"large": "https://s3.anilist.co/media/anime/cover/medium/103756-w2EJdd30utSC.jpg", "medium": "https://s3.anilist.co/media/anime/cover/small/103756-w2EJdd30utSC.jpg"}, "bannerImage": null, "isAdult": false, "format": "TV"}, {"id": 103757, "title": {"romaji": "The Legend of Huainanzi", "english": null}, "type": "ANIME", "status": "FINISHED", "description": "During the ancient Western Han dynasty (206BC-9AD), a series of disasters caused by occult phenomena swept across the entire world. Huainanzi, the mysterious Chinese book bound in bamboo, was ripped apart and sent through time to different historical junctures. The book pieces were transformed into various objects, waiting to be rediscovered.\n<br><br>\nA hundred years later, a young man, named Hong Lie, lifts up the burden to collect the missing pieces of the ancient bamboo book. With the help of Ba Gong and his friends going through the Gate of 24 Solar Terms, Hong Lie travels through dynasties to search for the lost pieces.\n<br><br>\nIn his adventure, Hong Lie and his loyal friends, Ji Ming and Gou Tiao, experienced the greatness of the ancient legends, appreciating the wisdom of the ancestors from Chun Qiu Period, and witnessed all the weird things happening among ordinary people. Warmth and coldness, sadness and happiness, separation and reunion, stories led him to the great world in the book Huainanzi. Through exciting adventures, he also made lifelong friends. In this special way, Hong Lie communicated with ancestors and started to see the principle of world, realizing that obeying the laws of nature and being in harmony with the environment was the right thing to do. A simple collecting journey slowly became a challenging trip for him to go on with his family mission, and inherit the ancestor\u2019s spirit.\n<br>\n(Source: Wikipedia)", "startDate": {"year": 2012, "month": 4, "day": 23}, "endDate": {"year": 2012, "month": null, "day": null}, "season": null, "episodes": 26, "duration": 22, "genres": ["Adventure", "Fantasy"], "averageScore": null, "trending": 0, "popularity": 8, "streamingEpisodes": [], "coverImage": {"large": "https://s3.anilist.co/media/anime/cover/medium/103757-96DnGMnmqwku.jpg", "medium": "https://s3.anilist.co/media/anime/cover/small/103757-96DnGMnmqwku.jpg"}, "bannerImage": null, "isAdult": false, "format": "TV"}, {"id": 103758, "title": {"romaji": "Aoki Seimei Hoken", "english": null}, "type": "ANIME", "status": null, "description": "TV commercial of Aoki life insurance company.", "startDate": {"year": 2006, "month": null, "day": null}, "endDate": {"year": 2006, "month": null, "day": null}, "season": null, "episodes": 1, "duration": 1, "genres": ["Comedy"], "averageScore": null, "trending": 0, "popularity": 13, "streamingEpisodes": [], "coverImage": {"large": "https://s3.anilist.co/media/anime/cover/medium/103758-iVibkI0maaN4.jpg", "medium": "https://s3.anilist.co/media/anime/cover/small/103758-iVibkI0maaN4.jpg"}, "bannerImage": null, "isAdult": false, "format": "SPECIAL"}, {"id": 103759, "title": {"romaji": "9", "english": null}, "type": "ANIME", "status": "FINISHED", "description": "Official music video for group_inou's song 9 also released on their \"music station\" album.", "startDate": {"year": 2013, "month": 12, "day": 20}, "endDate": {"year": 2013, "month": 12, "day": 20}, "season": null, "episodes": 1, "duration": 4, "genres": ["Music"], "averageScore": null, "trending": 0, "popularity": 14, "streamingEpisodes": [], "coverImage": {"large": "https://s3.anilist.co/media/anime/cover/medium/nx103759-uUubCTtBejMY.jpg", "medium": "https://s3.anilist.co/media/anime/cover/small/nx103759-uUubCTtBejMY.jpg"}, "bannerImage": null, "isAdult": false, "format": "MUSIC"}, {"id": 103760, "title": {"romaji": "Halved", "english": null}, "type": "ANIME", "status": "FINISHED", "description": "A music video for VMO's song Halved feat Chip King(The Body) also released on their \"Catastrophic Anonymous\" album.", "startDate": {"year": 2016, "month": 4, "day": 21}, "endDate": {"year": 2016, "month": 4, "day": 21}, "season": null, "episodes": 1, "duration": 2, "genres": ["Music"], "averageScore": null, "trending": 0, "popularity": 11, "streamingEpisodes": [], "coverImage": {"large": "https://s3.anilist.co/media/anime/cover/medium/103760-l5whOZml407P.jpg", "medium": "https://s3.anilist.co/media/anime/cover/small/103760-l5whOZml407P.jpg"}, "bannerImage": null, "isAdult": false, "format": "MUSIC"}, {"id": 103761, "title": {"romaji": "Kyak Kyak Kyak Flamenco", "english": null}, "type": "ANIME", "status": "FINISHED", "description": "Official music for Kyak Kyak Kyak Flamenco written by Tatsunoko Pro founder, Tatsuo Yoshida, and performed by the band MIRChee.", "startDate": {"year": 2017, "month": null, "day": null}, "endDate": {"year": 2017, "month": null, "day": null}, "season": null, "episodes": 1, "duration": 3, "genres": ["Music"], "averageScore": null, "trending": 0, "popularity": 11, "streamingEpisodes": [], "coverImage": {"large": "https://s3.anilist.co/media/anime/cover/medium/103761-JK1r44ATHAeN.jpg", "medium": "https://s3.anilist.co/media/anime/cover/small/103761-JK1r44ATHAeN.jpg"}, "bannerImage": null, "isAdult": false, "format": "MUSIC"}, {"id": 103762, "title": {"romaji": "Original", "english": null}, "type": "ANIME", "status": "FINISHED", "description": "A music video for Aki Akane's song \"Original.\"", "startDate": {"year": 2014, "month": 5, "day": 18}, "endDate": {"year": 2014, "month": 5, "day": 18}, "season": null, "episodes": 1, "duration": 3, "genres": ["Music"], "averageScore": null, "trending": 0, "popularity": 14, "streamingEpisodes": [], "coverImage": {"large": "https://s3.anilist.co/media/anime/cover/medium/103762-HeAxKh9P8LCy.jpg", "medium": "https://s3.anilist.co/media/anime/cover/small/103762-HeAxKh9P8LCy.jpg"}, "bannerImage": null, "isAdult": false, "format": "MUSIC"}, {"id": 103763, "title": {"romaji": "Fruits 5 Shimai", "english": null}, "type": "ANIME", "status": "FINISHED", "description": "Minna no Uta clip about fruit sisters trying to decide who's the sweetest, with song by Momoiro Clover Z.", "startDate": {"year": 2016, "month": 10, "day": 1}, "endDate": {"year": 2016, "month": 10, "day": 1}, "season": null, "episodes": 1, "duration": 2, "genres": ["Music"], "averageScore": null, "trending": 0, "popularity": 9, "streamingEpisodes": [], "coverImage": {"large": "https://s3.anilist.co/media/anime/cover/medium/nx103763-6I2FDBgt0Vu1.jpg", "medium": "https://s3.anilist.co/media/anime/cover/small/nx103763-6I2FDBgt0Vu1.jpg"}, "bannerImage": null, "isAdult": false, "format": "MUSIC"}, {"id": 103764, "title": {"romaji": "Universal Mind", "english": null}, "type": "ANIME", "status": "FINISHED", "description": "A music video for Predawn's song \"Universal Mind.\"", "startDate": {"year": 2016, "month": 9, "day": 8}, "endDate": {"year": 2016, "month": 9, "day": 8}, "season": null, "episodes": 1, "duration": 4, "genres": ["Music"], "averageScore": null, "trending": 0, "popularity": 10, "streamingEpisodes": [], "coverImage": {"large": "https://s3.anilist.co/media/anime/cover/medium/103764-fLbd5MqvHGrT.jpg", "medium": "https://s3.anilist.co/media/anime/cover/small/103764-fLbd5MqvHGrT.jpg"}, "bannerImage": null, "isAdult": false, "format": "MUSIC"}, {"id": 103765, "title": {"romaji": "The Sun Sank", "english": null}, "type": "ANIME", "status": "FINISHED", "description": "A music video for LITE's song \"The Sun Sank.\"", "startDate": {"year": 2009, "month": 9, "day": 17}, "endDate": {"year": 2009, "month": 9, "day": 17}, "season": null, "episodes": 1, "duration": 5, "genres": ["Music"], "averageScore": null, "trending": 0, "popularity": 10, "streamingEpisodes": [], "coverImage": {"large": "https://s3.anilist.co/media/anime/cover/medium/103765-z6P9N9D9i6s6.jpg", "medium": "https://s3.anilist.co/media/anime/cover/small/103765-z6P9N9D9i6s6.jpg"}, "bannerImage": null, "isAdult": false, "format": "MUSIC"}, {"id": 103766, "title": {"romaji": "Hunger", "english": null}, "type": "ANIME", "status": "FINISHED", "description": "The music video for Lite's song \"Hunger\".", "startDate": {"year": 2014, "month": 1, "day": 14}, "endDate": {"year": 2014, "month": 1, "day": 14}, "season": null, "episodes": 1, "duration": 4, "genres": ["Music"], "averageScore": null, "trending": 0, "popularity": 11, "streamingEpisodes": [], "coverImage": {"large": "https://s3.anilist.co/media/anime/cover/medium/103766-H9uprBdXpFgK.jpg", "medium": "https://s3.anilist.co/media/anime/cover/small/103766-H9uprBdXpFgK.jpg"}, "bannerImage": null, "isAdult": false, "format": "MUSIC"}, {"id": 103767, "title": {"romaji": "Halfway", "english": null}, "type": "ANIME", "status": "FINISHED", "description": "A music video for \"Halfway\" by Rayons.", "startDate": {"year": 2012, "month": 2, "day": 9}, "endDate": {"year": 2012, "month": 2, "day": 9}, "season": null, "episodes": 1, "duration": 5, "genres": ["Music"], "averageScore": null, "trending": 0, "popularity": 11, "streamingEpisodes": [], "coverImage": {"large": "https://s3.anilist.co/media/anime/cover/medium/103767-gErb57ylMivd.jpg", "medium": "https://s3.anilist.co/media/anime/cover/small/103767-gErb57ylMivd.jpg"}, "bannerImage": null, "isAdult": false, "format": "MUSIC"}, {"id": 103768, "title": {"romaji": "Nerenai!!!", "english": null}, "type": "ANIME", "status": "FINISHED", "description": "Official music video for PSG's song Nerenai!!! directed by Okubo Ryu. The video style is a homage older Minna no Uta music videos.", "startDate": {"year": 2011, "month": 3, "day": 20}, "endDate": {"year": 2011, "month": 3, "day": 20}, "season": null, "episodes": 1, "duration": 5, "genres": ["Music"], "averageScore": null, "trending": 0, "popularity": 10, "streamingEpisodes": [], "coverImage": {"large": "https://s3.anilist.co/media/anime/cover/medium/103768-kmm1V0Wizjw1.jpg", "medium": "https://s3.anilist.co/media/anime/cover/small/103768-kmm1V0Wizjw1.jpg"}, "bannerImage": null, "isAdult": false, "format": "MUSIC"}, {"id": 103769, "title": {"romaji": "Soccer", "english": null}, "type": "ANIME", "status": "FINISHED", "description": "A music video for the song \"Soccer\" by the band Ninjas.", "startDate": {"year": 2017, "month": 1, "day": 5}, "endDate": {"year": 2017, "month": 1, "day": 5}, "season": null, "episodes": 1, "duration": 5, "genres": ["Sports", "Music"], "averageScore": null, "trending": 0, "popularity": 12, "streamingEpisodes": [], "coverImage": {"large": "https://s3.anilist.co/media/anime/cover/medium/103769-zDTryy8dy04d.jpg", "medium": "https://s3.anilist.co/media/anime/cover/small/103769-zDTryy8dy04d.jpg"}, "bannerImage": null, "isAdult": false, "format": "MUSIC"}, {"id": 103770, "title": {"romaji": "Kikyuu", "english": null}, "type": "ANIME", "status": "FINISHED", "description": "Music Video to 'Kikyuu' by People in the Box, animated by Ryu Kato.", "startDate": {"year": 2013, "month": 9, "day": 25}, "endDate": {"year": 2013, "month": 9, "day": 25}, "season": null, "episodes": 1, "duration": 5, "genres": ["Music"], "averageScore": null, "trending": 0, "popularity": 17, "streamingEpisodes": [], "coverImage": {"large": "https://s3.anilist.co/media/anime/cover/medium/103770-wAYkYehHUYd2.jpg", "medium": "https://s3.anilist.co/media/anime/cover/small/103770-wAYkYehHUYd2.jpg"}, "bannerImage": null, "isAdult": false, "format": "MUSIC"}, {"id": 103771, "title": {"romaji": "Ame no Ten Ten", "english": null}, "type": "ANIME", "status": "FINISHED", "description": "A young lady listens to the music of falling rain.", "startDate": {"year": 1985, "month": 6, "day": 3}, "endDate": {"year": 1985, "month": 6, "day": 3}, "season": null, "episodes": 1, "duration": 2, "genres": ["Music"], "averageScore": null, "trending": 0, "popularity": 11, "streamingEpisodes": [], "coverImage": {"large": "https://s3.anilist.co/media/anime/cover/medium/103771-zPscZi0r7j8e.jpg", "medium": "https://s3.anilist.co/media/anime/cover/small/103771-zPscZi0r7j8e.jpg"}, "bannerImage": null, "isAdult": false, "format": "MUSIC"}, {"id": 103772, "title": {"romaji": "Toshi Keikaku", "english": "City Planning"}, "type": "ANIME", "status": "FINISHED", "description": "Official music video for Doit Science's song a part of their \"Information\" album.", "startDate": {"year": 2012, "month": 6, "day": 17}, "endDate": {"year": 2012, "month": 6, "day": 17}, "season": null, "episodes": 1, "duration": 6, "genres": ["Music"], "averageScore": null, "trending": 0, "popularity": 7, "streamingEpisodes": [], "coverImage": {"large": "https://s3.anilist.co/media/anime/cover/medium/103772-AYkSOo0PKmCJ.jpg", "medium": "https://s3.anilist.co/media/anime/cover/small/103772-AYkSOo0PKmCJ.jpg"}, "bannerImage": null, "isAdult": false, "format": "MUSIC"}, {"id": 103773, "title": {"romaji": "Kaiten Mokuba ni Boku to Neko", "english": null}, "type": "ANIME", "status": "FINISHED", "description": "\"Encounters\" and \"farewells\" that everyone experiences; when thinking of \"farewell\", what does the empty heart feel?", "startDate": {"year": 2010, "month": null, "day": null}, "endDate": {"year": 2010, "month": null, "day": null}, "season": null, "episodes": 1, "duration": 5, "genres": ["Music"], "averageScore": null, "trending": 0, "popularity": 7, "streamingEpisodes": [], "coverImage": {"large": "https://s3.anilist.co/media/anime/cover/medium/103773-7nQ7Qb2cGX2W.jpg", "medium": "https://s3.anilist.co/media/anime/cover/small/103773-7nQ7Qb2cGX2W.jpg"}, "bannerImage": null, "isAdult": false, "format": "MUSIC"}, {"id": 103774, "title": {"romaji": "Clock Lock Works", "english": null}, "type": "ANIME", "status": "FINISHED", "description": "Music video for Kenshi Yonezu's song Clock Lock Works animated by Minakata Laboratory.", "startDate": {"year": 2009, "month": 11, "day": 27}, "endDate": {"year": 2009, "month": 11, "day": 27}, "season": null, "episodes": 1, "duration": 4, "genres": ["Music"], "averageScore": null, "trending": 0, "popularity": 13, "streamingEpisodes": [], "coverImage": {"large": "https://s3.anilist.co/media/anime/cover/medium/103774-E99tWXvkbPzK.jpg", "medium": "https://s3.anilist.co/media/anime/cover/small/103774-E99tWXvkbPzK.jpg"}, "bannerImage": null, "isAdult": false, "format": "MUSIC"}, {"id": 103775, "title": {"romaji": "Rainbow Signal: Hi-Fi Set", "english": null}, "type": "ANIME", "status": "FINISHED", "description": "These are six loosely-related anime/live-action music videos from the band Hi-Fi Set. For the most part, they form a story about the love life of two cute dragons who live in a high-tech future city. This disc was released in 1985, right in the middle of Hi-Fi Set's career (1974-1994), and features songs from that era (from their 1984 and 1985 albums Pasadena Park and Indigo).\n<br><br>\n(Source: Piyo-Piyo Productions)", "startDate": {"year": 1985, "month": null, "day": null}, "endDate": {"year": 1985, "month": null, "day": null}, "season": null, "episodes": 1, "duration": 29, "genres": ["Music", "Romance", "Fantasy"], "averageScore": null, "trending": 0, "popularity": 12, "streamingEpisodes": [], "coverImage": {"large": "https://s3.anilist.co/media/anime/cover/medium/103775-QIwTfCf0Hh2O.jpg", "medium": "https://s3.anilist.co/media/anime/cover/small/103775-QIwTfCf0Hh2O.jpg"}, "bannerImage": null, "isAdult": false, "format": "MUSIC"}, {"id": 103776, "title": {"romaji": "Ikezu", "english": "Mean"}, "type": "ANIME", "status": "FINISHED", "description": "The official music video for Otoboke Beaver's song \"Ikezu.\"", "startDate": {"year": 2017, "month": 8, "day": 1}, "endDate": {"year": 2017, "month": 8, "day": 1}, "season": null, "episodes": 1, "duration": 1, "genres": ["Comedy", "Music"], "averageScore": null, "trending": 0, "popularity": 17, "streamingEpisodes": [], "coverImage": {"large": "https://s3.anilist.co/media/anime/cover/medium/103776-Bw0KoeGgaKEc.jpg", "medium": "https://s3.anilist.co/media/anime/cover/small/103776-Bw0KoeGgaKEc.jpg"}, "bannerImage": null, "isAdult": false, "format": "MUSIC"}, {"id": 103777, "title": {"romaji": "Metronome", "english": null}, "type": "ANIME", "status": "FINISHED", "description": "A music video for Kenshi Yonezu`s song \"Metronome.\"", "startDate": {"year": 2015, "month": 10, "day": 7}, "endDate": {"year": 2015, "month": 10, "day": 7}, "season": null, "episodes": 1, "duration": 4, "genres": ["Music"], "averageScore": null, "trending": 0, "popularity": 18, "streamingEpisodes": [], "coverImage": {"large": "https://s3.anilist.co/media/anime/cover/medium/103777-CbJHdKN6CFcu.jpg", "medium": "https://s3.anilist.co/media/anime/cover/small/103777-CbJHdKN6CFcu.jpg"}, "bannerImage": null, "isAdult": false, "format": "MUSIC"}, {"id": 103778, "title": {"romaji": "Anime Mitai na", "english": null}, "type": "ANIME", "status": "FINISHED", "description": "Music Video by the dresscodes of the album's 6th track \"Anime Mitai na\" to promote the new Album \"1\".", "startDate": {"year": 2014, "month": 12, "day": 9}, "endDate": {"year": 2014, "month": 12, "day": 9}, "season": null, "episodes": 1, "duration": 4, "genres": ["Music"], "averageScore": null, "trending": 0, "popularity": 14, "streamingEpisodes": [], "coverImage": {"large": "https://s3.anilist.co/media/anime/cover/medium/103778-86BDZ9hT6GaP.jpg", "medium": "https://s3.anilist.co/media/anime/cover/small/103778-86BDZ9hT6GaP.jpg"}, "bannerImage": null, "isAdult": false, "format": "MUSIC"}, {"id": 103779, "title": {"romaji": "Dareka no Santa Claus", "english": null}, "type": "ANIME", "status": "FINISHED", "description": "A music video for the Twin Cross song \"Dare ka no Santa Claus\".", "startDate": {"year": 2014, "month": 10, "day": 28}, "endDate": {"year": 2014, "month": 10, "day": 28}, "season": null, "episodes": 1, "duration": 4, "genres": ["Music"], "averageScore": null, "trending": 0, "popularity": 11, "streamingEpisodes": [], "coverImage": {"large": "https://s3.anilist.co/media/anime/cover/medium/103779-kKITFQgmD1ZE.jpg", "medium": "https://s3.anilist.co/media/anime/cover/small/103779-kKITFQgmD1ZE.jpg"}, "bannerImage": null, "isAdult": false, "format": "MUSIC"}, {"id": 103780, "title": {"romaji": "Ensemble Girls!!", "english": null}, "type": "ANIME", "status": "FINISHED", "description": "The opening animation PV for Ensemble Girls!!, a mobile game app.", "startDate": {"year": 2016, "month": 6, "day": 19}, "endDate": {"year": 2016, "month": 6, "day": 19}, "season": null, "episodes": 1, "duration": 2, "genres": ["Music"], "averageScore": null, "trending": 0, "popularity": 21, "streamingEpisodes": [], "coverImage": {"large": "https://s3.anilist.co/media/anime/cover/medium/nx103780-AwDJuxPZApUc.jpg", "medium": "https://s3.anilist.co/media/anime/cover/small/nx103780-AwDJuxPZApUc.jpg"}, "bannerImage": null, "isAdult": false, "format": "MUSIC"}, {"id": 103781, "title": {"romaji": "Onnanoko dake ga Wakaru Uta: Only Girls Get It", "english": null}, "type": "ANIME", "status": "FINISHED", "description": "A music video created for the Sophie brand of Unicharm Co., Ltd. which manufacturers feminine hygiene products. The video features a song completely in English with Japanese subtitles. As stated by the company president, Takahisa Takahara, is that women spend 6 yrs and 9 months menstruating their entire lives. With advancing gender roles and longer lifespans, more women are staying in the work place and having more periods. Mensuration causes hormonal mood swings like that of a cranky edgy prickly hedgehog, starving craving hungry black bear, fragile crying [bloated] elephant, and reclusive lonely lion. These are normal changes and the women are still themselves. It promotes body positivity and how women shouldn't be brushed off in the work place if they are having an effect from a biological function that they have to go through for 6 yrs and 9 months.\n<br><br>\n(Source: MAL)", "startDate": {"year": 2015, "month": 8, "day": 17}, "endDate": {"year": 2015, "month": 8, "day": 17}, "season": null, "episodes": 1, "duration": 2, "genres": ["Music", "Slice of Life"], "averageScore": null, "trending": 0, "popularity": 8, "streamingEpisodes": [], "coverImage": {"large": "https://s3.anilist.co/media/anime/cover/medium/103781-gSYfQpQEcUfr.png", "medium": "https://s3.anilist.co/media/anime/cover/small/103781-gSYfQpQEcUfr.png"}, "bannerImage": null, "isAdult": false, "format": "MUSIC"}, {"id": 103782, "title": {"romaji": "Haru Yasumi no Yoru", "english": null}, "type": "ANIME", "status": "FINISHED", "description": "Official music video for Kojima Keitany Love' song Haru Yasumi no Yoru, animated by Takaharu Shimizu", "startDate": {"year": 2018, "month": 6, "day": 7}, "endDate": {"year": 2018, "month": 6, "day": 7}, "season": null, "episodes": 1, "duration": 5, "genres": ["Music"], "averageScore": null, "trending": 0, "popularity": 11, "streamingEpisodes": [], "coverImage": {"large": "https://s3.anilist.co/media/anime/cover/medium/103782-bvVn9CvOeibd.jpg", "medium": "https://s3.anilist.co/media/anime/cover/small/103782-bvVn9CvOeibd.jpg"}, "bannerImage": null, "isAdult": false, "format": "MUSIC"}, {"id": 103783, "title": {"romaji": "Graduation", "english": null}, "type": "ANIME", "status": "FINISHED", "description": "Official music video for Polaris' song Graduation, animated by Takaharu Shimizu.", "startDate": {"year": 2018, "month": 6, "day": 20}, "endDate": {"year": 2018, "month": 6, "day": 20}, "season": null, "episodes": 1, "duration": 5, "genres": ["Music"], "averageScore": null, "trending": 0, "popularity": 11, "streamingEpisodes": [], "coverImage": {"large": "https://s3.anilist.co/media/anime/cover/medium/nx103783-DgxbvpoZi7aq.png", "medium": "https://s3.anilist.co/media/anime/cover/small/nx103783-DgxbvpoZi7aq.png"}, "bannerImage": null, "isAdult": false, "format": "MUSIC"}, {"id": 103784, "title": {"romaji": "Bouken no Susume", "english": null}, "type": "ANIME", "status": "FINISHED", "description": "Official music video for Nanoru Na mo Nai's song Bouken no Susume which was included on their \"Akasha no Kuchibiru\" album, animated by Takaharu Shimizu.\n<br><br>\n(Source: MAL)", "startDate": {"year": 2013, "month": 10, "day": 26}, "endDate": {"year": 2013, "month": 10, "day": 26}, "season": null, "episodes": 1, "duration": 3, "genres": ["Music"], "averageScore": null, "trending": 0, "popularity": 10, "streamingEpisodes": [], "coverImage": {"large": "https://s3.anilist.co/media/anime/cover/medium/nx103784-RNE5QWGE6bHm.png", "medium": "https://s3.anilist.co/media/anime/cover/small/nx103784-RNE5QWGE6bHm.png"}, "bannerImage": null, "isAdult": false, "format": "MUSIC"}, {"id": 103785, "title": {"romaji": "Xing Fu Lu Shang", "english": null}, "type": "ANIME", "status": "FINISHED", "description": "Chi earned her American dream after persevering with her studies in Taiwan. Following her grandmothers\u2019 death, Chi returns to her family on Happiness Road, where she begins to feel nostalgic about her childhood and starts to contemplate the meaning of \u201clife\u201d and \u201chome\u201d. What is happiness? Will Chi find her own happiness? \n<br><br>\n(Source: Official Website)", "startDate": {"year": 2018, "month": 1, "day": 5}, "endDate": {"year": 2018, "month": 1, "day": 5}, "season": null, "episodes": 1, "duration": 111, "genres": ["Drama"], "averageScore": null, "trending": 0, "popularity": 10, "streamingEpisodes": [], "coverImage": {"large": "https://s3.anilist.co/media/anime/cover/medium/103785-NUvpmTBzBL4X.jpg", "medium": "https://s3.anilist.co/media/anime/cover/small/103785-NUvpmTBzBL4X.jpg"}, "bannerImage": "https://s3.anilist.co/media/anime/banner/103785-cOB0QWqroXXB.jpg", "isAdult": false, "format": "MOVIE"}, {"id": 103786, "title": {"romaji": "Metamorphosis", "english": null}, "type": "ANIME", "status": "FINISHED", "description": "Official music video for FROG's song Metamorphosis which was included on their 2nd album \"Caricature\".", "startDate": {"year": 2009, "month": 6, "day": 21}, "endDate": {"year": 2009, "month": 6, "day": 21}, "season": null, "episodes": 1, "duration": 3, "genres": ["Music"], "averageScore": null, "trending": 0, "popularity": 9, "streamingEpisodes": [], "coverImage": {"large": "https://s3.anilist.co/media/anime/cover/medium/103786-5VytJH4xevBv.jpg", "medium": "https://s3.anilist.co/media/anime/cover/small/103786-5VytJH4xevBv.jpg"}, "bannerImage": null, "isAdult": false, "format": "MUSIC"}, {"id": 103787, "title": {"romaji": "Beat in Love", "english": null}, "type": "ANIME", "status": "FINISHED", "description": "Official music video for Beat in Love by the Clazziquai Project for their remix album being released only in Japan.\n<br><br>\n(Source: MAL)", "startDate": {"year": 2008, "month": 8, "day": 11}, "endDate": {"year": 2008, "month": 8, "day": 11}, "season": null, "episodes": 1, "duration": 4, "genres": ["Music"], "averageScore": null, "trending": 0, "popularity": 12, "streamingEpisodes": [], "coverImage": {"large": "https://s3.anilist.co/media/anime/cover/medium/nx103787-0gwWfShzrgW5.jpg", "medium": "https://s3.anilist.co/media/anime/cover/small/nx103787-0gwWfShzrgW5.jpg"}, "bannerImage": null, "isAdult": false, "format": "MUSIC"}, {"id": 103788, "title": {"romaji": "Rabbit", "english": null}, "type": "ANIME", "status": "FINISHED", "description": "Music Video for \"Rabbit\" by LITE from \"For all the innocence\".\n<br><br>\n(Source: YouTube)", "startDate": {"year": 2011, "month": 6, "day": 30}, "endDate": {"year": 2011, "month": 6, "day": 30}, "season": null, "episodes": 1, "duration": 4, "genres": ["Music"], "averageScore": null, "trending": 0, "popularity": 12, "streamingEpisodes": [], "coverImage": {"large": "https://s3.anilist.co/media/anime/cover/medium/103788-O1uxWIVl3xuB.jpg", "medium": "https://s3.anilist.co/media/anime/cover/small/103788-O1uxWIVl3xuB.jpg"}, "bannerImage": null, "isAdult": false, "format": "MUSIC"}, {"id": 103789, "title": {"romaji": "Subarashii Sekai", "english": "The Wonderful World"}, "type": "ANIME", "status": "FINISHED", "description": "Yukie Nakauchi's music video for Takahiro Yasuda's band called Ao.", "startDate": {"year": 2013, "month": null, "day": 10}, "endDate": {"year": 2013, "month": null, "day": 10}, "season": null, "episodes": 1, "duration": 4, "genres": ["Fantasy", "Music"], "averageScore": null, "trending": 0, "popularity": 14, "streamingEpisodes": [], "coverImage": {"large": "https://s3.anilist.co/media/anime/cover/medium/nx103789-QUUFilGl5XSN.jpg", "medium": "https://s3.anilist.co/media/anime/cover/small/nx103789-QUUFilGl5XSN.jpg"}, "bannerImage": null, "isAdult": false, "format": "MUSIC"}, {"id": 103790, "title": {"romaji": "Cell no Koi", "english": null}, "type": "ANIME", "status": "FINISHED", "description": "A starfish boy \"Cell\" falls in love with the beautiful mermaid princess.\n<br><br>\n(Source: MAL)", "startDate": {"year": 2005, "month": 8, "day": 4}, "endDate": {"year": 2005, "month": 8, "day": 4}, "season": null, "episodes": 1, "duration": 4, "genres": ["Music"], "averageScore": null, "trending": 0, "popularity": 11, "streamingEpisodes": [], "coverImage": {"large": "https://s3.anilist.co/media/anime/cover/medium/103790-qV00RDi9VHH5.jpg", "medium": "https://s3.anilist.co/media/anime/cover/small/103790-qV00RDi9VHH5.jpg"}, "bannerImage": null, "isAdult": false, "format": "MUSIC"}, {"id": 103791, "title": {"romaji": "Pata Pata Mama", "english": null}, "type": "ANIME", "status": "FINISHED", "description": "Music video for the song Pata Pata Mama by Ikuyo Inoko (\u732a\u5b50\u80b2\u4ee3) that was featured on the Fuji TV's show \"Hirake! Ponkikki.\"\n<br><br>\n(Source: MAL)", "startDate": {"year": 1976, "month": null, "day": null}, "endDate": {"year": 1976, "month": null, "day": null}, "season": null, "episodes": 1, "duration": 2, "genres": ["Music"], "averageScore": null, "trending": 0, "popularity": 10, "streamingEpisodes": [], "coverImage": {"large": "https://s3.anilist.co/media/anime/cover/medium/nx103791-8VRAmnURMX7N.jpg", "medium": "https://s3.anilist.co/media/anime/cover/small/nx103791-8VRAmnURMX7N.jpg"}, "bannerImage": null, "isAdult": false, "format": "MUSIC"}, {"id": 103792, "title": {"romaji": "Shiosai", "english": null}, "type": "ANIME", "status": "FINISHED", "description": "Music video for Seishun Midnight Runners's (\u9752\u6625\u30df\u30c3\u30c9\u30ca\u30a4\u30c8\u30e9\u30f3\u30ca\u30fc\u30ba) song Shiosai (\u6f6e\u9a12). Uses stop-motion pasta characters.", "startDate": {"year": 2007, "month": null, "day": null}, "endDate": {"year": 2007, "month": null, "day": null}, "season": null, "episodes": 1, "duration": 5, "genres": ["Music"], "averageScore": null, "trending": 0, "popularity": 11, "streamingEpisodes": [], "coverImage": {"large": "https://s3.anilist.co/media/anime/cover/medium/nx103792-cOBcph2SC0Cv.png", "medium": "https://s3.anilist.co/media/anime/cover/small/nx103792-cOBcph2SC0Cv.png"}, "bannerImage": null, "isAdult": false, "format": "MUSIC"}, {"id": 103793, "title": {"romaji": "Jigoku de Naze Warui", "english": null}, "type": "ANIME", "status": "FINISHED", "description": "The theme song for the 2013 film Why Don't You Play in Hell, performed by Gen Hoshino.", "startDate": {"year": 2013, "month": 9, "day": 19}, "endDate": {"year": 2013, "month": 9, "day": 19}, "season": null, "episodes": 1, "duration": 3, "genres": ["Music"], "averageScore": null, "trending": 0, "popularity": 13, "streamingEpisodes": [], "coverImage": {"large": "https://s3.anilist.co/media/anime/cover/medium/103793-q5kdvUUfEVof.jpg", "medium": "https://s3.anilist.co/media/anime/cover/small/103793-q5kdvUUfEVof.jpg"}, "bannerImage": null, "isAdult": false, "format": "MUSIC"}, {"id": 103794, "title": {"romaji": "Sayonara Space Shuttle", "english": null}, "type": "ANIME", "status": "FINISHED", "description": "A music video for Phatmans After School's song \"Sayonara Space Shuttle\".", "startDate": {"year": 2014, "month": 11, "day": 14}, "endDate": {"year": 2014, "month": 11, "day": 14}, "season": null, "episodes": 1, "duration": 4, "genres": ["Music"], "averageScore": null, "trending": 0, "popularity": 12, "streamingEpisodes": [], "coverImage": {"large": "https://s3.anilist.co/media/anime/cover/medium/103794-DfGdenykdcfB.jpg", "medium": "https://s3.anilist.co/media/anime/cover/small/103794-DfGdenykdcfB.jpg"}, "bannerImage": null, "isAdult": false, "format": "MUSIC"}, {"id": 103795, "title": {"romaji": "Hanabira", "english": null}, "type": "ANIME", "status": "FINISHED", "description": "A music video for Aki Akane's song \"Hanabira.\"", "startDate": {"year": 2011, "month": 10, "day": 6}, "endDate": {"year": 2011, "month": 10, "day": 6}, "season": null, "episodes": 1, "duration": 5, "genres": ["Music"], "averageScore": null, "trending": 0, "popularity": 17, "streamingEpisodes": [], "coverImage": {"large": "https://s3.anilist.co/media/anime/cover/medium/103795-yJkv4etJ7xXG.jpg", "medium": "https://s3.anilist.co/media/anime/cover/small/103795-yJkv4etJ7xXG.jpg"}, "bannerImage": null, "isAdult": false, "format": "MUSIC"}]}}}