{"data": {"Page": {"pageInfo": {"total": 12298, "hasNextPage": true}, "media": [{"id": 104125, "title": {"romaji": "Onikiri Shoujo", "english": null}, "type": "ANIME", "status": "FINISHED", "description": "An early independent animation by Rabbit MACHINE that features a young girl dueling a demon. It's a rough earlier rendition of Onikiri Musume Saisen.", "startDate": {"year": 2009, "month": 6, "day": 15}, "endDate": {"year": 2009, "month": 6, "day": 15}, "season": null, "episodes": 1, "duration": 1, "genres": ["Action"], "averageScore": null, "trending": 0, "popularity": 6, "streamingEpisodes": [], "coverImage": {"large": "https://s3.anilist.co/media/anime/cover/medium/104125-L1fcbRQJmX8L.jpg", "medium": "https://s3.anilist.co/media/anime/cover/small/104125-L1fcbRQJmX8L.jpg"}, "bannerImage": null, "isAdult": false, "format": "ONA"}, {"id": 104126, "title": {"romaji": "Nothing's Gonna Change", "english": null}, "type": "ANIME", "status": "FINISHED", "description": "A music video for Denki Groove's song \"Nothing's Gonna Change\"", "startDate": {"year": 1999, "month": null, "day": null}, "endDate": {"year": 1999, "month": null, "day": null}, "season": null, "episodes": 1, "duration": 3, "genres": ["Music", "Sci-Fi"], "averageScore": null, "trending": 0, "popularity": 8, "streamingEpisodes": [], "coverImage": {"large": "https://s3.anilist.co/media/anime/cover/medium/104126-KEShlTsDKjvL.jpg", "medium": "https://s3.anilist.co/media/anime/cover/small/104126-KEShlTsDKjvL.jpg"}, "bannerImage": null, "isAdult": false, "format": "MUSIC"}, {"id": 104127, "title": {"romaji": "Mechano: Scientific Attack Force", "english": "Meccano"}, "type": "ANIME", "status": "FINISHED", "description": "Three 10-minute videos present a trippy view into the minds of their creators. Brought together by Pierre Taki of Denki Groove, Mechano: Scientific Attack Force features three shorts done in very different styles.\n<br><br>\nThe three short films are:\n<br><br>\n\"Plastic Gun Man\" - a 3D Western spoof <br>\n\"World Meccano Triangle\" - a music video reminiscent of '90s era screensavers <br>\n\"Haiirogaoka no Soridaijin\" (translated as \"Prime Minister of Gray Hill\") - an anime-style animated video parody of Akira Mochizuki's famous 1977 manga, Yuuhi ga Oka no Souri Daijin\n<br><br>\n(Source: MAL)", "startDate": {"year": 1995, "month": 9, "day": 1}, "endDate": {"year": 1995, "month": 9, "day": 1}, "season": null, "episodes": 3, "duration": 10, "genres": ["Comedy", "Fantasy", "Horror", "Music"], "averageScore": null, "trending": 0, "popularity": 5, "streamingEpisodes": [], "coverImage": {"large": "https://s3.anilist.co/media/anime/cover/medium/104127-GAJpqRD06Qoy.jpg", "medium": "https://s3.anilist.co/media/anime/cover/small/104127-GAJpqRD06Qoy.jpg"}, "bannerImage": null, "isAdult": false, "format": "OVA"}, {"id": 104128, "title": {"romaji": "Kitsune Tsuki", "english": "Fox Fears"}, "type": "ANIME", "status": "FINISHED", "description": "In the evening of a village festival, a young boy named Bunroku goes to the festival with his friend and visits a clog shop on the way. There he learns an old superstition about the fox.\n<br><br>\nGraduate Work 2015 by Miyo Sato, Tokyo University of the Arts, Graduate School of Film and New Media, Department of Animation", "startDate": {"year": 2015, "month": 3, "day": 7}, "endDate": {"year": 2015, "month": 3, "day": 7}, "season": null, "episodes": 1, "duration": 7, "genres": ["Drama"], "averageScore": null, "trending": 0, "popularity": 26, "streamingEpisodes": [], "coverImage": {"large": "https://s3.anilist.co/media/anime/cover/medium/nx104128-nrlQ1OYhJ0Ah.jpg", "medium": "https://s3.anilist.co/media/anime/cover/small/nx104128-nrlQ1OYhJ0Ah.jpg"}, "bannerImage": null, "isAdult": false, "format": "MOVIE"}, {"id": 104129, "title": {"romaji": "PoPo Loouise", "english": null}, "type": "ANIME", "status": "FINISHED", "description": "Music Video for a song by the Kuricorder Quartet and UA, shown in the NHK's program 'Minna no Uta'.", "startDate": {"year": 2008, "month": 10, "day": 16}, "endDate": {"year": 2008, "month": 10, "day": 16}, "season": null, "episodes": 1, "duration": 4, "genres": ["Music"], "averageScore": null, "trending": 0, "popularity": 10, "streamingEpisodes": [], "coverImage": {"large": "https://s3.anilist.co/media/anime/cover/medium/104129-ZVeutEzxT8Qh.jpg", "medium": "https://s3.anilist.co/media/anime/cover/small/104129-ZVeutEzxT8Qh.jpg"}, "bannerImage": null, "isAdult": false, "format": "MUSIC"}, {"id": 104130, "title": {"romaji": "Nakanaori", "english": "Reconciliation"}, "type": "ANIME", "status": "FINISHED", "description": "a short fight animation by Rapparu.", "startDate": {"year": 2011, "month": null, "day": null}, "endDate": {"year": 2011, "month": null, "day": null}, "season": null, "episodes": 1, "duration": 1, "genres": ["Action"], "averageScore": null, "trending": 0, "popularity": 20, "streamingEpisodes": [], "coverImage": {"large": "https://s3.anilist.co/media/anime/cover/medium/nx104130-71DDzS5JmHQ2.png", "medium": "https://s3.anilist.co/media/anime/cover/small/nx104130-71DDzS5JmHQ2.png"}, "bannerImage": null, "isAdult": false, "format": "ONA"}, {"id": 104131, "title": {"romaji": "Mori no Kuma-san", "english": "The Bear"}, "type": "ANIME", "status": "FINISHED", "description": "A short animation by Taku Furukawa that was featured on the NHK's Eigo de Asobo program.", "startDate": {"year": 2009, "month": null, "day": null}, "endDate": {"year": 2009, "month": null, "day": null}, "season": null, "episodes": 1, "duration": 2, "genres": ["Slice of Life"], "averageScore": null, "trending": 0, "popularity": 9, "streamingEpisodes": [], "coverImage": {"large": "https://s3.anilist.co/media/anime/cover/medium/104131-psjb1uFwxkgS.jpg", "medium": "https://s3.anilist.co/media/anime/cover/small/104131-psjb1uFwxkgS.jpg"}, "bannerImage": null, "isAdult": false, "format": "MOVIE"}, {"id": 104139, "title": {"romaji": "Rape Gouhou ka!!!", "english": "R*pe Has Been Legalized!!!"}, "type": "ANIME", "status": "FINISHED", "description": "Based on the CG collection by Maron\u2606Maron (\u307e\u308d\u3093\u2606\u307e\u308d\u3093).<br>\n<br>\nIn which the act of r*pe has been legalized as long as the purpose is child-making, schoolgirls are r*ped on the train, mothers and daughters in the house and idols on the stage! And even two girls who beat up a guy who was trying to commit r*pe are...<br>\n<br>\nSource: DLsite English", "startDate": {"year": 2018, "month": 9, "day": 14}, "endDate": {"year": 2018, "month": 9, "day": 21}, "season": "SUMMER", "episodes": 2, "duration": 16, "genres": ["Hentai"], "averageScore": null, "trending": 0, "popularity": 61, "streamingEpisodes": [], "coverImage": {"large": "https://s3.anilist.co/media/anime/cover/medium/104139-azPIkQc0epYe.jpg", "medium": "https://s3.anilist.co/media/anime/cover/small/104139-azPIkQc0epYe.jpg"}, "bannerImage": "https://s3.anilist.co/media/anime/banner/n104139-OwxbKztT1L43.jpg", "isAdult": true, "format": "ONA"}, {"id": 104147, "title": {"romaji": "Joshikausei", "english": "Joshi Kausei"}, "type": "ANIME", "status": "NOT_YET_RELEASED", "description": "Who needs dialog when you're this cute? The beautiful (but unlucky) Momoko, the cool, collected Shibumi, and the refreshingly innocent Mayumi star in a \"silent manga.\" No speeches, no dialog! Just pictures, sound effects, and three high school girls living their daily lives.<br><br>\n\n(Source: CR)", "startDate": {"year": 2019, "month": null, "day": null}, "endDate": {"year": null, "month": null, "day": null}, "season": null, "episodes": null, "duration": null, "genres": ["Comedy", "Slice of Life"], "averageScore": null, "trending": 0, "popularity": 113, "streamingEpisodes": [], "coverImage": {"large": "https://s3.anilist.co/media/anime/cover/medium/104147-703KMMZpoF0B.jpg", "medium": "https://s3.anilist.co/media/anime/cover/small/104147-703KMMZpoF0B.jpg"}, "bannerImage": null, "isAdult": false, "format": "TV"}, {"id": 104148, "title": {"romaji": "Mahou no Princess Minky Momo: Hitomi no Seiza - Minky Momo Song Special", "english": "Fairy Princess Minky Momo Song Special \"Hitomi no Seiza\""}, "type": "ANIME", "status": "FINISHED", "description": "This music video features full versions of 9 songs from the series' OST.<br>\n<br>\n(Source: MAL)<br>\n<br>\nSong list from cover:<br>\n\"Love Love Minky Momo\"<br>\n\"Minky Stick Doriminpa\"<br>\n\"Good Looking Tonight\"<br>\n\"Itsuka Ojisamaga......\"<br>\n\"Love Is Window\"<br>\n\"Anatae no Love Song\"<br>\n\"Maho no Komoriuta\"<br>\n\"Swing Swing Chikyuni\"<br>\n\"Hitomi no Seiza\"<br>", "startDate": {"year": 1987, "month": 1, "day": 21}, "endDate": {"year": 1987, "month": 1, "day": 21}, "season": null, "episodes": 1, "duration": 30, "genres": ["Mahou Shoujo", "Music"], "averageScore": null, "trending": 0, "popularity": 10, "streamingEpisodes": [], "coverImage": {"large": "https://s3.anilist.co/media/anime/cover/medium/104148-2joMogMnrMO7.png", "medium": "https://s3.anilist.co/media/anime/cover/small/104148-2joMogMnrMO7.png"}, "bannerImage": "https://s3.anilist.co/media/anime/banner/104148-boY1BLBjpErS.jpg", "isAdult": false, "format": "OVA"}, {"id": 104155, "title": {"romaji": "Out of my Mind", "english": null}, "type": "ANIME", "status": "FINISHED", "description": "In my deep dream there comes the landscape in my shapeless eyes. The peaceful sight gradually distorts. When anxiety and upsurge stands behind us, the nightly liberation begins.\n<br><br>\nGraduate Work 2016 by Tomomi Komazaki, Tokyo University of the Arts, Graduate School of Film and New Media, Department of Animation.\n<br><br>\n(Source: Geidai Animation)", "startDate": {"year": 2016, "month": null, "day": null}, "endDate": {"year": 2016, "month": null, "day": null}, "season": null, "episodes": 1, "duration": 7, "genres": ["Drama", "Psychological"], "averageScore": null, "trending": 0, "popularity": 5, "streamingEpisodes": [], "coverImage": {"large": "https://s3.anilist.co/media/anime/cover/medium/104155-XWZ2X9xzHSFn.jpg", "medium": "https://s3.anilist.co/media/anime/cover/small/104155-XWZ2X9xzHSFn.jpg"}, "bannerImage": null, "isAdult": false, "format": "ONA"}, {"id": 104156, "title": {"romaji": "Kemurikusa", "english": null}, "type": "ANIME", "status": "FINISHED", "description": "Tatsuki's winning entry from the '24th 3D Anime Contest' in 2012, which will become a TV anime in 2019. \n\nFollows a group of girls surviving in a post-apocalyptic world", "startDate": {"year": 2012, "month": 8, "day": 22}, "endDate": {"year": 2012, "month": 8, "day": 22}, "season": null, "episodes": 2, "duration": 14, "genres": ["Action", "Adventure", "Sci-Fi"], "averageScore": null, "trending": 0, "popularity": 9, "streamingEpisodes": [], "coverImage": {"large": "https://s3.anilist.co/media/anime/cover/medium/104156-3qTSHyRQOGl1.jpg", "medium": "https://s3.anilist.co/media/anime/cover/small/104156-3qTSHyRQOGl1.jpg"}, "bannerImage": null, "isAdult": false, "format": "ONA"}, {"id": 104157, "title": {"romaji": "Seishun Buta Yarou wa Yumemiru Shoujo no Yume wo Minai Movie", "english": "Seishun Buta Yarou wa Yumemiru Shoujo no Yume wo Minai"}, "type": "ANIME", "status": "NOT_YET_RELEASED", "description": "Adaptation of the sixth and seventh volumes of the light novel.", "startDate": {"year": 2019, "month": null, "day": null}, "endDate": {"year": 2019, "month": null, "day": null}, "season": null, "episodes": 1, "duration": null, "genres": ["Comedy", "Romance"], "averageScore": null, "trending": 0, "popularity": 532, "streamingEpisodes": [], "coverImage": {"large": "https://s3.anilist.co/media/anime/cover/medium/nx104157-xkO2A5p9Sdmb.jpg", "medium": "https://s3.anilist.co/media/anime/cover/small/nx104157-xkO2A5p9Sdmb.jpg"}, "bannerImage": null, "isAdult": false, "format": "MOVIE"}, {"id": 104158, "title": {"romaji": "Stand My Heroes", "english": null}, "type": "ANIME", "status": "NOT_YET_RELEASED", "description": "Based on the mobile game of the same name.", "startDate": {"year": null, "month": null, "day": null}, "endDate": {"year": null, "month": null, "day": null}, "season": null, "episodes": null, "duration": null, "genres": [], "averageScore": null, "trending": 0, "popularity": 12, "streamingEpisodes": [], "coverImage": {"large": "https://s3.anilist.co/media/anime/cover/medium/nx104158-LB70g3FQa9rV.jpg", "medium": "https://s3.anilist.co/media/anime/cover/small/nx104158-LB70g3FQa9rV.jpg"}, "bannerImage": null, "isAdult": false, "format": "TV"}, {"id": 104159, "title": {"romaji": "Azur Lane", "english": null}, "type": "ANIME", "status": "NOT_YET_RELEASED", "description": "Anime based on the mobile game Azur Lane.", "startDate": {"year": null, "month": null, "day": null}, "endDate": {"year": null, "month": null, "day": null}, "season": null, "episodes": null, "duration": null, "genres": ["Action", "Sci-Fi"], "averageScore": null, "trending": 0, "popularity": 213, "streamingEpisodes": [], "coverImage": {"large": "https://s3.anilist.co/media/anime/cover/medium/nx104159-jCpcQZADft4O.png", "medium": "https://s3.anilist.co/media/anime/cover/small/nx104159-jCpcQZADft4O.png"}, "bannerImage": null, "isAdult": false, "format": "TV"}, {"id": 104160, "title": {"romaji": "Hitori no Shita: The Outcast Fanwai Pian", "english": null}, "type": "ANIME", "status": "RELEASING", "description": null, "startDate": {"year": 2018, "month": 9, "day": 30}, "endDate": {"year": null, "month": null, "day": null}, "season": "SUMMER", "episodes": 2, "duration": null, "genres": ["Action", "Supernatural", "Mystery"], "averageScore": null, "trending": 0, "popularity": 39, "streamingEpisodes": [], "coverImage": {"large": "https://s3.anilist.co/media/anime/cover/medium/nx104160-TKNG1GJMlhcm.jpg", "medium": "https://s3.anilist.co/media/anime/cover/small/nx104160-TKNG1GJMlhcm.jpg"}, "bannerImage": null, "isAdult": false, "format": "ONA"}, {"id": 104161, "title": {"romaji": "Tokyo Cosmo", "english": null}, "type": "ANIME", "status": "FINISHED", "description": "A young girl dreams in the midst of her routine life. \n<br><br>\nSource: IMDb", "startDate": {"year": 2015, "month": 10, "day": 27}, "endDate": {"year": 2015, "month": 10, "day": 27}, "season": null, "episodes": 1, "duration": 5, "genres": ["Fantasy", "Slice of Life"], "averageScore": null, "trending": 0, "popularity": 12, "streamingEpisodes": [], "coverImage": {"large": "https://s3.anilist.co/media/anime/cover/medium/nx104161-tjlcC5WLSVfw.jpg", "medium": "https://s3.anilist.co/media/anime/cover/small/nx104161-tjlcC5WLSVfw.jpg"}, "bannerImage": null, "isAdult": false, "format": "ONA"}, {"id": 104162, "title": {"romaji": "Gamba: Gamba to Nakama-tachi", "english": "Air Bound"}, "type": "ANIME", "status": "FINISHED", "description": "Gamba, a town mouse with a brave, adventurous spirit decides to go on an adventure to discover the ocean. On his way, he meets a troubled child mouse, Chuta. He says his family and other mice have been killed by a clan of weasels living on a nearby island. Chuta asks a group of ship mice, the bravest of their kind, for help, but when they find out that the villain behind this event is the terrifying weasel-leader Noroi, they give up on helping Chuta. However seeing the hopeless Chuta, Gamba promises him to save the island, his family and the other mice. Gamba and his friends team up to go on their adventure to defeat the evil Noroi and his clan.\n<br><br>\n(Source: Var\u00e8se Sarabande)", "startDate": {"year": 2015, "month": 10, "day": 10}, "endDate": {"year": 2015, "month": 10, "day": 10}, "season": "FALL", "episodes": 1, "duration": 94, "genres": ["Adventure"], "averageScore": null, "trending": 0, "popularity": 8, "streamingEpisodes": [], "coverImage": {"large": "https://s3.anilist.co/media/anime/cover/medium/104162-LDbERwgjO8cY.jpg", "medium": "https://s3.anilist.co/media/anime/cover/small/104162-LDbERwgjO8cY.jpg"}, "bannerImage": null, "isAdult": false, "format": "MOVIE"}, {"id": 104163, "title": {"romaji": "Warriors", "english": null}, "type": "ANIME", "status": "FINISHED", "description": "Men's muscle, lust for battle, conflict, and the game.\n<br><br>\nGraduate Work 2014 by Noriko Okamoto, Tokyo University of the Arts, Graduate School of Film and New Media, Department of Animation.\n<br><br>\n(Source: Geidai Animation)", "startDate": {"year": 2014, "month": 5, "day": 29}, "endDate": {"year": 2014, "month": 5, "day": 29}, "season": null, "episodes": 1, "duration": 4, "genres": ["Sports"], "averageScore": null, "trending": 0, "popularity": 8, "streamingEpisodes": [], "coverImage": {"large": "https://s3.anilist.co/media/anime/cover/medium/nx104163-z8s4kt1ZIVBE.jpg", "medium": "https://s3.anilist.co/media/anime/cover/small/nx104163-z8s4kt1ZIVBE.jpg"}, "bannerImage": null, "isAdult": false, "format": "ONA"}, {"id": 104164, "title": {"romaji": "Holy Shit!", "english": "Holy Shit!"}, "type": "ANIME", "status": "FINISHED", "description": "One elephant lives in a mountain. He spends his life drawing pictures and fishing. Pigs with swollen crotches live in the city. The city is full of towers. One day a tower is built near the elephant's cabin, the elephant starts to climb it.\n<br><br>\nGraduate Work 2015 by Takashi Shibuya, Tokyo University of the Arts, Graduate School of Film and New Media, Department of Animation\n<br><br>\n(Source: Geidai Animation", "startDate": {"year": 2015, "month": 3, "day": 7}, "endDate": {"year": 2015, "month": 3, "day": 7}, "season": null, "episodes": 1, "duration": 6, "genres": [], "averageScore": null, "trending": 0, "popularity": 22, "streamingEpisodes": [], "coverImage": {"large": "https://s3.anilist.co/media/anime/cover/medium/nx104164-fYQRq0VbHzyk.jpg", "medium": "https://s3.anilist.co/media/anime/cover/small/nx104164-fYQRq0VbHzyk.jpg"}, "bannerImage": null, "isAdult": false, "format": "ONA"}, {"id": 104165, "title": {"romaji": "I'm Here", "english": null}, "type": "ANIME", "status": "FINISHED", "description": "One doesn't know where to go but has to move forward. He has to go to his goal.Always transforming himself, his heart and mind drift and run towards the goal when he finds it.\n<br><br>\nGraduate Work 2015 by Yukie Nakauchi, Tokyo University of the Arts, Graduate School of Film and New Media, Department of Animation. \n<br><br>\n(Source: Geidai Animation)", "startDate": {"year": 2015, "month": null, "day": null}, "endDate": {"year": 2015, "month": null, "day": null}, "season": null, "episodes": 1, "duration": 6, "genres": [], "averageScore": null, "trending": 0, "popularity": 5, "streamingEpisodes": [], "coverImage": {"large": "https://s3.anilist.co/media/anime/cover/medium/nx104165-ofaHC4TT5Lvj.jpg", "medium": "https://s3.anilist.co/media/anime/cover/small/nx104165-ofaHC4TT5Lvj.jpg"}, "bannerImage": null, "isAdult": false, "format": "ONA"}, {"id": 104166, "title": {"romaji": "Fusuma no oku", "english": "Over Her Curtain"}, "type": "ANIME", "status": "FINISHED", "description": "The theme came from the Japanese unique folklore, Red Uncleanness or defilement with blood. A girl, whose thinking pattern jumps at a leap without any train of thought, confines her various thoughts in the other side of the mirror and inside the sliding doors to go outside.\n<br><br>\n 1st year Work 2012 by Yumi Kawai, Tokyo University of the Arts, Graduate School of Film and New Media, Department of Animation.\n<br><br>\n(Source: Geidai Animation)", "startDate": {"year": 2012, "month": null, "day": null}, "endDate": {"year": 2012, "month": null, "day": null}, "season": null, "episodes": 1, "duration": 4, "genres": [], "averageScore": null, "trending": 0, "popularity": 6, "streamingEpisodes": [], "coverImage": {"large": "https://s3.anilist.co/media/anime/cover/medium/nx104166-MfAJ8ybY4Q8n.jpg", "medium": "https://s3.anilist.co/media/anime/cover/small/nx104166-MfAJ8ybY4Q8n.jpg"}, "bannerImage": null, "isAdult": false, "format": "ONA"}, {"id": 104167, "title": {"romaji": "Ren", "english": "Ream"}, "type": "ANIME", "status": "FINISHED", "description": "The theme is \"one continues to live, leaving his trace.\" It is an abstract animation which movement is done by repetition of pencil drawings and erasure on a piece of paper.\n<br><br>\n1st year work 2013 by Saki Nakano, Tokyo University of the Arts, Graduate School of Film and New Media, Department of Animation.\n<br><br>\n(Source: Geidai Animation)", "startDate": {"year": 2013, "month": null, "day": null}, "endDate": {"year": 2013, "month": null, "day": null}, "season": null, "episodes": 1, "duration": 3, "genres": [], "averageScore": null, "trending": 0, "popularity": 5, "streamingEpisodes": [], "coverImage": {"large": "https://s3.anilist.co/media/anime/cover/medium/nx104167-lDKMuIku4R4S.jpg", "medium": "https://s3.anilist.co/media/anime/cover/small/nx104167-lDKMuIku4R4S.jpg"}, "bannerImage": null, "isAdult": false, "format": "ONA"}, {"id": 104168, "title": {"romaji": "Kyouhakuteki na Chijo ni Tsuite Kaeru", "english": null}, "type": "ANIME", "status": "FINISHED", "description": "It's a story about a frog, who is eager to make his companions stand as a line. He is the only one who wears an armlet, and has a little different skin color from the other frogs. This work focus on the relationship between \"rulers\" and \"ruled ones\", and describes the comsequences of some unexpected events.\n<br><br>\n Graduate Work 2010 by Shiho Nagasako, Tokyo University of the Arts, Graduate School of Film and New Media, Department of Animation.\n<br><br>\n(Source: Geidai Animation)", "startDate": {"year": 2010, "month": null, "day": null}, "endDate": {"year": 2010, "month": null, "day": null}, "season": null, "episodes": 1, "duration": 4, "genres": ["Comedy"], "averageScore": null, "trending": 0, "popularity": 7, "streamingEpisodes": [], "coverImage": {"large": "https://s3.anilist.co/media/anime/cover/medium/nx104168-e7DNvhPscjVS.jpg", "medium": "https://s3.anilist.co/media/anime/cover/small/nx104168-e7DNvhPscjVS.jpg"}, "bannerImage": null, "isAdult": false, "format": "ONA"}, {"id": 104169, "title": {"romaji": "Tamayura no Yume", "english": "Fleeting Dream"}, "type": "ANIME", "status": "FINISHED", "description": "A girl is informed by her doctor that she is pregnant. Surprised by the unexpected announcement, she falls into an anguish. She floats between hallucinations and delusions. The fleeting dream is a despairing dream.\n<br><br>\n1st Year Work 2011 by Mayuko Yamakita, Tokyo University of the Arts, Graduate School of Film and New Media, Department of Animation.\n<br><br>\n(Source: Geidai Animation)", "startDate": {"year": 2011, "month": null, "day": null}, "endDate": {"year": 2011, "month": null, "day": null}, "season": null, "episodes": 1, "duration": 11, "genres": ["Drama", "Psychological"], "averageScore": null, "trending": 0, "popularity": 7, "streamingEpisodes": [], "coverImage": {"large": "https://s3.anilist.co/media/anime/cover/medium/nx104169-ne22e1kaDDnv.jpg", "medium": "https://s3.anilist.co/media/anime/cover/small/nx104169-ne22e1kaDDnv.jpg"}, "bannerImage": null, "isAdult": false, "format": "ONA"}, {"id": 104170, "title": {"romaji": "Asobi Asobase OVA", "english": "Asobi Asobase -workshop of fun- OVA"}, "type": "ANIME", "status": "NOT_YET_RELEASED", "description": "Included with seventh volume of the Asobi Asobase manga.", "startDate": {"year": 2018, "month": 12, "day": 26}, "endDate": {"year": 2018, "month": 12, "day": 26}, "season": "FALL", "episodes": 1, "duration": null, "genres": [], "averageScore": null, "trending": 0, "popularity": 829, "streamingEpisodes": [], "coverImage": {"large": "https://s3.anilist.co/media/anime/cover/medium/104170-124rT4AOJVKO.jpg", "medium": "https://s3.anilist.co/media/anime/cover/small/104170-124rT4AOJVKO.jpg"}, "bannerImage": null, "isAdult": false, "format": "OVA"}, {"id": 104174, "title": {"romaji": "Steins;Gate 0 Special", "english": "Steins;Gate 0 Special"}, "type": "ANIME", "status": "NOT_YET_RELEASED", "description": "Unaired episode included with the volume 6 BD/DVD release of Steins;Gate 0.", "startDate": {"year": 2018, "month": 12, "day": 21}, "endDate": {"year": 2018, "month": 12, "day": 21}, "season": "FALL", "episodes": 1, "duration": null, "genres": [], "averageScore": null, "trending": 0, "popularity": 1535, "streamingEpisodes": [], "coverImage": {"large": "https://s3.anilist.co/media/anime/cover/medium/104174-mQWCg8MC43w7.jpg", "medium": "https://s3.anilist.co/media/anime/cover/small/104174-mQWCg8MC43w7.jpg"}, "bannerImage": null, "isAdult": false, "format": "SPECIAL"}, {"id": 104175, "title": {"romaji": "Nanatsu no Taizai: Imashime no Fukkatsu OVA", "english": "The Seven Deadly Sins: Revival of the Commandments OVA"}, "type": "ANIME", "status": "NOT_YET_RELEASED", "description": "OVA bundled with the 34th volume of the manga.", "startDate": {"year": 2018, "month": 11, "day": 14}, "endDate": {"year": 2018, "month": 11, "day": 14}, "season": "FALL", "episodes": 1, "duration": null, "genres": ["Action", "Adventure", "Fantasy", "Supernatural"], "averageScore": null, "trending": 0, "popularity": 553, "streamingEpisodes": [], "coverImage": {"large": "https://s3.anilist.co/media/anime/cover/medium/104175-Vvz78LUNrzhE.jpg", "medium": "https://s3.anilist.co/media/anime/cover/small/104175-Vvz78LUNrzhE.jpg"}, "bannerImage": null, "isAdult": false, "format": "OVA"}, {"id": 104176, "title": {"romaji": "Otoko to Onna to Inu", "english": "Man and Woman and Dog"}, "type": "ANIME", "status": "FINISHED", "description": "Short animated film by Kuri Youji.", "startDate": {"year": 1963, "month": null, "day": null}, "endDate": {"year": null, "month": null, "day": null}, "season": null, "episodes": 1, "duration": 3, "genres": ["Romance", "Comedy"], "averageScore": null, "trending": 0, "popularity": 12, "streamingEpisodes": [], "coverImage": {"large": "https://s3.anilist.co/media/anime/cover/medium/104176-eISGzlbHCGvY.jpg", "medium": "https://s3.anilist.co/media/anime/cover/small/104176-eISGzlbHCGvY.jpg"}, "bannerImage": null, "isAdult": false, "format": "MOVIE"}, {"id": 104177, "title": {"romaji": "He Nu'er De Richang", "english": "Grow Up with my Daughter"}, "type": "ANIME", "status": "FINISHED", "description": "A father with lots of love is often tormented endlessly by his daughter in everyday life. But this father would often look on all the troubles created by this child with a warm and loving heart. This is the super healing and cute series about the daily life of this father and daughter, it's warm loving and interesting too.\n<br><br>\n(Source: Bayi Subs)", "startDate": {"year": 2016, "month": 10, "day": 14}, "endDate": {"year": 2017, "month": null, "day": null}, "season": null, "episodes": 18, "duration": 2, "genres": ["Slice of Life"], "averageScore": null, "trending": 0, "popularity": 8, "streamingEpisodes": [], "coverImage": {"large": "https://s3.anilist.co/media/anime/cover/medium/104177-WrAm0R1ThvVB.jpg", "medium": "https://s3.anilist.co/media/anime/cover/small/104177-WrAm0R1ThvVB.jpg"}, "bannerImage": null, "isAdult": false, "format": "ONA"}, {"id": 104178, "title": {"romaji": "He N\u00fc'er De Richang Season 2", "english": "Grow up with my Daughter Season 2"}, "type": "ANIME", "status": "FINISHED", "description": "Second Season of Grow up with my Daughter", "startDate": {"year": 2017, "month": 3, "day": 21}, "endDate": {"year": 2017, "month": null, "day": null}, "season": null, "episodes": 18, "duration": 2, "genres": ["Slice of Life"], "averageScore": null, "trending": 0, "popularity": 6, "streamingEpisodes": [], "coverImage": {"large": "https://s3.anilist.co/media/anime/cover/medium/nx104178-QxeYFqwRJy3A.jpg", "medium": "https://s3.anilist.co/media/anime/cover/small/nx104178-QxeYFqwRJy3A.jpg"}, "bannerImage": null, "isAdult": false, "format": "ONA"}, {"id": 104179, "title": {"romaji": "GYRO", "english": "GYRO"}, "type": "ANIME", "status": "FINISHED", "description": "The everyday life of an elephant and a woman, his wife in a lakeside house. Their life together with a certain distance repeats itself. The traces of the passing time cover the familiar landscape. One day an accident happens to the couple living together with contradictions and secrets\u2026\n<br><br>\n 1st year work 2014 by Madoka, Tokyo University of the Arts, Graduate School of Film and New Media, Department of Animation.\n<br><br>\n(Source: Geidai Animation)", "startDate": {"year": 2015, "month": 3, "day": 7}, "endDate": {"year": 2015, "month": 3, "day": 7}, "season": null, "episodes": 1, "duration": 7, "genres": [], "averageScore": null, "trending": 0, "popularity": 6, "streamingEpisodes": [], "coverImage": {"large": "https://s3.anilist.co/media/anime/cover/medium/104179-qjqsDAbHMTjO.jpg", "medium": "https://s3.anilist.co/media/anime/cover/small/104179-qjqsDAbHMTjO.jpg"}, "bannerImage": null, "isAdult": false, "format": "ONA"}, {"id": 104180, "title": {"romaji": "Samurai", "english": null}, "type": "ANIME", "status": "FINISHED", "description": "A short film by Kuri Youji.", "startDate": {"year": 1965, "month": null, "day": null}, "endDate": {"year": null, "month": null, "day": null}, "season": null, "episodes": 1, "duration": 7, "genres": ["Drama", "Romance"], "averageScore": null, "trending": 0, "popularity": 11, "streamingEpisodes": [], "coverImage": {"large": "https://s3.anilist.co/media/anime/cover/medium/nx104180-8X7puZc0VcVn.jpg", "medium": "https://s3.anilist.co/media/anime/cover/small/nx104180-8X7puZc0VcVn.jpg"}, "bannerImage": null, "isAdult": false, "format": "MOVIE"}, {"id": 104181, "title": {"romaji": "Starry Tales: Seiza wa Toki wo Koete", "english": null}, "type": "ANIME", "status": "FINISHED", "description": "Constellations were created thousands years ago and they have been handed down generation after generation up to now. This show focuses on this great fact. In the show, you will see instruction on constellations and movement of the sun, moon and planets against constellations. An associated story from Greek myths is provided with beautiful CG including the tale of Astraea, the goddess of justice, who is closely related to the constellation Libra.\n<br><br>\n(Source: MAL)", "startDate": {"year": 2011, "month": 3, "day": 19}, "endDate": {"year": 2011, "month": 3, "day": 19}, "season": null, "episodes": 1, "duration": 27, "genres": ["Fantasy"], "averageScore": null, "trending": 0, "popularity": 12, "streamingEpisodes": [], "coverImage": {"large": "https://s3.anilist.co/media/anime/cover/medium/104181-6Y4MH2C6PyeV.jpg", "medium": "https://s3.anilist.co/media/anime/cover/small/104181-6Y4MH2C6PyeV.jpg"}, "bannerImage": null, "isAdult": false, "format": "MOVIE"}, {"id": 104182, "title": {"romaji": "Petit Manga", "english": null}, "type": "ANIME", "status": "FINISHED", "description": "A short animation by Taku Furukawa.", "startDate": {"year": 2009, "month": null, "day": null}, "endDate": {"year": 2009, "month": null, "day": null}, "season": null, "episodes": 1, "duration": 6, "genres": [], "averageScore": null, "trending": 0, "popularity": 12, "streamingEpisodes": [], "coverImage": {"large": "https://s3.anilist.co/media/anime/cover/medium/104182-F3i4NCiiYKGV.jpg", "medium": "https://s3.anilist.co/media/anime/cover/small/104182-F3i4NCiiYKGV.jpg"}, "bannerImage": null, "isAdult": false, "format": "MOVIE"}, {"id": 104183, "title": {"romaji": "Xiao Li Yu Li Xian Ji", "english": "The Adventures of Little Carp"}, "type": "ANIME", "status": "FINISHED", "description": "Bubbles, a carp, lives in Carp Lake with his grandmother, who often tells him about the legendary, powerful ruler of the seas and the rivers: the Dragon, whom Bubbles idolises. One day, Bubbles encounters Evil Snake, who pretends that he is the Dragon King. Evil Snake and his two accomplices, Lobby and Bogart, accompany Bubbles to the lake, where Bubbles' grandmother suspects that he is an impostor. No one believes her at first until his \"dragon horns\" and fake skin slip from his body, and his identity is revealed.\n<br><br>\nIn anger, Evil Snake turns Bubbles' grandmother into a bubble in a fierce fight. Angry, Bubbles searches for the real dragon to revive his grandmother, and avenge her death by finding the five dragon scales left by the Dragon in order to beat Evil Snake. Along the way, he meets new friends, including the imposing Aku, the sassy Mei Mei, and the timid Erl, while Evil Snake and his henchmen relentlessly pursue Bubbles.\n<br><br>\n(Source: Wikipedia)", "startDate": {"year": 2007, "month": 6, "day": 1}, "endDate": {"year": 2007, "month": null, "day": null}, "season": null, "episodes": 52, "duration": 22, "genres": ["Adventure", "Fantasy"], "averageScore": null, "trending": 0, "popularity": 6, "streamingEpisodes": [], "coverImage": {"large": "https://s3.anilist.co/media/anime/cover/medium/104183-zLtlfIAQS5Sy.jpg", "medium": "https://s3.anilist.co/media/anime/cover/small/104183-zLtlfIAQS5Sy.jpg"}, "bannerImage": null, "isAdult": false, "format": "TV"}, {"id": 104184, "title": {"romaji": "Xiao Hua Xian", "english": null}, "type": "ANIME", "status": "FINISHED", "description": "There is a mysterious power of the Holy Spirit hidden in the legendary continent of Labelle, and the way to get power is recorded in the book of flower, guard by numerous flower Fairy Kings,only the legendary magic ambassador is recognized to wake up the power, and use them to defeat evil. For this.The evil force,led by Jakarta,the Queen of Dark had start a war to the continent of Labelle.With the help of the Flower Goddess,Pupula and the tribe of gouring flower fairys, the fate of the continent of Labelle is linked with an Earth girl... Who is the legendary envoy XiaAnAn.\n<br><br>\n(Source: Magical Girl Wiki)", "startDate": {"year": 2014, "month": 2, "day": 14}, "endDate": {"year": 2014, "month": 5, "day": 10}, "season": null, "episodes": 52, "duration": 13, "genres": ["Mahou Shoujo"], "averageScore": null, "trending": 0, "popularity": 8, "streamingEpisodes": [], "coverImage": {"large": "https://s3.anilist.co/media/anime/cover/medium/nx104184-T3NQMkpIUmgf.jpg", "medium": "https://s3.anilist.co/media/anime/cover/small/nx104184-T3NQMkpIUmgf.jpg"}, "bannerImage": null, "isAdult": false, "format": "TV_SHORT"}, {"id": 104185, "title": {"romaji": "Torero Kamomiro", "english": null}, "type": "ANIME", "status": "FINISHED", "description": "Song by the Nishi Rokugo Shonen Sh\u014djo Gasshodan which aired in 1970 on NHK in the Minna no Uta program.", "startDate": {"year": 1970, "month": 2, "day": null}, "endDate": {"year": 1970, "month": 2, "day": null}, "season": null, "episodes": 1, "duration": 2, "genres": ["Music"], "averageScore": null, "trending": 0, "popularity": 9, "streamingEpisodes": [], "coverImage": {"large": "https://s3.anilist.co/media/anime/cover/medium/104185-4hvAD9eahdjp.jpg", "medium": "https://s3.anilist.co/media/anime/cover/small/104185-4hvAD9eahdjp.jpg"}, "bannerImage": null, "isAdult": false, "format": "MUSIC"}, {"id": 104186, "title": {"romaji": "Oira no Ski", "english": "My Ski Trip"}, "type": "ANIME", "status": "FINISHED", "description": "An animated short film featuring bunnies and tanuki having wacky hijinks while going skiing.", "startDate": {"year": 1930, "month": null, "day": null}, "endDate": {"year": 1930, "month": null, "day": null}, "season": null, "episodes": 1, "duration": 9, "genres": ["Comedy", "Sports"], "averageScore": null, "trending": 0, "popularity": 14, "streamingEpisodes": [], "coverImage": {"large": "https://s3.anilist.co/media/anime/cover/medium/104186-Jfdo9oT3zGX4.png", "medium": "https://s3.anilist.co/media/anime/cover/small/104186-Jfdo9oT3zGX4.png"}, "bannerImage": null, "isAdult": false, "format": "MOVIE"}, {"id": 104187, "title": {"romaji": "Youkoso Japari Park", "english": "Welcome to the JAPARI PARK"}, "type": "ANIME", "status": "RELEASING", "description": "In the story, the Friends and head of Japari Park work to overcome a big crisis in the lead-up to the opening of the park. Park guide Mirai and Serval make a video record of the situation.\n\n(Source: Anime News Network)", "startDate": {"year": 2018, "month": 8, "day": 12}, "endDate": {"year": null, "month": null, "day": null}, "season": "SUMMER", "episodes": 12, "duration": 6, "genres": ["Adventure", "Comedy", "Fantasy"], "averageScore": null, "trending": 0, "popularity": 100, "streamingEpisodes": [], "coverImage": {"large": "https://s3.anilist.co/media/anime/cover/medium/104187-TXuVtHEjXEx7.jpg", "medium": "https://s3.anilist.co/media/anime/cover/small/104187-TXuVtHEjXEx7.jpg"}, "bannerImage": null, "isAdult": false, "format": "ONA"}, {"id": 104188, "title": {"romaji": "Monster Strike The Animation", "english": null}, "type": "ANIME", "status": "RELEASING", "description": "The Angelic Guard, who call the heavens their home, have been tasked with collecting the orbs scattered across the world. Lucifer\u2014a leader of the Angelic Guard with a rebellious streak, said to wield power rivaling the Almighty\u2014carries out her duty along with Uriel, also a leader of the guard. Together, they go about executing their mission, until Holy Magistrate Keter\u2014the one who leads the heavens under the Almighty's will\u2014tells Uriel of Lucifer's planned rebellion. Initially in disbelief, Uriel then learns that the accusations against Lucifer may be connected to an event that once threatened to shatter the heavens.<br>\n<br>\nFeatures a storyline unrelated to the previous Monster Strike the Animation seasons. Various stories featuring monster characters from the Monster Strike mobile game will be presented in an omnibus format.<br><br>\n(Source: Official YouTube Channel, edited)<br>\n<br>\n<i>Includes Episode 0.</i>", "startDate": {"year": 2018, "month": 6, "day": 22}, "endDate": {"year": null, "month": null, "day": null}, "season": "SUMMER", "episodes": null, "duration": 10, "genres": ["Action", "Comedy", "Fantasy"], "averageScore": null, "trending": 0, "popularity": 66, "streamingEpisodes": [], "coverImage": {"large": "https://s3.anilist.co/media/anime/cover/medium/nx104188-xV3xAEzEx31y.jpg", "medium": "https://s3.anilist.co/media/anime/cover/small/nx104188-xV3xAEzEx31y.jpg"}, "bannerImage": null, "isAdult": false, "format": "ONA"}, {"id": 104189, "title": {"romaji": "Ahiru Riku Sentai", "english": "The Quack Infantry Troop"}, "type": "ANIME", "status": "FINISHED", "description": "The conflict between ducklings and frogs escalates into war. However, a lightning strike makes the fighters realize the trivial nature of their battle.\n<br><br>\n(Source: TMDB)", "startDate": {"year": 1940, "month": null, "day": null}, "endDate": {"year": null, "month": null, "day": null}, "season": null, "episodes": 1, "duration": 13, "genres": ["Action"], "averageScore": null, "trending": 0, "popularity": 19, "streamingEpisodes": [], "coverImage": {"large": "https://s3.anilist.co/media/anime/cover/medium/nx104189-x35c1ZO9N974.jpg", "medium": "https://s3.anilist.co/media/anime/cover/small/nx104189-x35c1ZO9N974.jpg"}, "bannerImage": null, "isAdult": false, "format": "MOVIE"}, {"id": 104190, "title": {"romaji": "Calihara no Uta", "english": null}, "type": "ANIME", "status": "FINISHED", "description": "Sand Animation by Sato Miyo", "startDate": {"year": 2014, "month": 5, "day": 10}, "endDate": {"year": 2014, "month": 5, "day": 10}, "season": null, "episodes": 1, "duration": 4, "genres": ["Music"], "averageScore": null, "trending": 0, "popularity": 11, "streamingEpisodes": [], "coverImage": {"large": "https://s3.anilist.co/media/anime/cover/medium/nx104190-9GII2fJMX7tm.png", "medium": "https://s3.anilist.co/media/anime/cover/small/nx104190-9GII2fJMX7tm.png"}, "bannerImage": null, "isAdult": false, "format": "MOVIE"}, {"id": 104191, "title": {"romaji": "Nana-iro Megane", "english": null}, "type": "ANIME", "status": "FINISHED", "description": "Yukie Nakauchi's music video collaboration with song creator Koni. The MV aired on NHK's E-Tele \"Digista Teens\" program.\n<br><br>\n(Source: MAL)", "startDate": {"year": 2010, "month": 11, "day": 3}, "endDate": {"year": 2010, "month": 11, "day": 3}, "season": null, "episodes": 1, "duration": 1, "genres": ["Music"], "averageScore": null, "trending": 0, "popularity": 9, "streamingEpisodes": [], "coverImage": {"large": "https://s3.anilist.co/media/anime/cover/medium/104191-IDGOHMtkQMXI.jpg", "medium": "https://s3.anilist.co/media/anime/cover/small/104191-IDGOHMtkQMXI.jpg"}, "bannerImage": null, "isAdult": false, "format": "MUSIC"}, {"id": 104198, "title": {"romaji": "Gochuumon wa Usagi desu ka???", "english": "Is the Order a Rabbit???"}, "type": "ANIME", "status": "NOT_YET_RELEASED", "description": "Third season Gochuumon wa Usagi desu ka?", "startDate": {"year": 2020, "month": null, "day": null}, "endDate": {"year": null, "month": null, "day": null}, "season": null, "episodes": null, "duration": null, "genres": ["Comedy", "Slice of Life"], "averageScore": null, "trending": 0, "popularity": 228, "streamingEpisodes": [], "coverImage": {"large": "https://s3.anilist.co/media/anime/cover/medium/104198-vXpYNtWq8KWM.jpg", "medium": "https://s3.anilist.co/media/anime/cover/small/104198-vXpYNtWq8KWM.jpg"}, "bannerImage": "https://s3.anilist.co/media/anime/banner/104198-TswSAsIDZs42.jpg", "isAdult": false, "format": "TV"}, {"id": 104199, "title": {"romaji": "Gochuumon wa Usagi desu ka?? OVA", "english": "Is the Order a Rabbit?? OVA"}, "type": "ANIME", "status": "NOT_YET_RELEASED", "description": "A new OVA announced at a Dear My Sister Event.", "startDate": {"year": 2019, "month": null, "day": null}, "endDate": {"year": 2019, "month": null, "day": null}, "season": null, "episodes": null, "duration": null, "genres": ["Comedy", "Slice of Life"], "averageScore": null, "trending": 0, "popularity": 124, "streamingEpisodes": [], "coverImage": {"large": "https://s3.anilist.co/media/anime/cover/medium/104199-bhx3sic3mwLj.jpg", "medium": "https://s3.anilist.co/media/anime/cover/small/104199-bhx3sic3mwLj.jpg"}, "bannerImage": null, "isAdult": false, "format": "OVA"}, {"id": 104200, "title": {"romaji": "Poputepipikku Episode 13", "english": "Pop Team Epic Episode 13"}, "type": "ANIME", "status": "NOT_YET_RELEASED", "description": null, "startDate": {"year": 2019, "month": 4, "day": 1}, "endDate": {"year": 2019, "month": 4, "day": 1}, "season": "SPRING", "episodes": 1, "duration": null, "genres": [], "averageScore": null, "trending": 0, "popularity": 113, "streamingEpisodes": [], "coverImage": {"large": "https://s3.anilist.co/media/anime/cover/medium/nx104200-WvCYjt9abu4T.jpg", "medium": "https://s3.anilist.co/media/anime/cover/small/nx104200-WvCYjt9abu4T.jpg"}, "bannerImage": null, "isAdult": false, "format": "SPECIAL"}, {"id": 104211, "title": {"romaji": "Kyoukaisenjou no Horizon Special", "english": null}, "type": "ANIME", "status": "NOT_YET_RELEASED", "description": "The official website of the Kyoukaisenjou no Horizon (Horizon in the Middle of Nowhere) anime announced on June 11 that a Blu-ray Box containing both seasons of the series will go on sale on December 21, 2018. The bundle will also include a new special anime created especially for this release.\n<br><br>\n(Source: Anime News Network)", "startDate": {"year": 2018, "month": 12, "day": 21}, "endDate": {"year": 2018, "month": 12, "day": 21}, "season": "FALL", "episodes": 1, "duration": null, "genres": ["Action", "Sci-Fi", "Fantasy"], "averageScore": null, "trending": 0, "popularity": 88, "streamingEpisodes": [], "coverImage": {"large": "https://s3.anilist.co/media/anime/cover/medium/104211-sNjlLLOCx4VI.jpg", "medium": "https://s3.anilist.co/media/anime/cover/small/104211-sNjlLLOCx4VI.jpg"}, "bannerImage": null, "isAdult": false, "format": "SPECIAL"}, {"id": 104212, "title": {"romaji": "Namu Amida Butsu!: Rendai UTENA", "english": null}, "type": "ANIME", "status": "NOT_YET_RELEASED", "description": "The story follows the Thirteen Buddha, along with Taishakuten and Bonten, who must confront the evil M\u0101ra. M\u0101ra seeks revenge against Shaka Nyorai, who had previously saved the world from suffering and conflict by achieving enlightenment.<br><br>\n\n(Source: ANN)", "startDate": {"year": 2019, "month": null, "day": null}, "endDate": {"year": null, "month": null, "day": null}, "season": null, "episodes": null, "duration": null, "genres": ["Fantasy"], "averageScore": null, "trending": 0, "popularity": 15, "streamingEpisodes": [], "coverImage": {"large": "https://s3.anilist.co/media/anime/cover/medium/nx104212-SaNdytwf3wZ7.jpg", "medium": "https://s3.anilist.co/media/anime/cover/small/nx104212-SaNdytwf3wZ7.jpg"}, "bannerImage": null, "isAdult": false, "format": "TV"}, {"id": 104213, "title": {"romaji": "Osomatsu-san The Movie", "english": null}, "type": "ANIME", "status": "NOT_YET_RELEASED", "description": null, "startDate": {"year": 2019, "month": null, "day": null}, "endDate": {"year": null, "month": null, "day": null}, "season": null, "episodes": null, "duration": null, "genres": ["Comedy", "Slice of Life"], "averageScore": null, "trending": 0, "popularity": 71, "streamingEpisodes": [], "coverImage": {"large": "https://s3.anilist.co/media/anime/cover/medium/nx104213-tb1Rf0BdV929.jpg", "medium": "https://s3.anilist.co/media/anime/cover/small/nx104213-tb1Rf0BdV929.jpg"}, "bannerImage": null, "isAdult": false, "format": "MOVIE"}]}}}