{"data": {"Page": {"pageInfo": {"total": 12298, "hasNextPage": true}, "media": [{"id": 102939, "title": {"romaji": "Mayonaka no Occult Koumuin", "english": null}, "type": "ANIME", "status": "NOT_YET_RELEASED", "description": "The modern fantasy manga centers on Arata Miyako, a new government worker assigned to the Shinjuku Ward Office's \"Nighttime Regional Relations\" department. Each of Tokyo's 23 wards has one such department, which were established to solve paranormal and occult-related events. Arata can understand non-human speech that no one else understands, and he encounters a youkai (supernatural entity) at Shinjuku Gyoen park that calls him Abe no Seimei \u2014 the name of a historical Japanese occultist and diviner.<br><br>\n\n(Source: ANN)", "startDate": {"year": 2019, "month": null, "day": null}, "endDate": {"year": null, "month": null, "day": null}, "season": null, "episodes": null, "duration": null, "genres": ["Fantasy", "Supernatural"], "averageScore": null, "trending": 0, "popularity": 100, "streamingEpisodes": [], "coverImage": {"large": "https://s3.anilist.co/media/anime/cover/medium/nx102939-D800VRBKeXFn.jpg", "medium": "https://s3.anilist.co/media/anime/cover/small/nx102939-D800VRBKeXFn.jpg"}, "bannerImage": null, "isAdult": false, "format": "TV"}, {"id": 102940, "title": {"romaji": "Inazma Delivery", "english": "Inazma Delivery"}, "type": "ANIME", "status": "FINISHED", "description": "Inazma Delivery is set in the town of Babiden City, where everything runs on electricity. Hemingway is an earnest young man who works at the delivery company Inazma, which promises to deliver any package to its proper destination. One day, an extraterrestrial lost child in a shark costume named Bytheway appears and asks to be delivered to its home planet, and soon Hemingway and Bytheway are embroiled in all sorts of adventures.\n<br><br>\n(Source: Crunchyroll)", "startDate": {"year": 2016, "month": 12, "day": 9}, "endDate": {"year": 2017, "month": 2, "day": 10}, "season": "WINTER", "episodes": 10, "duration": 2, "genres": ["Action", "Sci-Fi", "Comedy"], "averageScore": null, "trending": 0, "popularity": 9, "streamingEpisodes": [], "coverImage": {"large": "https://s3.anilist.co/media/anime/cover/medium/nx102940-l9siqs6GxjQU.jpg", "medium": "https://s3.anilist.co/media/anime/cover/small/nx102940-l9siqs6GxjQU.jpg"}, "bannerImage": null, "isAdult": false, "format": "TV_SHORT"}, {"id": 102941, "title": {"romaji": "Inazma Delivery: Dougyousha Attack-hen", "english": null}, "type": "ANIME", "status": "FINISHED", "description": "The second season of Inazma Delivery.", "startDate": {"year": 2017, "month": 12, "day": 8}, "endDate": {"year": 2018, "month": 3, "day": 2}, "season": "WINTER", "episodes": 10, "duration": 2, "genres": ["Action", "Sci-Fi", "Comedy"], "averageScore": null, "trending": 0, "popularity": 24, "streamingEpisodes": [], "coverImage": {"large": "https://s3.anilist.co/media/anime/cover/medium/nx102941-pXu4hCVUhinz.jpg", "medium": "https://s3.anilist.co/media/anime/cover/small/nx102941-pXu4hCVUhinz.jpg"}, "bannerImage": null, "isAdult": false, "format": "TV_SHORT"}, {"id": 102942, "title": {"romaji": "Bytheway Dance", "english": null}, "type": "ANIME", "status": "FINISHED", "description": "A full version of the theme song Bytheway Dance from the Inazma Delivery franchise posted on the official YouTube channel. Previously only a few seconds of the song and dance were used as the OP of Tutorial no Toku Dane Fuku Kitaru\u266a, the music variety program that the Inazma Delivery anime aired within. The posting was made in honor of the 2nd season completing its televised airing.\n<br><br>\n(Source: MAL)", "startDate": {"year": 2018, "month": 3, "day": 20}, "endDate": {"year": null, "month": null, "day": null}, "season": null, "episodes": 1, "duration": 1, "genres": ["Music"], "averageScore": null, "trending": 0, "popularity": 14, "streamingEpisodes": [], "coverImage": {"large": "https://s3.anilist.co/media/anime/cover/medium/102942-05tkQRqEOQkl.jpg", "medium": "https://s3.anilist.co/media/anime/cover/small/102942-05tkQRqEOQkl.jpg"}, "bannerImage": null, "isAdult": false, "format": "MUSIC"}, {"id": 102943, "title": {"romaji": "Tomoyo", "english": "Tomoyo"}, "type": "ANIME", "status": "FINISHED", "description": "A warm heart of friendship extended from South Korea to Japan in wake of the 2011 Touhoku earthquake and tsunami.\n<br><br>\n(Source: MAL)", "startDate": {"year": 2011, "month": 8, "day": null}, "endDate": {"year": 2011, "month": 8, "day": null}, "season": null, "episodes": 1, "duration": 5, "genres": ["Music"], "averageScore": null, "trending": 0, "popularity": 5, "streamingEpisodes": [], "coverImage": {"large": "https://s3.anilist.co/media/anime/cover/medium/102943-3nho9MeVSYjk.jpg", "medium": "https://s3.anilist.co/media/anime/cover/small/102943-3nho9MeVSYjk.jpg"}, "bannerImage": null, "isAdult": false, "format": "MUSIC"}, {"id": 102944, "title": {"romaji": "Rokudou Juku", "english": null}, "type": "ANIME", "status": "FINISHED", "description": "Commercial made by Ike Asami for the cram school Rokudou Juku.", "startDate": {"year": 2018, "month": 4, "day": 10}, "endDate": {"year": 2018, "month": 4, "day": 10}, "season": "SPRING", "episodes": 1, "duration": 1, "genres": ["Music"], "averageScore": null, "trending": 0, "popularity": 16, "streamingEpisodes": [], "coverImage": {"large": "https://s3.anilist.co/media/anime/cover/medium/102944-p6flrhJmwTMc.jpg", "medium": "https://s3.anilist.co/media/anime/cover/small/102944-p6flrhJmwTMc.jpg"}, "bannerImage": null, "isAdult": false, "format": "SPECIAL"}, {"id": 102945, "title": {"romaji": "Lose It", "english": null}, "type": "ANIME", "status": "FINISHED", "description": "Stop-motion concept movies for Super Junior-D&E's Lose It song which received its digital release the same day. The music video series is streamed on Avex's official YouTube channel. \n<br><br>\n(Source: MAL)", "startDate": {"year": 2018, "month": 3, "day": 28}, "endDate": {"year": 2018, "month": 4, "day": 1}, "season": null, "episodes": 3, "duration": 1, "genres": ["Music"], "averageScore": null, "trending": 0, "popularity": 11, "streamingEpisodes": [], "coverImage": {"large": "https://s3.anilist.co/media/anime/cover/medium/nx102945-DVVd8eO8PWvf.jpg", "medium": "https://s3.anilist.co/media/anime/cover/small/nx102945-DVVd8eO8PWvf.jpg"}, "bannerImage": null, "isAdult": false, "format": "MUSIC"}, {"id": 102946, "title": {"romaji": "Imouto sae Ireba Ii. Specials", "english": "A Sister's All You Need Specials"}, "type": "ANIME", "status": "FINISHED", "description": "Original \"chibi\" styled animations of Imouto sae Ireba Ii. posted on the anime's official Twitter channel. Also included on the BD/DVD releases.", "startDate": {"year": 2017, "month": 10, "day": 9}, "endDate": {"year": 2018, "month": 3, "day": 23}, "season": "FALL", "episodes": 8, "duration": 2, "genres": ["Comedy"], "averageScore": 57, "trending": 0, "popularity": 400, "streamingEpisodes": [], "coverImage": {"large": "https://s3.anilist.co/media/anime/cover/medium/102946-9bMibM5aNvmo.jpg", "medium": "https://s3.anilist.co/media/anime/cover/small/102946-9bMibM5aNvmo.jpg"}, "bannerImage": null, "isAdult": false, "format": "ONA"}, {"id": 102949, "title": {"romaji": "Fukigen na Mononokean Tsuzuki", "english": "Fukigen na Mononokean Tsuzuki"}, "type": "ANIME", "status": "NOT_YET_RELEASED", "description": "The second season of <i>Fukigen na Mononokean</i>.", "startDate": {"year": 2019, "month": 1, "day": null}, "endDate": {"year": null, "month": null, "day": null}, "season": "WINTER", "episodes": null, "duration": 24, "genres": ["Comedy", "Supernatural"], "averageScore": null, "trending": 0, "popularity": 328, "streamingEpisodes": [], "coverImage": {"large": "https://s3.anilist.co/media/anime/cover/medium/nx102949-HrB7b644jMnF.jpg", "medium": "https://s3.anilist.co/media/anime/cover/small/nx102949-HrB7b644jMnF.jpg"}, "bannerImage": null, "isAdult": false, "format": "TV"}, {"id": 102969, "title": {"romaji": "Gakuen Babysitters OVA", "english": "School Babysitters OVA"}, "type": "ANIME", "status": "FINISHED", "description": "In the OVA's story from the manga's ninth compiled book volume, Ryuuichi takes a break from the babysitter club in order to study for tests. Imitating Ryuuichi as he studies, Kotarou and friends practice writing. Ryuuichi wants to thank Saikawa, who helped him out during testing, and he nonchalantly tries to figure out what Saikawa likes. Ryuuichi makes curry for the chairwoman and Saikawa.<br><br>\n\nThe OVA also includes a special \"Snow White\" segment based on a story from the manga's sixth volume. The chairwoman is the Queen, and Inomata is trapped in a castle doing nothing but studying as Snow White. Ryuuichi is the huntsman who takes her to the outside. The babies are the seven dwarfs, and they run into Usaida in the forest.<br><br>\n\n(Source: ANN)", "startDate": {"year": 2018, "month": 9, "day": 26}, "endDate": {"year": 2018, "month": 9, "day": 26}, "season": "SUMMER", "episodes": 1, "duration": 24, "genres": ["Comedy", "Slice of Life"], "averageScore": null, "trending": 0, "popularity": 400, "streamingEpisodes": [], "coverImage": {"large": "https://s3.anilist.co/media/anime/cover/medium/nx102969-wsL3EiYuvAp9.jpg", "medium": "https://s3.anilist.co/media/anime/cover/small/nx102969-wsL3EiYuvAp9.jpg"}, "bannerImage": null, "isAdult": false, "format": "OVA"}, {"id": 102973, "title": {"romaji": "Zuo Ri Qing Kong", "english": "Crystal Sky of Yesterday"}, "type": "ANIME", "status": "FINISHED", "description": "Tu Xiaoyi, Yao Zhetian and Qi Jingxuan are high school students in a small town, Lanxi, in southern China. This is a story about dreams, friendship, family and first love in their youthful days.\n<br><br>\n(Source: MAL)", "startDate": {"year": 2018, "month": 8, "day": 10}, "endDate": {"year": 2018, "month": 8, "day": 10}, "season": null, "episodes": 1, "duration": null, "genres": ["Slice of Life", "Drama", "Romance"], "averageScore": null, "trending": 0, "popularity": 224, "streamingEpisodes": [], "coverImage": {"large": "https://s3.anilist.co/media/anime/cover/medium/nx102973-KdQisvC2YTrE.jpg", "medium": "https://s3.anilist.co/media/anime/cover/small/nx102973-KdQisvC2YTrE.jpg"}, "bannerImage": null, "isAdult": false, "format": "MOVIE"}, {"id": 102974, "title": {"romaji": "Gurazeni 2", "english": "Gurazeni: Money Pitch 2"}, "type": "ANIME", "status": "RELEASING", "description": "The second season of <I>Gurazeni</i>.", "startDate": {"year": 2018, "month": 10, "day": 5}, "endDate": {"year": null, "month": null, "day": null}, "season": "FALL", "episodes": null, "duration": 24, "genres": ["Sports"], "averageScore": null, "trending": 0, "popularity": 240, "streamingEpisodes": [{"title": "Episode 14 - The Softy", "url": "http://www.crunchyroll.com/gurazeni-money-pitch/episode-14-the-softy-777665"}, {"title": "Episode 13 - Back in the Majors", "url": "http://www.crunchyroll.com/gurazeni-money-pitch/episode-13-back-in-the-majors-777664"}, {"title": "Episode 12 - The Lonely Gourmet", "url": "http://www.crunchyroll.com/gurazeni-money-pitch/episode-12-the-lonely-gourmet-768709"}, {"title": "Episode 10 - High School Recruit, College Recruit", "url": "http://www.crunchyroll.com/gurazeni-money-pitch/episode-10-high-school-recruit-college-recruit-768705"}, {"title": "Episode 9 - Teacher or Cautionary Tale?", "url": "http://www.crunchyroll.com/gurazeni-money-pitch/episode-9-teacher-or-cautionary-tale-768703"}, {"title": "Episode 8 - The Commute to the Stadium", "url": "http://www.crunchyroll.com/gurazeni-money-pitch/episode-8-the-commute-to-the-stadium-768701"}, {"title": "Episode 7 - A Minor League Player in the Majors", "url": "http://www.crunchyroll.com/gurazeni-money-pitch/episode-7-a-minor-league-player-in-the-majors-768699"}, {"title": "Episode 6 - Multiplier", "url": "http://www.crunchyroll.com/gurazeni-money-pitch/episode-6-multiplier-768697"}, {"title": "Episode 5 - Safe Bets, Risky Bets", "url": "http://www.crunchyroll.com/gurazeni-money-pitch/episode-5-safe-bets-risky-bets-768695"}, {"title": "Episode 4 - Railroad to Retirement / The Man Who Couldn't Make Pro", "url": "http://www.crunchyroll.com/gurazeni-money-pitch/episode-4-railroad-to-retirement-the-man-who-couldnt-make-pro-768693"}, {"title": "Episode 3 - Prefecture Clique", "url": "http://www.crunchyroll.com/gurazeni-money-pitch/episode-3-prefecture-clique-768691"}, {"title": "Episode 2 - Tendency / Buddies", "url": "http://www.crunchyroll.com/gurazeni-money-pitch/episode-2-tendency-buddies-768689"}, {"title": "Episode 1 - My Workplace / Spot Starter", "url": "http://www.crunchyroll.com/gurazeni-money-pitch/episode-1-my-workplace-spot-starter-768687"}], "coverImage": {"large": "https://s3.anilist.co/media/anime/cover/medium/nx102974-VYTKOyFzyuNz.jpg", "medium": "https://s3.anilist.co/media/anime/cover/small/nx102974-VYTKOyFzyuNz.jpg"}, "bannerImage": null, "isAdult": false, "format": "TV"}, {"id": 102976, "title": {"romaji": "Kono Subarashii Sekai ni Shukufuku wo! Movie", "english": "Konosuba -God's Blessing On This Wonderful World! Movie"}, "type": "ANIME", "status": "NOT_YET_RELEASED", "description": "Movie project for the Konosuba series.", "startDate": {"year": 2019, "month": null, "day": null}, "endDate": {"year": null, "month": null, "day": null}, "season": null, "episodes": 1, "duration": null, "genres": ["Adventure", "Comedy", "Fantasy"], "averageScore": null, "trending": 0, "popularity": 1683, "streamingEpisodes": [], "coverImage": {"large": "https://s3.anilist.co/media/anime/cover/medium/102976-dkA4ASRc0PCu.jpg", "medium": "https://s3.anilist.co/media/anime/cover/small/102976-dkA4ASRc0PCu.jpg"}, "bannerImage": null, "isAdult": false, "format": "MOVIE"}, {"id": 102977, "title": {"romaji": "Golden Kamui 2", "english": "Golden Kamuy 2"}, "type": "ANIME", "status": "RELEASING", "description": "The second season of <i>Golden Kamuy</i>.", "startDate": {"year": 2018, "month": 10, "day": 8}, "endDate": {"year": null, "month": null, "day": null}, "season": "FALL", "episodes": 12, "duration": 24, "genres": ["Action", "Adventure"], "averageScore": 71, "trending": 55, "popularity": 3464, "streamingEpisodes": [{"title": "Episode 14 - Fakes", "url": "http://www.crunchyroll.com/golden-kamuy/episode-14-fakes-777838"}, {"title": "Episode 13 - Edogai-kun", "url": "http://www.crunchyroll.com/golden-kamuy/episode-13-edogai-kun-777837"}, {"title": "Episode 12 - Trickster Fox", "url": "http://www.crunchyroll.com/golden-kamuy/episode-12-trickster-fox-769193"}, {"title": "Episode 11 - Everybody, Get Together! It's a Murder Hotel!", "url": "http://www.crunchyroll.com/golden-kamuy/episode-11-everybody-get-together-its-a-murder-hotel-769191"}, {"title": "Episode 10 - Fellow Traveler", "url": "http://www.crunchyroll.com/golden-kamuy/episode-10-fellow-traveler-769189"}, {"title": "Episode 9 - Gleaming", "url": "http://www.crunchyroll.com/golden-kamuy/episode-9-gleaming-769187"}, {"title": "Episode 8 - Eyes of a Murderer", "url": "http://www.crunchyroll.com/golden-kamuy/episode-8-eyes-of-a-murderer-769185"}, {"title": "Episode 7 - Complication", "url": "http://www.crunchyroll.com/golden-kamuy/episode-7-complication-769183"}, {"title": "Episode 6 - Hunter's Soul", "url": "http://www.crunchyroll.com/golden-kamuy/episode-6-hunters-soul-769181"}, {"title": "Episode 5 - Race", "url": "http://www.crunchyroll.com/golden-kamuy/episode-5-race-769179"}, {"title": "Episode 4 - Grim Reaper", "url": "http://www.crunchyroll.com/golden-kamuy/episode-4-grim-reaper-769177"}, {"title": "Episode 3 - Kamuy Mosir", "url": "http://www.crunchyroll.com/golden-kamuy/episode-3-kamuy-mosir-769175"}, {"title": "Episode 2 - Nopperabo", "url": "http://www.crunchyroll.com/golden-kamuy/episode-2-nopperabo-769173"}, {"title": "Episode 1 - Wenkamuy", "url": "http://www.crunchyroll.com/golden-kamuy/episode-1-wenkamuy-769171"}], "coverImage": {"large": "https://s3.anilist.co/media/anime/cover/medium/nx102977-cj2JIrCoqila.jpg", "medium": "https://s3.anilist.co/media/anime/cover/small/nx102977-cj2JIrCoqila.jpg"}, "bannerImage": "https://s3.anilist.co/media/anime/banner/n102977-emGdmqhEhi4c.jpg", "isAdult": false, "format": "TV"}, {"id": 102978, "title": {"romaji": "Uchuu Senkan Tiramisu II", "english": "Space Battleship Tiramisu ZWEI"}, "type": "ANIME", "status": "RELEASING", "description": "The second season to <i>Uchuu Senkan Tiramisu</i>.", "startDate": {"year": 2018, "month": 10, "day": 2}, "endDate": {"year": null, "month": null, "day": null}, "season": "FALL", "episodes": 13, "duration": 7, "genres": ["Comedy", "Sci-Fi", "Slice of Life", "Mecha"], "averageScore": 53, "trending": 11, "popularity": 595, "streamingEpisodes": [{"title": "Episode 3 - FREEZE! / EYES OF THE HERO", "url": "http://www.crunchyroll.com/space-battleship-tiramisu/episode-3-freeze-eyes-of-the-hero-777499"}, {"title": "Episode 2 - REUNION / NEO UNIVERSE...", "url": "http://www.crunchyroll.com/space-battleship-tiramisu/episode-2-reunion-neo-universe-777498"}, {"title": "Episode 1 - COCKPIT ADDICTION / IT FALLS INTO THE CHRYSLER", "url": "http://www.crunchyroll.com/space-battleship-tiramisu/episode-1-cockpit-addiction-it-falls-into-the-chrysler-777497"}], "coverImage": {"large": "https://s3.anilist.co/media/anime/cover/medium/nx102978-Q6xRVTEy22qh.jpg", "medium": "https://s3.anilist.co/media/anime/cover/small/nx102978-Q6xRVTEy22qh.jpg"}, "bannerImage": null, "isAdult": false, "format": "TV_SHORT"}, {"id": 102979, "title": {"romaji": "Uchuu Senkan Tiramisu Specials", "english": "Uchuu Senkan Tiramisu Specials"}, "type": "ANIME", "status": "FINISHED", "description": "Unaired episodes included with the Blu-ray volumes.", "startDate": {"year": 2018, "month": 6, "day": 27}, "endDate": {"year": 2018, "month": 7, "day": 25}, "season": "SUMMER", "episodes": 3, "duration": 8, "genres": ["Comedy", "Sci-Fi", "Slice of Life", "Mecha"], "averageScore": 56, "trending": 0, "popularity": 286, "streamingEpisodes": [], "coverImage": {"large": "https://s3.anilist.co/media/anime/cover/medium/102979-XGNgbeeYuL8Z.jpg", "medium": "https://s3.anilist.co/media/anime/cover/small/102979-XGNgbeeYuL8Z.jpg"}, "bannerImage": null, "isAdult": false, "format": "SPECIAL"}, {"id": 102981, "title": {"romaji": "Mochi Mochi no Ki", "english": "The Tree of Courage"}, "type": "ANIME", "status": "FINISHED", "description": "An adaptation of a popular children's story by Okamoto Tadanari using a traditional storytelling style of narration. \n<br><br>\n[Source: MAL rewrite]", "startDate": {"year": 1972, "month": null, "day": null}, "endDate": {"year": 1972, "month": null, "day": null}, "season": null, "episodes": 1, "duration": 16, "genres": ["Drama"], "averageScore": null, "trending": 0, "popularity": 13, "streamingEpisodes": [], "coverImage": {"large": "https://s3.anilist.co/media/anime/cover/medium/102981-mOklAA3ZF1NE.png", "medium": "https://s3.anilist.co/media/anime/cover/small/102981-mOklAA3ZF1NE.png"}, "bannerImage": null, "isAdult": false, "format": "MOVIE"}, {"id": 102982, "title": {"romaji": "Angel", "english": null}, "type": "ANIME", "status": "FINISHED", "description": "A prisoner dreams of being an angel.", "startDate": {"year": 2001, "month": null, "day": null}, "endDate": {"year": 2001, "month": null, "day": null}, "season": null, "episodes": 1, "duration": 6, "genres": [], "averageScore": null, "trending": 0, "popularity": 13, "streamingEpisodes": [], "coverImage": {"large": "https://s3.anilist.co/media/anime/cover/medium/102982-1rFmpWWifWPv.jpg", "medium": "https://s3.anilist.co/media/anime/cover/small/102982-1rFmpWWifWPv.jpg"}, "bannerImage": null, "isAdult": false, "format": "SPECIAL"}, {"id": 102983, "title": {"romaji": "Zou no Senaka: Tabidatsu Hi", "english": "Walking My Life"}, "type": "ANIME", "status": "FINISHED", "description": "When elephants are about to die, they will leave their herd and die alone. When a person knows that he is about to die, what will he choose? It's lung cancer, and it has already metastasized. There are probably 6 months left. It's a story about a man's last few steps in his life. It's probably quite different from the elephants.\n<br><br>\n(Source: MAL)", "startDate": {"year": 2007, "month": 10, "day": 26}, "endDate": {"year": 2007, "month": 10, "day": 26}, "season": null, "episodes": 1, "duration": 7, "genres": ["Drama", "Slice of Life", "Music"], "averageScore": null, "trending": 0, "popularity": 16, "streamingEpisodes": [], "coverImage": {"large": "https://s3.anilist.co/media/anime/cover/medium/102983-EOH8AEWOmpjp.jpg", "medium": "https://s3.anilist.co/media/anime/cover/small/102983-EOH8AEWOmpjp.jpg"}, "bannerImage": null, "isAdult": false, "format": "OVA"}, {"id": 102984, "title": {"romaji": "Watashi ga Nakou Hototogisu", "english": "Let Me Cry, Cuckoo Bird"}, "type": "ANIME", "status": "FINISHED", "description": "A music video for Vampillia and Jun Togawa's song \"Watashi ga Nakou Hototogisu.\"", "startDate": {"year": 2017, "month": 4, "day": 2}, "endDate": {"year": 2017, "month": 4, "day": 2}, "season": null, "episodes": 1, "duration": 7, "genres": ["Music"], "averageScore": null, "trending": 0, "popularity": 21, "streamingEpisodes": [], "coverImage": {"large": "https://s3.anilist.co/media/anime/cover/medium/nx102984-r2W2lUnKVecJ.jpg", "medium": "https://s3.anilist.co/media/anime/cover/small/nx102984-r2W2lUnKVecJ.jpg"}, "bannerImage": null, "isAdult": false, "format": "MUSIC"}, {"id": 102985, "title": {"romaji": "Gui bao zhi bao xiao chuang yu zhou", "english": "Kwai Boo"}, "type": "ANIME", "status": "FINISHED", "description": "Kwai Boo is a 2015 Chinese animated science fiction comedy film directed by Yunfei Wang.\n<br><br>\n(Source: Wikipedia)", "startDate": {"year": 2015, "month": 8, "day": 6}, "endDate": {"year": 2015, "month": 8, "day": 6}, "season": null, "episodes": 1, "duration": 95, "genres": ["Adventure", "Comedy", "Sci-Fi"], "averageScore": null, "trending": 0, "popularity": 4, "streamingEpisodes": [], "coverImage": {"large": "https://s3.anilist.co/media/anime/cover/medium/nx102985-R5YPpKwdkeyP.jpg", "medium": "https://s3.anilist.co/media/anime/cover/small/nx102985-R5YPpKwdkeyP.jpg"}, "bannerImage": null, "isAdult": false, "format": "MOVIE"}, {"id": 102986, "title": {"romaji": "Bbaekkom Meogeujan Yeohaeng", "english": "My Friend Bernard"}, "type": "ANIME", "status": "FINISHED", "description": "A cowardly boy ends up having a magic necklace delivered to him which transports him to the world of Backkom. There the rag-tag team get out of jams and the boy learns a bit of courage by the time he arrives home.\n<br><br>\n(Source: MAL)", "startDate": {"year": 2007, "month": 3, "day": 22}, "endDate": {"year": 2007, "month": 3, "day": 22}, "season": null, "episodes": 1, "duration": 76, "genres": ["Adventure", "Comedy"], "averageScore": null, "trending": 0, "popularity": 6, "streamingEpisodes": [], "coverImage": {"large": "https://s3.anilist.co/media/anime/cover/medium/nx102986-1PbeFxGGYKcW.jpg", "medium": "https://s3.anilist.co/media/anime/cover/small/nx102986-1PbeFxGGYKcW.jpg"}, "bannerImage": null, "isAdult": false, "format": "MOVIE"}, {"id": 102987, "title": {"romaji": "1989", "english": "1989"}, "type": "ANIME", "status": "FINISHED", "description": "Music Video for song \"1989\" by \"the Pillows\" band. Included in the 20th anniversary compilation album \"Rock Stock & Too Smocking the Pillows\"", "startDate": {"year": 2009, "month": 6, "day": 3}, "endDate": {"year": 2009, "month": 6, "day": 3}, "season": null, "episodes": 1, "duration": 7, "genres": ["Music"], "averageScore": null, "trending": 0, "popularity": 68, "streamingEpisodes": [], "coverImage": {"large": "https://s3.anilist.co/media/anime/cover/medium/102987-ir7gDQ00gUV0.jpg", "medium": "https://s3.anilist.co/media/anime/cover/small/102987-ir7gDQ00gUV0.jpg"}, "bannerImage": "https://s3.anilist.co/media/anime/banner/102987-gqHsscqfQ0Rc.jpg", "isAdult": false, "format": "MUSIC"}, {"id": 102997, "title": {"romaji": "Quanzhi Gaoshou 2nd Season", "english": null}, "type": "ANIME", "status": "NOT_YET_RELEASED", "description": "A continuation of Quanzhi Gaoshou series.", "startDate": {"year": 2019, "month": null, "day": null}, "endDate": {"year": null, "month": null, "day": null}, "season": null, "episodes": 24, "duration": 24, "genres": ["Action"], "averageScore": null, "trending": 0, "popularity": 940, "streamingEpisodes": [], "coverImage": {"large": "https://s3.anilist.co/media/anime/cover/medium/102997-cOSukjYW84E3.jpg", "medium": "https://s3.anilist.co/media/anime/cover/small/102997-cOSukjYW84E3.jpg"}, "bannerImage": null, "isAdult": false, "format": "ONA"}, {"id": 102998, "title": {"romaji": "White Fantasy", "english": "WHITE FANTASY"}, "type": "ANIME", "status": "FINISHED", "description": "Animated Commercial for the footwear company K-Swiss Asia.", "startDate": {"year": 2014, "month": 12, "day": 5}, "endDate": {"year": 2014, "month": 12, "day": 5}, "season": null, "episodes": 1, "duration": 2, "genres": ["Sports", "Fantasy"], "averageScore": null, "trending": 0, "popularity": 53, "streamingEpisodes": [], "coverImage": {"large": "https://s3.anilist.co/media/anime/cover/medium/nx102998-a2fqXP99mXvp.jpg", "medium": "https://s3.anilist.co/media/anime/cover/small/nx102998-a2fqXP99mXvp.jpg"}, "bannerImage": null, "isAdult": false, "format": "SPECIAL"}, {"id": 103000, "title": {"romaji": "Jingai-san no Yome", "english": null}, "type": "ANIME", "status": "RELEASING", "description": "The four-panel manga follows a 16-year-old male high school student named Tomari Hinowa who marries a mysterious and fluffy lifeform named Kanenogi.<br><br>\n\n(Source: ANN)", "startDate": {"year": 2018, "month": 10, "day": 3}, "endDate": {"year": null, "month": null, "day": null}, "season": "FALL", "episodes": 12, "duration": 3, "genres": ["Comedy"], "averageScore": 43, "trending": 0, "popularity": 1659, "streamingEpisodes": [{"title": "Episode 3 - Classmate and Wife", "url": "http://www.crunchyroll.com/jingai-san-no-yome/episode-3-classmate-and-wife-777561"}, {"title": "Episode 2 - We Got Married", "url": "http://www.crunchyroll.com/jingai-san-no-yome/episode-2-we-got-married-777560"}, {"title": "Episode 1 - Jingai-san no Yome", "url": "http://www.crunchyroll.com/jingai-san-no-yome/episode-1-jingai-san-no-yome-777559"}], "coverImage": {"large": "https://s3.anilist.co/media/anime/cover/medium/nx103000-sm5r57xezkab.jpg", "medium": "https://s3.anilist.co/media/anime/cover/small/nx103000-sm5r57xezkab.jpg"}, "bannerImage": null, "isAdult": false, "format": "TV_SHORT"}, {"id": 103001, "title": {"romaji": "Susume, Karolina.", "english": null}, "type": "ANIME", "status": "FINISHED", "description": "Short anime about professional shogi player Karolina Styczynska.", "startDate": {"year": 2018, "month": 6, "day": 14}, "endDate": {"year": 2018, "month": 6, "day": 14}, "season": null, "episodes": 1, "duration": 3, "genres": [], "averageScore": 54, "trending": 0, "popularity": 135, "streamingEpisodes": [], "coverImage": {"large": "https://s3.anilist.co/media/anime/cover/medium/nx103001-loqW2d7ss5Tu.jpg", "medium": "https://s3.anilist.co/media/anime/cover/small/nx103001-loqW2d7ss5Tu.jpg"}, "bannerImage": "https://s3.anilist.co/media/anime/banner/103001-1UhrR0NgKWgB.png", "isAdult": false, "format": "ONA"}, {"id": 103002, "title": {"romaji": "Right Places: Sono Toki, Boku no Irubeki Basho", "english": "Right Places: Where I Was Meant to Be at That Time"}, "type": "ANIME", "status": "FINISHED", "description": "The narrator, an unnamed adolescent boy living in the present time in an unspecified part of Japan, begins to notice that he can see strange creatures that no one else seems to be able to see. As time passes, he ruminates over his relationship with these creatures, why he is able to see them, and what it says about the person he is. One day, however, he notices that one of these creatures seems to be behaving differently than before...\n<br><br>\n(Source: tMDb)", "startDate": {"year": 2013, "month": 10, "day": 25}, "endDate": {"year": 2013, "month": 10, "day": 25}, "season": null, "episodes": 1, "duration": 5, "genres": ["Fantasy", "Slice of Life"], "averageScore": null, "trending": 0, "popularity": 59, "streamingEpisodes": [], "coverImage": {"large": "https://s3.anilist.co/media/anime/cover/medium/103002-2fFQV21DpmzI.jpg", "medium": "https://s3.anilist.co/media/anime/cover/small/103002-2fFQV21DpmzI.jpg"}, "bannerImage": "https://s3.anilist.co/media/anime/banner/103002-aCk5Xue2Gd0A.jpg", "isAdult": false, "format": "ONA"}, {"id": 103003, "title": {"romaji": "Umi ni Ochita Tsuki no Hanashi", "english": "Umi ni Ochita Tsuki no Hanashi"}, "type": "ANIME", "status": "FINISHED", "description": "hita Tsuki no Hanashi (New) by IndieTraufe\nCurrent:\nSubmission:\ndescription compare_arrows\nThe moon that fell into the deep sea woke up in the darkness. An angler fish came there. The moon explained why he fell into the sea, but the angler fish did not hear the story because he was absorbed in fishing. Eating a fish, he went away. A shark came next. He tried to take the moon to the sky, but he got too tired partway and left the moon. Crabs came. They carried the moon to the beach, because they needed the light of a full moon to lay their eggs. When they finished laying their eggs, they went home. The moon left alone on the beach was washed away by the waves and returned into the sea. The moon rolled down a hill and fell on a turtle. It was a very old turtle who should know a lot. The moon asked him how to go back to the sky. The turtle asked a ray in the sand to take the moon with him. The ray took the moon with him and dropped the moon in the deepest sea. The moon sank deeper and deeper. There was a big fish in the bottom of the sea. Wrapped in particles of light coming out from the mouth of the big fish, the moon emerged on the surface of the sea and melted. <br><br> Did the moon return to the sky? This animation can be interpreted differently by different viewers. It can be interpreted, for example, as a story of the moon that fell into the sea whether in reality or in a dream, or as a story of an old moon that had to die for the birth of a new moon, or as a story of a soul heading for heaven. Whatever interpretation viewers make, the story conveys a positive message that we are all allowed to exist. Represented by this animation is a small world gently embracing us all -- transient existence... <br><br> (Source: YouTube)", "startDate": {"year": 2013, "month": null, "day": null}, "endDate": {"year": 2013, "month": null, "day": null}, "season": null, "episodes": 1, "duration": 18, "genres": ["Fantasy"], "averageScore": null, "trending": 0, "popularity": 34, "streamingEpisodes": [], "coverImage": {"large": "https://s3.anilist.co/media/anime/cover/medium/103003-1ZU0I2ZxD80V.jpg", "medium": "https://s3.anilist.co/media/anime/cover/small/103003-1ZU0I2ZxD80V.jpg"}, "bannerImage": null, "isAdult": false, "format": "MOVIE"}, {"id": 103004, "title": {"romaji": "The Night Game: Neko no Sakusen", "english": null}, "type": "ANIME", "status": "FINISHED", "description": "Cats play baseball at night. When their ball goes over the fence a dog is indifferent on giving it back. The cat tries different methods to get revenge.\n<br><br>\n(Source: MAL)", "startDate": {"year": 2012, "month": 1, "day": 3}, "endDate": {"year": 2012, "month": 1, "day": 3}, "season": null, "episodes": 1, "duration": 5, "genres": ["Sports"], "averageScore": null, "trending": 0, "popularity": 8, "streamingEpisodes": [], "coverImage": {"large": "https://s3.anilist.co/media/anime/cover/medium/103004-RpDFxVDnlyDI.jpg", "medium": "https://s3.anilist.co/media/anime/cover/small/103004-RpDFxVDnlyDI.jpg"}, "bannerImage": null, "isAdult": false, "format": "SPECIAL"}, {"id": 103007, "title": {"romaji": "Guan Hai Ce", "english": null}, "type": "ANIME", "status": "FINISHED", "description": null, "startDate": {"year": 2018, "month": 6, "day": 17}, "endDate": {"year": 2018, "month": 6, "day": 17}, "season": null, "episodes": 16, "duration": 19, "genres": ["Action", "Drama"], "averageScore": null, "trending": 0, "popularity": 7, "streamingEpisodes": [], "coverImage": {"large": "https://s3.anilist.co/media/anime/cover/medium/103007-ZJKPxemiK7hH.jpg", "medium": "https://s3.anilist.co/media/anime/cover/small/103007-ZJKPxemiK7hH.jpg"}, "bannerImage": null, "isAdult": false, "format": "ONA"}, {"id": 103008, "title": {"romaji": "Dou Hun Wei Zhi Xuan Yue Qi Yuan", "english": "Spirit Guardians"}, "type": "ANIME", "status": "RELEASING", "description": null, "startDate": {"year": 2018, "month": 6, "day": 19}, "endDate": {"year": null, "month": null, "day": null}, "season": null, "episodes": 12, "duration": 20, "genres": ["Adventure"], "averageScore": null, "trending": 0, "popularity": 15, "streamingEpisodes": [], "coverImage": {"large": "https://s3.anilist.co/media/anime/cover/medium/103008-SJWnDpyXLFHW.jpg", "medium": "https://s3.anilist.co/media/anime/cover/small/103008-SJWnDpyXLFHW.jpg"}, "bannerImage": null, "isAdult": false, "format": "ONA"}, {"id": 103009, "title": {"romaji": "Kizuna (Special)", "english": null}, "type": "ANIME", "status": "FINISHED", "description": "Short Animation by Tekken", "startDate": {"year": 2012, "month": null, "day": null}, "endDate": {"year": 2012, "month": null, "day": null}, "season": null, "episodes": 1, "duration": 1, "genres": ["Slice of Life", "Romance", "Drama"], "averageScore": null, "trending": 0, "popularity": 36, "streamingEpisodes": [], "coverImage": {"large": "https://s3.anilist.co/media/anime/cover/medium/103009-24d0xoFFUcSG.jpg", "medium": "https://s3.anilist.co/media/anime/cover/small/103009-24d0xoFFUcSG.jpg"}, "bannerImage": null, "isAdult": false, "format": "SPECIAL"}, {"id": 103010, "title": {"romaji": "Minna de Bokumetsu Inshu Unten", "english": null}, "type": "ANIME", "status": "FINISHED", "description": "A Fukuoka City commissioned commercial from Tekken during their anti-drunk driving campaign.", "startDate": {"year": 2013, "month": null, "day": null}, "endDate": {"year": 2013, "month": null, "day": null}, "season": null, "episodes": 1, "duration": 1, "genres": ["Drama"], "averageScore": null, "trending": 0, "popularity": 11, "streamingEpisodes": [], "coverImage": {"large": "https://s3.anilist.co/media/anime/cover/medium/103010-eX1RRcMRIhE6.jpg", "medium": "https://s3.anilist.co/media/anime/cover/small/103010-eX1RRcMRIhE6.jpg"}, "bannerImage": null, "isAdult": false, "format": "SPECIAL"}, {"id": 103011, "title": {"romaji": "Na mo Nai Mainichi", "english": null}, "type": "ANIME", "status": "FINISHED", "description": "Official music video for RAM WIRE's song Na mo Nai Mainichi.", "startDate": {"year": 2012, "month": 6, "day": 14}, "endDate": {"year": 2012, "month": 6, "day": 14}, "season": null, "episodes": 1, "duration": 4, "genres": ["Drama", "Music"], "averageScore": null, "trending": 0, "popularity": 8, "streamingEpisodes": [], "coverImage": {"large": "https://s3.anilist.co/media/anime/cover/medium/103011-VN7nbi9cjX14.jpg", "medium": "https://s3.anilist.co/media/anime/cover/small/103011-VN7nbi9cjX14.jpg"}, "bannerImage": null, "isAdult": false, "format": "MUSIC"}, {"id": 103012, "title": {"romaji": "Sayonara no Kawari ni 2013", "english": null}, "type": "ANIME", "status": "FINISHED", "description": "Official music video for idol group Oha Girl Chu! Chu! Chu!'s song Sayonara no Kawari ni 2013. It is a cover of a song titled Sayonara no Kawari ni performed by the idol group Oha Ska in 2000 by the 1999 cast of Oha Suta, a Japanese children's TV show. Both idol groups are owned by the Oha Suta franchise.\n<br><br>\n(Source: MAL)", "startDate": {"year": 2013, "month": null, "day": null}, "endDate": {"year": 2013, "month": null, "day": null}, "season": null, "episodes": 1, "duration": 5, "genres": ["Music"], "averageScore": null, "trending": 0, "popularity": 5, "streamingEpisodes": [], "coverImage": {"large": "https://s3.anilist.co/media/anime/cover/medium/103012-QvVP1X5qeYfv.jpg", "medium": "https://s3.anilist.co/media/anime/cover/small/103012-QvVP1X5qeYfv.jpg"}, "bannerImage": null, "isAdult": false, "format": "MUSIC"}, {"id": 103013, "title": {"romaji": "Star Wars/Force no Kakusei", "english": "Star Wars: The Force Awakens"}, "type": "ANIME", "status": "FINISHED", "description": "Tekken published a flip book movie about the episode \"The Force Awakens\" in the series \"Star Wars\" celebrating the premiere of \"Star Wars: The Last Jedi\" (directed by Ryan Johnson) on the same day.\n<br><br>\nThe movie begins with the scene in which a group of Stormtroopers is marching, and continues with other scenes for instance when protagonist Rey meets BB-8, then confronts Kylo Ren - who intends to fulfil the legacy of Darth Vader - waking up the Force, when Rey meets Luke SkyWalker, a legendary Jedi; and depicts the whole film series.\n<br><br>\n(Source: Official YouTube channel)", "startDate": {"year": 2017, "month": 12, "day": 15}, "endDate": {"year": 2017, "month": 12, "day": 15}, "season": null, "episodes": 1, "duration": 1, "genres": ["Sci-Fi"], "averageScore": null, "trending": 0, "popularity": 8, "streamingEpisodes": [], "coverImage": {"large": "https://s3.anilist.co/media/anime/cover/medium/nx103013-8qMbTwhHq9dU.jpg", "medium": "https://s3.anilist.co/media/anime/cover/small/nx103013-8qMbTwhHq9dU.jpg"}, "bannerImage": null, "isAdult": false, "format": "ONA"}, {"id": 103014, "title": {"romaji": "Star Wars: Saigo no Jedai - Tokubetsu Eizou", "english": null}, "type": "ANIME", "status": "FINISHED", "description": "A promotional video for Star Wars: The Last Jedi, titled Star Wars: Saigo no Jedai in Japan. The video re-imagines the Star Wars cast in BB-8's cute design and recaps the events of the previous film Star Wars: The Force Awakens, titled Star Wars: Force no Kakusei in Japan.\n<br><br>\n(Source: MAL)", "startDate": {"year": 2017, "month": 11, "day": 8}, "endDate": {"year": 2017, "month": 11, "day": 8}, "season": null, "episodes": 1, "duration": 1, "genres": ["Sci-Fi", "Comedy"], "averageScore": null, "trending": 0, "popularity": 12, "streamingEpisodes": [], "coverImage": {"large": "https://s3.anilist.co/media/anime/cover/medium/103014-IN9tHsX1FG1y.jpg", "medium": "https://s3.anilist.co/media/anime/cover/small/103014-IN9tHsX1FG1y.jpg"}, "bannerImage": null, "isAdult": false, "format": "ONA"}, {"id": 103015, "title": {"romaji": "The New A-Class.: Next Stage with YOU", "english": null}, "type": "ANIME", "status": "FINISHED", "description": "Mercedes-Benz's newest commercial for the A-Class car line featuring the girl group Perfume as CGI songstresses", "startDate": {"year": 2015, "month": 11, "day": 25}, "endDate": {"year": 2015, "month": 11, "day": 25}, "season": null, "episodes": 1, "duration": null, "genres": ["Music"], "averageScore": null, "trending": 0, "popularity": 58, "streamingEpisodes": [], "coverImage": {"large": "https://s3.anilist.co/media/anime/cover/medium/103015-vYhXEQrwBURP.jpg", "medium": "https://s3.anilist.co/media/anime/cover/small/103015-vYhXEQrwBURP.jpg"}, "bannerImage": null, "isAdult": false, "format": "ONA"}, {"id": 103016, "title": {"romaji": "Yaseruyagi", "english": null}, "type": "ANIME", "status": "FINISHED", "description": "A story about granny, her granddaughter and a goat. \n<br><br>\n(Source: Official site)", "startDate": {"year": 2010, "month": 3, "day": 28}, "endDate": {"year": 2010, "month": 3, "day": 28}, "season": null, "episodes": 1, "duration": 1, "genres": [], "averageScore": null, "trending": 0, "popularity": 14, "streamingEpisodes": [], "coverImage": {"large": "https://s3.anilist.co/media/anime/cover/medium/103016-nzSzAuYBwBUM.jpg", "medium": "https://s3.anilist.co/media/anime/cover/small/103016-nzSzAuYBwBUM.jpg"}, "bannerImage": null, "isAdult": false, "format": "ONA"}, {"id": 103017, "title": {"romaji": "Chiruri", "english": null}, "type": "ANIME", "status": "FINISHED", "description": "The story of a boy and a girl who try to find the one thing that matters.\n<br><br>\nIndependent production short film by Kawasaki Kenji.\n<br><br>\n(Source: AniDB)", "startDate": {"year": 2011, "month": 2, "day": 11}, "endDate": {"year": 2011, "month": 2, "day": 11}, "season": null, "episodes": 1, "duration": 8, "genres": ["Romance"], "averageScore": null, "trending": 0, "popularity": 31, "streamingEpisodes": [], "coverImage": {"large": "https://s3.anilist.co/media/anime/cover/medium/103017-7hmXc7vaWyRO.jpg", "medium": "https://s3.anilist.co/media/anime/cover/small/103017-7hmXc7vaWyRO.jpg"}, "bannerImage": null, "isAdult": false, "format": "ONA"}, {"id": 103018, "title": {"romaji": "Dappi Suru Tame ni Hitsuyou na Koto: Growth Factor", "english": "Growth Factor"}, "type": "ANIME", "status": "FINISHED", "description": "Short by Ryosuke Oshiro", "startDate": {"year": 2014, "month": 3, "day": 2}, "endDate": {"year": 2014, "month": 3, "day": 2}, "season": "WINTER", "episodes": 1, "duration": 7, "genres": ["Psychological"], "averageScore": null, "trending": 0, "popularity": 14, "streamingEpisodes": [], "coverImage": {"large": "https://s3.anilist.co/media/anime/cover/medium/103018-ObA11W6xrFsx.jpg", "medium": "https://s3.anilist.co/media/anime/cover/small/103018-ObA11W6xrFsx.jpg"}, "bannerImage": null, "isAdult": false, "format": "ONA"}, {"id": 103019, "title": {"romaji": "Omoi Gumo", "english": "A Reflection of One's Mind"}, "type": "ANIME", "status": "FINISHED", "description": "Realised in 2014, this beautiful animated film, subtle and graceful, is the final project year-end of a Japanese student of University of Fine Arts Tama of Tokyo : Kahei Nakaya.\n<br><br>\nThe choice of a silent narrative, driven by a soft and introspective music of Claude Debussy, lets you enjoy all the finesse of this teenager malaise.\n<br><br>\nLightweight and touching, A reflection of one's mind is very pleasant. The impressive maturity and control of the graphic writing, lets we expected great things for Kahei Nakaya and his future audience.\n<br><br>\n(Source: Youtube)", "startDate": {"year": 2014, "month": 4, "day": 12}, "endDate": {"year": 2014, "month": 4, "day": 12}, "season": null, "episodes": 1, "duration": 6, "genres": ["Drama", "Psychological", "Music"], "averageScore": null, "trending": 0, "popularity": 58, "streamingEpisodes": [], "coverImage": {"large": "https://s3.anilist.co/media/anime/cover/medium/103019-N1oUyAciO1SW.jpg", "medium": "https://s3.anilist.co/media/anime/cover/small/103019-N1oUyAciO1SW.jpg"}, "bannerImage": null, "isAdult": false, "format": "ONA"}, {"id": 103020, "title": {"romaji": "Namazu wa Umi ni Kaeru", "english": "Way back to the Sea"}, "type": "ANIME", "status": "FINISHED", "description": "The catfish can't get back to the sea. A big catfish is stuck on a riverbank, where he lives quietly with a little catfish in a boat packed with memories from back home.\n<br><br>\nShort by Iwase Kaori\n<br><br>\n(Source: Geidai Animation)", "startDate": {"year": 2014, "month": null, "day": null}, "endDate": {"year": 2014, "month": null, "day": null}, "season": null, "episodes": 1, "duration": 10, "genres": ["Slice of Life"], "averageScore": null, "trending": 0, "popularity": 32, "streamingEpisodes": [], "coverImage": {"large": "https://s3.anilist.co/media/anime/cover/medium/nx103020-nESkQK7gahWW.jpg", "medium": "https://s3.anilist.co/media/anime/cover/small/nx103020-nESkQK7gahWW.jpg"}, "bannerImage": null, "isAdult": false, "format": "MOVIE"}, {"id": 103021, "title": {"romaji": "Baa-cha no Kingyo", "english": null}, "type": "ANIME", "status": "FINISHED", "description": "The story follows an old lady that is very fond of her gold fish and the dream she has revolving it. She recalls an event in her younger years as a child and the reason behind her love for gold fishes.\n<br><br>\nShort animation by Kaori Iwase.\n<br><br>\n(Source: AniDB)", "startDate": {"year": 2012, "month": 10, "day": 28}, "endDate": {"year": 2012, "month": 10, "day": 28}, "season": null, "episodes": 1, "duration": 9, "genres": ["Slice of Life"], "averageScore": null, "trending": 0, "popularity": 36, "streamingEpisodes": [], "coverImage": {"large": "https://s3.anilist.co/media/anime/cover/medium/103021-QgxogwF3j4A7.jpg", "medium": "https://s3.anilist.co/media/anime/cover/small/103021-QgxogwF3j4A7.jpg"}, "bannerImage": null, "isAdult": false, "format": "ONA"}, {"id": 103022, "title": {"romaji": "Guomin Laogong Dai Huijia 2nd season", "english": null}, "type": "ANIME", "status": "FINISHED", "description": "A Continuation fo the Guomin Langong series", "startDate": {"year": 2017, "month": 5, "day": 1}, "endDate": {"year": 2017, "month": 7, "day": 3}, "season": null, "episodes": 12, "duration": 11, "genres": ["Drama", "Romance"], "averageScore": null, "trending": 0, "popularity": 85, "streamingEpisodes": [], "coverImage": {"large": "https://s3.anilist.co/media/anime/cover/medium/103022-a7pu6zSnTSb0.jpg", "medium": "https://s3.anilist.co/media/anime/cover/small/103022-a7pu6zSnTSb0.jpg"}, "bannerImage": null, "isAdult": false, "format": "ONA"}, {"id": 103023, "title": {"romaji": "Guomin Laogong Dai Huijia 3rd Season", "english": null}, "type": "ANIME", "status": "FINISHED", "description": "The third season of Guomin Laogong Dai Huijia", "startDate": {"year": 2017, "month": 10, "day": 25}, "endDate": {"year": 2018, "month": 1, "day": 10}, "season": null, "episodes": 12, "duration": 12, "genres": ["Drama", "Romance"], "averageScore": null, "trending": 0, "popularity": 76, "streamingEpisodes": [], "coverImage": {"large": "https://s3.anilist.co/media/anime/cover/medium/103023-bj1xorQH89O8.jpg", "medium": "https://s3.anilist.co/media/anime/cover/small/103023-bj1xorQH89O8.jpg"}, "bannerImage": null, "isAdult": false, "format": "ONA"}, {"id": 103047, "title": {"romaji": "Violet Evergarden Movie", "english": "Violet Evergarden Movie"}, "type": "ANIME", "status": "NOT_YET_RELEASED", "description": "Announced at a special event in late June 2018.", "startDate": {"year": 2020, "month": 1, "day": null}, "endDate": {"year": 2020, "month": 1, "day": null}, "season": null, "episodes": null, "duration": null, "genres": ["Drama", "Fantasy", "Slice of Life"], "averageScore": null, "trending": 0, "popularity": 2053, "streamingEpisodes": [], "coverImage": {"large": "https://s3.anilist.co/media/anime/cover/medium/nx103047-0Ct5uxEPk6mz.jpg", "medium": "https://s3.anilist.co/media/anime/cover/small/nx103047-0Ct5uxEPk6mz.jpg"}, "bannerImage": null, "isAdult": false, "format": "MOVIE"}, {"id": 103048, "title": {"romaji": "Re:Stage!", "english": "Re:Stage!"}, "type": "ANIME", "status": "NOT_YET_RELEASED", "description": "Anime adaptation of Pony Canyon and Comptiq's multimedia project.<br><br>\n\nThe story centers around the first-year student Mana Shikimiya as she pursue her dreams of winning at the Prism Stage, the competition that determines the top middle-school idol.<br><br>\n\n(Source: ANN)", "startDate": {"year": null, "month": null, "day": null}, "endDate": {"year": null, "month": null, "day": null}, "season": null, "episodes": null, "duration": null, "genres": [], "averageScore": null, "trending": 0, "popularity": 23, "streamingEpisodes": [], "coverImage": {"large": "https://s3.anilist.co/media/anime/cover/medium/nx103048-1km24SzeeMcR.jpg", "medium": "https://s3.anilist.co/media/anime/cover/small/nx103048-1km24SzeeMcR.jpg"}, "bannerImage": null, "isAdult": false, "format": "TV"}, {"id": 103049, "title": {"romaji": "Piano no Mori 2 (TV)", "english": null}, "type": "ANIME", "status": "NOT_YET_RELEASED", "description": "The second cour of <i>Piano no Mori</i>.", "startDate": {"year": 2019, "month": 1, "day": null}, "endDate": {"year": null, "month": null, "day": null}, "season": "WINTER", "episodes": 12, "duration": null, "genres": ["Drama", "Music"], "averageScore": null, "trending": 0, "popularity": 293, "streamingEpisodes": [], "coverImage": {"large": "https://s3.anilist.co/media/anime/cover/medium/nx103049-amB8jRgCvucH.jpg", "medium": "https://s3.anilist.co/media/anime/cover/small/nx103049-amB8jRgCvucH.jpg"}, "bannerImage": null, "isAdult": false, "format": "TV"}]}}}