{"data": {"Page": {"pageInfo": {"total": 12297, "hasNextPage": true}, "media": [{"id": 5344, "title": {"romaji": "Time Bokan Series: Itadakiman", "english": null}, "type": "ANIME", "status": "FINISHED", "description": "The story begins in the year of 20XX. Oshaka School in Kamakuland is a prestige school of the world where only those who are pure and clearheaded descendants of Priest Sanzo's clan may be admitted. As for the familiar villain trio, they are in firm belief that they are genuine descendants of Priest Sanzo's clan although actually they are of uncertain lineage. They study hard to enter the school in spite of their repeated failure. One day three intelligent children are called in by the principal and asked by Shakyamuni dwelling in his body to find missing puzzle copperplates scattered all over the world and complete the puzzle board to heighten honor of Oshaka School. The conversation, however, is overheard by the villain trio and they decide to forestall those selected youngsters. Then they happen to meet with a brilliant boy named koochan who appears handy and so they take him with them and attempt to take away puzzle copperplates from a goblin. At the same time they try to win the goblin over to their side and attack our heroes together. Being aware of the evil scheme, Koochan transforms himself into Itadakiman and fights bravely to drive the wicked trio away.<br><br>\n(Source: Official site) ", "startDate": {"year": 1983, "month": 4, "day": 9}, "endDate": {"year": 1983, "month": 9, "day": 24}, "season": "SPRING", "episodes": 20, "duration": 24, "genres": ["Mecha"], "averageScore": null, "trending": 0, "popularity": 49, "streamingEpisodes": [], "coverImage": {"large": "https://s3.anilist.co/media/anime/cover/medium/5344.jpg", "medium": "https://s3.anilist.co/media/anime/cover/small/5344.jpg"}, "bannerImage": null, "isAdult": false, "format": "TV"}, {"id": 5347, "title": {"romaji": "Bible Black: Imari Ryoujoku Genba", "english": null}, "type": "ANIME", "status": "FINISHED", "description": "The Imari SP shows Imari being raped when she is about to leave the school at late hour. <br><br>\nThis is a short released as part of the 2006 boxset. <br><br>\n(Source: Wikipedia)", "startDate": {"year": 2005, "month": 7, "day": 25}, "endDate": {"year": 2006, "month": 4, "day": 25}, "season": "SUMMER", "episodes": 1, "duration": 10, "genres": ["Hentai"], "averageScore": 57, "trending": 0, "popularity": 625, "streamingEpisodes": [], "coverImage": {"large": "https://s3.anilist.co/media/anime/cover/medium/5347.jpg", "medium": "https://s3.anilist.co/media/anime/cover/small/5347.jpg"}, "bannerImage": null, "isAdult": true, "format": "SPECIAL"}, {"id": 5348, "title": {"romaji": "Meitantei Conan Magic File 2: Kudou Shin'ichi Nazo no Kabe to Kuro Lab Jiken", "english": "Case Closed Magic File 2: Kudou Shinichi - The Case of the Mysterious Wall and the Black Lab"}, "type": "ANIME", "status": "FINISHED", "description": "Magic File 2 was sold at select retailers (7-11 branded equivalents) in Japan, along with PPV episodes of the show (episodes released long before, such as the NY case). The first disc housed the Movie 12 Side-Story OVA, which features Kudou Shinichi and details a bit of the backstory from the upcoming movie. The second disc was the one with the PPV episodes.<br><br>\n(Source: DCTP Forum)", "startDate": {"year": 2008, "month": 4, "day": 19}, "endDate": {"year": 2008, "month": 4, "day": 19}, "season": "SPRING", "episodes": 1, "duration": 28, "genres": ["Adventure", "Comedy", "Mystery"], "averageScore": 69, "trending": 0, "popularity": 786, "streamingEpisodes": [], "coverImage": {"large": "https://s3.anilist.co/media/anime/cover/medium/5348.jpg", "medium": "https://s3.anilist.co/media/anime/cover/small/5348.jpg"}, "bannerImage": null, "isAdult": false, "format": "OVA"}, {"id": 5351, "title": {"romaji": "Kidou Senshi Gundam 00: Tenshitachi no Kiseki", "english": null}, "type": "ANIME", "status": "FINISHED", "description": "A recap of the first season, from Setsuna point of view.", "startDate": {"year": 2008, "month": 9, "day": 25}, "endDate": {"year": 2008, "month": 9, "day": 25}, "season": "FALL", "episodes": 1, "duration": 24, "genres": ["Action", "Mecha", "Sci-Fi"], "averageScore": 59, "trending": 0, "popularity": 470, "streamingEpisodes": [], "coverImage": {"large": "https://s3.anilist.co/media/anime/cover/medium/5351.jpg", "medium": "https://s3.anilist.co/media/anime/cover/small/5351.jpg"}, "bannerImage": null, "isAdult": false, "format": "SPECIAL"}, {"id": 5353, "title": {"romaji": "Chameleon", "english": "Bite me!"}, "type": "ANIME", "status": "FINISHED", "description": "The series follows the antics of tenth-grade student Eisaku Yazawa who wants to become a bousouzoku, a motorcycle gang member.", "startDate": {"year": 1992, "month": 2, "day": 15}, "endDate": {"year": 1996, "month": 2, "day": 15}, "season": "WINTER", "episodes": 6, "duration": 51, "genres": ["Comedy", "Ecchi"], "averageScore": null, "trending": 0, "popularity": 96, "streamingEpisodes": [], "coverImage": {"large": "https://s3.anilist.co/media/anime/cover/medium/5353.jpg", "medium": "https://s3.anilist.co/media/anime/cover/small/5353.jpg"}, "bannerImage": null, "isAdult": false, "format": "OVA"}, {"id": 5355, "title": {"romaji": "Sengoku Basara", "english": "Sengoku Basara: Samurai Kings"}, "type": "ANIME", "status": "FINISHED", "description": "In the age of the Warring Countries, Japan was fragmented in semi-independent provinces, governed by feudal lords or daimyo, who confronted each other in an endless struggle for power. Ambitious daimyos from every corner of the Archipelago had shouted their battle cry. They were Takeda Shingen from Kai, Sanada Yukimura, Uesugi Kenshin from Echigo, Azai Nagamasa from Omi, Tokugawa Ieyasu from Mikawa, and many more...<br><br>\nThose were days of unrest and chaos. As war spread throughout the country, the map of power underwent rapid and dramatic changes. In this never-ending conflict, one man finally seemed to be just one step from establishing total control over the country. He was the lord of Owari, the Sixth Heavenly Devil King. His name was Oda Nobunaga.<br><br>\nBut now, a young general clad in azure makes his unexpected appearance in this confused scenario, heading a huge army of cavalrymen from the Northern provinces. He is known as Date Masamune, the One-Eyed Dragon. And he is coming for Oda Nobunaga's head, and for ultimate supremacy! <br><br>\n(Source: Production I.G website)", "startDate": {"year": 2009, "month": 4, "day": 2}, "endDate": {"year": 2009, "month": 6, "day": 18}, "season": "SPRING", "episodes": 12, "duration": 23, "genres": ["Action"], "averageScore": 71, "trending": 0, "popularity": 7489, "streamingEpisodes": [], "coverImage": {"large": "https://s3.anilist.co/media/anime/cover/medium/5355.jpg", "medium": "https://s3.anilist.co/media/anime/cover/small/5355.jpg"}, "bannerImage": null, "isAdult": false, "format": "TV"}, {"id": 5356, "title": {"romaji": "Canaan", "english": null}, "type": "ANIME", "status": "FINISHED", "description": "Oosawa Maria is a Japanese photographer currently working in Shanghai, China. Along with her partner Mino, she searches for potential newsworthy stories throughout the city. When strange events occur at a local festival, Maria and Mino immediately investigate.  Quickly, the two are immersed in a battle between unknown masked men and a strange, white-haired woman.  Just when Maria is about to be caught in the crossfire, an old friend by the name of Canaan appears and helps Maria escape.  But a sinister plot over a deadly virus soon develops, and Canaan learns she must confront her past if she wants any chance at stopping the perpetrator and saving her friends.<br><br>\n[Written by MAL Rewrite]", "startDate": {"year": 2009, "month": 7, "day": 4}, "endDate": {"year": 2009, "month": 9, "day": 26}, "season": "SUMMER", "episodes": 13, "duration": 23, "genres": ["Action"], "averageScore": 69, "trending": 0, "popularity": 11224, "streamingEpisodes": [], "coverImage": {"large": "https://s3.anilist.co/media/anime/cover/medium/5356.jpg", "medium": "https://s3.anilist.co/media/anime/cover/small/5356.jpg"}, "bannerImage": "https://s3.anilist.co/media/anime/banner/5356-hTvupXsLtHDy.jpg", "isAdult": false, "format": "TV"}, {"id": 5365, "title": {"romaji": "Tsumiki no Ie", "english": "La Maison en Petits Cubes"}, "type": "ANIME", "status": "FINISHED", "description": "An old man lives in a town that has become submerged in water. As the water level rises, he's forced to build additional levels onto his home with bricks (cubes) in order to stay above water. One day he accidentally drops his favorite pipe into the lower levels of his home, and decides to rent scuba diving equipment in order to go searching for it. As he descends through his sunken home, the old man recalls memories of the past in each room.<br><br>\n(Source: ANN)", "startDate": {"year": 2008, "month": 6, "day": 10}, "endDate": {"year": 2008, "month": 6, "day": 10}, "season": "SUMMER", "episodes": 1, "duration": 12, "genres": ["Drama"], "averageScore": 78, "trending": 1, "popularity": 6364, "streamingEpisodes": [], "coverImage": {"large": "https://s3.anilist.co/media/anime/cover/medium/5365-oF4FIh9TuOQw.jpg", "medium": "https://s3.anilist.co/media/anime/cover/small/5365-oF4FIh9TuOQw.jpg"}, "bannerImage": "https://s3.anilist.co/media/anime/banner/5365-DfFzzkOzHx45.jpg", "isAdult": false, "format": "MOVIE"}, {"id": 5369, "title": {"romaji": "Street Fighter: Aratanaru Kizuna", "english": "Street Fighter IV: The Ties That Bind"}, "type": "ANIME", "status": "FINISHED", "description": "CAPCOM has announced an anime feature based on its Street Fighter IV fighting game at Tokyo Game Show.<br><br>\nThe feature will show what happens to the characters after Street Fighter II, including: Cammy walking through the woods with a group of troops, Ryu awakening to his dark side, Sakura and Chun-Li fighting together against a gang of thugs, and Crimson Viper fighting against Ryu.<br><br>\n(Source: ANN)", "startDate": {"year": 2009, "month": 2, "day": 12}, "endDate": {"year": 2009, "month": 2, "day": 12}, "season": "WINTER", "episodes": 1, "duration": 65, "genres": ["Action", "Adventure"], "averageScore": 56, "trending": 0, "popularity": 424, "streamingEpisodes": [], "coverImage": {"large": "https://s3.anilist.co/media/anime/cover/medium/5369.jpg", "medium": "https://s3.anilist.co/media/anime/cover/small/5369.jpg"}, "bannerImage": null, "isAdult": false, "format": "OVA"}, {"id": 5372, "title": {"romaji": "Aura Battler Dunbine OVA", "english": null}, "type": "ANIME", "status": "FINISHED", "description": "Taking place 700 years after the Dunbine TV Series, \"The Tale of Neo Byston Well\" revolves around Shion Zaba, the reincarnation of series protagonist Sho Zama. Together with Silkie Mau, Reml Jilfried (the reincarnation of Remile Luft), and the Aura Battler Silbine, Shion must stop a twisted Shot Weapon from launching a custom-made nuclear ICBM missile that's poised to wipe out the realm.<br><br>\n\"The Tale of Neo Byston Well\" gained praise not only for its upgraded animation but also for using B-CLUB Magazine's popular AURA FANTASM series as the basis for the new Aura Battler designs.", "startDate": {"year": 1988, "month": 2, "day": 25}, "endDate": {"year": 1988, "month": 8, "day": 25}, "season": "WINTER", "episodes": 3, "duration": 30, "genres": ["Fantasy", "Mecha"], "averageScore": null, "trending": 0, "popularity": 140, "streamingEpisodes": [], "coverImage": {"large": "https://s3.anilist.co/media/anime/cover/medium/5372.jpg", "medium": "https://s3.anilist.co/media/anime/cover/small/5372.jpg"}, "bannerImage": null, "isAdult": false, "format": "OVA"}, {"id": 5374, "title": {"romaji": "Miracle! Mimika", "english": "Miracle! Mimika"}, "type": "ANIME", "status": "FINISHED", "description": "Himeno Mimika is a daughter of historical cook family. She goes to a cooking school, Miracle Academy which train cooks all over the world. Vying with rivals, she brings out her gift, and she grows up as a cook.  <br><br>\n(Source: AnimeNfo)", "startDate": {"year": 2006, "month": 4, "day": 3}, "endDate": {"year": 2009, "month": 3, "day": 13}, "season": "SPRING", "episodes": 225, "duration": 10, "genres": ["Slice of Life"], "averageScore": null, "trending": 0, "popularity": 24, "streamingEpisodes": [], "coverImage": {"large": "https://s3.anilist.co/media/anime/cover/medium/5374.jpg", "medium": "https://s3.anilist.co/media/anime/cover/small/5374.jpg"}, "bannerImage": null, "isAdult": false, "format": "TV_SHORT"}, {"id": 5375, "title": {"romaji": "Gakkyuu Ou Yamazaki", "english": "King of Classroom"}, "type": "ANIME", "status": "FINISHED", "description": "Yamazaki comes to Earth from an other planet, hoping to conquer our planet. But he soon realizes, that in order to conquer the world, he has to conquer a his own classroom first. That's why he comes up with lots of different ideas to get everybody to follow him. Also, he spends most of his time making Tatsuya (the class rep.) miserable. Having his loyal and strange dog Watanabe always by his side, and the help from his grandparents, Yamazaki is always doing crazy things with his class, completely forgetting his primary goal, and only thinking in becoming \"The King of the Class\". <br><br>\n(Source: ANN)", "startDate": {"year": 1997, "month": 12, "day": 23}, "endDate": {"year": 1998, "month": 4, "day": 9}, "season": "WINTER", "episodes": 53, "duration": 20, "genres": ["Comedy"], "averageScore": null, "trending": 0, "popularity": 59, "streamingEpisodes": [], "coverImage": {"large": "https://s3.anilist.co/media/anime/cover/medium/5375.jpg", "medium": "https://s3.anilist.co/media/anime/cover/small/5375.jpg"}, "bannerImage": null, "isAdult": false, "format": "TV"}, {"id": 5383, "title": {"romaji": "My Life As", "english": null}, "type": "ANIME", "status": "FINISHED", "description": "It's been six months since Yasunari ran away from home. He is saved from the streets by Fumi and Rino (Aurora Snow), and ends up living with them as their pet. Along with his friend Chie (Britttany Andrews), he is introduced to a new world of S &amp;amp; M, and group sex. He publishes his new sexual experience in a magazine, which ends up in the hands of his brother, Tomoyasu. <br><br>\nTomoyasu is desperate to find his brother. He is seriously upset after finding that his brother is enjoying his new life as a pet. When a new tutor, Serina, arrives unexpectedly, he takes out his anger and fustration of his broken home on Serina by forcing himself on her. Unknown to Tomoyasu, Serina is the friend of Yasunari's three masters! <br><br>\n(Source: AniDB)", "startDate": {"year": 1999, "month": 7, "day": 22}, "endDate": {"year": 1999, "month": 7, "day": 22}, "season": "SUMMER", "episodes": 1, "duration": 30, "genres": ["Comedy", "Hentai"], "averageScore": null, "trending": 0, "popularity": 88, "streamingEpisodes": [], "coverImage": {"large": "https://s3.anilist.co/media/anime/cover/medium/5383.jpg", "medium": "https://s3.anilist.co/media/anime/cover/small/5383.jpg"}, "bannerImage": null, "isAdult": true, "format": "OVA"}, {"id": 5386, "title": {"romaji": "Miyamoto Musashi: Souken ni Haseru Yume", "english": "Musashi: The Dream of the Last Samurai"}, "type": "ANIME", "status": "FINISHED", "description": "The new film's story will center on Musashi Miyamoto, one of the most famous swordsmen in Japanese history. He pioneered the Hyouhou Niten Ichi-ryuu style of two-sword fighting and wrote The Book of Five Rings, a book that has been compared to Sun Tzu's The Art of War for its insight on tactics and strategy. ", "startDate": {"year": 2009, "month": 6, "day": 13}, "endDate": {"year": 2009, "month": 6, "day": 13}, "season": "SUMMER", "episodes": 1, "duration": 72, "genres": ["Action"], "averageScore": 54, "trending": 0, "popularity": 451, "streamingEpisodes": [], "coverImage": {"large": "https://s3.anilist.co/media/anime/cover/medium/5386.jpg", "medium": "https://s3.anilist.co/media/anime/cover/small/5386.jpg"}, "bannerImage": null, "isAdult": false, "format": "MOVIE"}, {"id": 5391, "title": {"romaji": "Pico to Chico", "english": null}, "type": "ANIME", "status": "FINISHED", "description": "Pico meets Chico a boy a little younger than him. After Chico shows Pico his sister pleasuring herself Pico introduces Chico to the world of sex.", "startDate": {"year": 2007, "month": 4, "day": 19}, "endDate": {"year": 2007, "month": 4, "day": 19}, "season": "SPRING", "episodes": 1, "duration": 35, "genres": ["Hentai"], "averageScore": 41, "trending": 0, "popularity": 2620, "streamingEpisodes": [], "coverImage": {"large": "https://s3.anilist.co/media/anime/cover/medium/5391.jpg", "medium": "https://s3.anilist.co/media/anime/cover/small/5391.jpg"}, "bannerImage": "https://s3.anilist.co/media/anime/banner/5391-Y2Iss1UeuTUo.jpg", "isAdult": true, "format": "OVA"}, {"id": 5393, "title": {"romaji": "Soushitsukyou", "english": "Soushitsukyou"}, "type": "ANIME", "status": "CANCELLED", "description": "Naoto and his lover Miyuki were going to ski resort. However, their bus was stalled in blizzard. The passengers were helped by Natsuyo, a landlady of a Japanese style hotel, and they decided to stay at the hotel for a while. At that night, Naoto and Miyuki made love at the hotel over and over, but he couldn&rsquo;t be satisfied, and finally he began to love Natsuyo. The situation was the same with other passengers. In this closed space, ritual and accidents continued&hellip; A bizarre and erotic story was just begun&hellip;<br><br>\n(Source: AnimeNfo)", "startDate": {"year": 2004, "month": 11, "day": 25}, "endDate": {"year": 2004, "month": 11, "day": 25}, "season": "FALL", "episodes": 1, "duration": 30, "genres": ["Hentai"], "averageScore": null, "trending": 0, "popularity": 112, "streamingEpisodes": [], "coverImage": {"large": "https://s3.anilist.co/media/anime/cover/medium/5393.jpg", "medium": "https://s3.anilist.co/media/anime/cover/small/5393.jpg"}, "bannerImage": null, "isAdult": true, "format": "OVA"}, {"id": 5395, "title": {"romaji": "Nekketsu Saikyou Go-Saurer", "english": "Hot-Blooded Strongest Go-Saurer"}, "type": "ANIME", "status": "FINISHED", "description": "The Kikaika (literally mechanization) Empire invades our solar system, and in a matter of moments they take over and convert Neptune, Uranus, Saturn, Jupiter,and Mars, and set their sights on Earth. However, one thing stands in their way. Earth's ancient protector and soldier of light, Eldoran. To fight this menace he gifts a 5th-grade class with 3 huge robotic dinosaurs, with the power to merge and form the giant robot Gosaurer, which they then can pilot and use to stop the Kikaika Empire's advances.<br><br>\r\n(Source: ANN)", "startDate": {"year": 1993, "month": 3, "day": 3}, "endDate": {"year": 1994, "month": 2, "day": 23}, "season": "SPRING", "episodes": 51, "duration": 23, "genres": ["Mecha"], "averageScore": null, "trending": 0, "popularity": 68, "streamingEpisodes": [], "coverImage": {"large": "https://s3.anilist.co/media/anime/cover/medium/5395.jpg", "medium": "https://s3.anilist.co/media/anime/cover/small/5395.jpg"}, "bannerImage": null, "isAdult": false, "format": "TV"}, {"id": 5396, "title": {"romaji": "Yuusha Shirei Dagwon: Suishou no Hitomi no Shounen", "english": "Brave Command Dagwon: The Boy with Crystal Eyes"}, "type": "ANIME", "status": "FINISHED", "description": "A Continuation of the original Dagwon Series. Peace is restored and the original cast return to their normal life. The sudden appearance of a new mysterious boy that appeared and was chase by no other than their own ally from the past demanding the Dagwon crew to turn the boy in. The dead from the past also make an appearance in this OVA. So the new adventure and excitement begin a new.", "startDate": {"year": 1997, "month": 10, "day": 22}, "endDate": {"year": 1997, "month": 12, "day": 28}, "season": "FALL", "episodes": 2, "duration": 29, "genres": ["Mecha"], "averageScore": null, "trending": 0, "popularity": 56, "streamingEpisodes": [], "coverImage": {"large": "https://s3.anilist.co/media/anime/cover/medium/5396.jpg", "medium": "https://s3.anilist.co/media/anime/cover/small/5396.jpg"}, "bannerImage": null, "isAdult": false, "format": "OVA"}, {"id": 5397, "title": {"romaji": "Usavich III", "english": "Usavich III"}, "type": "ANIME", "status": "FINISHED", "description": "The adventures of Putin and Kirenenko continue after they escaped from jail.", "startDate": {"year": 2008, "month": 10, "day": 13}, "endDate": {"year": 2009, "month": 5, "day": 25}, "season": "FALL", "episodes": 13, "duration": 1, "genres": ["Comedy"], "averageScore": 61, "trending": 1, "popularity": 306, "streamingEpisodes": [], "coverImage": {"large": "https://s3.anilist.co/media/anime/cover/medium/5397.jpg", "medium": "https://s3.anilist.co/media/anime/cover/small/5397.jpg"}, "bannerImage": null, "isAdult": false, "format": "TV_SHORT"}, {"id": 5398, "title": {"romaji": "Masaru Ashita no Yukinojou 2", "english": null}, "type": "ANIME", "status": "FINISHED", "description": "Kubo Masaru was seriously injured and became unconscious while he was practicing boxing. Fortunately, he recovered from the injury, but he couldn&rsquo;t continue boxing anymore. When he visited sanatorium, he met his classmate, Ohse Yumiko. ", "startDate": {"year": 2003, "month": 7, "day": 25}, "endDate": {"year": 2003, "month": 9, "day": 24}, "season": "SUMMER", "episodes": 2, "duration": 30, "genres": ["Hentai"], "averageScore": null, "trending": 0, "popularity": 88, "streamingEpisodes": [], "coverImage": {"large": "https://s3.anilist.co/media/anime/cover/medium/5398.jpg", "medium": "https://s3.anilist.co/media/anime/cover/small/5398.jpg"}, "bannerImage": null, "isAdult": true, "format": "OVA"}, {"id": 5399, "title": {"romaji": "Internal Medicine", "english": null}, "type": "ANIME", "status": "FINISHED", "description": "Makoto Sugiura has studied his whole life to become a doctor. He's looking for revenge on the doctor with a scalpel scar across his left hand. It was that doctor who is responsible for his sister's death. After finally being assigned to the right hospital, Makoto finds that the entire staff is involved in something suspicious. He decides to sleep his way to the truth, squeezing a confession out of one nurse after another until he makes his way to the top. <br><br>\n(Source: AniDB) ", "startDate": {"year": 2004, "month": 8, "day": 13}, "endDate": {"year": 2004, "month": 11, "day": 12}, "season": "SUMMER", "episodes": 2, "duration": 30, "genres": ["Hentai"], "averageScore": null, "trending": 0, "popularity": 78, "streamingEpisodes": [], "coverImage": {"large": "https://s3.anilist.co/media/anime/cover/medium/5399.jpg", "medium": "https://s3.anilist.co/media/anime/cover/small/5399.jpg"}, "bannerImage": null, "isAdult": true, "format": "OVA"}, {"id": 5400, "title": {"romaji": "Mahou no Shiho-chan", "english": null}, "type": "ANIME", "status": "FINISHED", "description": "Based on the manga by KOIO Minato.", "startDate": {"year": 1996, "month": 10, "day": 25}, "endDate": {"year": 1997, "month": 6, "day": 27}, "season": "FALL", "episodes": 2, "duration": 30, "genres": ["Hentai"], "averageScore": null, "trending": 0, "popularity": 59, "streamingEpisodes": [], "coverImage": {"large": "https://s3.anilist.co/media/anime/cover/medium/5400.jpg", "medium": "https://s3.anilist.co/media/anime/cover/small/5400.jpg"}, "bannerImage": null, "isAdult": true, "format": "OVA"}, {"id": 5401, "title": {"romaji": "Mahou Shoujo Sae", "english": null}, "type": "ANIME", "status": "FINISHED", "description": null, "startDate": {"year": 2006, "month": 4, "day": 28}, "endDate": {"year": 2006, "month": 12, "day": 22}, "season": "SPRING", "episodes": 2, "duration": 30, "genres": ["Hentai"], "averageScore": 45, "trending": 0, "popularity": 134, "streamingEpisodes": [], "coverImage": {"large": "https://s3.anilist.co/media/anime/cover/medium/5401.jpg", "medium": "https://s3.anilist.co/media/anime/cover/small/5401.jpg"}, "bannerImage": null, "isAdult": true, "format": "OVA"}, {"id": 5402, "title": {"romaji": "Maid Meshimase", "english": null}, "type": "ANIME", "status": "FINISHED", "description": "Mahya, a new timer in the delivery maid service, is sent to Professor Takahata's residence from the company to do maid service. However, what she doesn't know is that she is going to be tricked and tormented by the male student, calling himself, \"Professor Takahata\"! (anidb) ", "startDate": {"year": 2001, "month": 12, "day": 1}, "endDate": {"year": 2001, "month": 12, "day": 1}, "season": "WINTER", "episodes": 1, "duration": 30, "genres": ["Hentai"], "averageScore": null, "trending": 0, "popularity": 66, "streamingEpisodes": [], "coverImage": {"large": "https://s3.anilist.co/media/anime/cover/medium/5402.jpg", "medium": "https://s3.anilist.co/media/anime/cover/small/5402.jpg"}, "bannerImage": null, "isAdult": true, "format": "OVA"}, {"id": 5403, "title": {"romaji": "Jii Tousaku", "english": null}, "type": "ANIME", "status": "FINISHED", "description": "Based on the game by TinkerBell. <br><br>\nSaeko is introduced to an online sex shop by her co-worker, Sayaka. Curiosity gets the best of her and she orders herself a small vibrator. After discovering the pleasures the sex toys bring her, she gets addicted to masturbation and finds herself doing it all the time. Soon enough, Sayaka joins her in her sex escapades and things start to escalate to new heights. <br><br>\n(Source: AniDB) ", "startDate": {"year": 2002, "month": 8, "day": 2}, "endDate": {"year": 2004, "month": 4, "day": 16}, "season": "SUMMER", "episodes": 2, "duration": 30, "genres": ["Hentai"], "averageScore": null, "trending": 0, "popularity": 94, "streamingEpisodes": [], "coverImage": {"large": "https://s3.anilist.co/media/anime/cover/medium/5403.jpg", "medium": "https://s3.anilist.co/media/anime/cover/small/5403.jpg"}, "bannerImage": null, "isAdult": true, "format": "OVA"}, {"id": 5408, "title": {"romaji": "Princess Holiday: Korogaru Ringo Tei Senya Ichiya", "english": null}, "type": "ANIME", "status": "FINISHED", "description": "The storyline revolves around a princess that has returned after 3 years, and a hero that is given the burden to protect the girls (both the princess and the younger sister).<br><br>\n(Source: ANN)", "startDate": {"year": 2004, "month": 3, "day": 25}, "endDate": {"year": 2004, "month": 5, "day": 25}, "season": "SPRING", "episodes": 2, "duration": 30, "genres": ["Fantasy", "Hentai"], "averageScore": null, "trending": 0, "popularity": 89, "streamingEpisodes": [], "coverImage": {"large": "https://s3.anilist.co/media/anime/cover/medium/5408.jpg", "medium": "https://s3.anilist.co/media/anime/cover/small/5408.jpg"}, "bannerImage": null, "isAdult": true, "format": "OVA"}, {"id": 5411, "title": {"romaji": "Suika: Manatsu no Okurimono", "english": "Suika"}, "type": "ANIME", "status": "FINISHED", "description": "A fourth episode that was released as an extra in the Suika boxset.", "startDate": {"year": 2004, "month": 4, "day": 25}, "endDate": {"year": 2004, "month": 4, "day": 25}, "season": "SPRING", "episodes": 1, "duration": 15, "genres": ["Drama", "Fantasy", "Hentai", "Romance"], "averageScore": null, "trending": 0, "popularity": 116, "streamingEpisodes": [], "coverImage": {"large": "https://s3.anilist.co/media/anime/cover/medium/5411.jpg", "medium": "https://s3.anilist.co/media/anime/cover/small/5411.jpg"}, "bannerImage": null, "isAdult": true, "format": "OVA"}, {"id": 5415, "title": {"romaji": "Versailles no Bara (2007)", "english": "La Rose de Versailles"}, "type": "ANIME", "status": "FINISHED", "description": "Toei Animation announced the new movie based on the classic Anime and Manga.  This project is most likely cancelled and a trailer is all that remains, which is what this entry encompasses.", "startDate": {"year": 2007, "month": null, "day": null}, "endDate": {"year": 2007, "month": null, "day": null}, "season": null, "episodes": 1, "duration": 5, "genres": ["Drama", "Romance", "Slice of Life"], "averageScore": 47, "trending": 0, "popularity": 265, "streamingEpisodes": [], "coverImage": {"large": "https://s3.anilist.co/media/anime/cover/medium/5415.jpg", "medium": "https://s3.anilist.co/media/anime/cover/small/5415.jpg"}, "bannerImage": null, "isAdult": false, "format": "SPECIAL"}, {"id": 5419, "title": {"romaji": "Paniponi Dash!: Danjite Okonaeba Kishin mo Kore wo Saku", "english": "Pani Poni Dash!: Danjite Okonaeba Kishin mo Kore wo Saku"}, "type": "ANIME", "status": "FINISHED", "description": "Paniponi Dash! special included in the DVD-Box.", "startDate": {"year": 2009, "month": 4, "day": 15}, "endDate": {"year": 2009, "month": 4, "day": 15}, "season": "SPRING", "episodes": 1, "duration": 31, "genres": ["Comedy"], "averageScore": 71, "trending": 0, "popularity": 854, "streamingEpisodes": [], "coverImage": {"large": "https://s3.anilist.co/media/anime/cover/medium/5419.jpg", "medium": "https://s3.anilist.co/media/anime/cover/small/5419.jpg"}, "bannerImage": "https://s3.anilist.co/media/anime/banner/5419-igMniKCh6Ohs.jpg", "isAdult": false, "format": "SPECIAL"}, {"id": 5420, "title": {"romaji": "Kemono no Souja Erin", "english": "Erin"}, "type": "ANIME", "status": "FINISHED", "description": "Erin is a young girl who lives with her mother in a village which raises war-lizards, called Touda. We see her daily life, which changes as she grows up. Meanwhile, there is growing tension between the two provinces of the country she lives in.<br><br>\nBased on the fantasy series written by Uehashi Nahoko, also known for Seirei no Moribito.<br>", "startDate": {"year": 2009, "month": 1, "day": 10}, "endDate": {"year": 2009, "month": 12, "day": 26}, "season": "WINTER", "episodes": 50, "duration": 25, "genres": ["Drama", "Fantasy"], "averageScore": 80, "trending": 0, "popularity": 5400, "streamingEpisodes": [{"title": "Episode 1 - Erin the Green-Eyed", "url": "http://www.crunchyroll.com/erin/episode-1-erin-the-green-eyed-533580"}, {"title": "Episode 2 - Soh-Yon the Healer", "url": "http://www.crunchyroll.com/erin/episode-2-soh-yon-the-healer-533582"}, {"title": "Episode 3 - The Battling Beast", "url": "http://www.crunchyroll.com/erin/episode-3-the-battling-beast-533584"}, {"title": "Episode 4 - Secret in the Mist", "url": "http://www.crunchyroll.com/erin/episode-4-secret-in-the-mist-533586"}, {"title": "Episode 5 - Erin and the Egg Thief", "url": "http://www.crunchyroll.com/erin/episode-5-erin-and-the-egg-thief-533588"}, {"title": "Episode 6 - Soh-Yon\u2019s Warmth", "url": "http://www.crunchyroll.com/erin/episode-6-soh-yons-warmth-533590"}, {"title": "Episode 7 - Mother's Whistle", "url": "http://www.crunchyroll.com/erin/episode-7-mothers-whistle-533592"}, {"title": "Episode 8 - Joh-on the Beekeeper", "url": "http://www.crunchyroll.com/erin/episode-8-joh-on-the-beekeeper-533594"}, {"title": "Episode 9 - Honey and Erin", "url": "http://www.crunchyroll.com/erin/episode-9-honey-and-erin-533596"}, {"title": "Episode 10 - Birds of Dawn", "url": "http://www.crunchyroll.com/erin/episode-10-birds-of-dawn-533598"}, {"title": "Episode 11 - Inside the Door", "url": "http://www.crunchyroll.com/erin/episode-11-inside-the-door-533600"}, {"title": "Episode 12 - The Silver Feather", "url": "http://www.crunchyroll.com/erin/episode-12-the-silver-feather-533602"}, {"title": "Episode 13 - The Valley of the Ohju", "url": "http://www.crunchyroll.com/erin/episode-13-the-valley-of-the-ohju-533604"}, {"title": "Episode 14 - People of the Mist", "url": "http://www.crunchyroll.com/erin/episode-14-people-of-the-mist-533606"}, {"title": "Episode 15 - The Two's Past", "url": "http://www.crunchyroll.com/erin/episode-15-the-twos-past-533608"}, {"title": "Episode 16 - Ia-lu the Seh-zan", "url": "http://www.crunchyroll.com/erin/episode-16-ia-lu-the-seh-zan-533610"}, {"title": "Episode 17 - The Shin-Oh In Danger", "url": "http://www.crunchyroll.com/erin/episode-17-the-shin-oh-in-danger-533612"}, {"title": "Episode 18 - Master Ethal", "url": "http://www.crunchyroll.com/erin/episode-18-master-ethal-533614"}, {"title": "Episode 19 - Friends at Kazalum", "url": "http://www.crunchyroll.com/erin/episode-19-friends-at-kazalum-533616"}, {"title": "Episode 20 - The Ohju Named Lilan", "url": "http://www.crunchyroll.com/erin/episode-20-the-ohju-named-lilan-533618"}, {"title": "Episode 21 - The Disappearing Light", "url": "http://www.crunchyroll.com/erin/episode-21-the-disappearing-light-533620"}, {"title": "Episode 22 - The Harp's Sound", "url": "http://www.crunchyroll.com/erin/episode-22-the-harps-sound-533622"}, {"title": "Episode 23 - The Oath of Kazalum", "url": "http://www.crunchyroll.com/erin/episode-23-the-oath-of-kazalum-533624"}, {"title": "Episode 24 - Song of Grief", "url": "http://www.crunchyroll.com/erin/episode-24-song-of-grief-533626"}, {"title": "Episode 25 - An Errand for Two", "url": "http://www.crunchyroll.com/erin/episode-25-an-errand-for-two-533628"}, {"title": "Episode 26 - Lilan's Feelings", "url": "http://www.crunchyroll.com/erin/episode-26-lilans-feelings-533630"}, {"title": "Episode 27 - Fallen into Hikara", "url": "http://www.crunchyroll.com/erin/episode-27-fallen-into-hikara-533632"}, {"title": "Episode 28 - Joh-on's Death", "url": "http://www.crunchyroll.com/erin/episode-28-joh-ons-death-533634"}, {"title": "Episode 29 - The Beast's Fangs", "url": "http://www.crunchyroll.com/erin/episode-29-the-beasts-fangs-533636"}, {"title": "Episode 30 - The Fourth Winter", "url": "http://www.crunchyroll.com/erin/episode-30-the-fourth-winter-533638"}, {"title": "Episode 31 - Luminous Sky", "url": "http://www.crunchyroll.com/erin/episode-31-luminous-sky-533642"}, {"title": "Episode 32 - The Great Crime", "url": "http://www.crunchyroll.com/erin/episode-32-the-great-crime-533644"}, {"title": "Episode 33 - Flying", "url": "http://www.crunchyroll.com/erin/episode-33-flying-533646"}, {"title": "Episode 34 - Ia-lu and Erin", "url": "http://www.crunchyroll.com/erin/episode-34-ia-lu-and-erin-533640"}, {"title": "Episode 35 - A New Life", "url": "http://www.crunchyroll.com/erin/episode-35-a-new-life-533650"}, {"title": "Episode 36 - The Graduation Test", "url": "http://www.crunchyroll.com/erin/episode-36-the-graduation-test-533922"}, {"title": "Episode 37 - Birth", "url": "http://www.crunchyroll.com/erin/episode-37-birth-533924"}, {"title": "Episode 38 - Shin-Oh Harumiyah", "url": "http://www.crunchyroll.com/erin/episode-38-shin-oh-harumiyah-533926"}, {"title": "Episode 39 - Tohda Attack", "url": "http://www.crunchyroll.com/erin/episode-39-tohda-attack-534436"}, {"title": "Episode 40 - A Nation in Shadow", "url": "http://www.crunchyroll.com/erin/episode-40-a-nation-in-shadow-534438"}, {"title": "Episode 41 - The Truth of the Shin-Oh", "url": "http://www.crunchyroll.com/erin/episode-41-the-truth-of-the-shin-oh-534440"}, {"title": "Episode 42 - Seimiyah's Tears", "url": "http://www.crunchyroll.com/erin/episode-42-seimiyahs-tears-534442"}, {"title": "Episode 43 - Beast Healer", "url": "http://www.crunchyroll.com/erin/episode-43-beast-healer-536036"}, {"title": "Episode 44 - Akun-Meh-Chai", "url": "http://www.crunchyroll.com/erin/episode-44-akun-meh-chai-536038"}, {"title": "Episode 45 - Caged Bird", "url": "http://www.crunchyroll.com/erin/episode-45-caged-bird-536040"}, {"title": "Episode 46 - The Bond Between the Two", "url": "http://www.crunchyroll.com/erin/episode-46-the-bond-between-the-two-536042"}, {"title": "Episode 47 - A Pure Night", "url": "http://www.crunchyroll.com/erin/episode-47-a-pure-night-536044"}, {"title": "Episode 48 - Dawn of Tahai-Azeh", "url": "http://www.crunchyroll.com/erin/episode-48-dawn-of-tahai-azeh-536046"}, {"title": "Episode 49 - Final Battle", "url": "http://www.crunchyroll.com/erin/episode-49-final-battle-537150"}, {"title": "Episode 50 - Beast Player", "url": "http://www.crunchyroll.com/erin/episode-50-beast-player-537152"}], "coverImage": {"large": "https://s3.anilist.co/media/anime/cover/medium/5420-X7ObmTc2DqXi.png", "medium": "https://s3.anilist.co/media/anime/cover/small/5420-X7ObmTc2DqXi.png"}, "bannerImage": "https://s3.anilist.co/media/anime/banner/5420-1e7DdF6nWMuk.jpg", "isAdult": false, "format": "TV"}, {"id": 5421, "title": {"romaji": "Ark", "english": null}, "type": "ANIME", "status": "FINISHED", "description": "Ark takes place on a dying alien world in which a global war between two technologically advanced human civilizations has reduced the planet to a wasteland. The only way to escape the world is by activating the Ark, an ancient giant robot capable of supporting a human city as well as traveling through space.<br><br>\n(Source: Wikipedia)", "startDate": {"year": 2005, "month": 6, "day": 2}, "endDate": {"year": 2005, "month": 6, "day": 2}, "season": "SUMMER", "episodes": 1, "duration": 84, "genres": ["Action", "Fantasy", "Mecha", "Sci-Fi", "Supernatural"], "averageScore": null, "trending": 0, "popularity": 58, "streamingEpisodes": [], "coverImage": {"large": "https://s3.anilist.co/media/anime/cover/medium/5421.jpg", "medium": "https://s3.anilist.co/media/anime/cover/small/5421.jpg"}, "bannerImage": null, "isAdult": false, "format": "MOVIE"}, {"id": 5423, "title": {"romaji": "Sister Marina", "english": null}, "type": "ANIME", "status": "FINISHED", "description": null, "startDate": {"year": 1999, "month": 12, "day": 18}, "endDate": {"year": 1999, "month": 12, "day": 18}, "season": "WINTER", "episodes": 1, "duration": 30, "genres": ["Hentai"], "averageScore": null, "trending": 0, "popularity": 34, "streamingEpisodes": [], "coverImage": {"large": "https://s3.anilist.co/media/anime/cover/medium/5423.jpg", "medium": "https://s3.anilist.co/media/anime/cover/small/5423.jpg"}, "bannerImage": null, "isAdult": true, "format": "OVA"}, {"id": 5424, "title": {"romaji": "Oppai Life", "english": "Booby Life"}, "type": "ANIME", "status": "FINISHED", "description": "Naoto is a university student. One day, he meets Ayane, his old friend, by chance after an interval of several years. Also, Chika, his old friend as well, suddenly appears in front of him. She tells him to become her tutor and they start living together but will Naoto resist the temptation of those delicious big boobs?", "startDate": {"year": 2008, "month": 10, "day": 10}, "endDate": {"year": 2009, "month": 1, "day": 9}, "season": "FALL", "episodes": 2, "duration": 30, "genres": ["Hentai"], "averageScore": 57, "trending": 0, "popularity": 379, "streamingEpisodes": [], "coverImage": {"large": "https://s3.anilist.co/media/anime/cover/medium/5424.jpg", "medium": "https://s3.anilist.co/media/anime/cover/small/5424.jpg"}, "bannerImage": null, "isAdult": true, "format": "OVA"}, {"id": 5427, "title": {"romaji": "Ikusa Otome Valkyrie 2", "english": null}, "type": "ANIME", "status": "FINISHED", "description": "Leia is a valkyrie. She is captured by Duke, a boss of a monster group, and just when she is about to get executed, Aaliyah, an another valkyrie, appears and beats up all monsters. She tells Duke to free Leia and he does so. But Leia suddenly robs Aaliyah of a silver ring, which gives Aaliyah power, and runs to Duke.... Aaliyah loses her power and finally gets captured.... Like this, Leia and Aaliyah become their sex slaves....<br><br>\n(Source: ErogeShop edit)", "startDate": {"year": 2008, "month": 9, "day": 26}, "endDate": {"year": 2011, "month": 2, "day": 19}, "season": "FALL", "episodes": 3, "duration": 31, "genres": ["Fantasy", "Hentai", "Supernatural"], "averageScore": 52, "trending": 0, "popularity": 266, "streamingEpisodes": [], "coverImage": {"large": "https://s3.anilist.co/media/anime/cover/medium/5427.jpg", "medium": "https://s3.anilist.co/media/anime/cover/small/5427.jpg"}, "bannerImage": null, "isAdult": true, "format": "OVA"}, {"id": 5439, "title": {"romaji": "Ooedo Forty Eight", "english": null}, "type": "ANIME", "status": "FINISHED", "description": "The action takes place in Ooedo Japan, when geishas and public houses appeared. Back then, girls raised in poor provincial families had little chances to get married successfully. The only opportunity to improve financial and social status for them was to move to Ooedo, the city of wealthy clans, and to become a servant or a geisha - and, perhaps, a lover of a rich feudal. Young and poor Ushizu has chosen this very path.<br><br>\nAlongside, this hentai is a sort of Japanese Kama Sutra. The end of each part contains the description of sexual positions.", "startDate": {"year": 2007, "month": 9, "day": 29}, "endDate": {"year": 2008, "month": 2, "day": 22}, "season": "FALL", "episodes": 3, "duration": 30, "genres": ["Hentai"], "averageScore": null, "trending": 0, "popularity": 68, "streamingEpisodes": [], "coverImage": {"large": "https://s3.anilist.co/media/anime/cover/medium/5439.jpg", "medium": "https://s3.anilist.co/media/anime/cover/small/5439.jpg"}, "bannerImage": null, "isAdult": true, "format": "OVA"}, {"id": 5440, "title": {"romaji": "Ougon Yuusha Goldran", "english": "The Brave of Gold Goldran"}, "type": "ANIME", "status": "FINISHED", "description": "Goldran follows the adventures of three young boys who are tasked with finding alien robot fighters, or Braves, that are sleeping in the form of crystals. Their major antagonist is the flamboyant and thoroughly incompetent Walter, and the villains that follow him are often similarly humorous. <br><br>\n(Source: Wikipedia)", "startDate": {"year": 1995, "month": 2, "day": 4}, "endDate": {"year": 1996, "month": 1, "day": 27}, "season": "WINTER", "episodes": 48, "duration": 24, "genres": ["Action", "Adventure", "Fantasy", "Mecha", "Sci-Fi"], "averageScore": null, "trending": 0, "popularity": 181, "streamingEpisodes": [], "coverImage": {"large": "https://s3.anilist.co/media/anime/cover/medium/5440.jpg", "medium": "https://s3.anilist.co/media/anime/cover/small/5440.jpg"}, "bannerImage": null, "isAdult": false, "format": "TV"}, {"id": 5447, "title": {"romaji": "A-Girl", "english": "A-Girl"}, "type": "ANIME", "status": "FINISHED", "description": "Sisters Mariko and May, along with Mariko's bad-tempered boyfriend, become involved with Ichiro, an arrogant, womanising male model.", "startDate": {"year": 1993, "month": 9, "day": 24}, "endDate": {"year": 1993, "month": 9, "day": 24}, "season": "FALL", "episodes": 1, "duration": 31, "genres": ["Romance"], "averageScore": 47, "trending": 0, "popularity": 159, "streamingEpisodes": [], "coverImage": {"large": "https://s3.anilist.co/media/anime/cover/medium/5447.jpg", "medium": "https://s3.anilist.co/media/anime/cover/small/5447.jpg"}, "bannerImage": null, "isAdult": false, "format": "OVA"}, {"id": 5449, "title": {"romaji": "Chibi Kero: Kerobouru no Himitsu!?", "english": "Chibi Kero: Secret of the Kero Ball!?"}, "type": "ANIME", "status": "FINISHED", "description": "A young Keroro tries to impress Pururu by showing off the Kero Ball, a ball borrowed by Giroro from his brother Garuru. While testing the buttons, he accidentally transports the 4 tadpoles inside the ball. To get out, they must win the pinball maze. In the outside world, a young blue tadpole Kururu picks up the ball and hears the cries of help. He makes a deal to free those trapped inside if he gets a plate of curry rice. A deal is a deal and with the Kero Ball, a plate of curry rice is produced for Kururu. Unfortunately, the plate grows bigger and bigger and bigger. It got so big, that Kururu was immersed in the curry. The yellow curry slowly transforms the blue Kururu into the \"yellow devil\" and as the film is about to fade into black, \"Kukuku\" is heard.<br><br>\n(Summary found on Veoh.com)", "startDate": {"year": 2007, "month": 3, "day": 17}, "endDate": {"year": 2007, "month": 3, "day": 17}, "season": "SPRING", "episodes": 1, "duration": 17, "genres": ["Comedy"], "averageScore": null, "trending": 0, "popularity": 81, "streamingEpisodes": [], "coverImage": {"large": "https://s3.anilist.co/media/anime/cover/medium/5449.jpg", "medium": "https://s3.anilist.co/media/anime/cover/small/5449.jpg"}, "bannerImage": null, "isAdult": false, "format": "SPECIAL"}, {"id": 5454, "title": {"romaji": "Yokuwakaru Gendaimahou", "english": "Modern Magic Made Simple"}, "type": "ANIME", "status": "FINISHED", "description": "Life hasn't been fair to Koyomi Morishita. Even though she's in high school, she's so short that everyone assumes she's still in grade school. The boys and girls in her school tease her mercilessly, and she's not exactly graceful either. On the other hand, she's still better off than Yumiko, who has a magician trying to kill her. Or at least Koyomi was until their paths crossed! <br><br>\nFortunately, salvation arrives in the form of master mage and graduate student Misa Anehara, who agrees to take Koyomi under her wing in learning the new style of magic, which breaks enchantment down into sequences of code. That'll be quite a task, given that so far Koyomi's talent seems to consist of making washbasins randomly fall out of the sky. But if it was easy, it wouldn't be magic, would it? <br><br>\n(Source: Sentai Filmworks) ", "startDate": {"year": 2009, "month": 7, "day": 12}, "endDate": {"year": 2009, "month": 9, "day": 27}, "season": "SUMMER", "episodes": 12, "duration": 24, "genres": ["Comedy"], "averageScore": 60, "trending": 0, "popularity": 1754, "streamingEpisodes": [{"title": "Episode 1 - Hello, World", "url": "http://www.crunchyroll.com/yokuwakaru-gendai-maho/episode-1-hello-world-531480"}, {"title": "Episode 2 - Wizardry", "url": "http://www.crunchyroll.com/yokuwakaru-gendai-maho/episode-2-wizardry-531482"}, {"title": "Episode 3 - Deus In Machina", "url": "http://www.crunchyroll.com/yokuwakaru-gendai-maho/episode-3-deus-in-machina-531484"}, {"title": "Episode 4 - Jini", "url": "http://www.crunchyroll.com/yokuwakaru-gendai-maho/episode-4-jini-531486"}, {"title": "Episode 5 - Jump off into Never-Never Land", "url": "http://www.crunchyroll.com/yokuwakaru-gendai-maho/episode-5-jump-off-into-never-never-land-532106"}, {"title": "Episode 6 - Ghostscript", "url": "http://www.crunchyroll.com/yokuwakaru-gendai-maho/episode-6-ghostscript-532108"}, {"title": "Episode 7 - Voodoo Programming", "url": "http://www.crunchyroll.com/yokuwakaru-gendai-maho/episode-7-voodoo-programming-532110"}, {"title": "Episode 8 - Scratch Monkey", "url": "http://www.crunchyroll.com/yokuwakaru-gendai-maho/episode-8-scratch-monkey-532112"}, {"title": "Episode 9 - Open DeathTrap", "url": "http://www.crunchyroll.com/yokuwakaru-gendai-maho/episode-9-open-deathtrap-532114"}, {"title": "Episode 10 - Quick and Dirty", "url": "http://www.crunchyroll.com/yokuwakaru-gendai-maho/episode-10-quick-and-dirty-533278"}, {"title": "Episode 11 - Dragon Book", "url": "http://www.crunchyroll.com/yokuwakaru-gendai-maho/episode-11-dragon-book-533280"}, {"title": "Episode 12 - TMTOWTDI", "url": "http://www.crunchyroll.com/yokuwakaru-gendai-maho/episode-12-tmtowtdi-533282"}], "coverImage": {"large": "https://s3.anilist.co/media/anime/cover/medium/5454.jpg", "medium": "https://s3.anilist.co/media/anime/cover/small/5454.jpg"}, "bannerImage": null, "isAdult": false, "format": "TV"}, {"id": 5455, "title": {"romaji": "Saimin Jutsu The Animation 2nd", "english": null}, "type": "ANIME", "status": "FINISHED", "description": "Susumu is negative and introverted. He is just living a vacant life, always been reprimanded by his mother and never resisting it. All that changed the day he met a certain person that just moved to the Condo he and his mother live in, that would bring a dramatic change in his life...he is been taught hypnotism!!<br>\nSusumu will use his new godly technique on his mother but first he will use it on his next door neighbors: that hot big busted Mother and her cute daughter...<br><br>\n(Source: AniDB)", "startDate": {"year": 2008, "month": 10, "day": 25}, "endDate": {"year": 2009, "month": 2, "day": 25}, "season": "FALL", "episodes": 2, "duration": 30, "genres": ["Hentai"], "averageScore": 53, "trending": 0, "popularity": 235, "streamingEpisodes": [], "coverImage": {"large": "https://s3.anilist.co/media/anime/cover/medium/5455.jpg", "medium": "https://s3.anilist.co/media/anime/cover/small/5455.jpg"}, "bannerImage": null, "isAdult": true, "format": "OVA"}, {"id": 5458, "title": {"romaji": "Yu\u2606Gi\u2606Oh! Duel Monsters: Battle City Special", "english": null}, "type": "ANIME", "status": "FINISHED", "description": "A special episode of 'Yu-Gi-Oh! Duel Monsters' aired in between episodes 88 and 89. Mainly narrated by Anzu, the special recaps the major events of the Battle City tournament, beginning from the Pharaoh's meeting with Ishizu, and retelling several important duels including Yugi and Seto's tag duel, and Yugi's duels against Jonouchi and Bakura, up to Jonouchi's battle with Rishid on the Battle Ship. The special ends with Anzu wishing the series a happy new year.", "startDate": {"year": 2002, "month": 1, "day": 1}, "endDate": {"year": 2002, "month": 1, "day": 1}, "season": "WINTER", "episodes": 1, "duration": 23, "genres": ["Adventure", "Fantasy"], "averageScore": 66, "trending": 0, "popularity": 1148, "streamingEpisodes": [], "coverImage": {"large": "https://s3.anilist.co/media/anime/cover/medium/5458.jpg", "medium": "https://s3.anilist.co/media/anime/cover/small/5458.jpg"}, "bannerImage": null, "isAdult": false, "format": "SPECIAL"}, {"id": 5460, "title": {"romaji": "Meitantei Conan Movie 13: Shikkoku no Chaser", "english": "Case Closed Movie 13: The Jet Black Chaser"}, "type": "ANIME", "status": "FINISHED", "description": "Kudou Shinichi is living his life as Edogawa Conan, but those days seem to might end pretty soon. The Black Syndicate is coming dangerously close to learning the truth about Shinichi having survived. Conan and everybody around him may end up dead if he doesn't manage to find Irish - a member of the Black Organisation who has infiltrated the police forces, currently investigating a big serial murders case.", "startDate": {"year": 2009, "month": 4, "day": 18}, "endDate": {"year": 2009, "month": 4, "day": 18}, "season": "SPRING", "episodes": 1, "duration": 111, "genres": ["Action", "Drama", "Mystery"], "averageScore": 79, "trending": 0, "popularity": 2078, "streamingEpisodes": [], "coverImage": {"large": "https://s3.anilist.co/media/anime/cover/medium/5460.jpg", "medium": "https://s3.anilist.co/media/anime/cover/small/5460.jpg"}, "bannerImage": null, "isAdult": false, "format": "MOVIE"}, {"id": 5462, "title": {"romaji": "Top wo Nerae! Gunbuster! Science Lesson", "english": null}, "type": "ANIME", "status": "FINISHED", "description": "The science lessons are short \"omake\" bonus features originally present on the first two volumes. Each short lasts around two minutes, and stars super deformed versions of Noriko, Kazumi and the Coach explaining the various scientific aspects of the series. <br><br>\r\n(Source: Wikipedia) ", "startDate": {"year": 2004, "month": 5, "day": 14}, "endDate": {"year": 2005, "month": 4, "day": 7}, "season": "SPRING", "episodes": 6, "duration": 2, "genres": ["Comedy", "Sci-Fi"], "averageScore": 55, "trending": 0, "popularity": 965, "streamingEpisodes": [], "coverImage": {"large": "https://s3.anilist.co/media/anime/cover/medium/5462.jpg", "medium": "https://s3.anilist.co/media/anime/cover/small/5462.jpg"}, "bannerImage": null, "isAdult": false, "format": "SPECIAL"}, {"id": 5464, "title": {"romaji": "Cafe Junkie", "english": null}, "type": "ANIME", "status": "FINISHED", "description": "Even though Masaru is about to graduate from a technical college pretty soon he still has no job. One and only pleasure for him is to spend time at a cafe called \"Hidamari\". The cafe is owned by his childhood friend's Nanami and Kurumi's parents and they are working there too. One day, he learns another one of his childhood friends is coming back to his town. He says \"I wanna meet her soon.\". Triggered by his word, Nanami and Kurumi start to approach him in a very different way than they ever did before...<br><br>\n(Source: ErogeShop edit)", "startDate": {"year": 2008, "month": 10, "day": 31}, "endDate": {"year": 2009, "month": 5, "day": 29}, "season": "FALL", "episodes": 2, "duration": 30, "genres": ["Hentai"], "averageScore": 58, "trending": 0, "popularity": 654, "streamingEpisodes": [], "coverImage": {"large": "https://s3.anilist.co/media/anime/cover/medium/5464.jpg", "medium": "https://s3.anilist.co/media/anime/cover/small/5464.jpg"}, "bannerImage": null, "isAdult": true, "format": "OVA"}, {"id": 5466, "title": {"romaji": "Mahou Tsukai Tai! vs. Shamanic Princess", "english": null}, "type": "ANIME", "status": "FINISHED", "description": "A parody-esque epilogue to both Shamanic Princess and Mahou Tsukai Tai!. <br><br>\nAs a marketing ploy back when Shamanic Princess was first released, buyers who purchased all six first edition LD's of both Shamanic Princess and Magic User's Club, and sent in their proof of purchases before a deadline received a special OVA entitled Shamanic Princess vs. Magic User's Club. It was never sold in stores and was a special omake by the series' creators to the fans. The OVA contains an epilogue to both series, which is fitting considering they both came out at the same time.<br><br>\n(Source: Wikipedia)", "startDate": {"year": 1998, "month": null, "day": null}, "endDate": {"year": 1998, "month": null, "day": null}, "season": null, "episodes": 1, "duration": 15, "genres": ["Comedy", "Fantasy"], "averageScore": null, "trending": 0, "popularity": 94, "streamingEpisodes": [], "coverImage": {"large": "https://s3.anilist.co/media/anime/cover/medium/5466.jpg", "medium": "https://s3.anilist.co/media/anime/cover/small/5466.jpg"}, "bannerImage": null, "isAdult": false, "format": "OVA"}, {"id": 5468, "title": {"romaji": "Yattokame Tanteidan", "english": null}, "type": "ANIME", "status": "FINISHED", "description": "Neighborhood children help a group of retirees solve local mysteries in contemporary Japan.", "startDate": {"year": 2007, "month": 10, "day": 7}, "endDate": {"year": 2008, "month": 1, "day": 6}, "season": "FALL", "episodes": 14, "duration": 20, "genres": ["Mystery", "Slice of Life"], "averageScore": null, "trending": 0, "popularity": 25, "streamingEpisodes": [], "coverImage": {"large": "https://s3.anilist.co/media/anime/cover/medium/5468.jpg", "medium": "https://s3.anilist.co/media/anime/cover/small/5468.jpg"}, "bannerImage": null, "isAdult": false, "format": "TV"}, {"id": 5469, "title": {"romaji": "Birthday Boy", "english": null}, "type": "ANIME", "status": "FINISHED", "description": "Korean War, 1951. Little Manuk is playing on the streets of his village and dreaming of life at the front where his father is a soldier. He returns home to find a parcel on the doorstep and, thinking it is a birthday present, he opens it. But its contents will change his life.<br><br>\n(Source: IMDB)<br>", "startDate": {"year": 2004, "month": null, "day": null}, "endDate": {"year": 2004, "month": null, "day": null}, "season": null, "episodes": 1, "duration": 10, "genres": ["Action", "Drama"], "averageScore": 52, "trending": 0, "popularity": 190, "streamingEpisodes": [], "coverImage": {"large": "https://s3.anilist.co/media/anime/cover/medium/5469.jpg", "medium": "https://s3.anilist.co/media/anime/cover/small/5469.jpg"}, "bannerImage": null, "isAdult": false, "format": "MOVIE"}, {"id": 5472, "title": {"romaji": "Kokoro Toshokan: Communication Clips", "english": null}, "type": "ANIME", "status": "FINISHED", "description": "A small colection of various clips from throughout the series, separted by 3 second segments with titles like \"Kokoro's Cute\" coupled with a quick clip of some mech anime.<br><br>\n(Source: ANN)", "startDate": {"year": 2002, "month": null, "day": null}, "endDate": {"year": 2002, "month": null, "day": null}, "season": null, "episodes": 1, "duration": 5, "genres": ["Comedy", "Drama", "Slice of Life"], "averageScore": null, "trending": 0, "popularity": 63, "streamingEpisodes": [], "coverImage": {"large": "https://s3.anilist.co/media/anime/cover/medium/5472.jpg", "medium": "https://s3.anilist.co/media/anime/cover/small/5472.jpg"}, "bannerImage": null, "isAdult": false, "format": "SPECIAL"}, {"id": 5473, "title": {"romaji": "Tsuri Baka Nisshi", "english": null}, "type": "ANIME", "status": "FINISHED", "description": "Hamazaki Densuke (Hama-chan) is an unavaricious white-collar worker who does not have any interest in success and self-protection. Even though he incurs the wrath of his superior and stir ill feelings from his wife, Hama-chan prefers to take things at his own stride and goes fishing. He feels that there are more important things in life than work and enjoys the simple things in life such as fishing. - From ANN", "startDate": {"year": 2002, "month": 11, "day": 2}, "endDate": {"year": 2003, "month": 9, "day": 13}, "season": "FALL", "episodes": 36, "duration": 20, "genres": ["Comedy", "Slice of Life"], "averageScore": null, "trending": 0, "popularity": 18, "streamingEpisodes": [], "coverImage": {"large": "https://s3.anilist.co/media/anime/cover/medium/5473.jpg", "medium": "https://s3.anilist.co/media/anime/cover/small/5473.jpg"}, "bannerImage": null, "isAdult": false, "format": "TV"}, {"id": 5474, "title": {"romaji": "Yobarete Tobidete Akubi-chan", "english": null}, "type": "ANIME", "status": "FINISHED", "description": "Koron Nemuta is a girl who yawns when embrassed. One day, she found a vase when she was lost. When she yawns, the genie Akubi will come out of it, but, when she yawns again, Akubi will come back into the vase. <br><br>\n(Source: ANN)", "startDate": {"year": 2001, "month": 12, "day": 11}, "endDate": {"year": 2002, "month": 3, "day": 26}, "season": "WINTER", "episodes": 26, "duration": 20, "genres": ["Comedy", "Fantasy"], "averageScore": null, "trending": 0, "popularity": 40, "streamingEpisodes": [], "coverImage": {"large": "https://s3.anilist.co/media/anime/cover/medium/5474.jpg", "medium": "https://s3.anilist.co/media/anime/cover/small/5474.jpg"}, "bannerImage": null, "isAdult": false, "format": "TV"}]}}}