{"data": {"Page": {"pageInfo": {"total": 12297, "hasNextPage": true}, "media": [{"id": 173, "title": {"romaji": "Tactics", "english": null}, "type": "ANIME", "status": "FINISHED", "description": "Ichinomiya Kantarou grew up with the ability to see demons, but was isolated and bullied by others who did not share the same gift. Instead, he became being friends with the demons, gaining a great attachment to their existence. One day, Kantarou was told about the strongest demon, the one known as the ogre-eating Tengu. Amazed by the news of his strength, Kantarou vowed to find this demon who was far stronger then any other, deciding to call him Haruka when he did so. Since this time, Kantarou searched far and wide for the ogre-eating Tengu with no luck, making his living by becoming a folklore writer and demon-buster. On a particularly job, Kantarou had finally found news of a nearby shrine supposedly the place where the ogre-eating Tengu was sealed.", "startDate": {"year": 2004, "month": 10, "day": 6}, "endDate": {"year": 2005, "month": 3, "day": 30}, "season": "FALL", "episodes": 25, "duration": 24, "genres": ["Comedy", "Drama", "Fantasy", "Mystery"], "averageScore": 66, "trending": 0, "popularity": 1594, "streamingEpisodes": [], "coverImage": {"large": "https://s3.anilist.co/media/anime/cover/medium/173.jpg", "medium": "https://s3.anilist.co/media/anime/cover/small/173.jpg"}, "bannerImage": null, "isAdult": false, "format": "TV"}, {"id": 174, "title": {"romaji": "Tenjou Tenge", "english": "Tenjou Tenge"}, "type": "ANIME", "status": "FINISHED", "description": "Souchirou Nagi and Bob Makihara are two delinquents who arrive at Toudou Academy with the objective of ruling over the school with their strength. But on their first day, they encountered the Jyuukenbu, a martial arts group of the school. Members of the group, Maya Natsume, her sister Aya, and Masataka Takayanagi easily overpowered Souchirou and Bob. And what's more, due to what was assumed to be their \"connections\" with the Jyuukenbu, the two were attacked by members of the Enforcement Group, which oversees the martial arts groups of the school. Drawn into the personal conflicts between the Jyuukenbu and the Enforcement Group, Souchirou and Bob have no choice but to join up with Maya Natsume's group and to hone their skills to become even stronger. <br><br>\r\n(Source: ANN)", "startDate": {"year": 2004, "month": 4, "day": 2}, "endDate": {"year": 2004, "month": 9, "day": 17}, "season": "SPRING", "episodes": 24, "duration": 23, "genres": ["Action", "Comedy", "Ecchi"], "averageScore": 64, "trending": 1, "popularity": 6532, "streamingEpisodes": [], "coverImage": {"large": "https://s3.anilist.co/media/anime/cover/medium/174.jpg", "medium": "https://s3.anilist.co/media/anime/cover/small/174.jpg"}, "bannerImage": null, "isAdult": false, "format": "TV"}, {"id": 175, "title": {"romaji": "Tokyo Underground", "english": "Tokyo Underground"}, "type": "ANIME", "status": "FINISHED", "description": "Under the capital city of Tokyo, Japan, there exists a large, vast, and unknown world known as Underground. There, people known as Elemental Users exist; people who have the ability to control the elements: Fire, Water, Lightning, Magnetism, Freeze, etc. Meet Rumina Asagi and his best friend Ginnosuke Isuzu, two average high school freshmen who reside in Tokyo. When they meets Gravity User, Chelsea Rorec, and the Miko of Life, Ruri Sarasa, their whole life changes into one big adventure.<br><br>\n(Source: ANN)", "startDate": {"year": 2002, "month": 4, "day": 2}, "endDate": {"year": 2002, "month": 9, "day": 24}, "season": "SPRING", "episodes": 26, "duration": 25, "genres": ["Action", "Adventure", "Romance", "Sci-Fi"], "averageScore": 60, "trending": 0, "popularity": 1283, "streamingEpisodes": [], "coverImage": {"large": "https://s3.anilist.co/media/anime/cover/medium/175.jpg", "medium": "https://s3.anilist.co/media/anime/cover/small/175.jpg"}, "bannerImage": null, "isAdult": false, "format": "TV"}, {"id": 176, "title": {"romaji": "Triangle Heart: Sweet Songs Forever", "english": null}, "type": "ANIME", "status": "FINISHED", "description": "Fiasse is a world-renowned singer. She is now the headmistress of a special Singing School who does a Charity World Tour every year. Her mother left behind a inheritance for her after she died and some shady people are after Fiasse and the inheritance. Bring in Ellis, and two siblings who are master of the swords to protect Fiasse. The World Tour is coming up and Fiasse will continue the show. Ellis, Kyoya, Miyuki and company must protect their childhood friend at all costs. <br><br>\n(Source: ANN)", "startDate": {"year": 2003, "month": 7, "day": 24}, "endDate": {"year": 2003, "month": 12, "day": 26}, "season": "SUMMER", "episodes": 4, "duration": 30, "genres": ["Adventure", "Romance"], "averageScore": 53, "trending": 0, "popularity": 483, "streamingEpisodes": [], "coverImage": {"large": "https://s3.anilist.co/media/anime/cover/medium/176.jpg", "medium": "https://s3.anilist.co/media/anime/cover/small/176.jpg"}, "bannerImage": null, "isAdult": false, "format": "OVA"}, {"id": 177, "title": {"romaji": "Tsubasa Chronicle", "english": "Tsubasa Chronicle"}, "type": "ANIME", "status": "FINISHED", "description": "During an excavation at the mysterious ruins in Clow Country, Syaoran discovers his childhood friend Princess Sakura appear on the site with wings that disperse into many feathers. As the feather's disappear to different dimensions, so does Sakura's memory. In attempts to save Sakura's life and restore her memory, Syaoran travels through to another world to find a solution. There's only one thing left he can do. Travel through to different dimensions to collect Sakura's feathers. Helping out with the quest is Kurogane, an exiled ninja from Japan Country who wishes to return to his world, the runaway magician, Fay, who desires to jump between each world never to return to his own and the white meat-bun shaped creature, Mokona.", "startDate": {"year": 2005, "month": 4, "day": 9}, "endDate": {"year": 2005, "month": 10, "day": 15}, "season": "SPRING", "episodes": 26, "duration": 25, "genres": ["Adventure", "Fantasy", "Romance"], "averageScore": 71, "trending": 0, "popularity": 8595, "streamingEpisodes": [], "coverImage": {"large": "https://s3.anilist.co/media/anime/cover/medium/177.jpg", "medium": "https://s3.anilist.co/media/anime/cover/small/177.jpg"}, "bannerImage": "https://s3.anilist.co/media/anime/banner/177-IHqN2HjMaQnN.jpg", "isAdult": false, "format": "TV"}, {"id": 178, "title": {"romaji": "Ultra Maniac", "english": "Ultramaniac - Magical Girl"}, "type": "ANIME", "status": "FINISHED", "description": "Hideo Middle School eighth-grader Ayu Tateishi, as a member of the tennis club, is of course a cool girl who is popular among the girls in the school. Actually, she`s an ordinary girl pretending to be cool, because Kachi-kun of the baseball team likes her.<br><br>\nShe is adored by the transfer student Nina Sakura. Nina actually has a huge secret!? Because she is a young witch who transferred from the magic kingdom. She`s a real witch which a magic computer and a magical treasure box. But this magic always causes big problems!!<br><br>\nNow back to the boys. Of course there`s Tetsushi Kachi, the up and coming ace of the baseball team, who is very popular among the girls, and his best friend, the calm and quiet member of the tennis club, Hiroki Tsujiai, and many others.<br><br>\nThis story is a school love comedy set at Hideo Middle School, starring the cool beauty Ayu, the young witch Nina, the baseball team`s Kachi-kun, and the tennis team`s Tsujiai-kun. Also, there are original characters that Yoshizumi-sensei designed specifically for the anime, so please look forward to it!<br><br>\n(Source: AnimeNfo)<br>", "startDate": {"year": 2003, "month": 5, "day": 20}, "endDate": {"year": 2003, "month": 11, "day": 11}, "season": "SPRING", "episodes": 26, "duration": 24, "genres": ["Comedy", "Romance"], "averageScore": 65, "trending": 1, "popularity": 1319, "streamingEpisodes": [], "coverImage": {"large": "https://s3.anilist.co/media/anime/cover/medium/178.jpg", "medium": "https://s3.anilist.co/media/anime/cover/small/178.jpg"}, "bannerImage": null, "isAdult": false, "format": "TV"}, {"id": 179, "title": {"romaji": "Ultra Maniac OVA", "english": null}, "type": "ANIME", "status": "FINISHED", "description": "Ayu is one of the coolest students at her school. She is smart, studious, sporty and has just the right amount of untouchable quality to make her a friend of everybody. Her male counterpart is Kaji-kun: warm, happy, friendly and a member of the baseball club. No wonder Ayu`s got a crush on him!<br><br>\nOne day, Ayu sees a new student, Nina, crying and looking for something. After Ayu helps her find it, Nina decides to show her gratitude in the best way she knows, magic! Nina turns out to be a student from the Magic Kingdom and is currently \"studying aboard\" in Ayu`s school!<br><br>\n(Source: AniDB)", "startDate": {"year": 2002, "month": 8, "day": 6}, "endDate": {"year": 2002, "month": 8, "day": 6}, "season": "SUMMER", "episodes": 1, "duration": 21, "genres": ["Comedy", "Romance"], "averageScore": 58, "trending": 0, "popularity": 333, "streamingEpisodes": [], "coverImage": {"large": "https://s3.anilist.co/media/anime/cover/medium/179.jpg", "medium": "https://s3.anilist.co/media/anime/cover/small/179.jpg"}, "bannerImage": null, "isAdult": false, "format": "OVA"}, {"id": 180, "title": {"romaji": "Vandread", "english": null}, "type": "ANIME", "status": "FINISHED", "description": "Life sucks for Hibiki. Intergalactic society has broken into civil war between males and females; he's stuck on the assembly line for war mecha, relentlessly teased by his co-workers and unable to pursue his dreams of building his own mecha one day. He finally decides he's had enough though, and attempts to break in and steal a mech for his own purposes; this turns out to be a bad idea, thrusting him into the middle of a fever-pitch space battle that brings him face to face with the enemy and launches him into an adventure that will change his mundane life forever. <br><br>\n(Source: AnimeNfo)", "startDate": {"year": 2000, "month": 10, "day": 3}, "endDate": {"year": 2000, "month": 12, "day": 19}, "season": "FALL", "episodes": 13, "duration": 22, "genres": ["Action", "Ecchi", "Mecha", "Sci-Fi"], "averageScore": 67, "trending": 0, "popularity": 3630, "streamingEpisodes": [], "coverImage": {"large": "https://s3.anilist.co/media/anime/cover/medium/180.jpg", "medium": "https://s3.anilist.co/media/anime/cover/small/180.jpg"}, "bannerImage": null, "isAdult": false, "format": "TV"}, {"id": 181, "title": {"romaji": "Vandread: The Second Stage", "english": null}, "type": "ANIME", "status": "FINISHED", "description": "Though Hibiki and crew defeated a super-huge battleship of the earth in the last of the first stage, they noticed five battleships further aiming at Mejeiru and Tarahk. And, crew of NIRVANA learnt Tarahk and Mejeiru which were their home had been faced to the crisis of Karitori (reaping). Travel to their home is speed up so that they may inform of the crisis. On the way, current information of the earth having been brought by girl Misty who had come to travel with them was worse than they can imagine. Hibiki and crew noticed a true fight was in the future. VANDREAD is finally changed into final system by the attack of the enemy who becomes violent more and more. Can they save their home? And, what happens to the relations between Hibiki and Dita?<br><br>\n(Source: AnimeNfo)", "startDate": {"year": 2001, "month": 10, "day": 5}, "endDate": {"year": 2002, "month": 1, "day": 18}, "season": "FALL", "episodes": 13, "duration": 22, "genres": ["Action", "Ecchi", "Mecha", "Sci-Fi"], "averageScore": 70, "trending": 0, "popularity": 2264, "streamingEpisodes": [], "coverImage": {"large": "https://s3.anilist.co/media/anime/cover/medium/181.jpg", "medium": "https://s3.anilist.co/media/anime/cover/small/181.jpg"}, "bannerImage": null, "isAdult": false, "format": "TV"}, {"id": 182, "title": {"romaji": "Escaflowne", "english": "Escaflowne"}, "type": "ANIME", "status": "FINISHED", "description": "High school student Hitomi is transported from Earth to the magical world of Gaea, where she meets boy prince Van Fanel, and is caught up in his quest to unite the countries of Gaea against the ominous Zaibach empire. On the way, she discovers an hidden ability and strives to unravel layers of mystery surrounding Van, his past, and the giant machine known as Escaflowne. <br><br>\n(Source: ANN)", "startDate": {"year": 1996, "month": 4, "day": 2}, "endDate": {"year": 1996, "month": 9, "day": 24}, "season": "SPRING", "episodes": 26, "duration": 24, "genres": ["Adventure", "Fantasy", "Mecha", "Romance"], "averageScore": 73, "trending": 1, "popularity": 7281, "streamingEpisodes": [], "coverImage": {"large": "https://s3.anilist.co/media/anime/cover/medium/182.jpg", "medium": "https://s3.anilist.co/media/anime/cover/small/182.jpg"}, "bannerImage": "https://s3.anilist.co/media/anime/banner/182-jYvvtYE14yi4.jpg", "isAdult": false, "format": "TV"}, {"id": 183, "title": {"romaji": "Whistle!", "english": null}, "type": "ANIME", "status": "FINISHED", "description": "Kazamatsuri Shou's dream has always been to become a professional soccer player, but he has one problem: he's not very good at the game. He was accepted to the prestigious Musashi no Mori Junior High, known for its top rate soccer team, but he was never able to rise beyond the rank of third stringer. After transferring to Sakura Jousui Junior High, he can finally play soccer. And, with the support of his new friends and teammates, his strong determination, and lots of hard work, his soccer skills are developing rapidly and setting Shou well on his way to achieving his dream.<br><br>\n(Source: ANN)", "startDate": {"year": 2002, "month": 5, "day": 6}, "endDate": {"year": 2003, "month": 2, "day": 3}, "season": "SPRING", "episodes": 39, "duration": 24, "genres": ["Sports"], "averageScore": 62, "trending": 0, "popularity": 605, "streamingEpisodes": [], "coverImage": {"large": "https://s3.anilist.co/media/anime/cover/medium/183.jpg", "medium": "https://s3.anilist.co/media/anime/cover/small/183.jpg"}, "bannerImage": null, "isAdult": false, "format": "TV"}, {"id": 184, "title": {"romaji": "Xenosaga: The Animation", "english": null}, "type": "ANIME", "status": "FINISHED", "description": "The year is T.C. 4767. Four thousand years have passed since humanity abandoned its birthplace, the planet Earth. Beset by the hostile alien Gnosis, mankind is now scrambling to find ways to defeat this threat to their existence. The development of KOS-MOS (a specialized android with amazing capabilities) by Vector engineer Shion Uzuki was one response to the threat. But when their ship is destroyed by the Gnosis, Shion and her companions find themselves thrust into the middle of a battle with no clear sides...<br><br>\n(Source: Anime-Planet)", "startDate": {"year": 2005, "month": 1, "day": 6}, "endDate": {"year": 2005, "month": 3, "day": 24}, "season": "WINTER", "episodes": 12, "duration": 23, "genres": ["Action", "Mecha", "Sci-Fi"], "averageScore": 55, "trending": 0, "popularity": 982, "streamingEpisodes": [], "coverImage": {"large": "https://s3.anilist.co/media/anime/cover/medium/184.jpg", "medium": "https://s3.anilist.co/media/anime/cover/small/184.jpg"}, "bannerImage": null, "isAdult": false, "format": "TV"}, {"id": 185, "title": {"romaji": "Initial D First Stage", "english": null}, "type": "ANIME", "status": "FINISHED", "description": "High school student Takumi Fujiwara works as a gas station attendant during the day and a delivery boy for his father's tofu shop during late nights. Little does he know that his precise driving skills and his father's modified Toyota Sprinter AE86 Trueno make him the best amateur road racer on Mt. Akina's highway. Because of this, racing groups from all over the Gunma prefecture issue challenges to Takumi to see if he really has what it takes to be a road legend.<br><br>\n(Source: ANN)", "startDate": {"year": 1998, "month": 4, "day": 19}, "endDate": {"year": 1998, "month": 12, "day": 6}, "season": "SPRING", "episodes": 26, "duration": 25, "genres": ["Sports"], "averageScore": 80, "trending": 1, "popularity": 9813, "streamingEpisodes": [], "coverImage": {"large": "https://s3.anilist.co/media/anime/cover/medium/185.jpg", "medium": "https://s3.anilist.co/media/anime/cover/small/185.jpg"}, "bannerImage": "https://s3.anilist.co/media/anime/banner/185-T2VgLikzr5hl.jpg", "isAdult": false, "format": "TV"}, {"id": 186, "title": {"romaji": "Initial D Second Stage", "english": null}, "type": "ANIME", "status": "FINISHED", "description": "Following his victory over RedSuns leader Ryosuke Takahashi, AE86 driver Takumi Fujiwara is challenged by the Lancer EVO-based \"Emperor,\" a group known for taking decals of racing teams they defeat, cutting them up and placing them on their cars like a fighter plane kill board. Takumi's undefeated streak is on the line as his AE86 is virtually no match against the more powerful and more agile four-wheel-drive EVOs of the Emperor team. <br><br>\n(Source: ANN)", "startDate": {"year": 1999, "month": 10, "day": 15}, "endDate": {"year": 2000, "month": 1, "day": 21}, "season": "FALL", "episodes": 13, "duration": 23, "genres": ["Sports"], "averageScore": 78, "trending": 2, "popularity": 5671, "streamingEpisodes": [], "coverImage": {"large": "https://s3.anilist.co/media/anime/cover/medium/186.jpg", "medium": "https://s3.anilist.co/media/anime/cover/small/186.jpg"}, "bannerImage": "https://s3.anilist.co/media/anime/banner/186-0nacaMTYMY6T.jpg", "isAdult": false, "format": "TV"}, {"id": 187, "title": {"romaji": "Initial D Third Stage", "english": null}, "type": "ANIME", "status": "FINISHED", "description": "Takumi is approached by RedSuns leader Ryosuke Takahashi and offered to join him in forming a professional racing team. Before coming up with an answer to the proposal, Takumi seeks retribution by issuing a rematch to Emperor leader Kyouichi Sudou, who previously defeated him due to an engine failure. He is also challenged by Kai Kogashiwa, a second-generation street racer whose father was once a fierce rival of Takumi's father Bunta. <br>", "startDate": {"year": 2001, "month": 1, "day": 13}, "endDate": {"year": 2001, "month": 1, "day": 13}, "season": "WINTER", "episodes": 1, "duration": 114, "genres": ["Sports"], "averageScore": 76, "trending": 0, "popularity": 4971, "streamingEpisodes": [], "coverImage": {"large": "https://s3.anilist.co/media/anime/cover/medium/187.jpg", "medium": "https://s3.anilist.co/media/anime/cover/small/187.jpg"}, "bannerImage": null, "isAdult": false, "format": "MOVIE"}, {"id": 188, "title": {"romaji": "Gosenzo San'e", "english": "Masquerade"}, "type": "ANIME", "status": "FINISHED", "description": "Masquerade is the story surrounding the Hiraga bloodline in which Gen is a part of. Recently orphaned, he moves in to his grandmother's house and unwittingly triggers the Hiraga clan's curse in which nearly every member leads a tragically short life. In his grandmother's house, Gen begins to unravel vaguely remembered memories from a dream he's always had. With the help of an American graduate student, they try to uncover the secret of the Hiraga bloodline, the whispered legend of immortality that is locked in his genes, and a way to keep Gen from sharing the same fate that every one of his ancestors before him has suffered. <br><br>\n(Source: ANN)", "startDate": {"year": 1998, "month": 9, "day": 25}, "endDate": {"year": 1999, "month": 3, "day": 25}, "season": "FALL", "episodes": 4, "duration": 30, "genres": ["Comedy", "Hentai", "Mystery", "Supernatural"], "averageScore": 50, "trending": 0, "popularity": 123, "streamingEpisodes": [], "coverImage": {"large": "https://s3.anilist.co/media/anime/cover/medium/188.jpg", "medium": "https://s3.anilist.co/media/anime/cover/small/188.jpg"}, "bannerImage": null, "isAdult": true, "format": "OVA"}, {"id": 189, "title": {"romaji": "Love Hina", "english": null}, "type": "ANIME", "status": "FINISHED", "description": "Keitaro Urashima promised a girl when he was young that they would meet up again at Tokyo University in the future. Sadly, in the National Practice Exam, Keitaro ranked 27th from the bottom. Knowing his grandmother owned a hotel, Keitaro intended to stay there while continuing his studies for Tokyo U, only to find out the hotel had long been transformed into an all-girls dormitory. Through an odd twist of fate, Keitaro eventually became the manager of the dorm, beginning his life of living with 5 other girls.", "startDate": {"year": 2000, "month": 4, "day": 19}, "endDate": {"year": 2000, "month": 9, "day": 27}, "season": "SPRING", "episodes": 24, "duration": 23, "genres": ["Comedy", "Ecchi", "Romance", "Slice of Life"], "averageScore": 67, "trending": 0, "popularity": 10162, "streamingEpisodes": [], "coverImage": {"large": "https://s3.anilist.co/media/anime/cover/medium/189.jpg", "medium": "https://s3.anilist.co/media/anime/cover/small/189.jpg"}, "bannerImage": "https://s3.anilist.co/media/anime/banner/189-GKJY2UPwRIqi.jpg", "isAdult": false, "format": "TV"}, {"id": 190, "title": {"romaji": "Love Hina Again", "english": null}, "type": "ANIME", "status": "FINISHED", "description": "Keitaro has finally passed the entrance exams, and is officially a Toudai student. But after breaking his leg in an accident in the entrance ceremony, he thought and re-evaluated himself. Having new goals, Keitaro follows Seta on an overseas archeology trip. During his absence, however, all was not well in Hinata Lodge. Urashima Kanako, Keitaro's sister, arrives on the scene. She claims to be the new manager of Hinata Lodge starts to go against all the tenants. Things become even more complicated when they recieve a letter from Keitaro. The tenants and Kanako made a big mess trying to get the letter, but Seta's car crashes in before anyone could read the letter...", "startDate": {"year": 2002, "month": 1, "day": 26}, "endDate": {"year": 2002, "month": 3, "day": 27}, "season": "WINTER", "episodes": 3, "duration": 30, "genres": ["Comedy", "Drama", "Romance"], "averageScore": 68, "trending": 0, "popularity": 4013, "streamingEpisodes": [], "coverImage": {"large": "https://s3.anilist.co/media/anime/cover/medium/190.jpg", "medium": "https://s3.anilist.co/media/anime/cover/small/190.jpg"}, "bannerImage": "https://s3.anilist.co/media/anime/banner/190-vgAff15mQIOm.jpg", "isAdult": false, "format": "OVA"}, {"id": 191, "title": {"romaji": "Love Hina Christmas Special: Silent Eve", "english": "Love Hina Christmas Movie"}, "type": "ANIME", "status": "FINISHED", "description": "As another round of preliminary tests approach for Keitaro, so does Christmas. And as the first Christmas of the millenium, there is a rumor that if one confesses his love on this special eve it will come true. Keitaro has decided what he needs to do on this Christmas eve, but being a retaker can he afford taking attention away from the tests on the same day...<br>\nThe Winter has begun in Hinata. X-mas is coming up. There are rumors about this special christmas eve: If someone is going to confess his love on this christmas eve, any wish will come true. Keitaro decides to confess his love to Naru. But he isn't the only one confessing on this christmas eve...<br><br>\n(Source: ANN)", "startDate": {"year": 2000, "month": 12, "day": 25}, "endDate": {"year": 2000, "month": 12, "day": 25}, "season": "WINTER", "episodes": 1, "duration": 46, "genres": ["Comedy", "Romance", "Slice of Life"], "averageScore": 69, "trending": 0, "popularity": 2857, "streamingEpisodes": [], "coverImage": {"large": "https://s3.anilist.co/media/anime/cover/medium/191.jpg", "medium": "https://s3.anilist.co/media/anime/cover/small/191.jpg"}, "bannerImage": "https://s3.anilist.co/media/anime/banner/191-wEOQ9OE6tffB.jpg", "isAdult": false, "format": "SPECIAL"}, {"id": 192, "title": {"romaji": "Love Hina: Haru Special - Kimi Sakura Chiru Nakare!!", "english": "Love Hina Spring Movie"}, "type": "ANIME", "status": "FINISHED", "description": "The tests have come, and Keitaro can only hope to succeed. However, in the final stretch, he fails miserably and daydreams through the test. Assuming that he has failed, he runs away, so the rest of the cast hunts him down on a remote desert island to bring him back.<br>\r\nThe Toudai entrance exams have finally come (again) for Keitaro. With all his confidence Keitaro sits for the paper, but ends up falling asleep and dreaming about Narusegawa. Waking up with barely any time to complete the paper, Keitaro thinks he will fail the paper and tries to escape from Hinata Lodge and forget all the memories with it. By a stroke of luck he meets Seta, but ends up in a faraway island with the whole cast trying to look for him.<br><br>\r\n(Source: ANN)", "startDate": {"year": 2001, "month": 4, "day": 2}, "endDate": {"year": 2001, "month": 4, "day": 2}, "season": "SPRING", "episodes": 1, "duration": 46, "genres": ["Adventure", "Comedy", "Romance"], "averageScore": 67, "trending": 0, "popularity": 2645, "streamingEpisodes": [], "coverImage": {"large": "https://s3.anilist.co/media/anime/cover/medium/192.jpg", "medium": "https://s3.anilist.co/media/anime/cover/small/192.jpg"}, "bannerImage": "https://s3.anilist.co/media/anime/banner/192-NKnRTGNRstEI.jpg", "isAdult": false, "format": "SPECIAL"}, {"id": 193, "title": {"romaji": "Maburaho", "english": null}, "type": "ANIME", "status": "FINISHED", "description": "His name is Kazuki Shikimori, 17 years old. He attends Aoi Academy, a school for elite magicians. Each magician has a set limit of spells, and performing more spells than the limit allows will cause the user to turn into dust. In this case, the number of magic Kazuki can use is far below the average in his school. Then one day, all of a sudden, three girls: Yuuna Miyama, Kuriko Kazetsubaki and Rin Kamishiro, appear before him. But of all the things that they are after, it is his genes. And for Kazuki, the girls' appearances may also spell his doom, as he soon realizes that his magic count is decreasing ever steadily due to the fact that he can't resist using magic to help them.<br><br>\n(Source: ANN)", "startDate": {"year": 2003, "month": 10, "day": 14}, "endDate": {"year": 2004, "month": 4, "day": 6}, "season": "FALL", "episodes": 24, "duration": 24, "genres": ["Comedy", "Drama", "Ecchi", "Romance"], "averageScore": 62, "trending": 0, "popularity": 3927, "streamingEpisodes": [], "coverImage": {"large": "https://s3.anilist.co/media/anime/cover/medium/193.jpg", "medium": "https://s3.anilist.co/media/anime/cover/small/193.jpg"}, "bannerImage": null, "isAdult": false, "format": "TV"}, {"id": 194, "title": {"romaji": "Macross Zero", "english": "Macross Zero"}, "type": "ANIME", "status": "FINISHED", "description": "Taking place one year before the Zentraedi arrive on Earth, Macross Zero chronicles the final days of the war between the U.N. Spacy and anti-U.N. factions. After being shot down by the anti-U.N.'s newest fighter plane, ace pilot Shin Kudo finds himself on the remote island of Mayan, where technology is almost non-existent. While Shin stays on the island to heal his wounds, the tranqulity of the island is shattered by a battle that involves the UN's newest fighter - the VF-0. <br><br>\n(Source: ANN)", "startDate": {"year": 2002, "month": 12, "day": 21}, "endDate": {"year": 2004, "month": 10, "day": 20}, "season": "WINTER", "episodes": 5, "duration": 30, "genres": ["Adventure", "Mecha", "Sci-Fi"], "averageScore": 71, "trending": 0, "popularity": 2463, "streamingEpisodes": [], "coverImage": {"large": "https://s3.anilist.co/media/anime/cover/medium/194.jpg", "medium": "https://s3.anilist.co/media/anime/cover/small/194.jpg"}, "bannerImage": null, "isAdult": false, "format": "OVA"}, {"id": 195, "title": {"romaji": "Onegai Teacher", "english": "Please Teacher!"}, "type": "ANIME", "status": "FINISHED", "description": "Kusanagi Kei, a high-school student living with his aunt and uncle, has an encounter with a female alien. This alien is revealed to be a new teacher at his school. Later, he is forced to marry this alien to preserve her secrets. From there, various romantically-inclined problems crop up repeatedly. <br><br>\n(Source: ANN)", "startDate": {"year": 2002, "month": 1, "day": 10}, "endDate": {"year": 2002, "month": 3, "day": 28}, "season": "WINTER", "episodes": 12, "duration": 25, "genres": ["Comedy", "Romance", "Sci-Fi"], "averageScore": 68, "trending": 0, "popularity": 6839, "streamingEpisodes": [], "coverImage": {"large": "https://s3.anilist.co/media/anime/cover/medium/195.jpg", "medium": "https://s3.anilist.co/media/anime/cover/small/195.jpg"}, "bannerImage": "https://s3.anilist.co/media/anime/banner/195-bJP2XyNS08sG.jpg", "isAdult": false, "format": "TV"}, {"id": 196, "title": {"romaji": "Onegai Twins", "english": "Please Twins"}, "type": "ANIME", "status": "FINISHED", "description": "Maiku Kamishiro's past has always been somewhat of a mystery to him. The only clue he has to who is family might be is an old photograph showing two young children, a boy and a girl, playing in a small pool outside of a blue house. In an attempt to find his family, he moves to this blue house and begins working as a programmer. He's living a comfortable life until the day two very different girls show up at his door, both in possession of the same photograph, and both claiming to be his twin. With no way to prove who is a relative and who is a stranger, Maiku allows both girls to move in with him until they know for sure. <br><br>\n(Source: ANN)", "startDate": {"year": 2003, "month": 7, "day": 15}, "endDate": {"year": 2003, "month": 10, "day": 14}, "season": "SUMMER", "episodes": 12, "duration": 25, "genres": ["Comedy", "Drama", "Sci-Fi"], "averageScore": 64, "trending": 0, "popularity": 3810, "streamingEpisodes": [], "coverImage": {"large": "https://s3.anilist.co/media/anime/cover/medium/196.jpg", "medium": "https://s3.anilist.co/media/anime/cover/small/196.jpg"}, "bannerImage": "https://s3.anilist.co/media/anime/banner/196-B9iY87lYJxDp.jpg", "isAdult": false, "format": "TV"}, {"id": 197, "title": {"romaji": "Rizelmine", "english": null}, "type": "ANIME", "status": "FINISHED", "description": "Iwaki Tomonori is an average 15-year-old boy who likes older women. He happens to have a crush on his teacher, but soon thereafter, learns she has become engaged. He heads home brokenhearted, only to find a 12-year-old girl named Rizel at his home, who he learns the Japanese government has married him to against his will. Furthermore, he learns Rizel is no ordinary girl; she is a biochemically engineered human, and her creators (her \"papa\"s, as they are often referred to) promise to waive multiple bills of Iwaki's parents in exchange to be allowed to stay at their house, and thus Iwaki's life with Rizel begins.", "startDate": {"year": 2002, "month": 4, "day": 2}, "endDate": {"year": 2002, "month": 12, "day": 21}, "season": "SPRING", "episodes": 24, "duration": 15, "genres": ["Comedy", "Ecchi", "Romance", "Sci-Fi"], "averageScore": 59, "trending": 0, "popularity": 1339, "streamingEpisodes": [], "coverImage": {"large": "https://s3.anilist.co/media/anime/cover/medium/197.jpg", "medium": "https://s3.anilist.co/media/anime/cover/small/197.jpg"}, "bannerImage": null, "isAdult": false, "format": "TV_SHORT"}, {"id": 198, "title": {"romaji": "Speed Grapher", "english": "Speed Grapher"}, "type": "ANIME", "status": "FINISHED", "description": "Ten years after the Bubble War, the dichotomy between the rich and the poor in the world becomes more prominent and Japan is no exception. The rich seek to satisfy their desires and derive pleasure for themselves, and Tokyo has materialized into such a city as a result. Saiga, once a war photographer, works for Hibara Ginza in the capitalist state of Tokyo. He infiltrates the Roppongi Club, a secretive base located in the red light district of the city, to collect information about them. However, he was caught in the process and brought forward to a girl called Kagura who was in the midst of a ritual. His contact with Kagura awakens his special ability: the power to make things explode when photographed. In order to unravel the mystery behind the Roppongi Club and Kagura, Saiga begins his solitary battle.", "startDate": {"year": 2005, "month": 4, "day": 8}, "endDate": {"year": 2005, "month": 9, "day": 30}, "season": "SPRING", "episodes": 24, "duration": 23, "genres": ["Action", "Mystery"], "averageScore": 68, "trending": 0, "popularity": 5394, "streamingEpisodes": [], "coverImage": {"large": "https://s3.anilist.co/media/anime/cover/medium/198.jpg", "medium": "https://s3.anilist.co/media/anime/cover/small/198.jpg"}, "bannerImage": null, "isAdult": false, "format": "TV"}, {"id": 199, "title": {"romaji": "Sen to Chihiro no Kamikakushi", "english": "Spirited Away"}, "type": "ANIME", "status": "FINISHED", "description": "On the way to their new home, 10-year-old Chihiro Ogino's family stumbles upon a deserted theme park. Intrigued, the family investigates the park, though unbeknownst to them, it is secretly inhabited by spirits who sleep by day and appear at night. When Chihiro's mother and father eat food from a restaurant in the street, angry spirits turn them into pigs. Furthermore, a wide sea has appeared between the spirit world and the human one, trapping Chihiro, the sole human, in a land of spirits. Luckily for her though, a mysterious boy named Haku appears, claiming to know her from the past. Under his instructions, Chihiro secures a job in the bathhouse where Haku works. With only her courage and some new found friends to aid her, Chihiro embarks on a journey to turn her parents back to their original forms and return home.<br><br>\n[Written by MAL Rewrite]", "startDate": {"year": 2001, "month": 7, "day": 20}, "endDate": {"year": 2001, "month": 7, "day": 20}, "season": "SUMMER", "episodes": 1, "duration": 125, "genres": ["Adventure", "Drama", "Romance", "Supernatural"], "averageScore": 86, "trending": 0, "popularity": 39655, "streamingEpisodes": [], "coverImage": {"large": "https://s3.anilist.co/media/anime/cover/medium/199.jpg", "medium": "https://s3.anilist.co/media/anime/cover/small/199.jpg"}, "bannerImage": "https://s3.anilist.co/media/anime/banner/199-Sm2RU5PSqw7T.jpg", "isAdult": false, "format": "MOVIE"}, {"id": 200, "title": {"romaji": "Tenshi na Konamaiki", "english": "Cheeky Angel"}, "type": "ANIME", "status": "FINISHED", "description": "Megumi-chan is a girl with a secret past. She used to be a boy until she met a person she thought was a magic user. This person gave him/her a magical book from which a genie appears to grant one wish when blood is applied to it. Megumi made the wish to be a man in a man's body but the genie has a twist: he grants wishes backwards so he turns Megumi-kun aged 9 to Megumi-chan. Years pass and Megumi enters High School where she immediately beats up the school bully who of course falls in love with her. She is looking for that book again to be able to reverse the spell placed upon her.<br><br>\n(Source: ANN)", "startDate": {"year": 2002, "month": 4, "day": 6}, "endDate": {"year": 2003, "month": 3, "day": 29}, "season": "SPRING", "episodes": 50, "duration": 24, "genres": ["Comedy", "Romance"], "averageScore": 67, "trending": 0, "popularity": 1206, "streamingEpisodes": [], "coverImage": {"large": "https://s3.anilist.co/media/anime/cover/medium/200.jpg", "medium": "https://s3.anilist.co/media/anime/cover/small/200.jpg"}, "bannerImage": null, "isAdult": false, "format": "TV"}, {"id": 201, "title": {"romaji": "Den'ei Shoujo Video Girl Ai", "english": null}, "type": "ANIME", "status": "FINISHED", "description": "When Yohta is told by the girl he likes, Moemi, that she likes someone else, he rents a video girl tape from a strange video rental shop. When he plays the tape at home, Video Girl Ai emerges from the screen to help him win Moemi's love. But Yohta's VCR had been malfunctioning and now Ai's personality isn't quite what it was designed to be. <br><br>\n(Source: AniDB)", "startDate": {"year": 1992, "month": 3, "day": 27}, "endDate": {"year": 1992, "month": 8, "day": 28}, "season": "SPRING", "episodes": 6, "duration": 29, "genres": ["Comedy", "Drama", "Ecchi", "Romance"], "averageScore": 68, "trending": 0, "popularity": 1673, "streamingEpisodes": [], "coverImage": {"large": "https://s3.anilist.co/media/anime/cover/medium/201.jpg", "medium": "https://s3.anilist.co/media/anime/cover/small/201.jpg"}, "bannerImage": "https://s3.anilist.co/media/anime/banner/201-4nkBdzdPvBUY.jpg", "isAdult": false, "format": "OVA"}, {"id": 202, "title": {"romaji": "Wolf's Rain", "english": "Wolf's Rain"}, "type": "ANIME", "status": "FINISHED", "description": "In some distant future, it's common knowledge that all wolves have been extinct for 200 years. However, it seems this is false as wolves have not disappeared but rather have taken human form. Kiba, a lone wolf, wanders into a city, trying to sniff out the Lunar Flowers that are supposed to lead whoever follows the scent to paradise. The source of the smell is Cheza, a girl who sleeps in what appears to be suspended animation in a lab. She and the wolves are drawn to each other, and Kiba hopes to find paradise once he finds the source of the scent of Lunar Flowers. However, once Kiba finds Cheza, she is kidnapped by a mysterious person called Darcia, and his search begins anew. Before he leaves the city, he meets 3 other wolves, Tsume, Hige and Toboe. All four wolves have very different personalities and ideas, and their friendliness towards each other is a little rough around the edges. However, they soon band together to continue to search for paradise. <br><br>\n(Source: ANN)", "startDate": {"year": 2003, "month": 1, "day": 7}, "endDate": {"year": 2003, "month": 7, "day": 29}, "season": "WINTER", "episodes": 26, "duration": 23, "genres": ["Action", "Adventure", "Drama", "Fantasy", "Mystery", "Sci-Fi"], "averageScore": 74, "trending": 1, "popularity": 11408, "streamingEpisodes": [], "coverImage": {"large": "https://s3.anilist.co/media/anime/cover/medium/202.jpg", "medium": "https://s3.anilist.co/media/anime/cover/small/202.jpg"}, "bannerImage": "https://s3.anilist.co/media/anime/banner/202-3Ud0fKK0ithq.jpg", "isAdult": false, "format": "TV"}, {"id": 203, "title": {"romaji": "Words Worth", "english": null}, "type": "ANIME", "status": "FINISHED", "description": "The legend has survived for generation. The Words Worth tablet, which will unlock the secrets of the Universe for the one who can decipher it, has been shattered. The warring tribes of Light and Shadow blame each other, and their accusations lead to all out war!<br><br>\nAstral, the undisciplined heir to the throne of the Shadow Forces, lusts for his bride-to-be, Sharon. But Sharon, an accomplished warrior herself, feels her body drawn toward Caesar, the Shadow Tribe`s bravest swordsman.<br><br>\nSharon battles alongside Caesar during an assault by the Light Forces, and her ferocious beauty captivates Sir Fabris, the leader of the Tribe of Light. Fabris` army loses the battle, but he vows that he will one day get Sharon into his bed, the hard way, if necessary.<br><br>\nMeanwhile, Astral takes his sexual frustrations out on Maria, a Light Tribe sorceress who has been taken captive. As Astral penetrates Maria, Sir Fabris prepares to launch a penetration of his own: a full-scale attack on the Tribe of Shadow!<br><br>\n(Source: AnimeNfo)", "startDate": {"year": 1999, "month": 8, "day": 25}, "endDate": {"year": 2000, "month": 11, "day": 25}, "season": "SUMMER", "episodes": 5, "duration": 30, "genres": ["Adventure", "Fantasy", "Hentai"], "averageScore": 57, "trending": 0, "popularity": 377, "streamingEpisodes": [], "coverImage": {"large": "https://s3.anilist.co/media/anime/cover/medium/203.jpg", "medium": "https://s3.anilist.co/media/anime/cover/small/203.jpg"}, "bannerImage": null, "isAdult": true, "format": "OVA"}, {"id": 204, "title": {"romaji": "Yumeria", "english": null}, "type": "ANIME", "status": "FINISHED", "description": "On his 16th birthday, Tomokazu Mikuri had a realistic dream where he sees a girl battling a giant floating monstrosity. When he wakes up, he is surprised that the girl is actually sleeping next to him... Whenever he sleeps from now on, he ends up back at the dream world, and more and more people that he knows keep showing up there too. He finds out from a mysterious masked woman in the dream world named Silk that they are fighting against one named Faydoom, and he is the one who provides the powers to those girls so that they can fight these monsters. And so it goes...<br><br>\n(Source: ANN)", "startDate": {"year": 2004, "month": 1, "day": 9}, "endDate": {"year": 2004, "month": 3, "day": 26}, "season": "WINTER", "episodes": 12, "duration": 24, "genres": ["Action", "Comedy", "Ecchi"], "averageScore": 55, "trending": 0, "popularity": 1260, "streamingEpisodes": [], "coverImage": {"large": "https://s3.anilist.co/media/anime/cover/medium/204.jpg", "medium": "https://s3.anilist.co/media/anime/cover/small/204.jpg"}, "bannerImage": null, "isAdult": false, "format": "TV"}, {"id": 205, "title": {"romaji": "Samurai Champloo", "english": null}, "type": "ANIME", "status": "FINISHED", "description": "Mugen's a buck wild warrior - violent, thoughtless and womanizing. Jin is a vagrant ronin - mysterious, traditional, well-mannered and very strong as well. These two fiercely independent warriors can't be any more different from one another, yet their paths cross when Fuu, a ditzy waitress, saves them from being executed when they are arrested after a violent swordfight. Fuu convinces the two vagrant young men to help her find a mysterious samurai \"who smells of sunflowers.\" And their journey begins. This is a story about love, friendship and courage... NOT!\n<br><br>\n(Source: AniDB)", "startDate": {"year": 2004, "month": 5, "day": 20}, "endDate": {"year": 2005, "month": 3, "day": 19}, "season": "SPRING", "episodes": 26, "duration": 24, "genres": ["Adventure", "Comedy", "Action"], "averageScore": 83, "trending": 4, "popularity": 30668, "streamingEpisodes": [], "coverImage": {"large": "https://s3.anilist.co/media/anime/cover/medium/nx205-U1pjyWo0dzUb.jpg", "medium": "https://s3.anilist.co/media/anime/cover/small/nx205-U1pjyWo0dzUb.jpg"}, "bannerImage": "https://s3.anilist.co/media/anime/banner/205-L7WpOOWUmVjh.jpg", "isAdult": false, "format": "TV"}, {"id": 206, "title": {"romaji": "Lodoss-tou Senki: Eiyuu Kishi Den", "english": "Record of Lodoss War: Chronicles of the Heroic Knight"}, "type": "ANIME", "status": "FINISHED", "description": "Five years after the death of the Emperor of Marmo in the War of Heroes, Parn is now the Free Knight of Lodoss, he and his old allies now famous through the land. However, the Emperor's right-hand-man, Ashram, seeks the scepter of domination to re-unify Lodoss under his former leader's banner. Meanwhile, beyond his attempts at conquest lies a more sinister force beginning to set the stage for the resurrection of the goddess of death and destruction... <br>\n(Source: ANN)", "startDate": {"year": 1998, "month": 4, "day": 1}, "endDate": {"year": 1998, "month": 9, "day": 30}, "season": "SPRING", "episodes": 27, "duration": 24, "genres": ["Action", "Adventure", "Drama", "Fantasy", "Romance"], "averageScore": 65, "trending": 0, "popularity": 1395, "streamingEpisodes": [], "coverImage": {"large": "https://s3.anilist.co/media/anime/cover/medium/206-cLaX7ItSYarf.png", "medium": "https://s3.anilist.co/media/anime/cover/small/206-cLaX7ItSYarf.png"}, "bannerImage": null, "isAdult": false, "format": "TV"}, {"id": 207, "title": {"romaji": "Lodoss-tou Senki", "english": "Record of Lodoss War"}, "type": "ANIME", "status": "FINISHED", "description": "Created from the aftermath of the last great battle of the gods, Lodoss and its kingdoms have been plagued by war for thousands of years. As a quiet peace and unity finally become foreseeable over the land, an unknown evil begins to stir. An ancient witch has awakened, bent on preserving the island of Lodoss by creating political unbalance throughout the many kingdoms and keeping any one from maintaining central control. Only a mixed-race party of six young champions, led by the young warrior Parn, stand between this new threat and Lodoss' descent back into the darkness of war and destruction. <br><br>\n(Source: ANN) ", "startDate": {"year": 1990, "month": 6, "day": 30}, "endDate": {"year": 1991, "month": 11, "day": 23}, "season": "SUMMER", "episodes": 13, "duration": 25, "genres": ["Action", "Adventure", "Fantasy", "Supernatural"], "averageScore": 69, "trending": 0, "popularity": 3271, "streamingEpisodes": [], "coverImage": {"large": "https://s3.anilist.co/media/anime/cover/medium/207-z8m9i7SeHDC9.jpg", "medium": "https://s3.anilist.co/media/anime/cover/small/207-z8m9i7SeHDC9.jpg"}, "bannerImage": "https://s3.anilist.co/media/anime/banner/207-nVJHFEWhoG5n.jpg", "isAdult": false, "format": "OVA"}, {"id": 208, "title": {"romaji": "R.O.D OVA", "english": null}, "type": "ANIME", "status": "FINISHED", "description": "Yomiko Readman is a lovable, near-sighted bibliomaniac working as a substitute teacher at a Japanese high school. Her real identity, however, is that of a secret agent for the British Library Special Operations Division. Her codename: \"The Paper.\" The moniker denotes her supernatural ability to freely manipulate paper into any object she can imagine, including tools and weapons in her fight against the powerful and self-serving IJIN (Great Historical Figure) Army! Along with her partner, the enigmatic \"Ms. Deep,\" Yomiko travels across the world in attempt to solve the mystery behind the reincarnation of historical figures and their attempt to control the world.<br><br>\n(Source: RightStuf)", "startDate": {"year": 2001, "month": 5, "day": 23}, "endDate": {"year": 2002, "month": 2, "day": 6}, "season": "SPRING", "episodes": 3, "duration": 33, "genres": ["Action", "Adventure", "Mystery", "Sci-Fi"], "averageScore": 73, "trending": 0, "popularity": 3864, "streamingEpisodes": [], "coverImage": {"large": "https://s3.anilist.co/media/anime/cover/medium/208.jpg", "medium": "https://s3.anilist.co/media/anime/cover/small/208.jpg"}, "bannerImage": null, "isAdult": false, "format": "OVA"}, {"id": 209, "title": {"romaji": "R.O.D the TV", "english": null}, "type": "ANIME", "status": "FINISHED", "description": "Five years have passed since the occurrence of the incident known as the \"Human Annihilation Mission.\" In Japan, a novelist is dealing with writer's block after her friend has gone missing. In Hong Kong, three sisters, masters in the use of paper, run their own detective agency to solve cases that involve books. When these people are brought together, a bond greater than blood is formed - a bond that will be sorely tested by the evil powers intent on taking over the world.<br><br>\nJoin Anita, Maggie, Michelle, and Nenene as they travel the globe in order to save the world from the evil mastermind, Mr. Carpenter! Of course, that's if they can find the time to put down the books they're reading...<br><br>\n(Source: RightStuf)", "startDate": {"year": 2003, "month": 9, "day": 1}, "endDate": {"year": 2004, "month": 3, "day": 16}, "season": "FALL", "episodes": 26, "duration": 25, "genres": ["Action", "Adventure", "Comedy", "Drama", "Sci-Fi"], "averageScore": 72, "trending": 1, "popularity": 3744, "streamingEpisodes": [{"title": "Episode 1 - The Papers Have Landed", "url": "http://www.crunchyroll.com/rod/episode-1-the-papers-have-landed-624107"}, {"title": "Episode 2 - Rise Up, Oh Dregs of Humanity", "url": "http://www.crunchyroll.com/rod/episode-2-rise-up-oh-dregs-of-humanity-624109"}, {"title": "Episode 3 - Let's Meet in Jinbo-cho", "url": "http://www.crunchyroll.com/rod/episode-3-lets-meet-in-jinbo-cho-624111"}, {"title": "Episode 4 - The Seventh Grade Course", "url": "http://www.crunchyroll.com/rod/episode-4-the-seventh-grade-course-624113"}, {"title": "Episode 5 - They Shout", "url": "http://www.crunchyroll.com/rod/episode-5-they-shout-624115"}, {"title": "Episode 6 - The Right Stuff", "url": "http://www.crunchyroll.com/rod/episode-6-the-right-stuff-624117"}, {"title": "Episode 7 - In A Grove", "url": "http://www.crunchyroll.com/rod/episode-7-in-a-grove-624119"}, {"title": "Episode 8 - Seduced by the Night", "url": "http://www.crunchyroll.com/rod/episode-8-seduced-by-the-night-624121"}, {"title": "Episode 9 - Heart of Darkness", "url": "http://www.crunchyroll.com/rod/episode-9-heart-of-darkness-624123"}, {"title": "Episode 10 - Christmas Carol", "url": "http://www.crunchyroll.com/rod/episode-10-christmas-carol-624125"}, {"title": "Episode 11 - Goodbye Japan", "url": "http://www.crunchyroll.com/rod/episode-11-goodbye-japan-624127"}, {"title": "Episode 12 - Twilight of the Papers", "url": "http://www.crunchyroll.com/rod/episode-12-twilight-of-the-papers-624129"}, {"title": "Episode 13 - Twilight of the Papers II", "url": "http://www.crunchyroll.com/rod/episode-13-twilight-of-the-papers-ii-624131"}, {"title": "Episode 14 - Paper Leaf Wood", "url": "http://www.crunchyroll.com/rod/episode-14-paper-leaf-wood-624243"}, {"title": "Episode 15 - In the Gray Light of the Abyss", "url": "http://www.crunchyroll.com/rod/episode-15-in-the-gray-light-of-the-abyss-624229"}, {"title": "Episode 16 - Fahrenheit 451", "url": "http://www.crunchyroll.com/rod/episode-16-fahrenheit-451-624231"}, {"title": "Episode 17 - Sweet Home", "url": "http://www.crunchyroll.com/rod/episode-17-sweet-home-624233"}, {"title": "Episode 18 - Confession", "url": "http://www.crunchyroll.com/rod/episode-18-confession-624235"}, {"title": "Episode 19 - The Family Game", "url": "http://www.crunchyroll.com/rod/episode-19-the-family-game-624245"}, {"title": "Episode 20 - Bonjour Tristesse", "url": "http://www.crunchyroll.com/rod/episode-20-bonjour-tristesse-624237"}, {"title": "Episode 21 - D.O.D -DREAM OR DIE", "url": "http://www.crunchyroll.com/rod/episode-21-dod-dream-or-die-624239"}, {"title": "Episode 22 - Seize", "url": "http://www.crunchyroll.com/rod/episode-22-seize-624241"}, {"title": "Episode 23 - Lie to Me", "url": "http://www.crunchyroll.com/rod/episode-23-lie-to-me-624261"}, {"title": "Episode 24 - You Know Me", "url": "http://www.crunchyroll.com/rod/episode-24-you-know-me-624267"}, {"title": "Episode 25 - Not a Big Problem", "url": "http://www.crunchyroll.com/rod/episode-25-not-a-big-problem-624263"}, {"title": "Episode 26 - From There On", "url": "http://www.crunchyroll.com/rod/episode-26-from-there-on-624265"}], "coverImage": {"large": "https://s3.anilist.co/media/anime/cover/medium/209.jpg", "medium": "https://s3.anilist.co/media/anime/cover/small/209.jpg"}, "bannerImage": "https://s3.anilist.co/media/anime/banner/209.jpg", "isAdult": false, "format": "TV"}, {"id": 210, "title": {"romaji": "Ranma \u00bd", "english": null}, "type": "ANIME", "status": "FINISHED", "description": "Ranma Saotome and his father, Genma, both practitioners of the Saotome school of anything-goes martial arts, fall into the cursed springs of the legendary training ground of Jusenkyo in mainland China during a training mission. Each spring holds a different curse for any who come in contact with its water, all of which involve who or what has drowned in the spring in the past - Ranma emerges from the spring a girl and Genma a panda, both now cursed to change forms each time they come in contact with hot and cold water.<br><br>\nAt the end of their training mission, Genma decides to take up residence with his old training partner, Soun Tendo, owner of the Tendo dojo and head of the Tendo school of anything-goes martial arts, dragging a reluctant Ranma along with him. Soun and Genma discuss the arrangements they had made in the past involving Ranma becoming engaged to one of Soun's three daughters in order to combine the two schools and allow Ranma to inherit the Tendo dojo. It's informally decided that he is to be engaged to Akane Tendo, Soun's youngest daughter, and the two must put up with one another - and their engagement - as Ranma and his father settle into domestic life at the Tendo household.", "startDate": {"year": 1989, "month": 4, "day": 15}, "endDate": {"year": 1992, "month": 9, "day": 25}, "season": "SPRING", "episodes": 161, "duration": 24, "genres": ["Comedy", "Slice of Life"], "averageScore": 74, "trending": 0, "popularity": 7979, "streamingEpisodes": [], "coverImage": {"large": "https://s3.anilist.co/media/anime/cover/medium/210.jpg", "medium": "https://s3.anilist.co/media/anime/cover/small/210.jpg"}, "bannerImage": "https://s3.anilist.co/media/anime/banner/210-XD1uaTCNg8th.jpg", "isAdult": false, "format": "TV"}, {"id": 211, "title": {"romaji": "Pure Mail", "english": null}, "type": "ANIME", "status": "FINISHED", "description": "Episode 1:<br>\n\"There is no need for relationships\". Kei Ogata carried with him a trying, sad past. His only joy in life was chatting and mailing as a different person on the internet. One day he met a kind gentle girl on the net named Eve became friends with her. As time passed, they began sharing a strong bond of friendship. Then the other day, Kei began suspecting classmate Midori was Eve... <br><br>\nEpisode 2:<br>\nThe Summer Festival has past. Kei struggles with his own past, trying not to become the monster he hated so much. Midori worried about her best friend Miki look to A.W. for help. Little does she know, that the very A.W. was Kei and that he was Miki's problem. Will Kei be able to confess his love or will he forever be number two to his own alternate identity? <br><br>\n(Source: AniDB)", "startDate": {"year": 2001, "month": 9, "day": 25}, "endDate": {"year": 2001, "month": 12, "day": 21}, "season": "FALL", "episodes": 2, "duration": 30, "genres": ["Hentai"], "averageScore": 51, "trending": 0, "popularity": 188, "streamingEpisodes": [], "coverImage": {"large": "https://s3.anilist.co/media/anime/cover/medium/211.jpg", "medium": "https://s3.anilist.co/media/anime/cover/small/211.jpg"}, "bannerImage": null, "isAdult": true, "format": "OVA"}, {"id": 212, "title": {"romaji": "Project A-Ko", "english": null}, "type": "ANIME", "status": "FINISHED", "description": "Sixteen years have passed since a mysterious alien ship crashed on Earth. Graviton City, once leveled by the ship's crash, is now a bustling metropolis. Within the city's high school, superhuman high school student A-Ko Magami dukes it out with the diabolical genius B-Ko Daitokuji, who will stop at nothing to win the friendship of A-Ko's buddy C-Ko Kotobuki. Meanwhile, in outer space, another alien ship is on course towards Earth to find its planet's lost princess.<br><br>\n(Source: ANN)", "startDate": {"year": 1986, "month": 6, "day": 21}, "endDate": {"year": 1986, "month": 6, "day": 21}, "season": "SUMMER", "episodes": 1, "duration": 84, "genres": ["Adventure", "Comedy", "Mecha", "Sci-Fi"], "averageScore": 61, "trending": 0, "popularity": 1130, "streamingEpisodes": [], "coverImage": {"large": "https://s3.anilist.co/media/anime/cover/medium/212.jpg", "medium": "https://s3.anilist.co/media/anime/cover/small/212.jpg"}, "bannerImage": "https://s3.anilist.co/media/anime/banner/212-Zfa1QJcRdJZ8.jpg", "isAdult": false, "format": "MOVIE"}, {"id": 213, "title": {"romaji": "Pia Carrot", "english": "Welcome to Pia Carrot"}, "type": "ANIME", "status": "FINISHED", "description": "Yusuke Kinoshita is forced by his father to work at his restaurant Pia Carrot all summer due to his bad grades in school. What first seems to be a boring job becomes a memorable experience due to his interactions with his co-workers and his boss. <br><br>\n(Source: ANN)", "startDate": {"year": 1997, "month": 10, "day": 24}, "endDate": {"year": 1998, "month": 4, "day": 24}, "season": "FALL", "episodes": 3, "duration": 29, "genres": ["Comedy", "Hentai", "Romance"], "averageScore": 48, "trending": 0, "popularity": 156, "streamingEpisodes": [], "coverImage": {"large": "https://s3.anilist.co/media/anime/cover/medium/213.jpg", "medium": "https://s3.anilist.co/media/anime/cover/small/213.jpg"}, "bannerImage": null, "isAdult": true, "format": "OVA"}, {"id": 214, "title": {"romaji": "Pia Carrot 2", "english": "Welcome To Pia Carrot 2"}, "type": "ANIME", "status": "FINISHED", "description": "Yususke (from the first Pia Carrot series) returns as the manager with a whole new cast. So the new male lead is Koji. <br><br>\nDespite being late after an \"accident,\" Koji manages to get the job as the Carrot`s waiter because he`s very persistant. Included within the set are Azusa (the female lead who hates Koji for his perversion), Ryoko (the manager who`s sweet on Koji by working him very hard), Aoi (the token alcoholic), Jun (the secret-hiding waitor), and Mina (Azusa`s cute little sister). Pia Carrot 2 is served up as a romantic comedy, with a side of hentai. <br><br>\n(Source: AniDB)", "startDate": {"year": 1998, "month": 10, "day": 23}, "endDate": {"year": 1999, "month": 4, "day": 23}, "season": "FALL", "episodes": 3, "duration": 30, "genres": ["Comedy", "Drama", "Hentai", "Romance"], "averageScore": null, "trending": 0, "popularity": 128, "streamingEpisodes": [], "coverImage": {"large": "https://s3.anilist.co/media/anime/cover/medium/214.jpg", "medium": "https://s3.anilist.co/media/anime/cover/small/214.jpg"}, "bannerImage": null, "isAdult": true, "format": "OVA"}, {"id": 215, "title": {"romaji": "Pia Carrot 2 DX", "english": null}, "type": "ANIME", "status": "FINISHED", "description": "Kouji wants to work part-time, so, when he saw a cute girl with the Pia Carrot uniform, he tried to get a job there. When he's on the way, he accidentaly bumped Azusa, and with some misunderstanding, they literally hate each other. What is the surprise of Kouji when he finds that she also got a job in the Pia Carrot, facing her daily. But with the time he will discover that 'hate' is not the appropiate word to describe his feelings... <br><br>\n(Source: ANN)", "startDate": {"year": 1999, "month": 12, "day": 18}, "endDate": {"year": 2000, "month": 10, "day": 25}, "season": "WINTER", "episodes": 6, "duration": 30, "genres": ["Comedy", "Romance"], "averageScore": null, "trending": 0, "popularity": 140, "streamingEpisodes": [], "coverImage": {"large": "https://s3.anilist.co/media/anime/cover/medium/215.jpg", "medium": "https://s3.anilist.co/media/anime/cover/small/215.jpg"}, "bannerImage": null, "isAdult": false, "format": "OVA"}, {"id": 216, "title": {"romaji": "Pia Carrot: The Movie", "english": "Welcome to Pia Carrot! Sayaka's Love Story"}, "type": "ANIME", "status": "FINISHED", "description": "High schoolers Sayaka Takai and Akihiko Kannazuki work together at a restaurant chain \"Pia Carrot.\" Both are interested in each other, but before either could make a move Sayaka was temporarily rotated to the newly established branch at a beach resort. While waitress girls at this new location did their best to confront harassment, make new friends, and attract new customers by attending a beauty contest, Sayaka's feeling for Akihiko never stops and has become stronger and stronger. <br><br>\n(Source: ANN)", "startDate": {"year": 2002, "month": 10, "day": 19}, "endDate": {"year": 2002, "month": 10, "day": 19}, "season": "FALL", "episodes": 1, "duration": 48, "genres": ["Romance"], "averageScore": 47, "trending": 0, "popularity": 149, "streamingEpisodes": [], "coverImage": {"large": "https://s3.anilist.co/media/anime/cover/medium/216.jpg", "medium": "https://s3.anilist.co/media/anime/cover/small/216.jpg"}, "bannerImage": null, "isAdult": false, "format": "MOVIE"}, {"id": 217, "title": {"romaji": "Shin Angel", "english": "New Angel"}, "type": "ANIME", "status": "FINISHED", "description": "Kousuke is a high school student. He just recently found out that his childhood friend Shizuka (whom he has a crush on) is now going to his high school. However, they haven't seen each other since they were five and much has changed. They don't like each other at first but they accept each other's differences and continue their friendship. They go on with their lives until small events start to escalate and they start to show affection for each other. In the meantime, Kousuke's good heart, lechery and luck lead him into the beds of various other young women, in his attempts to solve their problems. <br><br>\n(Source: ANN)", "startDate": {"year": 1994, "month": 10, "day": 21}, "endDate": {"year": 1995, "month": 11, "day": 22}, "season": "FALL", "episodes": 5, "duration": 30, "genres": ["Comedy", "Drama", "Hentai", "Romance"], "averageScore": 50, "trending": 0, "popularity": 147, "streamingEpisodes": [], "coverImage": {"large": "https://s3.anilist.co/media/anime/cover/medium/217.jpg", "medium": "https://s3.anilist.co/media/anime/cover/small/217.jpg"}, "bannerImage": null, "isAdult": true, "format": "OVA"}, {"id": 218, "title": {"romaji": "Kidou Senkan Nadesico", "english": "Martian Successor Nadesico"}, "type": "ANIME", "status": "FINISHED", "description": "Akito doesn't want to fight. Despite a childhood spent on the anime Gekiganger 3, a Mecha show, he'd rather cook than pilot a Mecha. Fate intervenes when his home on Mars is destroyed, and he is transported instantly to the Earth, mysteriously. He has questions no one can answer fully, but follows a girl from a chance meeting in hopes to discover any. The girl, Yurika, is captain of the private battleship Nadesico, and in order to follow her, he enlists as their cook. Possessing the nanite implants that allow to control mechas, he's a handy backup pilot for the mechas of the Nadesico. He joins a crew bent on revenging Mars and composed of misfits, otakus, and ditzes. But in reality they are handpicked experts. They take their own private war back to Mars to face the harsh reality that life may not always be like a Giant Mecha Series. <br><br>\n(Source: ANN)", "startDate": {"year": 1996, "month": 10, "day": 1}, "endDate": {"year": 1997, "month": 3, "day": 25}, "season": "FALL", "episodes": 26, "duration": 23, "genres": ["Action", "Comedy", "Mecha", "Romance", "Sci-Fi"], "averageScore": 72, "trending": 0, "popularity": 3351, "streamingEpisodes": [], "coverImage": {"large": "https://s3.anilist.co/media/anime/cover/medium/nx218-3ozHZ2zaZWA5.jpg", "medium": "https://s3.anilist.co/media/anime/cover/small/nx218-3ozHZ2zaZWA5.jpg"}, "bannerImage": "https://s3.anilist.co/media/anime/banner/218-CTDP41ygFQpU.jpg", "isAdult": false, "format": "TV"}, {"id": 219, "title": {"romaji": "Kidou Senkan Nadesico: The Prince of Darkness", "english": "Martian Successor Nadesico: The Prince of Darkness"}, "type": "ANIME", "status": "FINISHED", "description": "Two years have passed since the end of the \"Martian Successor Nadesico\" . Akito and Yurika have dissapeared. The Jovians and the Earthlings have joined forces and Ruri is now captain of Nadesico B. As the popularity of Boson Jumping grows, a vast transportation network has been developed. Dubbed the Hisago Plan, this network of Chulip portals holds the answers to the mysteries behind Bose particles and their power. If those secrets should fall into the wrong hands, it could mean big trouble. And big trouble there is. A Martian splinter group has launched an offensive, leaving the United Forces befuddled and desperate. So much so, in fact, that the former crew of the Nadesico is called back to active duty for a special unsanctioned mission-to save us all. Does this menagerie of misfits have what it takes? Who will win the race for the Boson technology? And what the heck happened to Akito and Yurika?", "startDate": {"year": 1998, "month": 8, "day": 1}, "endDate": {"year": 1998, "month": 8, "day": 1}, "season": "SUMMER", "episodes": 1, "duration": 79, "genres": ["Action", "Comedy", "Drama", "Mecha", "Sci-Fi"], "averageScore": 61, "trending": 0, "popularity": 883, "streamingEpisodes": [], "coverImage": {"large": "https://s3.anilist.co/media/anime/cover/medium/nx219-zroOvSySALk1.jpg", "medium": "https://s3.anilist.co/media/anime/cover/small/nx219-zroOvSySALk1.jpg"}, "bannerImage": "https://s3.anilist.co/media/anime/banner/219-YJYY8XHvAS3K.jpg", "isAdult": false, "format": "MOVIE"}, {"id": 220, "title": {"romaji": "Mystery of the Necronomicon", "english": null}, "type": "ANIME", "status": "FINISHED", "description": "While vacationing with his adopted daughter, Private Detective Susuki becomes trapped in a secluded ski resort with a few other vacationers after a storm closes the place down. All is well until one of the guests is found brutally murdered. Being the good investigator he is, Susuki gets to work to find the killer. While digging for the killer, Susuki uncovers a lot of dirt on the other guests and even finds out a thing or two about his own past. But, as Susuki struggles to find the killer, the other guests start to point the finger at him. <br><br>\n(Source: AniDB)", "startDate": {"year": 1999, "month": 10, "day": 29}, "endDate": {"year": 2000, "month": 9, "day": 25}, "season": "FALL", "episodes": 4, "duration": 30, "genres": ["Hentai"], "averageScore": null, "trending": 0, "popularity": 97, "streamingEpisodes": [], "coverImage": {"large": "https://s3.anilist.co/media/anime/cover/medium/220.jpg", "medium": "https://s3.anilist.co/media/anime/cover/small/220.jpg"}, "bannerImage": null, "isAdult": true, "format": "OVA"}, {"id": 221, "title": {"romaji": "Mezzo Forte", "english": null}, "type": "ANIME", "status": "FINISHED", "description": "Mikura, a member of a mercenary team, is asked to kidnap a baseball owner, Momokichi Momoi. The problem is that Momokichi is well connected with the mob and his daughter, Momomi, is a skilled shooter. Mikura and her team have to find a way to get the mission done and they might have a way. <br><br>\n(Source: ANN)<br><br>\nNote: There are two versions released in both Japan and the United states, one general release including all scenes as intended, and one version which has lost all sexual content.", "startDate": {"year": 2000, "month": 5, "day": 25}, "endDate": {"year": 2001, "month": 6, "day": 25}, "season": "SPRING", "episodes": 2, "duration": 31, "genres": ["Action", "Comedy", "Hentai", "Sci-Fi"], "averageScore": 61, "trending": 0, "popularity": 1376, "streamingEpisodes": [], "coverImage": {"large": "https://s3.anilist.co/media/anime/cover/medium/221-9QNvoJa3KcS7.png", "medium": "https://s3.anilist.co/media/anime/cover/small/221-9QNvoJa3KcS7.png"}, "bannerImage": "https://s3.anilist.co/media/anime/banner/221-J7sK7bQRKxzr.jpg", "isAdult": true, "format": "OVA"}, {"id": 222, "title": {"romaji": "Mezzo DSA", "english": null}, "type": "ANIME", "status": "FINISHED", "description": "Mikura, Kurokawa, and Harada are the 3 members of the Danger Service Agency (DSA). Mikura is the brawns of the group, Harada is the brains, and Kurokawa is just a bitter ex-cop that likes to think he's in charge. They'll take on any job as long as it involves lots of danger and, of course, money. If you want to live long enough to eat dinner, you better not cross them. Their biggest case, however, could prove to be finding out why someone wants Kurokawa assassinated. <br><br>\n(Source: ANN) ", "startDate": {"year": 2004, "month": 1, "day": 4}, "endDate": {"year": 2004, "month": 3, "day": 28}, "season": "WINTER", "episodes": 13, "duration": 25, "genres": ["Action", "Adventure", "Comedy", "Mystery", "Sci-Fi"], "averageScore": 59, "trending": 0, "popularity": 999, "streamingEpisodes": [], "coverImage": {"large": "https://s3.anilist.co/media/anime/cover/medium/222-j4Gn2qzgtRmT.png", "medium": "https://s3.anilist.co/media/anime/cover/small/222-j4Gn2qzgtRmT.png"}, "bannerImage": "https://s3.anilist.co/media/anime/banner/222-PT0G4Rt9Z28C.jpg", "isAdult": false, "format": "TV"}]}}}