{"data": {"Page": {"pageInfo": {"total": 12297, "hasNextPage": true}, "media": [{"id": 3653, "title": {"romaji": "Kurogane no Linebarrels", "english": "Linebarrels of Iron"}, "type": "ANIME", "status": "FINISHED", "description": "Fourteen-year-old Kouichi Hayase&rsquo;s life has always been a mediocre one, if not dismal. However, those days of being bullied by classmates and escaping to a fantasy of being a hero are put to an end when a certain &ldquo;accident&rdquo; bestows on him a girl and a gigantic humanoid robot called &ldquo;LINEBARREL&rdquo;. The extraordinary power that Kouichi obtains puts him and everything around him on a sudden rollercoaster ride of battles, intrigues and friendship! During the course of his adventure, the boy starts to learn what life has to offer; he meets new friends, bids farewell to the old ones, but most of all he now has considerable responsibilities and is forced to confront the world around him.<br><br>\n(Source: Official site)", "startDate": {"year": 2008, "month": 10, "day": 3}, "endDate": {"year": 2009, "month": 3, "day": 20}, "season": "FALL", "episodes": 24, "duration": 23, "genres": ["Action", "Mecha", "Sci-Fi"], "averageScore": 62, "trending": 0, "popularity": 2246, "streamingEpisodes": [{"title": "Episode 1 - Boy and Iron", "url": "http://www.crunchyroll.com/linebarrels-of-iron/episode-1-boy-and-iron-460626"}, {"title": "Episode 2 - Runaway Justice", "url": "http://www.crunchyroll.com/linebarrels-of-iron/episode-2-runaway-justice-463926"}, {"title": "Episode 3 - Blue Terror", "url": "http://www.crunchyroll.com/linebarrels-of-iron/episode-3-blue-terror-467412"}, {"title": "Episode 4 - The Price of Justice", "url": "http://www.crunchyroll.com/linebarrels-of-iron/episode-4-the-price-of-justice-469066"}, {"title": "Episode 5 - Guidepost to Tomorrow", "url": "http://www.crunchyroll.com/linebarrels-of-iron/episode-5-guidepost-to-tomorrow-477674"}, {"title": "Episode 6 - A Joyful Night", "url": "http://www.crunchyroll.com/linebarrels-of-iron/episode-6-a-joyful-night-479708"}, {"title": "Episode 7 - A Disaster after School", "url": "http://www.crunchyroll.com/linebarrels-of-iron/episode-7-a-disaster-after-school-486280"}, {"title": "Episode 8 - Prankish Devils", "url": "http://www.crunchyroll.com/linebarrels-of-iron/episode-8-prankish-devils-490340"}, {"title": "Episode 9 - The Black Chamber", "url": "http://www.crunchyroll.com/linebarrels-of-iron/episode-9-the-black-chamber-490342"}, {"title": "Episode 10 - Overdrive", "url": "http://www.crunchyroll.com/linebarrels-of-iron/episode-10-overdrive-490726"}, {"title": "Episode 11 - Supernova", "url": "http://www.crunchyroll.com/linebarrels-of-iron/episode-11-supernova-490732"}, {"title": "Episode 12 - From the Tropics with Love", "url": "http://www.crunchyroll.com/linebarrels-of-iron/episode-12-from-the-tropics-with-love-490734"}, {"title": "Episode 13 - The Dark Executioner", "url": "http://www.crunchyroll.com/linebarrels-of-iron/episode-13-the-dark-executioner-490736"}, {"title": "Episode 14 - Blood Spilt, Tears Lost", "url": "http://www.crunchyroll.com/linebarrels-of-iron/episode-14-blood-spilt-tears-lost-490738"}, {"title": "Episode 15 - Vector", "url": "http://www.crunchyroll.com/linebarrels-of-iron/episode-15-vector-490740"}, {"title": "Episode 16 - Judgment at Dusk", "url": "http://www.crunchyroll.com/linebarrels-of-iron/episode-16-judgment-at-dusk-490742"}, {"title": "Episode 17 - The Mechanical Curse", "url": "http://www.crunchyroll.com/linebarrels-of-iron/episode-17-the-mechanical-curse-518716"}, {"title": "Episode 18 - Memento Mori", "url": "http://www.crunchyroll.com/linebarrels-of-iron/episode-18-memento-mori-519780"}, {"title": "Episode 19 - Exposed Shadows", "url": "http://www.crunchyroll.com/linebarrels-of-iron/episode-19-exposed-shadows-519786"}, {"title": "Episode 20 - The Man of Destiny", "url": "http://www.crunchyroll.com/linebarrels-of-iron/episode-20-the-man-of-destiny-519788"}, {"title": "Episode 21 - Wings of Madness", "url": "http://www.crunchyroll.com/linebarrels-of-iron/episode-21-wings-of-madness-519790"}, {"title": "Episode 22 - Receiving the Demon", "url": "http://www.crunchyroll.com/linebarrels-of-iron/episode-22-receiving-the-demon-519792"}, {"title": "Episode 23 - The Way of Life Decided by Death", "url": "http://www.crunchyroll.com/linebarrels-of-iron/episode-23-the-way-of-life-decided-by-death-519794"}, {"title": "Episode 24 - The Blossom of Linebarrel", "url": "http://www.crunchyroll.com/linebarrels-of-iron/episode-24-the-blossom-of-linebarrel-519796"}], "coverImage": {"large": "https://s3.anilist.co/media/anime/cover/medium/3653.jpg", "medium": "https://s3.anilist.co/media/anime/cover/small/3653.jpg"}, "bannerImage": null, "isAdult": false, "format": "TV"}, {"id": 3654, "title": {"romaji": "Macademi Wasshoi!", "english": null}, "type": "ANIME", "status": "FINISHED", "description": "Magician's Academy revolves around Takuto Hasegawa, who attends a magic academy that is not marked on any map. During a summoning spell exam, he accidentally creates a girl named Tanarot, who happens to hold enough magical power to destroy his country, but fortunately Tanarot professes undying loyalty to her \"creator.\" <br><br>\n(Source: ANN) ", "startDate": {"year": 2008, "month": 10, "day": 6}, "endDate": {"year": 2008, "month": 12, "day": 22}, "season": "FALL", "episodes": 12, "duration": 24, "genres": ["Comedy", "Ecchi", "Fantasy", "Romance", "Supernatural"], "averageScore": 64, "trending": 0, "popularity": 2279, "streamingEpisodes": [], "coverImage": {"large": "https://s3.anilist.co/media/anime/cover/medium/3654.jpg", "medium": "https://s3.anilist.co/media/anime/cover/small/3654.jpg"}, "bannerImage": null, "isAdult": false, "format": "TV"}, {"id": 3655, "title": {"romaji": "Nabari no Ou", "english": null}, "type": "ANIME", "status": "FINISHED", "description": "Silent, apathetic yet mischievous, 14-year-old Rokujou Miharu is the bearer of the hijutsu, \"Shinrabanshou\", a powerful technique many ninja clans desire to possess to become the ruler of Nabari. Fellow classmate Kouichi and his English teacher Kumohira are both secretly Banten clan ninjas, pledging themselves to protect Miharu from his many attackers. Keeping apathetic, Miharu attempts to reject their invitation to join their ninja &lsquo;club&rsquo; however, after numerous attacks; he finds no choice but to join their group as a means for his survival. Slowly, Miharu takes a step closer to becoming the ruler of Nabari.<br><br>\n[Written by MAL Rewrite] ", "startDate": {"year": 2008, "month": 4, "day": 7}, "endDate": {"year": 2008, "month": 9, "day": 29}, "season": "SPRING", "episodes": 26, "duration": 24, "genres": ["Action", "Comedy", "Drama", "Fantasy", "Supernatural"], "averageScore": 68, "trending": 0, "popularity": 6838, "streamingEpisodes": [], "coverImage": {"large": "https://s3.anilist.co/media/anime/cover/medium/3655.jpg", "medium": "https://s3.anilist.co/media/anime/cover/small/3655.jpg"}, "bannerImage": null, "isAdult": false, "format": "TV"}, {"id": 3656, "title": {"romaji": "Monochrome Factor", "english": null}, "type": "ANIME", "status": "FINISHED", "description": "The story revolves around high school student Akira Nikaido, a typical slacker living a normal life. That is, until he meets the mysterious Shirogane, a man who suddenly appears and tells him that they have a destiny together. When Akira hears this, he is shocked and doesn't believe a word of it. Aya, a friend of Akira, forgets something in the school one night, and asks Akira to help her and go find it. He agrees, and while there, he gets attacked by a shadow monster. Shirogane convinces him that the balance between the human world and the shadow world has been distorted and that Akira must become a \"shin\"- a creature of the shadow world- in order to help restore the balance. The anime has shonen-ai themes which are completely absent from the manga.<br><br>\n(Source: Wikipedia)", "startDate": {"year": 2008, "month": 4, "day": 8}, "endDate": {"year": 2008, "month": 9, "day": 30}, "season": "SPRING", "episodes": 24, "duration": 24, "genres": ["Action", "Supernatural"], "averageScore": 60, "trending": 0, "popularity": 1942, "streamingEpisodes": [], "coverImage": {"large": "https://s3.anilist.co/media/anime/cover/medium/3656.jpg", "medium": "https://s3.anilist.co/media/anime/cover/small/3656.jpg"}, "bannerImage": null, "isAdult": false, "format": "TV"}, {"id": 3659, "title": {"romaji": "Majime ni Fumajime Kaiketsu Zorori: Nazo no Otakara Daisakusen", "english": null}, "type": "ANIME", "status": "FINISHED", "description": "\"Unbelievable\" Zorori is a prankster fox determined to become the Prince of Mischief, with his very own castle and beautiful bride. While is notorious for his prank-making schemes, his ill-meaning plots often backfire against him, and can usually end up even benefiting or cheering up his targets, much to his dismay. Nevertheless, Zorori has the wits and intelligence to wriggle out of the tightest of all spots, and journeys with a pair of twin boars, Ishishi and Noshishi, in order to fulfill his long wished-for goal and at last prove to his deceased mother, Mama Zorori that he truly holds the potential to achieve his dreams.<br><br>\n(Source: ANN)", "startDate": {"year": 2006, "month": 3, "day": 11}, "endDate": {"year": 2006, "month": 3, "day": 11}, "season": "SPRING", "episodes": 1, "duration": 53, "genres": ["Adventure", "Comedy"], "averageScore": null, "trending": 0, "popularity": 29, "streamingEpisodes": [], "coverImage": {"large": "https://s3.anilist.co/media/anime/cover/medium/3659.jpg", "medium": "https://s3.anilist.co/media/anime/cover/small/3659.jpg"}, "bannerImage": null, "isAdult": false, "format": "MOVIE"}, {"id": 3660, "title": {"romaji": "Mahou no Idol Pastel Yumi", "english": "Magical Idol Pastel Yumi"}, "type": "ANIME", "status": "FINISHED", "description": "Yumi is a girl who likes flowers and comics. When Kakimaru and Keshimaru, flower fairies, see Yumi in trouble, they decide to help her. They tell Yumi that flower fairies give magic tools to children who take care of flowers. Kakimaru and Keshimaru, which sees Yumi's pure affection towards flowers, decide to give her a magic cane and a pendant. By using the cane, any pictures she drew in the air takes form and becomes real. However, once the pendant starts to flash, there are only 30 seconds left before the power of the magic disappears. Yumi always tries to use her magical power in a good manner, but she is hasty and goofy. As a result, her magic often causes a big trouble around her.  This is the fourth series of Magical Girl Series.<br><br>\n(Source: Studio Pierrot)", "startDate": {"year": 1986, "month": 3, "day": 7}, "endDate": {"year": 1986, "month": 8, "day": 29}, "season": "SPRING", "episodes": 25, "duration": 23, "genres": ["Comedy", "Fantasy", "Mahou Shoujo"], "averageScore": null, "trending": 0, "popularity": 176, "streamingEpisodes": [], "coverImage": {"large": "https://s3.anilist.co/media/anime/cover/medium/3660.jpg", "medium": "https://s3.anilist.co/media/anime/cover/small/3660.jpg"}, "bannerImage": "https://s3.anilist.co/media/anime/banner/3660-FgZb1v30Im3A.jpg", "isAdult": false, "format": "TV"}, {"id": 3661, "title": {"romaji": "Joker: Marginal City", "english": "Joker: Marginal City"}, "type": "ANIME", "status": "FINISHED", "description": "OVA based on the Joker manga by artist MICHIHARA Katsumi (&#36947;&#21407;&#12363;&#12388;&#12415;) and writer MAKI Yuu (&#40635;&#22478;&#12422;&#12358;).<br>\nJoker is a genetically engineered shape-and-gender-shifter, who created as part of a Special Police Task Force and fights crime of all kinds, but he/she also fits in a little romance around the edges. (Source: AniDB)", "startDate": {"year": 1992, "month": 4, "day": 21}, "endDate": {"year": 1992, "month": 4, "day": 21}, "season": "SPRING", "episodes": 1, "duration": 45, "genres": ["Action", "Romance", "Sci-Fi"], "averageScore": null, "trending": 0, "popularity": 89, "streamingEpisodes": [], "coverImage": {"large": "https://s3.anilist.co/media/anime/cover/medium/3661.jpg", "medium": "https://s3.anilist.co/media/anime/cover/small/3661.jpg"}, "bannerImage": null, "isAdult": false, "format": "OVA"}, {"id": 3665, "title": {"romaji": "Ginga Eiyuu Densetsu Gaiden: Rasen Meikyuu", "english": "Legend of the Galactic Heroes Gaiden: Spiral Labyrinth"}, "type": "ANIME", "status": "FINISHED", "description": "A prequel to Legend of Galactic Heroes, focusing more on Yang Wen-li; how he bacame the hero of El Facile and how he handled couple of assignments he received after it. Spiral Labyrinth also continues with the background of Reinhard and Kircheis where the first Gaiden left off.", "startDate": {"year": 1999, "month": 12, "day": 24}, "endDate": {"year": 2001, "month": 6, "day": 27}, "season": "WINTER", "episodes": 28, "duration": 26, "genres": ["Drama", "Sci-Fi"], "averageScore": 76, "trending": 1, "popularity": 1529, "streamingEpisodes": [], "coverImage": {"large": "https://s3.anilist.co/media/anime/cover/medium/3665-eqdjEQXrsChj.png", "medium": "https://s3.anilist.co/media/anime/cover/small/3665-eqdjEQXrsChj.png"}, "bannerImage": null, "isAdult": false, "format": "OVA"}, {"id": 3667, "title": {"romaji": "Strike Witches", "english": null}, "type": "ANIME", "status": "FINISHED", "description": "The year is 1944 and the world lives in fear of unidentified flying objects called Neuroi. With the old-boy old guard unable to thwart this deadly menace, humanity turns its desperate eyes to an aerial attack force with much nicer legs. Meet the girls of the 501st Joint Fighter Wing, better known as the Strike Witches. These darlings of the great blue yonder may not have standard issue uniforms, but they do have all the right stuff. Where the average flyboy falters, these dolls blast aliens to bits in the bat of an eyelash. With a little magic and a whole lot of leg, the girls of the 501st are winning the war on pants, and aliens!<br><br>\n(Source: Rightstuf)", "startDate": {"year": 2008, "month": 7, "day": 4}, "endDate": {"year": 2008, "month": 9, "day": 19}, "season": "SUMMER", "episodes": 12, "duration": 24, "genres": ["Action", "Ecchi", "Sci-Fi"], "averageScore": 66, "trending": 0, "popularity": 10092, "streamingEpisodes": [], "coverImage": {"large": "https://s3.anilist.co/media/anime/cover/medium/3667.jpg", "medium": "https://s3.anilist.co/media/anime/cover/small/3667.jpg"}, "bannerImage": "https://s3.anilist.co/media/anime/banner/3667-YlVzwXQ5a41u.jpg", "isAdult": false, "format": "TV"}, {"id": 3668, "title": {"romaji": "Telepathy Shoujo Ran", "english": null}, "type": "ANIME", "status": "FINISHED", "description": "Ran is a bright and energetic first-grader in junior high school who possesses supernatual abilities. Together with Midori (her friend who also has supernatural powers) and Rui, the threesome are constantly embroiled in mysterious circumstances. Ran is troubled by her powers because it seems to spark off the ill intentions of people in contact with her. However, with the support of her family and peers, Ran learns to deal with her 'other' side and accepts who she is. The threesome also learn how to team up as a whole and solve these mysterious events. <br><br>\n(Source: ANN)", "startDate": {"year": 2008, "month": 6, "day": 21}, "endDate": {"year": 2008, "month": 12, "day": 20}, "season": "SUMMER", "episodes": 26, "duration": 24, "genres": ["Fantasy"], "averageScore": 55, "trending": 0, "popularity": 608, "streamingEpisodes": [], "coverImage": {"large": "https://s3.anilist.co/media/anime/cover/medium/3668.jpg", "medium": "https://s3.anilist.co/media/anime/cover/small/3668.jpg"}, "bannerImage": null, "isAdult": false, "format": "TV"}, {"id": 3669, "title": {"romaji": "Duel Masters Movie 1: Yami no Shiro no Maryuuou", "english": null}, "type": "ANIME", "status": "FINISHED", "description": null, "startDate": {"year": 2005, "month": 3, "day": 12}, "endDate": {"year": 2005, "month": 3, "day": 12}, "season": "SPRING", "episodes": 1, "duration": 45, "genres": ["Adventure"], "averageScore": null, "trending": 0, "popularity": 76, "streamingEpisodes": [], "coverImage": {"large": "https://s3.anilist.co/media/anime/cover/medium/3669.jpg", "medium": "https://s3.anilist.co/media/anime/cover/small/3669.jpg"}, "bannerImage": null, "isAdult": false, "format": "MOVIE"}, {"id": 3670, "title": {"romaji": "Kikou Souseiki Mospeada", "english": "Genesis Climber Mospeada"}, "type": "ANIME", "status": "FINISHED", "description": "The story takes place in the 21st century. Due to the fact that pollution was becoming a major problem, scientists had developed the use of hydrogen fuel called \"HBT\" as an alternative to fossil fuels. At this time humans have colonized Mars in search of new place to call home as a result of overpopulation. In the year 2050, a mysterious alien race called the Inbit invaded the Earth. Unable to fight the Inbits, Earth became desolate with only a few pockets of human beings scattered throughout the planet. Many of the refugees escape aboard a few remaining shuttles to seek shelter on the Moon. The Inbit set up their main base of operations in the Great Lakes area of North America called \"Reflex Point\".<br><br>\n(Source: Wikipedia)", "startDate": {"year": 1983, "month": 10, "day": 2}, "endDate": {"year": 1984, "month": 3, "day": 25}, "season": "FALL", "episodes": 25, "duration": 23, "genres": ["Action", "Mecha"], "averageScore": 59, "trending": 0, "popularity": 502, "streamingEpisodes": [], "coverImage": {"large": "https://s3.anilist.co/media/anime/cover/medium/3670-gZaTpO3nsAMh.png", "medium": "https://s3.anilist.co/media/anime/cover/small/3670-gZaTpO3nsAMh.png"}, "bannerImage": "https://s3.anilist.co/media/anime/banner/3670-amBVGAOvKGm8.jpg", "isAdult": false, "format": "TV"}, {"id": 3671, "title": {"romaji": "Genesis Climber Mospeada: Love, Live, Alive", "english": "Genesis Climber Mospeada: Love"}, "type": "ANIME", "status": "FINISHED", "description": "After the original run of the television series, an OAV music video titled Genesis Climber Mospeada: Love Live Alive was specially (mostly due to demands of hardcore Mospeada fans) released in Japan in September 1985. The music video consisted of both old and new footage. The story of Love Live Alive chronicled the events after the ending of the original Mospeada, featuring Yellow Belmont as the main character. The music video focused on Yellow's concert and also on his flashback of past events.<br><br>\n(Source: Wikipedia)", "startDate": {"year": 1985, "month": 9, "day": 1}, "endDate": {"year": 1985, "month": 9, "day": 1}, "season": "FALL", "episodes": 1, "duration": 50, "genres": ["Action", "Mecha", "Music"], "averageScore": null, "trending": 0, "popularity": 94, "streamingEpisodes": [], "coverImage": {"large": "https://s3.anilist.co/media/anime/cover/medium/3671.jpg", "medium": "https://s3.anilist.co/media/anime/cover/small/3671.jpg"}, "bannerImage": null, "isAdult": false, "format": "OVA"}, {"id": 3672, "title": {"romaji": "Tottemo! Luckyman", "english": "Tottemo! Luckyman"}, "type": "ANIME", "status": "FINISHED", "description": "This gag comedy series focused on the adventures of a bizarre superhero powered by special cooking and fights against various aliens and other enemies threatening the planet Earth.", "startDate": {"year": 1994, "month": 4, "day": 6}, "endDate": {"year": 1995, "month": 3, "day": 23}, "season": "SPRING", "episodes": 50, "duration": 20, "genres": ["Comedy", "Sci-Fi"], "averageScore": null, "trending": 0, "popularity": 57, "streamingEpisodes": [], "coverImage": {"large": "https://s3.anilist.co/media/anime/cover/medium/3672.jpg", "medium": "https://s3.anilist.co/media/anime/cover/small/3672.jpg"}, "bannerImage": null, "isAdult": false, "format": "TV"}, {"id": 3673, "title": {"romaji": "Nijuu Mensou no Musume", "english": "The Daughter of 20 Faces"}, "type": "ANIME", "status": "FINISHED", "description": "Chiko is the daughter of the wealthy Mikamo family who has to live with her aunt and uncle after her parents passed away. Because her aunt wants to inherit the Mikamo family's wealth, she gives Chiko poisoned food. One day, however, she's kidnapped by the Nijuu Mensou (20 Faces) and decides to join his clan. <br><br>\n(Source: ZOMG)", "startDate": {"year": 2008, "month": 4, "day": 13}, "endDate": {"year": 2008, "month": 9, "day": 28}, "season": "SPRING", "episodes": 22, "duration": 22, "genres": ["Action", "Adventure", "Mystery"], "averageScore": 68, "trending": 0, "popularity": 2160, "streamingEpisodes": [], "coverImage": {"large": "https://s3.anilist.co/media/anime/cover/medium/3673.jpg", "medium": "https://s3.anilist.co/media/anime/cover/small/3673.jpg"}, "bannerImage": null, "isAdult": false, "format": "TV"}, {"id": 3674, "title": {"romaji": "Sayonara Zetsubou Sensei Jo: Zetsubou Shoujo Senshuu", "english": null}, "type": "ANIME", "status": "FINISHED", "description": "A special summary episode of the first season of Sayonara Zetsubou Sensei, focusing on seven of the girls: Komori Kiri, Matoi Tsunetsuki, Kobushi Abiru, Kimura Kaere, Kitsu Chiri, Sekiuchi \"Maria\" Tarou and Hitou Nami.<br><br>\nNote: This entry also includes the 24 minute version which aired on BS11.", "startDate": {"year": 2008, "month": 1, "day": 1}, "endDate": {"year": 2008, "month": 1, "day": 1}, "season": "WINTER", "episodes": 1, "duration": 61, "genres": ["Comedy"], "averageScore": 68, "trending": 0, "popularity": 1164, "streamingEpisodes": [], "coverImage": {"large": "https://s3.anilist.co/media/anime/cover/medium/3674.jpg", "medium": "https://s3.anilist.co/media/anime/cover/small/3674.jpg"}, "bannerImage": null, "isAdult": false, "format": "SPECIAL"}, {"id": 3675, "title": {"romaji": "Andromeda Stories", "english": "Andromeda Stories"}, "type": "ANIME", "status": "FINISHED", "description": "In the Andromeda galaxy there's a planet of a highly developed human civilisation. The gentle Prince Itaka and another kingdom's beautiful Princess Lilia are about to enter a love-marriage and take over the throne, when they discover a strange object on the nightsky. Later it lands on the planet, and an alien, mechanic civilization invades King Itaka's peaceful country making nearly everybody their slave. On a fateful night Queen Lilia gives birth to twins, and to avoid misfortune, the nanny Tarama takes one of the babies away, and entrusts it to the gladiator Balga. They still don't know, that the children were born with strong powers, and hold the key to the fight against the enemy that's searching to destroy every human civilisation on the planet...<br>\nSource: Terra e... LJ Community (<a href=\"http://community.livejournal.com/terra_e/)\" target=\"_blank\">http://community.livejournal.com/terra_e/)</a>", "startDate": {"year": 1982, "month": 8, "day": 22}, "endDate": {"year": 1982, "month": 8, "day": 22}, "season": "SUMMER", "episodes": 1, "duration": 85, "genres": ["Fantasy", "Sci-Fi"], "averageScore": null, "trending": 0, "popularity": 132, "streamingEpisodes": [], "coverImage": {"large": "https://s3.anilist.co/media/anime/cover/medium/3675.jpg", "medium": "https://s3.anilist.co/media/anime/cover/small/3675.jpg"}, "bannerImage": null, "isAdult": false, "format": "SPECIAL"}, {"id": 3676, "title": {"romaji": "Machine Robo: Chronos no Gyakushuu", "english": "Machine Robo: Revenge of Chronos"}, "type": "ANIME", "status": "FINISHED", "description": "The journey of a robot prince begins! The planet Cronos is a world of super-robotic lifeforms, ruled by the wise Master Kirai. But their peaceful existence is shattered by the conquering armies of the Gandora robots. Now, machine combats machine in an epic battle for the planet. Master Kurai's son, Rom, must lead a company of transformable mecha warriors into the fray!<br><br>\r\n(source: centralparkmedia.com)", "startDate": {"year": 1986, "month": 7, "day": 3}, "endDate": {"year": 1987, "month": 5, "day": 28}, "season": "SUMMER", "episodes": 47, "duration": 20, "genres": ["Action", "Mecha", "Sci-Fi"], "averageScore": null, "trending": 0, "popularity": 89, "streamingEpisodes": [], "coverImage": {"large": "https://s3.anilist.co/media/anime/cover/medium/3676.jpg", "medium": "https://s3.anilist.co/media/anime/cover/small/3676.jpg"}, "bannerImage": null, "isAdult": false, "format": "TV"}, {"id": 3679, "title": {"romaji": "Renketsu Houshiki", "english": null}, "type": "ANIME", "status": "FINISHED", "description": "Keisuke's father has informed his mother as well as Keisuke and Misaki that he has been diagnosed with cancer. And so, Keisuke announces that he wishes to inherit the family's liquor business and be married to the daughter of his father's former colleague. However, Keisuke's sister Misaki does not give her blessing to the marriage. They are more than siblings. The both of them cross the threshold and make love all night and on the day that Keisuke's fianc&eacute;'s family comes to meet with them. Misaki shows her desire for Keisuke and they mutually surrender themselves to each others' flesh. (Source: BoxTorrents)", "startDate": {"year": 2008, "month": 1, "day": 25}, "endDate": {"year": 2008, "month": 9, "day": 26}, "season": "WINTER", "episodes": 3, "duration": 30, "genres": ["Hentai"], "averageScore": 56, "trending": 0, "popularity": 397, "streamingEpisodes": [], "coverImage": {"large": "https://s3.anilist.co/media/anime/cover/medium/3679.jpg", "medium": "https://s3.anilist.co/media/anime/cover/small/3679.jpg"}, "bannerImage": null, "isAdult": true, "format": "OVA"}, {"id": 3680, "title": {"romaji": "Ai no Katachi: Ecchi na Onna no Ko wa Kirai... Desu ka?", "english": null}, "type": "ANIME", "status": "FINISHED", "description": "The secret world behind the amateur porn magazines. Young girls discover that is really easy to make money working for some guys that take photos of their sexual life. And some of them just get too hot by thinking of the many readers that will see their sinful acts that go crazy and wild. ", "startDate": {"year": 2008, "month": 2, "day": 25}, "endDate": {"year": 2008, "month": 6, "day": 25}, "season": "WINTER", "episodes": 2, "duration": 28, "genres": ["Hentai"], "averageScore": 53, "trending": 0, "popularity": 295, "streamingEpisodes": [], "coverImage": {"large": "https://s3.anilist.co/media/anime/cover/medium/3680.jpg", "medium": "https://s3.anilist.co/media/anime/cover/small/3680.jpg"}, "bannerImage": null, "isAdult": true, "format": "OVA"}, {"id": 3681, "title": {"romaji": "Tokyo Requiem", "english": "Tokyo Requiem"}, "type": "ANIME", "status": "FINISHED", "description": "An underground society lies beneath the surface of Tokyo. This society has kept silent for many years, but now, they are on the move. They are kidnapping four mikos and use their powers to wake up a long forgotten god...<br><br>\n(Source: ANN)", "startDate": {"year": 2005, "month": 4, "day": 25}, "endDate": {"year": 2006, "month": 3, "day": 25}, "season": "SPRING", "episodes": 2, "duration": 30, "genres": ["Hentai", "Supernatural"], "averageScore": null, "trending": 0, "popularity": 137, "streamingEpisodes": [], "coverImage": {"large": "https://s3.anilist.co/media/anime/cover/medium/3681.jpg", "medium": "https://s3.anilist.co/media/anime/cover/small/3681.jpg"}, "bannerImage": null, "isAdult": true, "format": "OVA"}, {"id": 3683, "title": {"romaji": "Kabatotto", "english": "Hippo and Thomas"}, "type": "ANIME", "status": "FINISHED", "description": "Thomas is a cunning bird who sponges on Hyppo, the good-natured hippopotamus. Although Thomas is a dependent, living in Hyppo's big mouth, he always acts lordly and tries to outsmart his simpleminded host. However, their basic friendship and cooperation endures despite their frequent quarrels. The two play a prime role in this comic series, short yet full of originality. <br><br>\n(Source: Tatsunoko website)", "startDate": {"year": 1971, "month": 1, "day": 1}, "endDate": {"year": 1972, "month": 9, "day": 30}, "season": "WINTER", "episodes": 300, "duration": 5, "genres": ["Comedy"], "averageScore": null, "trending": 0, "popularity": 30, "streamingEpisodes": [], "coverImage": {"large": "https://s3.anilist.co/media/anime/cover/medium/3683.jpg", "medium": "https://s3.anilist.co/media/anime/cover/small/3683.jpg"}, "bannerImage": null, "isAdult": false, "format": "TV_SHORT"}, {"id": 3684, "title": {"romaji": "Mix Juice", "english": null}, "type": "ANIME", "status": "FINISHED", "description": " The \"story\" of an apparitious extraterrestrial and a vertically mobile prepubescent.<br><br>\n(Source: ANN)", "startDate": {"year": 2001, "month": null, "day": null}, "endDate": {"year": 2001, "month": null, "day": null}, "season": null, "episodes": 1, "duration": 4, "genres": ["Sci-Fi"], "averageScore": 47, "trending": 0, "popularity": 250, "streamingEpisodes": [], "coverImage": {"large": "https://s3.anilist.co/media/anime/cover/medium/3684.jpg", "medium": "https://s3.anilist.co/media/anime/cover/small/3684.jpg"}, "bannerImage": null, "isAdult": false, "format": "OVA"}, {"id": 3685, "title": {"romaji": "Four Day Weekend", "english": null}, "type": "ANIME", "status": "FINISHED", "description": "Music video for the song Four Day Weekend by Bluetones.", "startDate": {"year": 1998, "month": 12, "day": 18}, "endDate": {"year": 1998, "month": 12, "day": 18}, "season": "WINTER", "episodes": 1, "duration": 4, "genres": ["Music"], "averageScore": 50, "trending": 0, "popularity": 300, "streamingEpisodes": [], "coverImage": {"large": "https://s3.anilist.co/media/anime/cover/medium/3685.jpg", "medium": "https://s3.anilist.co/media/anime/cover/small/3685.jpg"}, "bannerImage": null, "isAdult": false, "format": "MUSIC"}, {"id": 3686, "title": {"romaji": "Tokimeki Memorial: Only Love OVA", "english": null}, "type": "ANIME", "status": "FINISHED", "description": "2 DVD-only episodes with the first featuring the swim captain Utsumi Koayu, set between episodes 17 and 18. The second being a recap episode.<br><br>\nThey are labeled as episode 17.5 and 25.5 respectively.", "startDate": {"year": 2007, "month": 9, "day": 21}, "endDate": {"year": 2007, "month": 9, "day": 21}, "season": "FALL", "episodes": 2, "duration": 24, "genres": ["Comedy"], "averageScore": 58, "trending": 0, "popularity": 314, "streamingEpisodes": [], "coverImage": {"large": "https://s3.anilist.co/media/anime/cover/medium/3686.jpg", "medium": "https://s3.anilist.co/media/anime/cover/small/3686.jpg"}, "bannerImage": null, "isAdult": false, "format": "OVA"}, {"id": 3689, "title": {"romaji": "Hatsumei Boy Kanipan", "english": "Inventor Boy Kanipan"}, "type": "ANIME", "status": "FINISHED", "description": "The story revolves around Kanipan aiming to be the best inventor and his adventures while trying to accomplish this.", "startDate": {"year": 1998, "month": 7, "day": 3}, "endDate": {"year": 1999, "month": 1, "day": 29}, "season": "SUMMER", "episodes": 31, "duration": 30, "genres": ["Adventure", "Comedy", "Mecha"], "averageScore": null, "trending": 0, "popularity": 31, "streamingEpisodes": [], "coverImage": {"large": "https://s3.anilist.co/media/anime/cover/medium/3689.jpg", "medium": "https://s3.anilist.co/media/anime/cover/small/3689.jpg"}, "bannerImage": null, "isAdult": false, "format": "TV"}, {"id": 3690, "title": {"romaji": "Chou Hatsumei Boy Kanipan", "english": null}, "type": "ANIME", "status": "FINISHED", "description": "Cho Hatsumei Boy Kanipan is a continued story from Hatsumei Boy Kanipan. Kanipan is now a teenager, and still a famous inventor. But one day, a mysterious ship fell from the sky and crashed at a beach. Inside was a female humanoid that has forgotten all about herself. It is up to Kanipan to revive the humanoid's memory, and he accidentally discover that his planet is in great danger as he strived.<br><br>\n(Source: ANN)", "startDate": {"year": 1999, "month": 2, "day": 5}, "endDate": {"year": 1999, "month": 6, "day": 25}, "season": "WINTER", "episodes": 21, "duration": 30, "genres": ["Adventure", "Comedy", "Mecha", "Romance"], "averageScore": null, "trending": 0, "popularity": 52, "streamingEpisodes": [], "coverImage": {"large": "https://s3.anilist.co/media/anime/cover/medium/3690.jpg", "medium": "https://s3.anilist.co/media/anime/cover/small/3690.jpg"}, "bannerImage": null, "isAdult": false, "format": "TV"}, {"id": 3691, "title": {"romaji": "Watashi to Watashi: Futari no Lotte", "english": "The Two Lottes"}, "type": "ANIME", "status": "FINISHED", "description": "Outspoken Luise and shy Lotte meet at summer camp and realize they are identical twins who were separated at birth by their divorced parents. The girls become friends and decide to switch places with each other so that they can each learn about the parent they never knew, and perhaps bring together their broken family. ", "startDate": {"year": 1991, "month": 11, "day": 9}, "endDate": {"year": 1992, "month": 9, "day": 5}, "season": "FALL", "episodes": 29, "duration": 24, "genres": ["Slice of Life"], "averageScore": null, "trending": 0, "popularity": 65, "streamingEpisodes": [], "coverImage": {"large": "https://s3.anilist.co/media/anime/cover/medium/3691.jpg", "medium": "https://s3.anilist.co/media/anime/cover/small/3691.jpg"}, "bannerImage": null, "isAdult": false, "format": "TV"}, {"id": 3692, "title": {"romaji": "Yes! Precure 5 GoGo!", "english": null}, "type": "ANIME", "status": "FINISHED", "description": "A direct continuation of the former season, this series again follows the story of Nozomi Yumehara and her friends from Precure 5. The girls who had formerly lost their powers and bade farewell to their friends Coco and Nuts from Palmier Kingdom are resurrected as Pretty Cure by the mysterious woman Flora who also wants them to find her in a place called Cure Rosegarden. To go there, they need the magic Rose Pact and the powers of the four kings of countries surrounding Palmier. But a dark organization called Eternal is also striving to get to Cure Rosegarden by stealing the Rose Pact. Luckily, Precure get helped by new allies: the delivery-boy Syrup who can change into a giant bird and fly them anywhere they want and the mysterious and beautiful fighter Milky Rose stand alongside Pretty Cure to protect what is really valuable. <br>", "startDate": {"year": 2008, "month": 2, "day": 3}, "endDate": {"year": 2009, "month": 1, "day": 25}, "season": "WINTER", "episodes": 48, "duration": 24, "genres": ["Fantasy", "Mahou Shoujo"], "averageScore": 65, "trending": 0, "popularity": 578, "streamingEpisodes": [], "coverImage": {"large": "https://s3.anilist.co/media/anime/cover/medium/3692.jpg", "medium": "https://s3.anilist.co/media/anime/cover/small/3692.jpg"}, "bannerImage": null, "isAdult": false, "format": "TV"}, {"id": 3695, "title": {"romaji": "Spectral Force Chronicle Divergence", "english": null}, "type": "ANIME", "status": "FINISHED", "description": "Anime based on JRPG series Spectral Force.", "startDate": {"year": 2005, "month": 6, "day": 22}, "endDate": {"year": 2005, "month": 6, "day": 22}, "season": "SUMMER", "episodes": 1, "duration": 24, "genres": ["Fantasy"], "averageScore": null, "trending": 0, "popularity": 72, "streamingEpisodes": [], "coverImage": {"large": "https://s3.anilist.co/media/anime/cover/medium/3695.jpg", "medium": "https://s3.anilist.co/media/anime/cover/small/3695.jpg"}, "bannerImage": null, "isAdult": false, "format": "OVA"}, {"id": 3701, "title": {"romaji": "Kaiba", "english": null}, "type": "ANIME", "status": "FINISHED", "description": "It is now possible to store memory data, so that the death of your body is not actually \"death\". As memories are stored in databanks, they can be \"transferred\" to new bodies. Because so-called \"memory trading\" now occurs, it is now possible to steal memories and illegally alter them.<br><br>\nSociety has fallen apart as authority has become lost and stagnant.<br><br>\nOne day, a man awakens in a ruined room. His name is Kaiba. He has no memories, but he does have a pendant with a picture of an unknown woman inside.<br><br>\nIn the skies are roiling clouds and electrical storms, impossible to pass without losing one's memories; above them lies the elusive realm of the rich and powerful, who barter others' bodies and memories for their own enjoyment and longevity. Below lies a troubled and dangerous world where good bodies are hard to come by and real money is scarce.<br><br>\nAfter suddenly being attacked, Kaiba escapes into space, and during his travels meets all sorts of people and regains his memories. Throughout it, he continues to be troubled by the world's problems, as well as his own existence. And what of the woman in the pendant, Neiro?", "startDate": {"year": 2008, "month": 4, "day": 11}, "endDate": {"year": 2008, "month": 7, "day": 25}, "season": "SPRING", "episodes": 12, "duration": 24, "genres": ["Adventure", "Mystery", "Romance", "Sci-Fi"], "averageScore": 79, "trending": 1, "popularity": 8796, "streamingEpisodes": [], "coverImage": {"large": "https://s3.anilist.co/media/anime/cover/medium/3701.jpg", "medium": "https://s3.anilist.co/media/anime/cover/small/3701.jpg"}, "bannerImage": "https://s3.anilist.co/media/anime/banner/3701-WgpU5Y2UXfbm.png", "isAdult": false, "format": "TV"}, {"id": 3702, "title": {"romaji": "Detroit Metal City", "english": null}, "type": "ANIME", "status": "FINISHED", "description": "Led by phallus-waiving terrorist-from-hell Johannes Krauser II (guitar/vocals,) and given pulsing, throbbing life by indestructible drummer Camus and bassist Alexander Jagi, Detroit Metal City is the hottest ticket on the concert circuit! There's just one catch. That \"hottest ticket\" is just a meal ticket, and beneath the makeup, these ultimate head-bangers are hired doppelgangers who don't even LIKE what they do! Jaggi is actually Wada, who wants to play glam rock; Camus is Nishida, an anime fan with an appalling weakness for curry and NSFW videos; and Krauser is... oh the shame... street-singing Soichi Negishi, whose dreams of singing happy pop hits seem hopelessly doomed by the success of his rage-fueled alter ego! Worse, he can't even tell anyone who Krauser is. Not even the girl he likes, who HATES DMC! Will rage against the corporate machine consume Negishi's tortured soul? Is there life after death metal? What it's like to put your head in a jet engine and turn up the volume? <br><br>\r\n(Source: Sentai Filmworks) ", "startDate": {"year": 2008, "month": 8, "day": 8}, "endDate": {"year": 2008, "month": 10, "day": 28}, "season": "SUMMER", "episodes": 12, "duration": 13, "genres": ["Comedy", "Music"], "averageScore": 77, "trending": 0, "popularity": 9755, "streamingEpisodes": [], "coverImage": {"large": "https://s3.anilist.co/media/anime/cover/medium/3702.jpg", "medium": "https://s3.anilist.co/media/anime/cover/small/3702.jpg"}, "bannerImage": "https://s3.anilist.co/media/anime/banner/3702-91zk0nfkGfYi.png", "isAdult": false, "format": "OVA"}, {"id": 3704, "title": {"romaji": "Zenryoku Usagi", "english": null}, "type": "ANIME", "status": "FINISHED", "description": "Zenryoku Usagi are hardworking construction builders &mdash; who happen to be rabbits &mdash; with a simple motto: \"Zenryoku+Dai-ichi\" (\"Give everything you've got and be #1.\") The animated shorts were aired in Japan within the Chibi Ani Gekij&#333; (Tiny Anime Theater) program on Friday or Saturday mornings, depending on the station. Ikeda and Media Factory have created two books and numerous spinoff goods featuring the characters. <br><br>\n(Source: Saikin Anime J&#333;h&#333;)", "startDate": {"year": 2008, "month": 1, "day": 5}, "endDate": {"year": 2008, "month": 12, "day": 27}, "season": "WINTER", "episodes": 52, "duration": 12, "genres": ["Comedy"], "averageScore": null, "trending": 0, "popularity": 64, "streamingEpisodes": [], "coverImage": {"large": "https://s3.anilist.co/media/anime/cover/medium/3704.jpg", "medium": "https://s3.anilist.co/media/anime/cover/small/3704.jpg"}, "bannerImage": null, "isAdult": false, "format": "TV_SHORT"}, {"id": 3705, "title": {"romaji": "Flashback Game", "english": null}, "type": "ANIME", "status": "FINISHED", "description": "Mizuho, Noriko and Yuri are three friends that go to a beauty spa that Yuri won in a competition. They relax there and have fun until they try one of the new treatments, where they see un a shining light. This light bring back their traumatic memories such as rapes of squads and sexual abuse in childhood. <br><br>\n(Source: ANN) ", "startDate": {"year": 2001, "month": null, "day": null}, "endDate": {"year": 2001, "month": null, "day": null}, "season": null, "episodes": 3, "duration": 30, "genres": ["Hentai"], "averageScore": null, "trending": 0, "popularity": 120, "streamingEpisodes": [], "coverImage": {"large": "https://s3.anilist.co/media/anime/cover/medium/3705.jpg", "medium": "https://s3.anilist.co/media/anime/cover/small/3705.jpg"}, "bannerImage": null, "isAdult": true, "format": "OVA"}, {"id": 3706, "title": {"romaji": "Seikoujo: Haitoku no Biden Dorei", "english": "Dark Chapel"}, "type": "ANIME", "status": "FINISHED", "description": "Sister Rosaria is working at the village`s local church. Everything has been peaceful and many days of happiness have passed. One day a new priest and a sister arrive...and her happiness is suddenly shattered. The two are imposters, villains on the run for theft and murder. But that isn`t the only problem...the man is a former priest who sexually assaulted sister Rosaria many times in the past. Now, the village`s peace is in her hands; if she doesn`t obey \"Father Edwards\", he has sworn to kill every single one of the villagers...<br><br>\n-AniDB", "startDate": {"year": 2006, "month": 4, "day": 25}, "endDate": {"year": 2006, "month": 12, "day": 25}, "season": "SPRING", "episodes": 2, "duration": 30, "genres": ["Hentai"], "averageScore": 49, "trending": 0, "popularity": 169, "streamingEpisodes": [], "coverImage": {"large": "https://s3.anilist.co/media/anime/cover/medium/3706.jpg", "medium": "https://s3.anilist.co/media/anime/cover/small/3706.jpg"}, "bannerImage": null, "isAdult": true, "format": "OVA"}, {"id": 3707, "title": {"romaji": "Soukou Kijo Iris", "english": null}, "type": "ANIME", "status": "FINISHED", "description": "A female mecha knight team is stranded behind enemy lines. They are in for a dangerous and titillating experience.<br>", "startDate": {"year": 2007, "month": 11, "day": 24}, "endDate": {"year": 2009, "month": 9, "day": 27}, "season": "FALL", "episodes": 4, "duration": 30, "genres": ["Hentai"], "averageScore": 55, "trending": 0, "popularity": 273, "streamingEpisodes": [], "coverImage": {"large": "https://s3.anilist.co/media/anime/cover/medium/3707.jpg", "medium": "https://s3.anilist.co/media/anime/cover/small/3707.jpg"}, "bannerImage": null, "isAdult": true, "format": "OVA"}, {"id": 3710, "title": {"romaji": "Hakaba Kitarou", "english": "Graveyard Kitaro"}, "type": "ANIME", "status": "FINISHED", "description": " Kitarou is a youkai boy born in a cemetery, and aside from his mostly-decayed father, the last living member of the Ghost tribe. He is missing his left eye, but his hair usually covers the empty socket. He fights for peace between humans and youkai, which generally involves protecting the former from the wiles of the latter.<br><br>\nThis version of the Kitarou story is based on the original Hakaba Kitarou manga, the manga which inspired the popular Gegege no Kitarou series in the late 60's.<br><br>\n(Source: Wikipedia)", "startDate": {"year": 2008, "month": 1, "day": 11}, "endDate": {"year": 2008, "month": 3, "day": 21}, "season": "WINTER", "episodes": 11, "duration": 25, "genres": ["Horror", "Supernatural"], "averageScore": 60, "trending": 0, "popularity": 700, "streamingEpisodes": [], "coverImage": {"large": "https://s3.anilist.co/media/anime/cover/medium/3710.jpg", "medium": "https://s3.anilist.co/media/anime/cover/small/3710.jpg"}, "bannerImage": null, "isAdult": false, "format": "TV"}, {"id": 3711, "title": {"romaji": "After... The Animation", "english": "After... The Animation"}, "type": "ANIME", "status": "FINISHED", "description": "Young boy gets involved with the teacher and classmates.", "startDate": {"year": 2007, "month": 8, "day": 25}, "endDate": {"year": 2008, "month": 1, "day": 25}, "season": "SUMMER", "episodes": 2, "duration": 27, "genres": ["Hentai"], "averageScore": 49, "trending": 0, "popularity": 335, "streamingEpisodes": [], "coverImage": {"large": "https://s3.anilist.co/media/anime/cover/medium/3711.jpg", "medium": "https://s3.anilist.co/media/anime/cover/small/3711.jpg"}, "bannerImage": null, "isAdult": true, "format": "OVA"}, {"id": 3712, "title": {"romaji": "Zero no Tsukaima: Princesses no Rondo", "english": "The Familiar of Zero: Princesses no Rondo"}, "type": "ANIME", "status": "FINISHED", "description": "Following Saito's heroic actions in the War with Albion in season two, Saito &amp; Louise return to Tristain, only to have the runes which bind Saito &amp; Louise disappear. Saito &amp; Louise struggle with a relationship no longer defined as Master &amp; Familiar, as they search for an Elf who has the power to restore the dead to life, and may hold the key to understanding Saito's loss of the Gandalfr's power.<br><br>\n(Source: ANN)", "startDate": {"year": 2008, "month": 7, "day": 7}, "endDate": {"year": 2008, "month": 9, "day": 22}, "season": "SUMMER", "episodes": 12, "duration": 24, "genres": ["Action", "Adventure", "Comedy", "Ecchi", "Fantasy"], "averageScore": 70, "trending": 0, "popularity": 15916, "streamingEpisodes": [], "coverImage": {"large": "https://s3.anilist.co/media/anime/cover/medium/3712.jpg", "medium": "https://s3.anilist.co/media/anime/cover/small/3712.jpg"}, "bannerImage": "https://s3.anilist.co/media/anime/banner/3712-Ji7NQXtiVrV8.jpg", "isAdult": false, "format": "TV"}, {"id": 3713, "title": {"romaji": "Jigoku Shoujo Mitsuganae", "english": "Hell Girl: Three Vessels"}, "type": "ANIME", "status": "FINISHED", "description": "After the events of the 2nd season, Ai's three helpers, Ichimoku Ren, Wanyuudou and Hone-Onna live out their lives in relative peace. This is suddenly shattered when Kikuri returns to recruit them. Meanwhile, Ai mysteriously reappears from the dead and uses the body of a young schoolgirl, Yuzuki Mikage, to continue the Jigoku Ts&#363;shin operation. Yuzuki is aware of Ai's presence however, when she can see what Ai sees. ", "startDate": {"year": 2008, "month": 10, "day": 4}, "endDate": {"year": 2009, "month": 4, "day": 4}, "season": "FALL", "episodes": 26, "duration": 24, "genres": ["Mystery", "Psychological", "Supernatural", "Horror"], "averageScore": 72, "trending": 0, "popularity": 4798, "streamingEpisodes": [], "coverImage": {"large": "https://s3.anilist.co/media/anime/cover/medium/3713.jpg", "medium": "https://s3.anilist.co/media/anime/cover/small/3713.jpg"}, "bannerImage": null, "isAdult": false, "format": "TV"}, {"id": 3720, "title": {"romaji": "Jack to Mame no Ki", "english": "Jack And The Beanstalk"}, "type": "ANIME", "status": "FINISHED", "description": "An old fairy tale gets some new wrinkles in this fanciful animated adaptation. After young Jack is conned into trading his family's prize cow for a handful of beans, he plants them and discovers they produce a magical vine that rises through the clouds. Climbing the beanstalk, Jack encounters a strange and remarkable world ruled by the magical Princess Margaret. The princess is in love with Prince Tulip despite his unattractive features and harsh personality, but as it turns out, this is the work of Madam Noir, an evil witch who has cast a spell on the princess so she will marry Tulip, her only son. Can Jack help the princess avoid this awful fate? Directed by Japanese animator Gisaburo Sugii, this free adaptation of Jack and the Beanstalk has won a cult following for its fanciful story and wildly colorful design. ", "startDate": {"year": 1974, "month": null, "day": null}, "endDate": {"year": 1974, "month": null, "day": null}, "season": null, "episodes": 1, "duration": 88, "genres": ["Fantasy"], "averageScore": 48, "trending": 0, "popularity": 102, "streamingEpisodes": [], "coverImage": {"large": "https://s3.anilist.co/media/anime/cover/medium/3720.jpg", "medium": "https://s3.anilist.co/media/anime/cover/small/3720.jpg"}, "bannerImage": null, "isAdult": false, "format": "MOVIE"}, {"id": 3723, "title": {"romaji": "Koala Boy Kokki", "english": "The Adventures of the Little Koala"}, "type": "ANIME", "status": "FINISHED", "description": "A little koala and his friends have adventures together and learn lessons about the world while having a lot of fun.", "startDate": {"year": 1984, "month": 4, "day": 11}, "endDate": {"year": 1985, "month": 3, "day": 28}, "season": "SPRING", "episodes": 51, "duration": 10, "genres": ["Comedy"], "averageScore": null, "trending": 0, "popularity": 37, "streamingEpisodes": [], "coverImage": {"large": "https://s3.anilist.co/media/anime/cover/medium/3723.jpg", "medium": "https://s3.anilist.co/media/anime/cover/small/3723.jpg"}, "bannerImage": null, "isAdult": false, "format": "TV_SHORT"}, {"id": 3724, "title": {"romaji": "Taiko no Tatsujin", "english": "Taiko Drum Master"}, "type": "ANIME", "status": "FINISHED", "description": "A series of four minute claymation shows. Each episode shows the different antics of the various Taiko no Tatsujin characters.", "startDate": {"year": 2005, "month": 4, "day": 4}, "endDate": {"year": 2006, "month": 5, "day": 15}, "season": "SPRING", "episodes": 26, "duration": 4, "genres": [], "averageScore": null, "trending": 0, "popularity": 48, "streamingEpisodes": [], "coverImage": {"large": "https://s3.anilist.co/media/anime/cover/medium/3724.jpg", "medium": "https://s3.anilist.co/media/anime/cover/small/3724.jpg"}, "bannerImage": null, "isAdult": false, "format": "SPECIAL"}, {"id": 3726, "title": {"romaji": "Karasu Tengu Kabuto: Ougon no Me no Kemono", "english": null}, "type": "ANIME", "status": "FINISHED", "description": "Kabuto is a tengu who has to save a princess from fortress which is full of monster-mecha hybrids in an alternate reality of feudal Japan. <br><br>\n(Source: ANN)", "startDate": {"year": 1992, "month": 7, "day": 24}, "endDate": {"year": 1992, "month": 7, "day": 24}, "season": "SUMMER", "episodes": 1, "duration": 45, "genres": ["Action", "Adventure", "Drama"], "averageScore": null, "trending": 0, "popularity": 89, "streamingEpisodes": [], "coverImage": {"large": "https://s3.anilist.co/media/anime/cover/medium/3726.jpg", "medium": "https://s3.anilist.co/media/anime/cover/small/3726.jpg"}, "bannerImage": null, "isAdult": false, "format": "OVA"}, {"id": 3727, "title": {"romaji": "Doraemon: Nobita no Kyoryuu", "english": "Doraemon: Nobita's Dinosaur"}, "type": "ANIME", "status": "FINISHED", "description": "Nobita finds a fossilized dinosaur egg by accident, and with the help of Doraemon's tools, they hatched the egg and began raising the dinosaur. Knowing that they can't keep the dinosaur forever, Nobita was forced to send it back to prehistoric times where a group of hunters from the future threatens to endanger the dinosaurs. Determined to save the dinosaurs from the claws of the hunters, Doraemon and the gang returns to the past and sets out in a prehistoric adventure. <br><br>\n(Source: ANN)", "startDate": {"year": 1980, "month": 3, "day": 15}, "endDate": {"year": 1980, "month": 3, "day": 15}, "season": "SPRING", "episodes": 1, "duration": 92, "genres": ["Adventure", "Comedy"], "averageScore": 61, "trending": 0, "popularity": 222, "streamingEpisodes": [], "coverImage": {"large": "https://s3.anilist.co/media/anime/cover/medium/3727.jpg", "medium": "https://s3.anilist.co/media/anime/cover/small/3727.jpg"}, "bannerImage": null, "isAdult": false, "format": "MOVIE"}, {"id": 3728, "title": {"romaji": "True Blue", "english": "True Blue"}, "type": "ANIME", "status": "FINISHED", "description": "Kanzaki Aoi is a popular high school idol who has a love relationship with her childhood friend and next door neighbor, Kurusu Akito. They are always together, even going to school in the morning together. She admires him and respects him also, and still remembers the time he saved her when they were younger. All of their dreams to stay together come crashing down, however, when Aoi is forced to participate in daily obscenities with the physical education teacher, Shoda. With each day, she comes to realize that she enjoys it more and more. Even after powerless Akito discovers the truth, Aoi shows him just how much she wants Shoda instead. ", "startDate": {"year": 2005, "month": 2, "day": 25}, "endDate": {"year": 2005, "month": 3, "day": 25}, "season": "WINTER", "episodes": 2, "duration": 30, "genres": ["Hentai"], "averageScore": 49, "trending": 0, "popularity": 268, "streamingEpisodes": [], "coverImage": {"large": "https://s3.anilist.co/media/anime/cover/medium/3728.jpg", "medium": "https://s3.anilist.co/media/anime/cover/small/3728.jpg"}, "bannerImage": null, "isAdult": true, "format": "OVA"}, {"id": 3729, "title": {"romaji": "True Blue: Gaiden", "english": "True Blue: Gaiden"}, "type": "ANIME", "status": "FINISHED", "description": "Kanzaki Aoi and Kurusu Akito have broken their childhood relationship and are no longer together. Kaya, a girl who has been interested in Akito, decides to be with him instead. But, her efforts fail to make him forget about Aoi, who chose their P.E. teacher, Shudo, out of lust and has become the Shudo's mistress. During her attempts to gain Akito's affection, Kaya is blackmailed into having sexual acts with a guy who has been watching her. As she is forced to let him have his way with her, Kaya begins having obscene thoughts about Shudo. Little does she know that the teacher has been planning this all along... ", "startDate": {"year": 2005, "month": 12, "day": 23}, "endDate": {"year": 2005, "month": 12, "day": 23}, "season": "WINTER", "episodes": 1, "duration": 30, "genres": ["Hentai"], "averageScore": 46, "trending": 0, "popularity": 181, "streamingEpisodes": [], "coverImage": {"large": "https://s3.anilist.co/media/anime/cover/medium/3729-LhyVmTOYir2i.jpg", "medium": "https://s3.anilist.co/media/anime/cover/small/3729-LhyVmTOYir2i.jpg"}, "bannerImage": null, "isAdult": true, "format": "OVA"}, {"id": 3731, "title": {"romaji": "Itazura na Kiss", "english": null}, "type": "ANIME", "status": "FINISHED", "description": "Ever since she entered high school, Kotoko Aihara wanted to be in the same class as Naoki Irie. The only problem is that Irie is the smartest student in school contrast to Kotoko being one of the dumbest. Now in her 3rd year of high school, she still isn't there. However, one day her home gets destroyed and the only place left to go to was Irie's home. Now that she lives close to him, will their relationship be the same, or will it become greater than it is?", "startDate": {"year": 2008, "month": 4, "day": 5}, "endDate": {"year": 2008, "month": 9, "day": 25}, "season": "SPRING", "episodes": 25, "duration": 24, "genres": ["Comedy", "Romance"], "averageScore": 72, "trending": 0, "popularity": 8455, "streamingEpisodes": [], "coverImage": {"large": "https://s3.anilist.co/media/anime/cover/medium/3731.jpg", "medium": "https://s3.anilist.co/media/anime/cover/small/3731.jpg"}, "bannerImage": null, "isAdult": false, "format": "TV"}, {"id": 3734, "title": {"romaji": "Glass no Kamen: Sen no Kamen wo Motsu Shoujo", "english": "Glass Mask: The Girl of a Thousand Masks"}, "type": "ANIME", "status": "FINISHED", "description": "An OVA depicting the early events of the Glass no Kamen series.<br><br>\nKitajima Maya is a young girl from a poor background with no talents of use to school or her widowed mother. However, she is obsessed with movies, theatrical plays and TV dramas-to the point of remembering every line from a movie she's seen once, and dramatically acting out the stories, including every character, for anyone who will listen. One day, she encounters an old woman with a scarred face who claims that Maya is the girl she's been looking for-for the old woman has spent years protecting the rights to a 'legendary' play.", "startDate": {"year": 1998, "month": 12, "day": 16}, "endDate": {"year": 1999, "month": 4, "day": 21}, "season": "WINTER", "episodes": 3, "duration": 45, "genres": ["Drama"], "averageScore": null, "trending": 0, "popularity": 153, "streamingEpisodes": [], "coverImage": {"large": "https://s3.anilist.co/media/anime/cover/medium/3734.jpg", "medium": "https://s3.anilist.co/media/anime/cover/small/3734.jpg"}, "bannerImage": null, "isAdult": false, "format": "OVA"}, {"id": 3735, "title": {"romaji": "Ryuuseiki Gakusaver", "english": "Shooting Star Gakusaver"}, "type": "ANIME", "status": "FINISHED", "description": "A gigantic meteorite landed on earth a few years back. A mysterious capsule believed to have belonged to the aliens was discovered. Called the \"black box,\" an international organization called \"Project BB\" was created to research it.<br><br>\nEight boys, including Manabu Yoshimura, attend International Academy, a school located near Project BB headquarters.   They are enticed by their teacher Toukichi Hashiba's promise of \"I'll give you class credit\",  and end up getting  involved in his experiment. The experiment was to enter the eight empty chambers of meteorite. According to Hashiba's theory, the meteorite should strongly respond to strong human thoughts. He tells them to have a clear image of a great looking gigantic robot; if they do, something should happen...<br><br>\n Then, a big spaceship appears in the sky and an alien calling himself Wercury appears in a 3-D image. He tells them he is from the Star of Prokimasi and that he has come to collect the meteorite of the Choshin people. If they do not hand it over, he will challenge the earth beings to a battle. Manabu and his friends are confused by the unexpected turn of events but the meteorite responds to the thoughts of the group and suddenly starts to transform itself into a  gigantic robot. Then, attacked by the invading Prokimasi robot, they are forced to pull their strength together and fight back. But it is extremely difficult to put the wills of the eight together as one and the robot cannot fight in the way it should. The gigantic robot that Hashiba named \"Gakusaver\" and Manabu's eight; can they manage to protect Earth and the meteorite from the Prokimasi invasion?  <br><br>\n(Source: King Records)", "startDate": {"year": 1993, "month": 8, "day": 21}, "endDate": {"year": 1994, "month": 3, "day": 24}, "season": "SUMMER", "episodes": 6, "duration": 30, "genres": ["Action", "Comedy", "Mecha", "Sci-Fi"], "averageScore": null, "trending": 0, "popularity": 117, "streamingEpisodes": [], "coverImage": {"large": "https://s3.anilist.co/media/anime/cover/medium/3735.jpg", "medium": "https://s3.anilist.co/media/anime/cover/small/3735.jpg"}, "bannerImage": null, "isAdult": false, "format": "OVA"}]}}}