{"data": {"Page": {"pageInfo": {"total": 12297, "hasNextPage": true}, "media": [{"id": 21492, "title": {"romaji": "Ore ga Ojou-sama Gakkou ni \"Shomin Sample\" Toshite Gets-Sareta Ken: Kujou-san no Doesu Soudan-Shitsu Anime-ban", "english": "Shomin Sample: Kujou-san no Doesu Soudan-Shitsu Anime-ban"}, "type": "ANIME", "status": "FINISHED", "description": "Short anime specials bundled with the Blu-ray and DVD releases of Ore ga Ojousama Gakkou ni \"Shomin Sample\" Toshite Gets-Sareta Ken.", "startDate": {"year": 2016, "month": 1, "day": 6}, "endDate": {"year": 2016, "month": 6, "day": 2}, "season": "WINTER", "episodes": 6, "duration": 3, "genres": ["Comedy", "Ecchi", "Romance"], "averageScore": 59, "trending": 0, "popularity": 1394, "streamingEpisodes": [], "coverImage": {"large": "https://s3.anilist.co/media/anime/cover/medium/21492-qHfRpI71Sv6x.jpg", "medium": "https://s3.anilist.co/media/anime/cover/small/21492-qHfRpI71Sv6x.jpg"}, "bannerImage": null, "isAdult": false, "format": "SPECIAL"}, {"id": 21493, "title": {"romaji": "Kuusen Madoushi Kouhosei no Kyoukan OVA", "english": "Sky Wizards Academy OVA"}, "type": "ANIME", "status": "FINISHED", "description": "Unaired episode bundled with the ninth light novel volume of Kuusen Madoushi Kouhosei no Kyoukan.", "startDate": {"year": 2016, "month": 3, "day": 9}, "endDate": {"year": 2016, "month": 3, "day": 9}, "season": "WINTER", "episodes": 1, "duration": 24, "genres": ["Action", "Drama", "Fantasy"], "averageScore": 56, "trending": 0, "popularity": 1376, "streamingEpisodes": [], "coverImage": {"large": "https://s3.anilist.co/media/anime/cover/medium/21493-e7g77KMtN72N.jpg", "medium": "https://s3.anilist.co/media/anime/cover/small/21493-e7g77KMtN72N.jpg"}, "bannerImage": null, "isAdult": false, "format": "OVA"}, {"id": 21494, "title": {"romaji": "Saikin Osen", "english": "Bacterial Contamination"}, "type": "ANIME", "status": "FINISHED", "description": "Music video for the song \"Bacterial Contamination\" by mathru@\u304b\u306b\u307f\u305dP, 3D animation by Deino.", "startDate": {"year": 2012, "month": 2, "day": 3}, "endDate": {"year": 2012, "month": 2, "day": 3}, "season": null, "episodes": 1, "duration": 4, "genres": ["Horror", "Music"], "averageScore": 48, "trending": 1, "popularity": 359, "streamingEpisodes": [], "coverImage": {"large": "https://s3.anilist.co/media/anime/cover/medium/21494-ue9s005yBB3w.png", "medium": "https://s3.anilist.co/media/anime/cover/small/21494-ue9s005yBB3w.png"}, "bannerImage": null, "isAdult": false, "format": "MUSIC"}, {"id": 21495, "title": {"romaji": "Tanaka-kun wa Itsumo Kedaruge", "english": "Tanaka-kun is Always Listless"}, "type": "ANIME", "status": "FINISHED", "description": "Tanaka who is a high school student simply is a slacker and does not want to do anything at all. He loves to sleep during classes and prefers not moving to save energy. One day he meets his classmate, Ohta who is exactly the opposite. Ohta is energetic and leader in class. He becomes friends with Tanaka and tries to make him start moving. Based on a popular comic from Nozomi Uda.<br>\n<br>\n(Source: Shochiku)", "startDate": {"year": 2016, "month": 4, "day": 9}, "endDate": {"year": 2016, "month": 6, "day": 25}, "season": "SPRING", "episodes": 12, "duration": 25, "genres": ["Comedy", "Slice of Life"], "averageScore": 77, "trending": 1, "popularity": 16421, "streamingEpisodes": [{"title": "Episode 1 - Tanaka-kun and Ohta-kun", "url": "http://www.crunchyroll.com/tanaka-kun-is-always-listless/episode-1-tanaka-kun-and-ohta-kun-702739"}, {"title": "Episode 2 - Apprenticeship Application", "url": "http://www.crunchyroll.com/tanaka-kun-is-always-listless/episode-2-apprenticeship-application-702741"}, {"title": "Episode 3 - Girl of Contrast, Echizen-san", "url": "http://www.crunchyroll.com/tanaka-kun-is-always-listless/episode-3-girl-of-contrast-echizen-san-702743"}, {"title": "Episode 4 - Shiraishi-san's Secret", "url": "http://www.crunchyroll.com/tanaka-kun-is-always-listless/episode-4-shiraishi-sans-secret-702745"}, {"title": "Episode 5 - Tanaka-kun's Day", "url": "http://www.crunchyroll.com/tanaka-kun-is-always-listless/episode-5-tanaka-kuns-day-702747"}, {"title": "Episode 6 - The Sick Tanaka-kun", "url": "http://www.crunchyroll.com/tanaka-kun-is-always-listless/episode-6-the-sick-tanaka-kun-702749"}, {"title": "Episode 7 - Tanaka-kun's Valentine", "url": "http://www.crunchyroll.com/tanaka-kun-is-always-listless/episode-7-tanaka-kuns-valentine-702751"}, {"title": "Episode 8 - Ohta-kun's Ordeal", "url": "http://www.crunchyroll.com/tanaka-kun-is-always-listless/episode-8-ohta-kuns-ordeal-702753"}, {"title": "Episode 9 - Welcome to Wac", "url": "http://www.crunchyroll.com/tanaka-kun-is-always-listless/episode-9-welcome-to-wac-702755"}, {"title": "Episode 10 - Tanaka-kun's Summer", "url": "http://www.crunchyroll.com/tanaka-kun-is-always-listless/episode-10-tanaka-kuns-summer-702757"}, {"title": "Episode 11 - Tanaka-kun's Cultural Festival", "url": "http://www.crunchyroll.com/tanaka-kun-is-always-listless/episode-11-tanaka-kuns-cultural-festival-702759"}, {"title": "Episode 12 - Tanaka-kun's Happiness", "url": "http://www.crunchyroll.com/tanaka-kun-is-always-listless/episode-12-tanaka-kuns-happiness-702761"}], "coverImage": {"large": "https://s3.anilist.co/media/anime/cover/medium/21495-MzR6fg3NR3XQ.jpg", "medium": "https://s3.anilist.co/media/anime/cover/small/21495-MzR6fg3NR3XQ.jpg"}, "bannerImage": "https://s3.anilist.co/media/anime/banner/21495-HDkVTovzfNQA.jpg", "isAdult": false, "format": "TV"}, {"id": 21496, "title": {"romaji": "Gantz:O", "english": null}, "type": "ANIME", "status": "FINISHED", "description": "A full 3DCG movie adaptation of the manga's Osaka arc", "startDate": {"year": 2016, "month": 10, "day": 14}, "endDate": {"year": 2016, "month": 10, "day": 14}, "season": "FALL", "episodes": 1, "duration": 96, "genres": ["Action", "Drama", "Ecchi", "Horror", "Psychological", "Supernatural"], "averageScore": 71, "trending": 0, "popularity": 3399, "streamingEpisodes": [], "coverImage": {"large": "https://s3.anilist.co/media/anime/cover/medium/nx21496-b6R9F3FtIgWJ.jpg", "medium": "https://s3.anilist.co/media/anime/cover/small/nx21496-b6R9F3FtIgWJ.jpg"}, "bannerImage": "https://s3.anilist.co/media/anime/banner/n21496-Kzxb5LrOHOBt.jpg", "isAdult": false, "format": "MOVIE"}, {"id": 21497, "title": {"romaji": "Reikenzan: Hoshikuzu-tachi no Utage", "english": null}, "type": "ANIME", "status": "FINISHED", "description": "Since its founding in the year 4233 of the Nine Provinces calendar, the spirit sword clan has been producing first-class martial arts talent. Two thousand years later, the clan, which adheres to the principles of peace and spiritual development, seeks to find new disciples by holding a grand tournament. One of these candidates is 12-year-old Wang Lu.<br>\n<br>\n(Source: MAL)", "startDate": {"year": 2016, "month": 1, "day": 9}, "endDate": {"year": 2016, "month": 3, "day": 26}, "season": "WINTER", "episodes": 12, "duration": 24, "genres": ["Fantasy", "Comedy"], "averageScore": 66, "trending": 0, "popularity": 4053, "streamingEpisodes": [], "coverImage": {"large": "https://s3.anilist.co/media/anime/cover/medium/21497-XCVahD9UwcME.jpg", "medium": "https://s3.anilist.co/media/anime/cover/small/21497-XCVahD9UwcME.jpg"}, "bannerImage": null, "isAdult": false, "format": "TV"}, {"id": 21498, "title": {"romaji": "Blame! Movie", "english": null}, "type": "ANIME", "status": "FINISHED", "description": "In the distant technological future, civilization has reached its ultimate Net-based form. An \"infection\" in the past caused the automated systems to spiral out of order, resulting in a multi-leveled city structure that replicates itself infinitely in all directions. Now humanity has lost access to the city's controls, and is hunted down and purged by the defense system known as the Safeguard. In a tiny corner of the city, a little enclave known as the Electro-Fishers is facing eventual extinction, trapped between the threat of the Safeguard and dwindling food supplies. A girl named Zuru goes on a journey to find food for her village, only to inadvertently cause doom when an observation tower senses her and summons a Safeguard pack to eliminate the threat. With her companions dead and all escape routes blocked, the only thing that can save her now is the sudden arrival of Killy the Wanderer, on his quest for the Net Terminal Genes, the key to restoring order to the world.<br><br>\n\n(Source: Official Website)", "startDate": {"year": 2017, "month": 5, "day": 20}, "endDate": {"year": 2017, "month": 5, "day": 20}, "season": "SPRING", "episodes": 1, "duration": 106, "genres": ["Action", "Drama", "Horror", "Psychological", "Sci-Fi"], "averageScore": 70, "trending": 0, "popularity": 5767, "streamingEpisodes": [], "coverImage": {"large": "https://s3.anilist.co/media/anime/cover/medium/nx21498-vP6FkyC5kcwc.jpg", "medium": "https://s3.anilist.co/media/anime/cover/small/nx21498-vP6FkyC5kcwc.jpg"}, "bannerImage": "https://s3.anilist.co/media/anime/banner/21498-bdJ71Az4mKBj.jpg", "isAdult": false, "format": "MOVIE"}, {"id": 21499, "title": {"romaji": "Sousei no Onmyouji", "english": "Twin Star Exorcists"}, "type": "ANIME", "status": "FINISHED", "description": "Rokuro Enmado is a young boy who used to be a powerful aspiring exorcist, before a tragic incident left his friend dead and made him abandon the profession. One day, he has a fateful encounter with Benio Adashino, a girl around his age and a well known exorcist from the east. According to prophecy, Rokuro and Benio are the \"Twin Star Exorcists\", and are destined to marry and have a child which will be the ultimate exorcist, capable of cleansing all evil spirits, or Kegare, from the world.\n<br>\nWhen Rokuro's best friend Ryogo goes missing, Rokuro is forced to ask Benio for help to enter Magano, the realm of the evil Kegare, to rescue him!<br>\n<br>\n(Source: Wikipedia)", "startDate": {"year": 2016, "month": 4, "day": 6}, "endDate": {"year": 2017, "month": 3, "day": 29}, "season": "SPRING", "episodes": 50, "duration": 24, "genres": ["Fantasy", "Action", "Adventure", "Comedy", "Drama", "Romance"], "averageScore": 66, "trending": 0, "popularity": 15435, "streamingEpisodes": [{"title": "Episode 1 - The Destined Two - Boy Meets Girl", "url": "http://www.crunchyroll.com/twin-star-exorcists/episode-1-the-destined-two-boy-meets-girl-702557"}, {"title": "Episode 2 - Intersection of Twin Stars - A Fateful Fight", "url": "http://www.crunchyroll.com/twin-star-exorcists/episode-2-intersection-of-twin-stars-a-fateful-fight-702559"}, {"title": "Episode 3 - Differing Intentions - A Hero's Worth", "url": "http://www.crunchyroll.com/twin-star-exorcists/episode-3-differing-intentions-a-heros-worth-702561"}, {"title": "Episode 4 - The Sound of Magano - Bothersome Twosome", "url": "http://www.crunchyroll.com/twin-star-exorcists/episode-4-the-sound-of-magano-bothersome-twosome-702563"}, {"title": "Episode 5 - Twelve Guardians, Vermilion Bird - The Guardian Shimon", "url": "http://www.crunchyroll.com/twin-star-exorcists/episode-5-twelve-guardians-vermilion-bird-the-guardian-shimon-702565"}, {"title": "Episode 6 - Benio and Mayura - Girls' Party", "url": "http://www.crunchyroll.com/twin-star-exorcists/episode-6-benio-and-mayura-girls-party-702567"}, {"title": "Episode 7 - A New Trial - Unbelievable Game", "url": "http://www.crunchyroll.com/twin-star-exorcists/episode-7-a-new-trial-unbelievable-game-702569"}, {"title": "Episode 8 - Rokuro's Feelings - Shocking Confession", "url": "http://www.crunchyroll.com/twin-star-exorcists/episode-8-rokuros-feelings-shocking-confession-702571"}, {"title": "Episode 9 - Intertwining Tragedies - Tragedy Comes With Smile", "url": "http://www.crunchyroll.com/twin-star-exorcists/episode-9-intertwining-tragedies-tragedy-comes-with-smile-702573"}, {"title": "Episode 10 - Subaru's Training - The Bewitching Guardian", "url": "http://www.crunchyroll.com/twin-star-exorcists/episode-10-subarus-training-the-bewitching-guardian-702575"}, {"title": "Episode 11 - Do Your Best, Newlyweds Fantastic Moments", "url": "http://www.crunchyroll.com/twin-star-exorcists/episode-11-do-your-best-newlyweds-fantastic-moments-702577"}, {"title": "Episode 12 - Give Me a Break - Basara Boy Kamui", "url": "http://www.crunchyroll.com/twin-star-exorcists/episode-12-give-me-a-break-basara-boy-kamui-702579"}, {"title": "Episode 13 - Your Courage, My Courage - Zero Millimeters Apart", "url": "http://www.crunchyroll.com/twin-star-exorcists/episode-13-your-courage-my-courage-zero-millimeters-apart-702581"}, {"title": "Episode 14 - Yukatas, Stars, and Wishes - Tanabata Special", "url": "http://www.crunchyroll.com/twin-star-exorcists/episode-14-yukatas-stars-and-wishes-tanabata-special-702583"}, {"title": "Episode 15 - Goodbye to Being Alone - The Awakening of Love", "url": "http://www.crunchyroll.com/twin-star-exorcists/episode-15-goodbye-to-being-alone-the-awakening-of-love-702585"}, {"title": "Episode 16 - As an Exorcist - Salvation Then Wailing", "url": "http://www.crunchyroll.com/twin-star-exorcists/episode-16-as-an-exorcist-salvation-then-wailing-702587"}, {"title": "Episode 17 - The Red Emblem Master Gave Me - New Talisman From Master", "url": "http://www.crunchyroll.com/twin-star-exorcists/episode-17-the-red-emblem-master-gave-me-new-talisman-from-master-702589"}, {"title": "Episode 18 - On the Eve of Battle - Triumph Over Fear", "url": "http://www.crunchyroll.com/twin-star-exorcists/episode-18-on-the-eve-of-battle-triumph-over-fear-702591"}, {"title": "Episode 19 - Both Sin and Impurity - The 10 Seconds Decision", "url": "http://www.crunchyroll.com/twin-star-exorcists/episode-19-both-sin-and-impurity-the-10-seconds-decision-702593"}, {"title": "Episode 20 - Our Path - To the Future with Us Two", "url": "http://www.crunchyroll.com/twin-star-exorcists/episode-20-our-path-to-the-future-with-us-two-702595"}, {"title": "Episode 21 - Rebirth of the Twin Stars - Sweetie Fairy", "url": "http://www.crunchyroll.com/twin-star-exorcists/episode-21-rebirth-of-the-twin-stars-sweetie-fairy-702597"}, {"title": "Episode 22 - It's Impure, Y'know? - Philosophical Filthy Seraphim", "url": "http://www.crunchyroll.com/twin-star-exorcists/episode-22-its-impure-yknow-philosophical-filthy-seraphim-702599"}, {"title": "Episode 23 - Westward, Twin Stars - Hard To Be Mother", "url": "http://www.crunchyroll.com/twin-star-exorcists/episode-23-westward-twin-stars-hard-to-be-mother-702601"}, {"title": "Episode 24 - The Kegare's Dream - What Is Beautiful?", "url": "http://www.crunchyroll.com/twin-star-exorcists/episode-24-the-kegares-dream-what-is-beautiful-702603"}, {"title": "Episode 25 - Celestial Avatar - Come Back! Southpaw", "url": "http://www.crunchyroll.com/twin-star-exorcists/episode-25-celestial-avatar-come-back-southpaw-702605"}, {"title": "Episode 26 - Twin Stars VS Twins - Basara Twins' Strings", "url": "http://www.crunchyroll.com/twin-star-exorcists/episode-26-twin-stars-vs-twins-basara-twins-strings-702607"}, {"title": "Episode 27 - Mayura-chan's Secret - Mayura's Secret Lesson", "url": "http://www.crunchyroll.com/twin-star-exorcists/episode-27-mayura-chans-secret-mayuras-secret-lesson-721949"}, {"title": "Episode 28 - Unomiya Tenma - Transcendence", "url": "http://www.crunchyroll.com/twin-star-exorcists/episode-28-unomiya-tenma-transcendence-721951"}, {"title": "Episode 29 - A Promise with Sae - Missing Exorcist Master", "url": "http://www.crunchyroll.com/twin-star-exorcists/episode-29-a-promise-with-sae-missing-exorcist-master-721953"}, {"title": "Episode 30 - Forever Smiling - Lovely Smile Forever", "url": "http://www.crunchyroll.com/twin-star-exorcists/episode-30-forever-smiling-lovely-smile-forever-721955"}, {"title": "Episode 31 - Because I'm With You - Wai Wa Kinako Ya!", "url": "http://www.crunchyroll.com/twin-star-exorcists/episode-31-because-im-with-you-wai-wa-kinako-ya-721957"}, {"title": "Episode 32 - Into Chaos - Seeking the Past, Seeking the Future", "url": "http://www.crunchyroll.com/twin-star-exorcists/episode-32-into-chaos-seeking-the-past-seeking-the-future-721959"}, {"title": "Episode 33 - The Master Repays a Favor - I Want You To Eat Me", "url": "http://www.crunchyroll.com/twin-star-exorcists/episode-33-the-master-repays-a-favor-i-want-you-to-eat-me-721961"}, {"title": "Episode 34 - The Greatest Duo?! - Wachi vs Washi & Watashi", "url": "http://www.crunchyroll.com/twin-star-exorcists/episode-34-the-greatest-duo-wachi-vs-washi-watashi-721963"}, {"title": "Episode 35 - The Puppeteer's Revenge - I Am Not Alone", "url": "http://www.crunchyroll.com/twin-star-exorcists/episode-35-the-puppeteers-revenge-i-am-not-alone-721965"}, {"title": "Episode 36 - What Must Be Protected - What Is Really Important?", "url": "http://www.crunchyroll.com/twin-star-exorcists/episode-36-what-must-be-protected-what-is-really-important-721967"}, {"title": "Episode 37 - Spirits Soaring in the City of Romance - Tell Me Honest Feelings", "url": "http://www.crunchyroll.com/twin-star-exorcists/episode-37-spirits-soaring-in-the-city-of-romance-tell-me-honest-feelings-721969"}, {"title": "Episode 38 - Narukami's Most Ill-Fated Day - No Way To Run, No Place To Hide", "url": "http://www.crunchyroll.com/twin-star-exorcists/episode-38-narukamis-most-ill-fated-day-no-way-to-run-no-place-to-hide-721971"}, {"title": "Episode 39 - The Sacred Beast of Love - Daughter's Fight! Father's Delight", "url": "http://www.crunchyroll.com/twin-star-exorcists/episode-39-the-sacred-beast-of-love-daughters-fight-fathers-delight-721973"}, {"title": "Episode 40 - Twin Stars' Hearts Dance - Finally They Kissed?", "url": "http://www.crunchyroll.com/twin-star-exorcists/episode-40-twin-stars-hearts-dance-finally-they-kissed-727729"}, {"title": "Episode 41 - The Twelve Guardians Fall! - Have A Nice Nightmare, 12 Guardians", "url": "http://www.crunchyroll.com/twin-star-exorcists/episode-41-the-twelve-guardians-fall-have-a-nice-nightmare-12-guardians-727731"}, {"title": "Episode 42 - I Come from Magano - Say It Ain't So, Rokuro!", "url": "http://www.crunchyroll.com/twin-star-exorcists/episode-42-i-come-from-magano-say-it-aint-so-rokuro-727733"}, {"title": "Episode 43 - The Millennial Dream - Melancholic Misanthrope", "url": "http://www.crunchyroll.com/twin-star-exorcists/episode-43-the-millennial-dream-melancholic-misanthrope-727735"}, {"title": "Episode 44 - Distanced Despite Their Love - Farewell, My Precious", "url": "http://www.crunchyroll.com/twin-star-exorcists/episode-44-distanced-despite-their-love-farewell-my-precious-727737"}, {"title": "Episode 45 - The Couple Alone - Lonely Twin Exorcist", "url": "http://www.crunchyroll.com/twin-star-exorcists/episode-45-the-couple-alone-lonely-twin-exorcist-727739"}, {"title": "Episode 46 - Yuto - Destiny", "url": "http://www.crunchyroll.com/twin-star-exorcists/episode-46-yuto-destiny-727741"}, {"title": "Episode 47 - Benio - Positive", "url": "http://www.crunchyroll.com/twin-star-exorcists/episode-47-benio-positive-727743"}, {"title": "Episode 48 - Unity - Solidarity", "url": "http://www.crunchyroll.com/twin-star-exorcists/episode-48-unity-solidarity-727745"}, {"title": "Episode 49 - Revival - Restoration", "url": "http://www.crunchyroll.com/twin-star-exorcists/episode-49-revival-restoration-727747"}, {"title": "Episode 50 - Twin Stars - Twins", "url": "http://www.crunchyroll.com/twin-star-exorcists/episode-50-twin-stars-twins-727749"}], "coverImage": {"large": "https://s3.anilist.co/media/anime/cover/medium/21499-gc4uBcg4q0Wl.jpg", "medium": "https://s3.anilist.co/media/anime/cover/small/21499-gc4uBcg4q0Wl.jpg"}, "bannerImage": "https://s3.anilist.co/media/anime/banner/21499-LQ6dvd4zrmTR.jpg", "isAdult": false, "format": "TV"}, {"id": 21500, "title": {"romaji": "Digimon Adventure tri. 2: Ketsui", "english": "Digimon Adventure tri. Chapter 2: Determination"}, "type": "ANIME", "status": "FINISHED", "description": "The second movie in the new Digimon Adventure series. The sequel series tells a \"new story for all the DigiDestined in the world\" and features the characters in their high school days.", "startDate": {"year": 2016, "month": 3, "day": 12}, "endDate": {"year": 2016, "month": 3, "day": 12}, "season": "WINTER", "episodes": 1, "duration": 75, "genres": ["Adventure", "Fantasy"], "averageScore": 71, "trending": 0, "popularity": 4563, "streamingEpisodes": [], "coverImage": {"large": "https://s3.anilist.co/media/anime/cover/medium/21500-xWyYJaRmUmR1.jpg", "medium": "https://s3.anilist.co/media/anime/cover/small/21500-xWyYJaRmUmR1.jpg"}, "bannerImage": "https://s3.anilist.co/media/anime/banner/21500-zFgPxzfAn75p.jpg", "isAdult": false, "format": "MOVIE"}, {"id": 21501, "title": {"romaji": "Gintama: Jump Festa 2015 Special", "english": null}, "type": "ANIME", "status": "FINISHED", "description": "A comedic short episode with foodgasms and an extended preview for the SA arc trailer.", "startDate": {"year": 2015, "month": 11, "day": 3}, "endDate": {"year": null, "month": null, "day": null}, "season": "FALL", "episodes": 1, "duration": 12, "genres": ["Action", "Comedy"], "averageScore": 76, "trending": 0, "popularity": 1689, "streamingEpisodes": [], "coverImage": {"large": "https://s3.anilist.co/media/anime/cover/medium/21501-4fZ2GVRjYCYc.jpg", "medium": "https://s3.anilist.co/media/anime/cover/small/21501-4fZ2GVRjYCYc.jpg"}, "bannerImage": null, "isAdult": false, "format": "SPECIAL"}, {"id": 21502, "title": {"romaji": "Sushi Police", "english": null}, "type": "ANIME", "status": "FINISHED", "description": "With the 2020 Tokyo Olympic Games around the corner, there's also a worldwide sushi boom!<br>\n<br>\nBut what to do with all the bastardized sushi out there?<br>\n<br>\nThe Japanese government's urgent response is to team up with other ruling powers around the world to establish the World Food-culture Conservation Organization (WFCO) to protect and promote authentic local cuisine. And so the WFCO deploys its 9th Division to oversee Japanese cuisine abroad. The 9th Division, a.k.a. Sushi Police, is notorious for their aggressive conduct and they hassle anyone serving unauthentic Japanese food in the U.S., Russia, France, China, etc. They will resort to any means necessary to eliminate bad sushi. Soon they are despised by restaurant proprietors around the world.<br>\n<br>\n(Source: Official website)", "startDate": {"year": 2016, "month": 1, "day": 7}, "endDate": {"year": 2016, "month": 3, "day": 31}, "season": "WINTER", "episodes": 13, "duration": 5, "genres": ["Comedy"], "averageScore": 41, "trending": 0, "popularity": 1399, "streamingEpisodes": [], "coverImage": {"large": "https://s3.anilist.co/media/anime/cover/medium/21502-lpAf89ZR1CGF.jpg", "medium": "https://s3.anilist.co/media/anime/cover/small/21502-lpAf89ZR1CGF.jpg"}, "bannerImage": null, "isAdult": false, "format": "TV_SHORT"}, {"id": 21503, "title": {"romaji": "Boy Meets Harem The Animation", "english": "Boy Meets Harem The Animation"}, "type": "ANIME", "status": "FINISHED", "description": "Based on the adult manga by Omina Tachibana.<br>\n<br>\nWhat you get when you go on a school field trip to the southern islands, plane crashes and the only survivors are your teacher in love, two popular female classmates, and a sexy flight attendant. Well, Naoki, his teacher, Momoka and Kana, and Asami are certainly actively trying their best to find a way out...<br>\n<br>\n(Source: Nekopoi and Has Been Translated)", "startDate": {"year": 2014, "month": 10, "day": 31}, "endDate": {"year": 2014, "month": 10, "day": 31}, "season": "FALL", "episodes": 1, "duration": 26, "genres": ["Hentai", "Romance"], "averageScore": 62, "trending": 0, "popularity": 570, "streamingEpisodes": [], "coverImage": {"large": "https://s3.anilist.co/media/anime/cover/medium/21503-nm6kE2p6O29x.png", "medium": "https://s3.anilist.co/media/anime/cover/small/21503-nm6kE2p6O29x.png"}, "bannerImage": null, "isAdult": true, "format": "OVA"}, {"id": 21504, "title": {"romaji": "Precure All Stars Minna de Utau\u266a Kiseki no Mahou!", "english": null}, "type": "ANIME", "status": "FINISHED", "description": "The film's story will revolve around the power that lies in the tears that the Precures hide. The video reveals that the Precures' tears have the power to end the world, and so the Precures must not cry no matter what. The Precures will fight in the world of song and magic to protect their tears.<br>\n<br>\n(Source: ANN)", "startDate": {"year": 2016, "month": 3, "day": 19}, "endDate": {"year": 2016, "month": 3, "day": 19}, "season": "WINTER", "episodes": 1, "duration": 70, "genres": ["Action", "Fantasy", "Mahou Shoujo", "Music"], "averageScore": 57, "trending": 0, "popularity": 189, "streamingEpisodes": [], "coverImage": {"large": "https://s3.anilist.co/media/anime/cover/medium/21504-UTspp6RrnJYl.jpg", "medium": "https://s3.anilist.co/media/anime/cover/small/21504-UTspp6RrnJYl.jpg"}, "bannerImage": null, "isAdult": false, "format": "MOVIE"}, {"id": 21505, "title": {"romaji": "Ajin: Shoutotsu", "english": null}, "type": "ANIME", "status": "FINISHED", "description": "The second movie in the Ajin film trilogy.<br>\n<br>\n17 years ago, immortals first appeared on the battlefields of Africa. Later, rare, unknown new immortal lifeforms began appearing among humans, and they became known as \"Ajin\" (demi-humans). Just before summer vacation, a Japanese high school student is instantly killed in a traffic accident on his way home from school. However, he is revived, and a price is placed on his head. Thus begins a boy's life on the run from all of humankind.<br>\n<br>\n(Source: ANN)", "startDate": {"year": 2016, "month": 5, "day": 6}, "endDate": {"year": 2016, "month": 5, "day": 6}, "season": "SPRING", "episodes": 1, "duration": 106, "genres": ["Adventure", "Horror", "Mystery", "Supernatural"], "averageScore": 66, "trending": 0, "popularity": 1646, "streamingEpisodes": [], "coverImage": {"large": "https://s3.anilist.co/media/anime/cover/medium/21505-YEf3cFuxgOix.jpg", "medium": "https://s3.anilist.co/media/anime/cover/small/21505-YEf3cFuxgOix.jpg"}, "bannerImage": null, "isAdult": false, "format": "MOVIE"}, {"id": 21506, "title": {"romaji": "Mahoutsukai Precure!", "english": "Maho Girls Precure!"}, "type": "ANIME", "status": "FINISHED", "description": "Mirai Asahina, a 13-year-old girl who's going into her second year of middle school, witnesses a mysterious object fall in to the park. Excitedly, she brings her stuffed bear Mofurun with her to see what it was. When she gets there she sees a girl named Riko flying on a broom. Mirai has a lot of questions, and Riko explains that she's searching for something. The two of them are wearing similar pendants. Then Batti, an ally of the dark magic user Dokurokushi, appears before them and demands the \"Link Stone Emerald.\" Batti creates a monster called a \"Yokubaru\" and drives them into a corner. Mirai, Riko, and Mofurun join hands and speak the magic words \"Cure-Up Rapapa,\" their pendants glow, and they become the legendary Precure.<br><br>\n\n(Source: ANN)", "startDate": {"year": 2016, "month": 2, "day": 7}, "endDate": {"year": 2017, "month": 1, "day": 29}, "season": "WINTER", "episodes": 50, "duration": 24, "genres": ["Fantasy", "Mahou Shoujo"], "averageScore": 63, "trending": 1, "popularity": 916, "streamingEpisodes": [], "coverImage": {"large": "https://s3.anilist.co/media/anime/cover/medium/21506-LGv3CuAepgEc.jpg", "medium": "https://s3.anilist.co/media/anime/cover/small/21506-LGv3CuAepgEc.jpg"}, "bannerImage": "https://s3.anilist.co/media/anime/banner/21506-oV2uACC9f7YC.jpg", "isAdult": false, "format": "TV"}, {"id": 21507, "title": {"romaji": "Mob Psycho 100", "english": null}, "type": "ANIME", "status": "FINISHED", "description": "The story revolves around \"Mob,\" a boy who will explode if his emotional capacity reaches 100%. This boy with psychic powers earned his nickname \"Mob\" because he does not stand out among other people. He keeps his psychic powers bottled up so he can live normally, but if his emotional level reaches 100, something will overwhelm his entire body.<br>\n<br>\n(Source: ANN)", "startDate": {"year": 2016, "month": 7, "day": 12}, "endDate": {"year": 2016, "month": 9, "day": 27}, "season": "SUMMER", "episodes": 12, "duration": 24, "genres": ["Action", "Comedy", "Supernatural"], "averageScore": 83, "trending": 3, "popularity": 34649, "streamingEpisodes": [{"title": "Episode 1 - Self-Proclaimed Psychic: Reigen Arataka ~And Mob~", "url": "http://www.crunchyroll.com/mob-psycho-100/episode-1-self-proclaimed-psychic-reigen-arataka-and-mob-776658"}, {"title": "Episode 2 - Doubts About Youth ~The Telepathy Club Appears~", "url": "http://www.crunchyroll.com/mob-psycho-100/episode-2-doubts-about-youth-the-telepathy-club-appears-776659"}, {"title": "Episode 3 - An Invite to a Meeting ~Simply Put, I Just Want to Be Popular~", "url": "http://www.crunchyroll.com/mob-psycho-100/episode-3-an-invite-to-a-meeting-simply-put-i-just-want-to-be-popular-776660"}, {"title": "Episode 4 - Idiots Only Event ~Kin~", "url": "http://www.crunchyroll.com/mob-psycho-100/episode-4-idiots-only-event-kin-776661"}, {"title": "Episode 5 - OCHIMUSHA ~Psychic Powers and Me~", "url": "http://www.crunchyroll.com/mob-psycho-100/episode-5-ochimusha-psychic-powers-and-me-776664"}, {"title": "Episode 6 - Discord ~To Become One~", "url": "http://www.crunchyroll.com/mob-psycho-100/episode-6-discord-to-become-one-776665"}, {"title": "Episode 7 - Exaltation ~I've Obtained Loss~", "url": "http://www.crunchyroll.com/mob-psycho-100/episode-7-exaltation-ive-obtained-loss-776668"}, {"title": "Episode 8 - The Older Brother Bows ~Destructive Intent~", "url": "http://www.crunchyroll.com/mob-psycho-100/episode-8-the-older-brother-bows-destructive-intent-776669"}, {"title": "Episode 9 - \"Claw\" ~7th Division~", "url": "http://www.crunchyroll.com/mob-psycho-100/episode-9-claw-7th-division-776672"}, {"title": "Episode 10 - The Heinous Aura ~Mastermind~", "url": "http://www.crunchyroll.com/mob-psycho-100/episode-10-the-heinous-aura-mastermind-776673"}, {"title": "Episode 11 - Master ~Leader~", "url": "http://www.crunchyroll.com/mob-psycho-100/episode-11-master-leader-776676"}, {"title": "Episode 12 - Mob and Reigen ~A Giant Tsuchinoko Appears~", "url": "http://www.crunchyroll.com/mob-psycho-100/episode-12-mob-and-reigen-a-giant-tsuchinoko-appears-776678"}], "coverImage": {"large": "https://s3.anilist.co/media/anime/cover/medium/21507-84r2VaJZzVKR.jpg", "medium": "https://s3.anilist.co/media/anime/cover/small/21507-84r2VaJZzVKR.jpg"}, "bannerImage": "https://s3.anilist.co/media/anime/banner/21507-Zk8Rjb23CIo9.jpg", "isAdult": false, "format": "TV"}, {"id": 21508, "title": {"romaji": "Senki Zesshou Symphogear GX: Senki Zesshou Shinai Symphogear", "english": "Senki Zesshou Symphogear GX: Senki Zesshou Shinai Symphogear"}, "type": "ANIME", "status": "FINISHED", "description": "Shorts released with the Blu-ray and DVD releases of Senki Zesshou Symphogear GX.", "startDate": {"year": 2015, "month": 11, "day": 25}, "endDate": {"year": 2016, "month": 2, "day": 24}, "season": "FALL", "episodes": 4, "duration": 8, "genres": ["Action", "Music", "Sci-Fi"], "averageScore": 64, "trending": 0, "popularity": 591, "streamingEpisodes": [], "coverImage": {"large": "https://s3.anilist.co/media/anime/cover/medium/21508-JrQ2VrjhOLPL.jpg", "medium": "https://s3.anilist.co/media/anime/cover/small/21508-JrQ2VrjhOLPL.jpg"}, "bannerImage": null, "isAdult": false, "format": "SPECIAL"}, {"id": 21509, "title": {"romaji": "Danganronpa 3: The End of Kibougamine Gakuen - Mirai-hen", "english": "Danganronpa 3: The End of Hope\u2019s Peak High School - Future Arc"}, "type": "ANIME", "status": "FINISHED", "description": "After Makoto Naegi and his fellow survivors escaped Hope's Peak Academy to the world beyond, they soon join the Future Foundation, an organization dedicated to combating despair. Just when all seems to be looking up, Naegi is arrested and tried for betrayal due to defending a malicious group of Remnants of Despair. Standing before all of the Future Foundation executives, he finds himself, along with Kyouko Kirigiri and Aoi Asahina, facing an unknown fate.\n<br><br>\nThe matter at hand only escalates when the organization's supposedly impenetrable security is hacked into by a\nfamiliar face: Monokuma. Much to Naegi's horror, the mechanical bear immediately announces the beginning of a new killing game, as moments later, the first victim appears as a signal for despair to resume its brutal conquest.\n<br><br>\nIn the conclusion to Danganronpa's gripping tale of hope and despair, Naegi, the Super High School-Level Lucky Student, must once again unravel the mystery as his colleagues and friends begin falling around him. However, there are no more class trials; among the 16 desperate participants, there is only one killer\u2014and their death means the end of this infernal game.\n<br><br>\n(Source: MAL Rewrite)", "startDate": {"year": 2016, "month": 7, "day": 11}, "endDate": {"year": 2016, "month": 9, "day": 26}, "season": "SUMMER", "episodes": 12, "duration": 24, "genres": ["Action", "Horror", "Mystery", "Psychological", "Thriller"], "averageScore": 71, "trending": 0, "popularity": 11545, "streamingEpisodes": [], "coverImage": {"large": "https://s3.anilist.co/media/anime/cover/medium/21509-8djVTzVQO7IH.jpg", "medium": "https://s3.anilist.co/media/anime/cover/small/21509-8djVTzVQO7IH.jpg"}, "bannerImage": "https://s3.anilist.co/media/anime/banner/21509-3Ax0CbLNFruq.jpg", "isAdult": false, "format": "TV"}, {"id": 21510, "title": {"romaji": "Osomatsu-san Episode 3.5", "english": "Mr. Osomatsu Episode 3.5"}, "type": "ANIME", "status": "FINISHED", "description": "Episode 3.5 features two short segments titled \"Matsu-jiru\" and \"Douteina Hero.\"<br>\n<br>\nMatsu-jiru - One day, the Matsuno boys are greeted by a morning different from usual... A special day for them begins.<br>\n<br>\nDouteina Hero - One day, Choromatsu discovers a group of college students enjoying a barbecue. But he feels inferior next to these college students who live in a different world. What's revealed is...<br>\n<br>\n(Source: ANN)", "startDate": {"year": 2016, "month": 1, "day": 29}, "endDate": {"year": 2016, "month": 1, "day": 29}, "season": "WINTER", "episodes": 1, "duration": 23, "genres": ["Comedy"], "averageScore": 68, "trending": 0, "popularity": 1044, "streamingEpisodes": [{"title": "Episode 25 - Mr. Osomatsu in Hell", "url": "http://www.crunchyroll.com/mr-osomatsu/episode-25-mr-osomatsu-in-hell-758487"}, {"title": "Episode 24 - Cherry Blossoms", "url": "http://www.crunchyroll.com/mr-osomatsu/episode-24-cherry-blossoms-758485"}, {"title": "Episode 23 - The Late Night Himatsuya / Dayon and Dayon / Iyami-san Is Troubled", "url": "http://www.crunchyroll.com/mr-osomatsu/episode-23-the-late-night-himatsuya-dayon-and-dayon-iyami-san-is-troubled-758483"}, {"title": "Episode 22 - Overseas Vacation", "url": "http://www.crunchyroll.com/mr-osomatsu/episode-22-overseas-vacation-758481"}, {"title": "Episode 21 - BANANA, NEET Correctional Facility, etc.", "url": "http://www.crunchyroll.com/mr-osomatsu/episode-21-banana-neet-correctional-facility-etc-758479"}, {"title": "Episode 20 - Tidbits Collection 2", "url": "http://www.crunchyroll.com/mr-osomatsu/episode-20-tidbits-collection-2-758477"}, {"title": "Episode 19 - President Dekapan / Ventriloquism / Valentine's Day", "url": "http://www.crunchyroll.com/mr-osomatsu/episode-19-president-dekapan-ventriloquism-valentines-day-758475"}, {"title": "Episode 18 - Iyami, Alone in the Wind", "url": "http://www.crunchyroll.com/mr-osomatsu/episode-18-iyami-alone-in-the-wind-758473"}, {"title": "Episode 17 - Punishment! / Inn", "url": "http://www.crunchyroll.com/mr-osomatsu/episode-17-punishment-inn-758471"}, {"title": "Episode 16 - Space Pirates / Gourmet Episode / The Cutie Next Door", "url": "http://www.crunchyroll.com/mr-osomatsu/episode-16-space-pirates-gourmet-episode-the-cutie-next-door-758469"}, {"title": "Episode 15 - Jar / Karamatsu Taxi / Totty Quiz", "url": "http://www.crunchyroll.com/mr-osomatsu/episode-15-jar-karamatsu-taxi-totty-quiz-758467"}, {"title": "Episode 14 - The Choromatsu Incident", "url": "http://www.crunchyroll.com/mr-osomatsu/episode-14-the-choromatsu-incident-758465"}, {"title": "Episode 13 - End of the Year", "url": "http://www.crunchyroll.com/mr-osomatsu/episode-13-end-of-the-year-748893"}, {"title": "Episode 12 - The Eitarou Family", "url": "http://www.crunchyroll.com/mr-osomatsu/episode-12-the-eitarou-family-748891"}, {"title": "Episode 11 - Chibita's Revenge", "url": "http://www.crunchyroll.com/mr-osomatsu/episode-11-chibitas-revenge-748889"}, {"title": "Episode 10 - Karamatsu and Brother", "url": "http://www.crunchyroll.com/mr-osomatsu/episode-10-karamatsu-and-brother-748887"}, {"title": "Episode 9 - Campaign Starting Now!", "url": "http://www.crunchyroll.com/mr-osomatsu/episode-9-campaign-starting-now-748885"}, {"title": "Episode 8 - Jyushimatsu and the Dolphin / Totoko and Nyaa", "url": "http://www.crunchyroll.com/mr-osomatsu/episode-8-jyushimatsu-and-the-dolphin-totoko-and-nyaa-748883"}, {"title": "Episode 7 - Osomatsu and Todomatsu", "url": "http://www.crunchyroll.com/mr-osomatsu/episode-7-osomatsu-and-todomatsu-748881"}, {"title": "Episode 6 - Iyami Has Arrived", "url": "http://www.crunchyroll.com/mr-osomatsu/episode-6-iyami-has-arrived-748879"}, {"title": "Episode 5 - Osomatsu-san in the Summer", "url": "http://www.crunchyroll.com/mr-osomatsu/episode-5-osomatsu-san-in-the-summer-748877"}, {"title": "Episode 4 - Matsuzou and Matsuyo", "url": "http://www.crunchyroll.com/mr-osomatsu/episode-4-matsuzou-and-matsuyo-748875"}, {"title": "Episode 3 - Totoko's Challenge", "url": "http://www.crunchyroll.com/mr-osomatsu/episode-3-totokos-challenge-748873"}, {"title": "Episode 2 - Super Detergent", "url": "http://www.crunchyroll.com/mr-osomatsu/episode-2-super-detergent-748871"}, {"title": "Episode 1 - Mr. Osomatsu Returns", "url": "http://www.crunchyroll.com/mr-osomatsu/episode-1-mr-osomatsu-returns-748869"}], "coverImage": {"large": "https://s3.anilist.co/media/anime/cover/medium/21510-FgDYDwDMzAcQ.png", "medium": "https://s3.anilist.co/media/anime/cover/small/21510-FgDYDwDMzAcQ.png"}, "bannerImage": null, "isAdult": false, "format": "SPECIAL"}, {"id": 21511, "title": {"romaji": "Koukaku no Pandora", "english": "Pandora in the Crimson Shell Ghost Urn"}, "type": "ANIME", "status": "FINISHED", "description": "In an age when large-scale natural disasters frequently happen all over the world, when cyborgs and autonomous robots are beginning to appear on the market in technologically advanced nations, and major world powers compete for technology and resources, the divide between rich and poor grows and the future for the poor looks bleak. In this transitional stage, everyone wanders around in a self-indulgent daze and the way out isn't clear... This is the story of how two cybernetically enhanced girls meet.<br>\n<br>\n(Source: MU)", "startDate": {"year": 2016, "month": 1, "day": 8}, "endDate": {"year": 2016, "month": 3, "day": 25}, "season": "WINTER", "episodes": 12, "duration": 24, "genres": ["Action", "Comedy", "Ecchi", "Sci-Fi"], "averageScore": 61, "trending": 0, "popularity": 4233, "streamingEpisodes": [{"title": "Episode 1 - Adepter", "url": "http://www.crunchyroll.com/pandora-in-the-crimson-shell-ghost-urn/episode-1-adepter-770715"}, {"title": "Episode 2 - Geofront", "url": "http://www.crunchyroll.com/pandora-in-the-crimson-shell-ghost-urn/episode-2-geofront-770717"}, {"title": "Episode 3 - Terrarium", "url": "http://www.crunchyroll.com/pandora-in-the-crimson-shell-ghost-urn/episode-3-terrarium-770721"}, {"title": "Episode 4 - Kitchen Drudge", "url": "http://www.crunchyroll.com/pandora-in-the-crimson-shell-ghost-urn/episode-4-kitchen-drudge-770727"}, {"title": "Episode 5 - System Down", "url": "http://www.crunchyroll.com/pandora-in-the-crimson-shell-ghost-urn/episode-5-system-down-770731"}, {"title": "Episode 6 - Central Nervous Unit", "url": "http://www.crunchyroll.com/pandora-in-the-crimson-shell-ghost-urn/episode-6-central-nervous-unit-770735"}, {"title": "Episode 7 - Puppeteer", "url": "http://www.crunchyroll.com/pandora-in-the-crimson-shell-ghost-urn/episode-7-puppeteer-770739"}, {"title": "Episode 8 - Inferno", "url": "http://www.crunchyroll.com/pandora-in-the-crimson-shell-ghost-urn/episode-8-inferno-770743"}, {"title": "Episode 9 - Assault", "url": "http://www.crunchyroll.com/pandora-in-the-crimson-shell-ghost-urn/episode-9-assault-770745"}, {"title": "Episode 10 - Fear", "url": "http://www.crunchyroll.com/pandora-in-the-crimson-shell-ghost-urn/episode-10-fear-770757"}, {"title": "Episode 11 - Ghost Urn", "url": "http://www.crunchyroll.com/pandora-in-the-crimson-shell-ghost-urn/episode-11-ghost-urn-770759"}, {"title": "Episode 12 - Elpis", "url": "http://www.crunchyroll.com/pandora-in-the-crimson-shell-ghost-urn/episode-12-elpis-770763"}], "coverImage": {"large": "https://s3.anilist.co/media/anime/cover/medium/21511-4slK90uUWuPa.jpg", "medium": "https://s3.anilist.co/media/anime/cover/small/21511-4slK90uUWuPa.jpg"}, "bannerImage": null, "isAdult": false, "format": "TV"}, {"id": 21512, "title": {"romaji": "Ensemble Stars!", "english": null}, "type": "ANIME", "status": "NOT_YET_RELEASED", "description": "An anime adaptation of the idol raising game \"Ensemble Stars!\" which takes place at a private boys' idol-training school.", "startDate": {"year": 2019, "month": null, "day": null}, "endDate": {"year": null, "month": null, "day": null}, "season": null, "episodes": null, "duration": null, "genres": ["Music", "Slice of Life"], "averageScore": null, "trending": 0, "popularity": 743, "streamingEpisodes": [], "coverImage": {"large": "https://s3.anilist.co/media/anime/cover/medium/21512-1cFahHeK2RBV.jpg", "medium": "https://s3.anilist.co/media/anime/cover/small/21512-1cFahHeK2RBV.jpg"}, "bannerImage": "https://s3.anilist.co/media/anime/banner/21512-2E6P97RlPcZB.jpg", "isAdult": false, "format": "TV"}, {"id": 21513, "title": {"romaji": "Teekyuu 7", "english": "Teekyuu 7"}, "type": "ANIME", "status": "FINISHED", "description": "Seventh season of Teekyuu.\n<br><br>\nTeekyuu is based on a sports comedy manga of the same name featuring four high school girls who belong to a tennis club. Although the amount of tennis they play is questionable.", "startDate": {"year": 2016, "month": 1, "day": 12}, "endDate": {"year": 2016, "month": 3, "day": 29}, "season": "WINTER", "episodes": 12, "duration": 2, "genres": ["Comedy", "Sports"], "averageScore": 65, "trending": 0, "popularity": 1827, "streamingEpisodes": [{"title": "Episode 1 - Once in a Lifetime with Senpai", "url": "http://www.crunchyroll.com/teekyu/episode-1-once-in-a-lifetime-with-senpai-612533"}, {"title": "Episode 2 - Caribbean with Senpai", "url": "http://www.crunchyroll.com/teekyu/episode-2-caribbean-with-senpai-612923"}, {"title": "Episode 3 - Gold Rush with Senpai", "url": "http://www.crunchyroll.com/teekyu/episode-3-gold-rush-with-senpai-612941"}, {"title": "Episode 4 - Goonies with Senpai", "url": "http://www.crunchyroll.com/teekyu/episode-4-goonies-with-senpai-612949"}, {"title": "Episode 5 - DENGEKI with Senpai", "url": "http://www.crunchyroll.com/teekyu/episode-5-dengeki-with-senpai-612951"}, {"title": "Episode 6 - Waterworld with Senpai", "url": "http://www.crunchyroll.com/teekyu/episode-6-waterworld-with-senpai-612953"}, {"title": "Episode 7 - From Russia with Love with Senpai", "url": "http://www.crunchyroll.com/teekyu/episode-7-from-russia-with-love-with-senpai-612955"}, {"title": "Episode 8 - Born on the Fourth of July with Senpai", "url": "http://www.crunchyroll.com/teekyu/episode-8-born-on-the-fourth-of-july-with-senpai-612957"}, {"title": "Episode 9 - Dinner Rush with Senpai", "url": "http://www.crunchyroll.com/teekyu/episode-9-dinner-rush-with-senpai-612959"}, {"title": "Episode 10 - Up the Creek with Senpai", "url": "http://www.crunchyroll.com/teekyu/episode-10-up-the-creek-with-senpai-612961"}, {"title": "Episode 11 - Nacho Libre with Senpai", "url": "http://www.crunchyroll.com/teekyu/episode-11-nacho-libre-with-senpai-612963"}, {"title": "Episode 12 - The Sixth Sense with Senpai", "url": "http://www.crunchyroll.com/teekyu/episode-12-the-sixth-sense-with-senpai-612965"}], "coverImage": {"large": "https://s3.anilist.co/media/anime/cover/medium/21513-QrofOTgTEK0b.png", "medium": "https://s3.anilist.co/media/anime/cover/small/21513-QrofOTgTEK0b.png"}, "bannerImage": "https://s3.anilist.co/media/anime/banner/21513-AqAkh7YRBo1Y.jpg", "isAdult": false, "format": "TV_SHORT"}, {"id": 21514, "title": {"romaji": "Toshi Densetsu Series", "english": null}, "type": "ANIME", "status": "FINISHED", "description": "Toshi Densetsu Series is a series story about Urban Legend Japan parodyed with passion and sexuality that makes you will not feel afraid anymore with the name of a ghost or a demon.<br>\n<br>\nEpisode 1<br>\nThe story is based on the Japanese ghost legend of \"Hanako in the Toilet\" where this story begins from Hasegawa Hanako, an elementary school student who wants to put a love letter in the afternoon when the class is over. However, suddenly she was raped by the teacher PEDOPHILE, Hanako accidentally died raped and thrown in the men's toilet. At night, there was a young teacher who was sent to school and he heard a voice from the Toilet then he found Hanako, from where the story will begin ....<br>\n<br>\nEpisode 2<br>\nThis story tells about the curse of the horror movie or the famous Urban Legend is Sadako. Because of technological advances and world developments, Sadako is beginning to be forgotten and she loses the power to be her ghost. To restore her strength, she had to make a new promotional video by debuting a porn video with a man she had just met after she left the TV.<br>\n<br>\nEpisode 3<br>\nThis story tells about the legend of Hachishaku-sama is a god who lives in a village, but over time many people walk forget it. Then, she tried to wander off to a place to meet the kids. It is said that this Hachishaku-sama legend has a height of 2m 40cm or as its 8-foot-tall, adult-shaped name and likes to appear in front of the boys and eat it, but they usually eat in the pervert stuff like the penis.<br>\n<br>\nEpisode 4<br>\nThis story tells the story of the legend of the beautiful Mary-san dolls being thrown into the trash can and begins to take revenge on people by terrorizing it over the phone. But this story has been parodyed by Mary-chan who called a virgin man and took her virginity with the heavenly sensation of him.<br>\n<br>\nEpisode 5<br>\nContinue on the story of Sadako. Now Sadako has switched habitat, previously she from Television, now moving to Virtual Reality (or VR) game. Convert, create, manipulate VR Games into real sex games. In the background with Aincrad Sword Art Online developed into useful sexual games.<br>\n<br>\nEpisode 6<br>\nContinue again in the story about the Toshi Densetu Series ghosts. Now Hanako's ghost is depressed, she feels depressed because she feels disappointed living as a ghost who cannot unite with living things like humans and animals. She wanted to help an abandoned cat and adopt it but she realized that she was a ghost and could not live with living things. Then Sadako asked for help with other ghosts Mary and Hachishaku to make Hanako cheerful again.<br>\n<br>\n(Source: Translated and Edited from Nekopoi)", "startDate": {"year": 2016, "month": 1, "day": 22}, "endDate": {"year": 2018, "month": 9, "day": 7}, "season": "WINTER", "episodes": 6, "duration": 19, "genres": ["Hentai", "Supernatural", "Fantasy", "Romance"], "averageScore": 67, "trending": 0, "popularity": 989, "streamingEpisodes": [], "coverImage": {"large": "https://s3.anilist.co/media/anime/cover/medium/21514-qJdFD84D8Jcj.jpg", "medium": "https://s3.anilist.co/media/anime/cover/small/21514-qJdFD84D8Jcj.jpg"}, "bannerImage": "https://s3.anilist.co/media/anime/banner/21514-bksdVz9EiM4w.jpg", "isAdult": true, "format": "OVA"}, {"id": 21515, "title": {"romaji": "Kyonyuu Hitozuma Onna Kyoushi Saimin", "english": null}, "type": "ANIME", "status": "FINISHED", "description": "Morishita Wataru grew up on a motherless family, but despite his lonely environment, he worked hard and managed to enroll on the prestigious Ousei academy. The school is run by an old scholarship rule, in which the students' grades are tied to the teacher's evaluation, so the teachers inevitably give the students a strict education.\n<br><br>\nMorishita has good grades, but on a class where everyone is an excellent student, his grades where below the average. Her homeroom teacher Tsukishima Kyoko was particularly strict on him, and not only about his grades, but even on his daily life. Morishita was very stressed between the difficult studies and the harsh teaching, but he had someone to help him, she was the assistant homeroom teacher of his class Shirakawa Miwa, a kind, maternal woman who understood Moshita's circumstances and was always on his mind.\n<br><br>\nHowever, she suddenly announced her marriage, and Morishita who lost his friend and only moral support fell into despair. Naturally he could not concentrate on his studies and ended up getting the lowest score on the scholarship test, ending up going to special classes after school.\n<br><br>\nHis stress was bigger than ever, now that her admired Miwa was going to be another's man woman and his grades are the lowest. At that moment, his smartphone started to vibrate, checking it out of curiosity, there was an app he had never seen called \"Hypnosis app\"...\n<br><br>\n(Source: Visual Novel Database)", "startDate": {"year": 2016, "month": 1, "day": 2}, "endDate": {"year": 2016, "month": 2, "day": 19}, "season": "WINTER", "episodes": 2, "duration": 16, "genres": ["Hentai"], "averageScore": 56, "trending": 0, "popularity": 304, "streamingEpisodes": [], "coverImage": {"large": "https://s3.anilist.co/media/anime/cover/medium/21515-BlKI6DHGYb6k.png", "medium": "https://s3.anilist.co/media/anime/cover/small/21515-BlKI6DHGYb6k.png"}, "bannerImage": "https://s3.anilist.co/media/anime/banner/21515-5mhGBNEzIlZT.jpg", "isAdult": true, "format": "OVA"}, {"id": 21516, "title": {"romaji": "Kuromukuro", "english": null}, "type": "ANIME", "status": "FINISHED", "description": "During the construction of the Kurobe Dam, an ancient artifact was discovered, and so the United Nations Kurobe Research Institute was established. Intellectuals from all over the world gathered to study the object, and the children of those researchers attend Mt. Tate International Senior High School, including the institute head's daughter, Yukina Shirahane. In the summer of 2016, a lone samurai once again awakens.\n<br><br>\n(Source: ANN)", "startDate": {"year": 2016, "month": 4, "day": 7}, "endDate": {"year": 2016, "month": 9, "day": 29}, "season": "SPRING", "episodes": 26, "duration": 24, "genres": ["Action", "Mecha"], "averageScore": 69, "trending": 1, "popularity": 7534, "streamingEpisodes": [], "coverImage": {"large": "https://s3.anilist.co/media/anime/cover/medium/21516-PsNTTtQBHRSG.jpg", "medium": "https://s3.anilist.co/media/anime/cover/small/21516-PsNTTtQBHRSG.jpg"}, "bannerImage": null, "isAdult": false, "format": "TV"}, {"id": 21517, "title": {"romaji": "Renai Boukun", "english": "Love Tyrant"}, "type": "ANIME", "status": "FINISHED", "description": "A Kiss Note is a powerful notebook that makes anyone who has their name written together will instantly fall in love if they kiss each other regardless of any circumstances. This magical and very familiar item belongs to an angel named Guri whose job as cupid is to create couples. However, she accidentally writes down Aino Seiji, a regular high school student, and unless he kisses someone, Guri will die. She convinces Seiji to go kiss his crush, Hiyama Akane, the school's popular girl who turns out has even stronger feelings for him, bordering on obsessive and psychotic. Eventually Akane and Seiji come together but not before Guri decides that she likes Seiji as well. What seems awesome to most guys becomes hell for Seiji who just wants a normal relationship with girls.\n<br><br>\n(Source: IMDB)", "startDate": {"year": 2017, "month": 4, "day": 7}, "endDate": {"year": 2017, "month": 6, "day": 23}, "season": "SPRING", "episodes": 12, "duration": 24, "genres": ["Comedy", "Romance", "Supernatural"], "averageScore": 63, "trending": 1, "popularity": 13529, "streamingEpisodes": [{"title": "Episode 1 - I'm Getting In on This, Too x Whoa! Forbidden Love?!", "url": "http://www.crunchyroll.com/love-tyrant/episode-1-im-getting-in-on-this-too-x-whoa-forbidden-love-734101"}, {"title": "Episode 2 - Sniff Sniff x The Only One Who May Hurt Seiji-kun... Is Me", "url": "http://www.crunchyroll.com/love-tyrant/episode-2-sniff-sniff-x-the-only-one-who-may-hurt-seiji-kun-is-me-734103"}, {"title": "Episode 3 - I Can Handle This Myself! x Wassup", "url": "http://www.crunchyroll.com/love-tyrant/episode-3-i-can-handle-this-myself-x-wassup-734105"}, {"title": "Episode 4 - I'm Not Going to Lose! x Are You Like Me?", "url": "http://www.crunchyroll.com/love-tyrant/episode-4-im-not-going-to-lose-x-are-you-like-me-734107"}, {"title": "Episode 5 - What Is Love? x Kami Is Prostrating Himself Now lolol", "url": "http://www.crunchyroll.com/love-tyrant/episode-5-what-is-love-x-kami-is-prostrating-himself-now-lolol-734109"}, {"title": "Episode 6 - Go to the Beach With Me? x It's Not a Matter of Knowing or Not", "url": "http://www.crunchyroll.com/love-tyrant/episode-6-go-to-the-beach-with-me-x-its-not-a-matter-of-knowing-or-not-734111"}, {"title": "Episode 7 - It's a Festival x How Did It Come to This?!", "url": "http://www.crunchyroll.com/love-tyrant/episode-7-its-a-festival-x-how-did-it-come-to-this-734113"}, {"title": "Episode 8 - Farewell x We're Rivals, Obviously!!", "url": "http://www.crunchyroll.com/love-tyrant/episode-8-farewell-x-were-rivals-obviously-734115"}, {"title": "Episode 9 - Absolutely... Nothing... x There's Just Something Wrong With Me...", "url": "http://www.crunchyroll.com/love-tyrant/episode-9-absolutely-nothing-x-theres-just-something-wrong-with-me-734117"}, {"title": "Episode 10 - I'm Here to Stay the Night x I'm... Growing Up, Too", "url": "http://www.crunchyroll.com/love-tyrant/episode-10-im-here-to-stay-the-night-x-im-growing-up-too-734119"}, {"title": "Episode 11 - Where Did She Go? x I Apologize for Troubling You Until Now", "url": "http://www.crunchyroll.com/love-tyrant/episode-11-where-did-she-go-x-i-apologize-for-troubling-you-until-now-734121"}, {"title": "Episode 12 - Right, Let's All Die! x I Finally Understand", "url": "http://www.crunchyroll.com/love-tyrant/episode-12-right-lets-all-die-x-i-finally-understand-734123"}], "coverImage": {"large": "https://s3.anilist.co/media/anime/cover/medium/nx21517-LZipZcb5kEXT.png", "medium": "https://s3.anilist.co/media/anime/cover/small/nx21517-LZipZcb5kEXT.png"}, "bannerImage": "https://s3.anilist.co/media/anime/banner/21517-8GhEu23k1leA.jpg", "isAdult": false, "format": "TV"}, {"id": 21518, "title": {"romaji": "Shokugeki no Souma: Ni no Sara", "english": "Food Wars! The Second Plate"}, "type": "ANIME", "status": "FINISHED", "description": "The second season of Shokugeki no Souma. After the qualifying test with curry dishes, eight contestants have entered the quarterfinal of Autumn Elections: Souma, Megumi, Takumi, Hisako, Alice, Kurokiba, Hayama, and Mimasaka. Their next challenge: bento.<br><br>\n\n(Source: ANN)", "startDate": {"year": 2016, "month": 7, "day": 2}, "endDate": {"year": 2016, "month": 9, "day": 24}, "season": "SUMMER", "episodes": 13, "duration": 24, "genres": ["Comedy", "Ecchi"], "averageScore": 81, "trending": 1, "popularity": 27556, "streamingEpisodes": [{"title": "Episode 1 - An Endless Wasteland", "url": "http://www.crunchyroll.com/food-wars-shokugeki-no-soma/episode-1-an-endless-wasteland-678161"}, {"title": "Episode 2 - God Tongue", "url": "http://www.crunchyroll.com/food-wars-shokugeki-no-soma/episode-2-god-tongue-678163"}, {"title": "Episode 3 - That Chef Never Smiles", "url": "http://www.crunchyroll.com/food-wars-shokugeki-no-soma/episode-3-that-chef-never-smiles-678165"}, {"title": "Episode 4 - The Madonna of the Polar Star", "url": "http://www.crunchyroll.com/food-wars-shokugeki-no-soma/episode-4-the-madonna-of-the-polar-star-678167"}, {"title": "Episode 5 - The Ice Queen and the Spring Storm", "url": "http://www.crunchyroll.com/food-wars-shokugeki-no-soma/episode-5-the-ice-queen-and-the-spring-storm-678169"}, {"title": "Episode 6 - The Meat Invader", "url": "http://www.crunchyroll.com/food-wars-shokugeki-no-soma/episode-6-the-meat-invader-678171"}, {"title": "Episode 7 - The Quiet Don the Eloquent Don", "url": "http://www.crunchyroll.com/food-wars-shokugeki-no-soma/episode-7-the-quiet-don-the-eloquent-don-678173"}, {"title": "Episode 8 - The Concerto of Inspiration and Imagination", "url": "http://www.crunchyroll.com/food-wars-shokugeki-no-soma/episode-8-the-concerto-of-inspiration-and-imagination-678175"}, {"title": "Episode 9 - The Breading to Adorn the Mountains", "url": "http://www.crunchyroll.com/food-wars-shokugeki-no-soma/episode-9-the-breading-to-adorn-the-mountains-678177"}, {"title": "Episode 10 - The Heavenly Recette", "url": "http://www.crunchyroll.com/food-wars-shokugeki-no-soma/episode-10-the-heavenly-recette-678179"}, {"title": "Episode 11 - The Magician from the East", "url": "http://www.crunchyroll.com/food-wars-shokugeki-no-soma/episode-11-the-magician-from-the-east-678181"}, {"title": "Episode 12 - The Memory of a Dish", "url": "http://www.crunchyroll.com/food-wars-shokugeki-no-soma/episode-12-the-memory-of-a-dish-678183"}, {"title": "Episode 13 - Eggs Before Dawn", "url": "http://www.crunchyroll.com/food-wars-shokugeki-no-soma/episode-13-eggs-before-dawn-678185"}, {"title": "Episode 14 - Metamorphosis", "url": "http://www.crunchyroll.com/food-wars-shokugeki-no-soma/episode-14-metamorphosis-682507"}, {"title": "Episode 15 - The Man Called the Demon", "url": "http://www.crunchyroll.com/food-wars-shokugeki-no-soma/episode-15-the-man-called-the-demon-682509"}, {"title": "Episode 16 - The Chef Who's Crossed a Thousand Leagues", "url": "http://www.crunchyroll.com/food-wars-shokugeki-no-soma/episode-16-the-chef-whos-crossed-a-thousand-leagues-682511"}, {"title": "Episode 17 - The Seductive Karaage", "url": "http://www.crunchyroll.com/food-wars-shokugeki-no-soma/episode-17-the-seductive-karaage-682513"}, {"title": "Episode 18 - The Karaage of Youth", "url": "http://www.crunchyroll.com/food-wars-shokugeki-no-soma/episode-18-the-karaage-of-youth-682515"}, {"title": "Episode 19 - The Chosen One", "url": "http://www.crunchyroll.com/food-wars-shokugeki-no-soma/episode-19-the-chosen-one-682517"}, {"title": "Episode 20 - The Dragon Lies Down and Ascends the Skies", "url": "http://www.crunchyroll.com/food-wars-shokugeki-no-soma/episode-20-the-dragon-lies-down-and-ascends-the-skies-682519"}, {"title": "Episode 21 - The Unknown Known", "url": "http://www.crunchyroll.com/food-wars-shokugeki-no-soma/episode-21-the-unknown-known-682521"}, {"title": "Episode 22 - The One Who Surpasses the Ordinary", "url": "http://www.crunchyroll.com/food-wars-shokugeki-no-soma/episode-22-the-one-who-surpasses-the-ordinary-682523"}, {"title": "Episode 23 - The Competition of the Blossoming Individuals", "url": "http://www.crunchyroll.com/food-wars-shokugeki-no-soma/episode-23-the-competition-of-the-blossoming-individuals-682525"}, {"title": "Episode 24 - The Banquet of Warriors", "url": "http://www.crunchyroll.com/food-wars-shokugeki-no-soma/episode-24-the-banquet-of-warriors-682527"}], "coverImage": {"large": "https://s3.anilist.co/media/anime/cover/medium/21518-0gjIZhw5KlAS.jpg", "medium": "https://s3.anilist.co/media/anime/cover/small/21518-0gjIZhw5KlAS.jpg"}, "bannerImage": "https://s3.anilist.co/media/anime/banner/21518-kKwYXPaFO9JL.jpg", "isAdult": false, "format": "TV"}, {"id": 21519, "title": {"romaji": "Kimi no Na wa.", "english": "Your Name."}, "type": "ANIME", "status": "FINISHED", "description": "Mitsuha Miyamizu, a high school girl, yearns to live the life of a boy in the bustling city of Tokyo\u2014a dream that stands in stark contrast to her present life in the countryside. Meanwhile in the city, Taki Tachibana lives a busy life as a high school student while juggling his part-time job and hopes for a future in architecture.<br>\n<br>\nOne day, Mitsuha awakens in a room that is not her own and suddenly finds herself living the dream life in Tokyo\u2014but in Taki's body! Elsewhere, Taki finds himself living Mitsuha's life in the humble countryside. In pursuit of an answer to this strange phenomenon, they begin to search for one another.<br>\n<br>\nKimi no Na wa. revolves around Mitsuha and Taki's actions, which begin to have a dramatic impact on each other's lives, weaving them into a fabric held together by fate and circumstance.<br>\n<br>\n[Written by MAL Rewrite]", "startDate": {"year": 2016, "month": 8, "day": 26}, "endDate": {"year": 2016, "month": 8, "day": 26}, "season": "SUMMER", "episodes": 1, "duration": 106, "genres": ["Romance", "Drama", "Supernatural"], "averageScore": 89, "trending": 1, "popularity": 45847, "streamingEpisodes": [], "coverImage": {"large": "https://s3.anilist.co/media/anime/cover/medium/21519-4I676N0vzuek.jpg", "medium": "https://s3.anilist.co/media/anime/cover/small/21519-4I676N0vzuek.jpg"}, "bannerImage": "https://s3.anilist.co/media/anime/banner/21519-bMUq6HaaUvXw.jpg", "isAdult": false, "format": "MOVIE"}, {"id": 21520, "title": {"romaji": "Koyomimonogatari", "english": null}, "type": "ANIME", "status": "FINISHED", "description": "Koyomimonogatari contains twelve short stories about Monogatari Series protagonist Koyomi Araragi, from that fateful Spring Break to the end of university exams. \n<br><br>\nReleased as a mini-series through the Koyomimonogatari phone application.", "startDate": {"year": 2016, "month": 1, "day": 9}, "endDate": {"year": 2016, "month": 3, "day": 27}, "season": "WINTER", "episodes": 12, "duration": 14, "genres": ["Comedy", "Mystery", "Supernatural"], "averageScore": 75, "trending": 0, "popularity": 11786, "streamingEpisodes": [], "coverImage": {"large": "https://s3.anilist.co/media/anime/cover/medium/21520-J2fcoSZ0qwSd.jpg", "medium": "https://s3.anilist.co/media/anime/cover/small/21520-J2fcoSZ0qwSd.jpg"}, "bannerImage": "https://s3.anilist.co/media/anime/banner/21520-iaWBW3LJHil9.jpg", "isAdult": false, "format": "ONA"}, {"id": 21521, "title": {"romaji": "Kowaremono: Risa The Animation", "english": null}, "type": "ANIME", "status": "FINISHED", "description": "Based on the manga by Yoshiron.<br>\n<br>\nRisa feels uncomfortable at home because her parents are always noisy. Therefore, he ran away from home and spent the night in his lonely uncle's house. The story continues between her uncle and Risa having sex every day.<br>\n<br>\n(Source: Nekopoi and Has Been Translated and Edited)", "startDate": {"year": 2016, "month": 1, "day": 1}, "endDate": {"year": 2016, "month": 1, "day": 1}, "season": "WINTER", "episodes": 1, "duration": 30, "genres": ["Hentai"], "averageScore": 57, "trending": 0, "popularity": 381, "streamingEpisodes": [], "coverImage": {"large": "https://s3.anilist.co/media/anime/cover/medium/21521-qpf2UqZJaCio.png", "medium": "https://s3.anilist.co/media/anime/cover/small/21521-qpf2UqZJaCio.png"}, "bannerImage": "https://s3.anilist.co/media/anime/banner/21521-X6SLq3J2AMAl.jpg", "isAdult": true, "format": "OVA"}, {"id": 21522, "title": {"romaji": "Yakata: Kannou Kitan", "english": null}, "type": "ANIME", "status": "FINISHED", "description": "Based on the adult game by Bishop.\n<br><br>\nA mysterious man is sent to teach a wealthy heiress and her two beautiful daughters the ways of carnal pleasure. Together with his trusty maid, he will make these sexy women scream in ecstasy again, and again. \n<br><br>\n(Source: VNDB)", "startDate": {"year": 2014, "month": 11, "day": 28}, "endDate": {"year": 2015, "month": 2, "day": 27}, "season": "FALL", "episodes": 2, "duration": 32, "genres": ["Hentai"], "averageScore": 55, "trending": 0, "popularity": 312, "streamingEpisodes": [], "coverImage": {"large": "https://s3.anilist.co/media/anime/cover/medium/21522-nDpsGktIO1Ww.png", "medium": "https://s3.anilist.co/media/anime/cover/small/21522-nDpsGktIO1Ww.png"}, "bannerImage": null, "isAdult": true, "format": "OVA"}, {"id": 21523, "title": {"romaji": "Tokubetsu Jugyou 3 SLG The Animation", "english": null}, "type": "ANIME", "status": "FINISHED", "description": "Based on the adult game by Bishop.", "startDate": {"year": 2014, "month": 1, "day": 3}, "endDate": {"year": 2014, "month": 7, "day": 4}, "season": "WINTER", "episodes": 2, "duration": 21, "genres": ["Hentai"], "averageScore": 54, "trending": 0, "popularity": 244, "streamingEpisodes": [], "coverImage": {"large": "https://s3.anilist.co/media/anime/cover/medium/21523-sz387GNGsHuI.jpg", "medium": "https://s3.anilist.co/media/anime/cover/small/21523-sz387GNGsHuI.jpg"}, "bannerImage": null, "isAdult": true, "format": "OVA"}, {"id": 21524, "title": {"romaji": "Tennen Koi-iro Alcohol", "english": "The Natural Color of Love Alcohol"}, "type": "ANIME", "status": "FINISHED", "description": "Based on the adult manga by Arima Jin.<br>\n<br>\nAkira and her lover Naoto get distracted by sex in the bath. As a result, Naoto contracts a cold. Akira is worried about him, but when she comes to check on him, he distracts her with sex and they begin to mess around, only for him to overexert himself. No need to worry, though... Akira takes care of him! Then, Akira has to work on Naoto's birthday, but before she can bring home her double pay, she accidentally downs a leftover alcoholic drink. Naoto is called in to bring her home, but his birthday has already ended, and Akira is so upset she begins to cry. There's only one thing to do, really: celebrate right there, with plenty of sex!<br>\n<br>\n(Source: H-Moe)", "startDate": {"year": 2014, "month": 5, "day": 30}, "endDate": {"year": 2014, "month": 9, "day": 12}, "season": "SPRING", "episodes": 2, "duration": 30, "genres": ["Hentai", "Romance"], "averageScore": 59, "trending": 0, "popularity": 359, "streamingEpisodes": [], "coverImage": {"large": "https://s3.anilist.co/media/anime/cover/medium/21524-2eA2trsRZ12o.png", "medium": "https://s3.anilist.co/media/anime/cover/small/21524-2eA2trsRZ12o.png"}, "bannerImage": null, "isAdult": true, "format": "OVA"}, {"id": 21525, "title": {"romaji": "Shin Sei Yariman Gakuen Enkou Nikki The Animation", "english": null}, "type": "ANIME", "status": "FINISHED", "description": "Based on the erotic game by Orcsoft Team Goblin.", "startDate": {"year": 2014, "month": 6, "day": 27}, "endDate": {"year": 2014, "month": 6, "day": 27}, "season": "SUMMER", "episodes": 1, "duration": 24, "genres": ["Hentai"], "averageScore": 54, "trending": 0, "popularity": 306, "streamingEpisodes": [], "coverImage": {"large": "https://s3.anilist.co/media/anime/cover/medium/21525-NGXLTOgMoY17.png", "medium": "https://s3.anilist.co/media/anime/cover/small/21525-NGXLTOgMoY17.png"}, "bannerImage": null, "isAdult": true, "format": "OVA"}, {"id": 21526, "title": {"romaji": "Shabura Rental: Ecchi na Oneesan to no Eroero Rental Obenkyou The Animation", "english": null}, "type": "ANIME", "status": "FINISHED", "description": "After the private lodge Suuichi planned to study at for his summer break burns down; from a meteorite strike, he takes up the offer from his sister(Nanami) to stay with her in the dorms over summer break. While in the bath with his sister he is caught by three other female inhabitants of the dorms and is subsequently taught \"lessons\" by each of them, partially in part to agreeing to call each of them \"nee-chan\".\n\nBased on the adult game by Atelier Kaguya HonkyTonk Pumpkin.", "startDate": {"year": 2015, "month": 2, "day": 27}, "endDate": {"year": 2015, "month": 2, "day": 27}, "season": "WINTER", "episodes": 1, "duration": 27, "genres": ["Hentai"], "averageScore": 56, "trending": 0, "popularity": 255, "streamingEpisodes": [], "coverImage": {"large": "https://s3.anilist.co/media/anime/cover/medium/21526-8fpF5yX67n6e.png", "medium": "https://s3.anilist.co/media/anime/cover/small/21526-8fpF5yX67n6e.png"}, "bannerImage": null, "isAdult": true, "format": "OVA"}, {"id": 21527, "title": {"romaji": "Sei Yariman Sisters Pakopako Nikki The Animation", "english": null}, "type": "ANIME", "status": "FINISHED", "description": "Based on the adult game by Orc Soft.", "startDate": {"year": 2015, "month": 3, "day": 27}, "endDate": {"year": 2015, "month": 3, "day": 27}, "season": "SPRING", "episodes": 1, "duration": 30, "genres": ["Hentai"], "averageScore": 57, "trending": 0, "popularity": 317, "streamingEpisodes": [], "coverImage": {"large": "https://s3.anilist.co/media/anime/cover/medium/21527-WBGtmWqZQpfQ.png", "medium": "https://s3.anilist.co/media/anime/cover/small/21527-WBGtmWqZQpfQ.png"}, "bannerImage": "https://s3.anilist.co/media/anime/banner/21527-etHoVLpPrloQ.jpg", "isAdult": true, "format": "OVA"}, {"id": 21528, "title": {"romaji": "Ketsuekigata-kun! 4", "english": null}, "type": "ANIME", "status": "FINISHED", "description": "Season 4 of Ketsuekigata-kun!", "startDate": {"year": 2016, "month": 1, "day": 12}, "endDate": {"year": 2016, "month": 3, "day": 29}, "season": "WINTER", "episodes": 12, "duration": 3, "genres": ["Comedy"], "averageScore": 53, "trending": 0, "popularity": 225, "streamingEpisodes": [], "coverImage": {"large": "https://s3.anilist.co/media/anime/cover/medium/21528-A1a7cQdidg5o.jpg", "medium": "https://s3.anilist.co/media/anime/cover/small/21528-A1a7cQdidg5o.jpg"}, "bannerImage": null, "isAdult": false, "format": "TV_SHORT"}, {"id": 21529, "title": {"romaji": "Sei Shoujo ~Seido Ikusei Gakuen~ The Animation", "english": "St. Prostitute  ~Sex School Education Academy~"}, "type": "ANIME", "status": "FINISHED", "description": "Based on the adult game by Frill.<br>\n<br>\nWhite Lily Hill School is a public boarding school full of female students. But the school has another hidden side ... The High Class Prostitute. In school it educates women into high-class prostitutes to be able to grant men desire about sex. Most of her lecherous fantasy women are still locked in her deepest heart. There it is the duty of the educator to open her lecherous fantasies and bring the women to the surface to become high-class prostitutes.<br>\n<br>\n(Source: Translated and Edited from Nekopoi)", "startDate": {"year": 2014, "month": 7, "day": 25}, "endDate": {"year": 2014, "month": 7, "day": 25}, "season": "SUMMER", "episodes": 1, "duration": 30, "genres": ["Hentai"], "averageScore": 54, "trending": 0, "popularity": 269, "streamingEpisodes": [], "coverImage": {"large": "https://s3.anilist.co/media/anime/cover/medium/21529-m2zT1k7tK0tE.png", "medium": "https://s3.anilist.co/media/anime/cover/small/21529-m2zT1k7tK0tE.png"}, "bannerImage": null, "isAdult": true, "format": "OVA"}, {"id": 21530, "title": {"romaji": "KochinPa!", "english": "Aira"}, "type": "ANIME", "status": "FINISHED", "description": "An anime adaptation of the pachinko and slot machine parlor Island in Akihabara, Tokyo's \"Aira Project\" commercials.", "startDate": {"year": 2015, "month": 12, "day": 22}, "endDate": {"year": 2016, "month": 5, "day": 25}, "season": "WINTER", "episodes": 12, "duration": 1, "genres": ["Music", "Comedy"], "averageScore": null, "trending": 0, "popularity": 111, "streamingEpisodes": [], "coverImage": {"large": "https://s3.anilist.co/media/anime/cover/medium/21530-YyHXfd8vcvfb.png", "medium": "https://s3.anilist.co/media/anime/cover/small/21530-YyHXfd8vcvfb.png"}, "bannerImage": null, "isAdult": false, "format": "TV_SHORT"}, {"id": 21531, "title": {"romaji": "Samurai Hormone: The Animation", "english": null}, "type": "ANIME", "status": "FINISHED", "description": "Based on the adult game by Clam Chowder.\n<br><br>\nShizume, a kunoichi of the Fuuma clan, fails in her first attempt to retrieve an important scroll from Horimon Juurou and gets disciplined by her father and brother. Will her next attempt succeed or will Horimon prove to be too much for her? Meanwhile, Horimon is also being pursued by Kojuurouta, wanting revenge for him apparently killing her father and stealing the scroll. Will she be resistent to his charms?\n<br><br>\n(Source: MAL)", "startDate": {"year": 2014, "month": 10, "day": 3}, "endDate": {"year": 2014, "month": 10, "day": 3}, "season": "FALL", "episodes": 1, "duration": 24, "genres": ["Hentai", "Romance"], "averageScore": 51, "trending": 0, "popularity": 182, "streamingEpisodes": [], "coverImage": {"large": "https://s3.anilist.co/media/anime/cover/medium/21531-qGTjFY2yK6FV.png", "medium": "https://s3.anilist.co/media/anime/cover/small/21531-qGTjFY2yK6FV.png"}, "bannerImage": null, "isAdult": true, "format": "OVA"}, {"id": 21532, "title": {"romaji": "Rennyuu Tales The Animation", "english": null}, "type": "ANIME", "status": "FINISHED", "description": "Based on the adult manga by momi.<br>\n<br>\nNyarko and Kogorou lately look so familiar, because in the club's activities there are only two of them alone. Many suspect Kogorou's and Nyarko's relationships about a pervert. So the Principal called them both to make sure. Having made the Headmaster believe that there was no connection between them, they began to continue the pervert thing that they kept secret.<br>\n<br>\n(Source: Nekopoi and Has Been Translated)", "startDate": {"year": 2014, "month": 5, "day": 30}, "endDate": {"year": 2014, "month": 5, "day": 30}, "season": "SPRING", "episodes": 1, "duration": 30, "genres": ["Hentai", "Romance"], "averageScore": 55, "trending": 0, "popularity": 233, "streamingEpisodes": [], "coverImage": {"large": "https://s3.anilist.co/media/anime/cover/medium/21532-pKLahKuASdAe.png", "medium": "https://s3.anilist.co/media/anime/cover/small/21532-pKLahKuASdAe.png"}, "bannerImage": null, "isAdult": true, "format": "OVA"}, {"id": 21533, "title": {"romaji": "Renai Fuyou Gakuha: The Animation", "english": null}, "type": "ANIME", "status": "FINISHED", "description": "Based on the adult manga by Yasui Riosuke.", "startDate": {"year": 2014, "month": 6, "day": 27}, "endDate": {"year": 2014, "month": 6, "day": 27}, "season": "SUMMER", "episodes": 1, "duration": 30, "genres": ["Hentai"], "averageScore": 55, "trending": 0, "popularity": 256, "streamingEpisodes": [], "coverImage": {"large": "https://s3.anilist.co/media/anime/cover/medium/21533-ukBfQxcJNwGB.png", "medium": "https://s3.anilist.co/media/anime/cover/small/21533-ukBfQxcJNwGB.png"}, "bannerImage": null, "isAdult": true, "format": "OVA"}, {"id": 21534, "title": {"romaji": "Active Raid: Kidou Kyoushuushitsu Dai Hakkei 2", "english": "Active Raid Second"}, "type": "ANIME", "status": "FINISHED", "description": "The nation's capital, Tokyo, where the Space Elevator Project is proceeding at full tilt, in preparation for the summit. Established to fight crime based around Willwear, enhanced armor, is the Special Public Security Fifth Division Third Mobile Assault Eighth Unit\u2014Unit 8 in short. Having saved Japan from Logos' terrorism, Unit 8 was now become really popular around the country. However, crimes misusing Willwear showed no signs of slowing down. In fact, they kept escalating. Kuroki and the rest of Unit 8 now have new members on their side, and continue to fight evil crimes with their brains, bravery, and the gift of gab\u2014now with the help of civilian police.<br><br>\n\n(Source: ANN)", "startDate": {"year": 2016, "month": 7, "day": 10}, "endDate": {"year": 2016, "month": 9, "day": 25}, "season": "SUMMER", "episodes": 12, "duration": 24, "genres": ["Mecha", "Sci-Fi"], "averageScore": 60, "trending": 0, "popularity": 1721, "streamingEpisodes": [{"title": "Episode 1 - Code No. 538", "url": "http://www.crunchyroll.com/active-raid/episode-1-code-no-538-691715"}, {"title": "Episode 2 - Academy Destruction", "url": "http://www.crunchyroll.com/active-raid/episode-2-academy-destruction-691717"}, {"title": "Episode 3 - Challenge From the Arena", "url": "http://www.crunchyroll.com/active-raid/episode-3-challenge-from-the-arena-691719"}, {"title": "Episode 4 - Holding Airspace", "url": "http://www.crunchyroll.com/active-raid/episode-4-holding-airspace-691721"}, {"title": "Episode 5 - Poker Face of Erasure", "url": "http://www.crunchyroll.com/active-raid/episode-5-poker-face-of-erasure-691723"}, {"title": "Episode 6 - Dreams Beyond the Twilight", "url": "http://www.crunchyroll.com/active-raid/episode-6-dreams-beyond-the-twilight-691725"}, {"title": "Episode 7 - Long Rail Life", "url": "http://www.crunchyroll.com/active-raid/episode-7-long-rail-life-691727"}, {"title": "Episode 8 - Ulti-maid-ronde", "url": "http://www.crunchyroll.com/active-raid/episode-8-ulti-maid-ronde-691729"}, {"title": "Episode 9 - In the Name of Logos", "url": "http://www.crunchyroll.com/active-raid/episode-9-in-the-name-of-logos-691731"}, {"title": "Episode 10 - The Invisible Conqueror", "url": "http://www.crunchyroll.com/active-raid/episode-10-the-invisible-conqueror-691733"}, {"title": "Episode 11 - Japan Style", "url": "http://www.crunchyroll.com/active-raid/episode-11-japan-style-691735"}, {"title": "Episode 12 - For Whom Does Order Exist?", "url": "http://www.crunchyroll.com/active-raid/episode-12-for-whom-does-order-exist-691737"}], "coverImage": {"large": "https://s3.anilist.co/media/anime/cover/medium/21534-CZNFYg1JbiCk.jpg", "medium": "https://s3.anilist.co/media/anime/cover/small/21534-CZNFYg1JbiCk.jpg"}, "bannerImage": null, "isAdult": false, "format": "TV"}, {"id": 21535, "title": {"romaji": "Pandra The Animation: Shiroki Yokubou Kuro no Kibou", "english": null}, "type": "ANIME", "status": "FINISHED", "description": "Based on the manga by Erect Sawaru.", "startDate": {"year": 2014, "month": 4, "day": 25}, "endDate": {"year": 2014, "month": 8, "day": 29}, "season": "SPRING", "episodes": 2, "duration": 30, "genres": ["Fantasy", "Hentai", "Supernatural"], "averageScore": 57, "trending": 0, "popularity": 341, "streamingEpisodes": [], "coverImage": {"large": "https://s3.anilist.co/media/anime/cover/medium/21535-HHzRKRnIw0mV.png", "medium": "https://s3.anilist.co/media/anime/cover/small/21535-HHzRKRnIw0mV.png"}, "bannerImage": null, "isAdult": true, "format": "OVA"}, {"id": 21536, "title": {"romaji": "Paizuri Cheerleader vs. Sakunyuu Ouendan!", "english": null}, "type": "ANIME", "status": "FINISHED", "description": "Based on the erotic game by Marine.<br>\n<br>\nShin belongs to a cheer group. Though he wasn't interested in it, Yuko, his older step-sister, forced him to join it.... As a matter of fact, there are only two members, Shin and Yuko. On the other hand, a cheerleading club has a lot of members. One day, Shin accidentally collides with Chieru, a member of the cheerleading club, and she gets injured.... In compensation for her injury, he decides to work as a caretaker of the cheerleading club. But days later, Satsuki, a coach of the cheerleading club, suddenly orders the members, \"You should give him a titjob to overcome your sense of shame!\" As they are all confused, Satsuki starts giving Shin a titjob...!<br>\n<br>\n(Source: Erogeshop)", "startDate": {"year": 2014, "month": 7, "day": 18}, "endDate": {"year": 2014, "month": 7, "day": 18}, "season": "SUMMER", "episodes": 1, "duration": 30, "genres": ["Hentai", "Romance"], "averageScore": 55, "trending": 0, "popularity": 227, "streamingEpisodes": [], "coverImage": {"large": "https://s3.anilist.co/media/anime/cover/medium/21536-SsoHZILOFMrC.png", "medium": "https://s3.anilist.co/media/anime/cover/small/21536-SsoHZILOFMrC.png"}, "bannerImage": null, "isAdult": true, "format": "OVA"}, {"id": 21537, "title": {"romaji": "Oyome-sama Honey Days\u2661", "english": null}, "type": "ANIME", "status": "FINISHED", "description": "Based on the adult manga by TANA.", "startDate": {"year": 2014, "month": 11, "day": 28}, "endDate": {"year": 2015, "month": 2, "day": 27}, "season": "FALL", "episodes": 2, "duration": 30, "genres": ["Hentai"], "averageScore": 47, "trending": 0, "popularity": 150, "streamingEpisodes": [], "coverImage": {"large": "https://s3.anilist.co/media/anime/cover/medium/21537-xuJfOzUC6vWf.png", "medium": "https://s3.anilist.co/media/anime/cover/small/21537-xuJfOzUC6vWf.png"}, "bannerImage": null, "isAdult": true, "format": "OVA"}, {"id": 21538, "title": {"romaji": "Oshaburi Announcer", "english": null}, "type": "ANIME", "status": "FINISHED", "description": "Based on the adult game by Marine.", "startDate": {"year": 2014, "month": 5, "day": 23}, "endDate": {"year": 2014, "month": 5, "day": 23}, "season": "SPRING", "episodes": 1, "duration": 25, "genres": ["Hentai", "Romance"], "averageScore": 57, "trending": 0, "popularity": 250, "streamingEpisodes": [], "coverImage": {"large": "https://s3.anilist.co/media/anime/cover/medium/21538-ZnDAkRMOc2pl.jpg", "medium": "https://s3.anilist.co/media/anime/cover/small/21538-ZnDAkRMOc2pl.jpg"}, "bannerImage": "https://s3.anilist.co/media/anime/banner/21538-SQVTbHOdJh0F.jpg", "isAdult": true, "format": "OVA"}, {"id": 21539, "title": {"romaji": "Oppai Gakuen Marching Band Bu!", "english": null}, "type": "ANIME", "status": "FINISHED", "description": "Based on the erotic game by Marine.<br>\n<br>\nYou play an average joe who one day receives a special camera from a mysterious, massively-endowed girl in a bunny suit. This camera has the ability to make any girl photographed with it unbearably horny, deepening their erotic agony with each picture you take. And when the sexual tension finally boils over, the only way to quench these uniformed vixens' thirst is by having them service you with their enormous breasts!<br>\n<br>\n(Source: Visual Novel Database)", "startDate": {"year": 2014, "month": 10, "day": 24}, "endDate": {"year": 2014, "month": 10, "day": 24}, "season": "FALL", "episodes": 1, "duration": 27, "genres": ["Hentai", "Romance"], "averageScore": 59, "trending": 0, "popularity": 316, "streamingEpisodes": [], "coverImage": {"large": "https://s3.anilist.co/media/anime/cover/medium/21539-0cDRwfe7VUiT.png", "medium": "https://s3.anilist.co/media/anime/cover/small/21539-0cDRwfe7VUiT.png"}, "bannerImage": "https://s3.anilist.co/media/anime/banner/n21539-2zWdYMfp8AKd.jpg", "isAdult": true, "format": "OVA"}, {"id": 21540, "title": {"romaji": "Concrete Revolutio: Choujin Gensou - THE LAST SONG", "english": "Concrete Revolutio: THE LAST SONG"}, "type": "ANIME", "status": "FINISHED", "description": "The stage is set in \u201canother Japan\u201d as a banquet of diverse superhumans unfolds\u2026<br>\n<br>\nIn an imaginary \"age of gods\" about 20 years after the war, Japan has grown and developed by leaps and bounds. What if all the superhumans ever written about in fictional stories existed at the same time? Superhumans who came into existence through different circumstances, and who are special in different ways -- Titans from outer space, lifeforms from a mystical world, phantoms and goblins from ancient times, cyborgs created by scientists, relics that rose out of the ruins of ancient civilizations, and the list goes on. One segment of these superhumans makes no secret of their existence and has gained popularity in society. Others cloak their identities and fight in secrecy.<br>\n<br>\nThere are enemies of superhumans as well, organizations that operate in the shadows.<br>\n<br>\nThe Japanese government has taken many measures to secure peace and order.<br>\n<br>\nOne is the establishment of an organization under the Ministry of Health and Welfare -- the Overpopulation Research Laboratory, a.k.a. the Superhuman Bureau.<br>\n<br>\nTheir mission is to identify and approach suerhumans, then oversee and safeguard them. One member of the Superhuman Bureau, Jiro Hitoyoshi, is protagonist of this series.<br>\n<br>\n(Source: Official Site)", "startDate": {"year": 2016, "month": 4, "day": 10}, "endDate": {"year": 2016, "month": 6, "day": 17}, "season": "SPRING", "episodes": 11, "duration": 24, "genres": ["Action", "Sci-Fi"], "averageScore": 70, "trending": 0, "popularity": 2864, "streamingEpisodes": [], "coverImage": {"large": "https://s3.anilist.co/media/anime/cover/medium/21540-iufznwl2uB0Q.jpg", "medium": "https://s3.anilist.co/media/anime/cover/small/21540-iufznwl2uB0Q.jpg"}, "bannerImage": "https://s3.anilist.co/media/anime/banner/21540-0ogjuPHP4axQ.jpg", "isAdult": false, "format": "TV"}, {"id": 21541, "title": {"romaji": "Netoraserare", "english": null}, "type": "ANIME", "status": "FINISHED", "description": "Based on the adult manga by Konomi Shikishiro.<br>\n<br>\nA married couple who had been friends since childhood. They have problems in making children because of her husband who can not be Erection and less experienced in sex.<br>\n<br>\n(Source: Nekopoi and Has Been Translated)", "startDate": {"year": 2015, "month": 7, "day": 24}, "endDate": {"year": 2015, "month": 9, "day": 25}, "season": "SUMMER", "episodes": 2, "duration": 30, "genres": ["Hentai"], "averageScore": 47, "trending": 0, "popularity": 220, "streamingEpisodes": [], "coverImage": {"large": "https://s3.anilist.co/media/anime/cover/medium/21541-KuOFlNFpbu46.png", "medium": "https://s3.anilist.co/media/anime/cover/small/21541-KuOFlNFpbu46.png"}, "bannerImage": null, "isAdult": true, "format": "OVA"}]}}}