{"data": {"Page": {"pageInfo": {"total": 12297, "hasNextPage": true}, "media": [{"id": 7411, "title": {"romaji": "Kanojo x Kanojo x Kanojo: Sanshimai to no DokiDoki Kyoudou Seikatsu", "english": null}, "type": "ANIME", "status": "FINISHED", "description": "Haruomi lives peacefully on a small island. But one day, a volcano erupts, so he gets out of the island and temporarily stays at his relative's house. He meets Natsumi, Akina, and Mafuyu there. They are sisters and all pretty. His peaceful life suddenly turns into an exciting erotic life....<br><br>\n(Source: ErogeShop)", "startDate": {"year": 2009, "month": 12, "day": 25}, "endDate": {"year": 2011, "month": 5, "day": 20}, "season": "WINTER", "episodes": 3, "duration": 29, "genres": ["Hentai"], "averageScore": 69, "trending": 0, "popularity": 1704, "streamingEpisodes": [], "coverImage": {"large": "https://s3.anilist.co/media/anime/cover/medium/7411.jpg", "medium": "https://s3.anilist.co/media/anime/cover/small/7411.jpg"}, "bannerImage": "https://s3.anilist.co/media/anime/banner/7411-mVfpxoqYkr2P.jpg", "isAdult": true, "format": "OVA"}, {"id": 7415, "title": {"romaji": "Mukougaoka Chisato wa Tada Mitsumeteita no Datta", "english": null}, "type": "ANIME", "status": "FINISHED", "description": "A portrait of emotion. Chisato tries to remember and stay at a moment, through music.", "startDate": {"year": 2009, "month": 6, "day": 30}, "endDate": {"year": 2009, "month": 6, "day": 30}, "season": "SUMMER", "episodes": 1, "duration": 5, "genres": ["Music"], "averageScore": 53, "trending": 0, "popularity": 193, "streamingEpisodes": [], "coverImage": {"large": "https://s3.anilist.co/media/anime/cover/medium/7415.jpg", "medium": "https://s3.anilist.co/media/anime/cover/small/7415.jpg"}, "bannerImage": null, "isAdult": false, "format": "MUSIC"}, {"id": 7416, "title": {"romaji": "Socket", "english": null}, "type": "ANIME", "status": "FINISHED", "description": "The main character is a woman that has electric current on her body. She is very lonely and nobody approaches her. Till, one day, a little boy is not afraid of her, and they turn friends.", "startDate": {"year": 2009, "month": null, "day": null}, "endDate": {"year": 2009, "month": null, "day": null}, "season": null, "episodes": 1, "duration": 10, "genres": [], "averageScore": null, "trending": 0, "popularity": 30, "streamingEpisodes": [], "coverImage": {"large": "https://s3.anilist.co/media/anime/cover/medium/7416.jpg", "medium": "https://s3.anilist.co/media/anime/cover/small/7416.jpg"}, "bannerImage": null, "isAdult": false, "format": "OVA"}, {"id": 7419, "title": {"romaji": "Wrestler Gundan Seisenshi Robin Jr.", "english": null}, "type": "ANIME", "status": "FINISHED", "description": "Robin Jr. and his friends fight to save the solar system. ", "startDate": {"year": 1989, "month": 10, "day": 19}, "endDate": {"year": 1990, "month": 9, "day": 27}, "season": "FALL", "episodes": 50, "duration": 20, "genres": ["Action", "Adventure", "Comedy", "Fantasy"], "averageScore": null, "trending": 0, "popularity": 20, "streamingEpisodes": [], "coverImage": {"large": "https://s3.anilist.co/media/anime/cover/medium/7419.jpg", "medium": "https://s3.anilist.co/media/anime/cover/small/7419.jpg"}, "bannerImage": null, "isAdult": false, "format": "TV"}, {"id": 7420, "title": {"romaji": "Byulbyul Iyagi", "english": "If You Were Me: Anima Vision (2005)"}, "type": "ANIME", "status": "FINISHED", "description": "Six animated shorts about discrimination and being different. <br><br>\n1. \"Daydream\" talks about dealing with people with disability. It homes in on the daily life of a father with a daughter whose hands and feet are deformed. <br><br>\n2. \"Animal Farm\" relies on the rough-and-ready feel of stop-motion clay animation to create a satire of bullying and mob dynamics. <br><br>\n3. \"At Her House\" paints a devastating picture of gender inequality within a marriage. <br><br>\n4. \"Flesh and Bone\" gently pillories superficiality and the obsession with outward appearance. <br><br>\n5. \"Bicycle Trip\" focuses on the discrimination experienced by foreign workers in Korea.<br><br>\n6. \"Be a Human Being\" looks at the way young Koreans are barely treated as human beings before they get to university. <br><br>\n(Source: ANIWEBLOG | ASIANDB | Jeonju)", "startDate": {"year": 2005, "month": 9, "day": 23}, "endDate": {"year": 2005, "month": 9, "day": 23}, "season": "FALL", "episodes": 6, "duration": 12, "genres": ["Drama", "Psychological"], "averageScore": null, "trending": 0, "popularity": 43, "streamingEpisodes": [], "coverImage": {"large": "https://s3.anilist.co/media/anime/cover/medium/7420.jpg", "medium": "https://s3.anilist.co/media/anime/cover/small/7420.jpg"}, "bannerImage": null, "isAdult": false, "format": "MOVIE"}, {"id": 7423, "title": {"romaji": "The Tales of Rien Village #1", "english": "The Tales of Rien Village #1"}, "type": "ANIME", "status": "FINISHED", "description": "A gentle children&rsquo;s story concerning the ceramic inhabitants of Rein Village. Fortune Malon has many visitors who come for advice which may or not be helpful. One night an elephant calf comes and visits Fortune Malon with a rather embarrassing predicament.<br>", "startDate": {"year": 2005, "month": null, "day": null}, "endDate": {"year": 2005, "month": null, "day": null}, "season": null, "episodes": 1, "duration": 3, "genres": ["Fantasy"], "averageScore": null, "trending": 0, "popularity": 49, "streamingEpisodes": [], "coverImage": {"large": "https://s3.anilist.co/media/anime/cover/medium/7423.jpg", "medium": "https://s3.anilist.co/media/anime/cover/small/7423.jpg"}, "bannerImage": null, "isAdult": false, "format": "ONA"}, {"id": 7427, "title": {"romaji": "Getsumen To Heiki Mina Specials", "english": null}, "type": "ANIME", "status": "FINISHED", "description": "2 original unaired episodes included in DVD volumes 3 and 5, titled EX1 and EX2 respectively.", "startDate": {"year": 2006, "month": 6, "day": 6}, "endDate": {"year": 2006, "month": 8, "day": 1}, "season": "SUMMER", "episodes": 2, "duration": 23, "genres": ["Action", "Comedy", "Ecchi"], "averageScore": null, "trending": 0, "popularity": 106, "streamingEpisodes": [], "coverImage": {"large": "https://s3.anilist.co/media/anime/cover/medium/7427.jpg", "medium": "https://s3.anilist.co/media/anime/cover/small/7427.jpg"}, "bannerImage": null, "isAdult": false, "format": "SPECIAL"}, {"id": 7430, "title": {"romaji": "Konjiki no Gash Bell!!: Ougon no Chichi wo Motsu Otoko", "english": null}, "type": "ANIME", "status": "FINISHED", "description": "Folgore - 00F, the world's most ultimate spy is set on retrieving the stolen boobs. Watch as many of the characters from the original series (Konjiki no Gash Bell) are given life anew in this alternate setting.", "startDate": {"year": 2005, "month": null, "day": null}, "endDate": {"year": 2005, "month": null, "day": null}, "season": null, "episodes": 1, "duration": 18, "genres": ["Action", "Adventure", "Comedy", "Ecchi"], "averageScore": 53, "trending": 0, "popularity": 243, "streamingEpisodes": [], "coverImage": {"large": "https://s3.anilist.co/media/anime/cover/medium/7430.jpg", "medium": "https://s3.anilist.co/media/anime/cover/small/7430.jpg"}, "bannerImage": null, "isAdult": false, "format": "OVA"}, {"id": 7435, "title": {"romaji": "Dragon Quest: Dai no Daibouken (1991)", "english": "Dragon Quest: Great Adventure of Dai"}, "type": "ANIME", "status": "FINISHED", "description": "It starts with a kid named Dai remembering a story told to him by his grandfather, the monster magician Brass, about the defeat of the Demon Lord Hadlar by the hands of a hero who, as the story progresses, is known to be Avan.<br><br>\nDragon Quest Dai no Daibouken Movie 01", "startDate": {"year": 1991, "month": 7, "day": 20}, "endDate": {"year": 1991, "month": 7, "day": 20}, "season": "SUMMER", "episodes": 1, "duration": 50, "genres": ["Adventure"], "averageScore": null, "trending": 0, "popularity": 94, "streamingEpisodes": [], "coverImage": {"large": "https://s3.anilist.co/media/anime/cover/medium/7435.jpg", "medium": "https://s3.anilist.co/media/anime/cover/small/7435.jpg"}, "bannerImage": null, "isAdult": false, "format": "MOVIE"}, {"id": 7436, "title": {"romaji": "Dragon Quest: Dai no Daibouken Tachiagare!! Aban no Shito", "english": "Dragon Quest Great Adventure of Dai! Disciple of Aban."}, "type": "ANIME", "status": "FINISHED", "description": "Dragon Quest Dai no Daibouken Movie 2", "startDate": {"year": 1992, "month": 3, "day": 7}, "endDate": {"year": 1992, "month": 3, "day": 7}, "season": "SPRING", "episodes": 1, "duration": 40, "genres": ["Adventure"], "averageScore": null, "trending": 0, "popularity": 89, "streamingEpisodes": [], "coverImage": {"large": "https://s3.anilist.co/media/anime/cover/medium/7436.jpg", "medium": "https://s3.anilist.co/media/anime/cover/small/7436.jpg"}, "bannerImage": null, "isAdult": false, "format": "MOVIE"}, {"id": 7445, "title": {"romaji": "Karo & Piyobupt: A House", "english": null}, "type": "ANIME", "status": "FINISHED", "description": "A short film by Koji Yamamura.", "startDate": {"year": 1993, "month": null, "day": null}, "endDate": {"year": 1993, "month": null, "day": null}, "season": null, "episodes": 1, "duration": 4, "genres": ["Comedy"], "averageScore": 43, "trending": 0, "popularity": 83, "streamingEpisodes": [], "coverImage": {"large": "https://s3.anilist.co/media/anime/cover/medium/7445.jpg", "medium": "https://s3.anilist.co/media/anime/cover/small/7445.jpg"}, "bannerImage": null, "isAdult": false, "format": "MOVIE"}, {"id": 7446, "title": {"romaji": "Karo & Piyobupt: The Sandwiches", "english": null}, "type": "ANIME", "status": "FINISHED", "description": "A short film by Koji Yamamura.", "startDate": {"year": 1993, "month": null, "day": null}, "endDate": {"year": 1993, "month": null, "day": null}, "season": null, "episodes": 1, "duration": 4, "genres": ["Comedy"], "averageScore": 43, "trending": 0, "popularity": 81, "streamingEpisodes": [], "coverImage": {"large": "https://s3.anilist.co/media/anime/cover/medium/7446.jpg", "medium": "https://s3.anilist.co/media/anime/cover/small/7446.jpg"}, "bannerImage": null, "isAdult": false, "format": "MOVIE"}, {"id": 7448, "title": {"romaji": "Pacusi", "english": null}, "type": "ANIME", "status": "FINISHED", "description": "<em>Pacusi</em> is a story of Pacusi and his family. Little happenings in ordinary days are described. We can enjoy the warmhearted and big strange world of Pacusi.", "startDate": {"year": 1994, "month": null, "day": null}, "endDate": {"year": 1994, "month": null, "day": null}, "season": null, "episodes": 18, "duration": 1, "genres": ["Comedy"], "averageScore": null, "trending": 0, "popularity": 34, "streamingEpisodes": [], "coverImage": {"large": "https://s3.anilist.co/media/anime/cover/medium/7448.jpg", "medium": "https://s3.anilist.co/media/anime/cover/small/7448.jpg"}, "bannerImage": null, "isAdult": false, "format": "TV_SHORT"}, {"id": 7449, "title": {"romaji": "Pacusi Song", "english": null}, "type": "ANIME", "status": "FINISHED", "description": "Special episode of <em>Pacusi</em>.", "startDate": {"year": 1994, "month": null, "day": null}, "endDate": {"year": 1994, "month": null, "day": null}, "season": null, "episodes": 1, "duration": 1, "genres": ["Comedy"], "averageScore": null, "trending": 0, "popularity": 34, "streamingEpisodes": [], "coverImage": {"large": "https://s3.anilist.co/media/anime/cover/medium/7449.jpg", "medium": "https://s3.anilist.co/media/anime/cover/small/7449.jpg"}, "bannerImage": null, "isAdult": false, "format": "SPECIAL"}, {"id": 7450, "title": {"romaji": "Kipling Jr.", "english": null}, "type": "ANIME", "status": "FINISHED", "description": "A short film by Koji Yamamura.", "startDate": {"year": 1995, "month": null, "day": null}, "endDate": {"year": 1995, "month": null, "day": null}, "season": null, "episodes": 1, "duration": 14, "genres": ["Comedy"], "averageScore": null, "trending": 0, "popularity": 68, "streamingEpisodes": [], "coverImage": {"large": "https://s3.anilist.co/media/anime/cover/medium/7450.jpg", "medium": "https://s3.anilist.co/media/anime/cover/small/7450.jpg"}, "bannerImage": null, "isAdult": false, "format": "MOVIE"}, {"id": 7451, "title": {"romaji": "Kid's Castle", "english": null}, "type": "ANIME", "status": "FINISHED", "description": "A short film by Koji Yamamura.", "startDate": {"year": 1995, "month": null, "day": null}, "endDate": {"year": 1995, "month": null, "day": null}, "season": null, "episodes": 1, "duration": 5, "genres": ["Comedy"], "averageScore": 47, "trending": 0, "popularity": 95, "streamingEpisodes": [], "coverImage": {"large": "https://s3.anilist.co/media/anime/cover/medium/7451.jpg", "medium": "https://s3.anilist.co/media/anime/cover/small/7451.jpg"}, "bannerImage": null, "isAdult": false, "format": "MOVIE"}, {"id": 7452, "title": {"romaji": "Mini Moni Yaru no da Pyon!", "english": null}, "type": "ANIME", "status": "FINISHED", "description": "The very tiny adventures of the equally tiny bright and happy J-pop group Mini Moni, without a real continued plot between each short.<br>\n(Source: ANN)", "startDate": {"year": 2001, "month": 6, "day": 4}, "endDate": {"year": 2001, "month": 10, "day": 26}, "season": "SUMMER", "episodes": 66, "duration": 1, "genres": ["Comedy"], "averageScore": null, "trending": 0, "popularity": 34, "streamingEpisodes": [], "coverImage": {"large": "https://s3.anilist.co/media/anime/cover/medium/7452.jpg", "medium": "https://s3.anilist.co/media/anime/cover/small/7452.jpg"}, "bannerImage": null, "isAdult": false, "format": "TV_SHORT"}, {"id": 7453, "title": {"romaji": "AIKa: ZERO Picture Drama", "english": null}, "type": "ANIME", "status": "FINISHED", "description": "Short specials added to DVDs and Blu-rays.", "startDate": {"year": 2009, "month": 8, "day": 25}, "endDate": {"year": 2009, "month": 12, "day": 22}, "season": "SUMMER", "episodes": 3, "duration": 5, "genres": ["Ecchi"], "averageScore": 50, "trending": 0, "popularity": 322, "streamingEpisodes": [], "coverImage": {"large": "https://s3.anilist.co/media/anime/cover/medium/7453.jpg", "medium": "https://s3.anilist.co/media/anime/cover/small/7453.jpg"}, "bannerImage": null, "isAdult": false, "format": "SPECIAL"}, {"id": 7455, "title": {"romaji": "Kurutta Kyoutou: Danzai no Gakuen", "english": null}, "type": "ANIME", "status": "FINISHED", "description": "The story about a school where all teaching staff - sexual maniacs. Coming to power, demure-teacher succumbed to the temptations of all at once. \"We too are fossilized in its traditional\" - he said the teachers. It appeared in the Tokyo School of debauchery, lust and sex.", "startDate": {"year": 2009, "month": 12, "day": 25}, "endDate": {"year": 2009, "month": 12, "day": 25}, "season": "WINTER", "episodes": 1, "duration": 30, "genres": ["Hentai"], "averageScore": 45, "trending": 0, "popularity": 135, "streamingEpisodes": [], "coverImage": {"large": "https://s3.anilist.co/media/anime/cover/medium/7455.jpg", "medium": "https://s3.anilist.co/media/anime/cover/small/7455.jpg"}, "bannerImage": null, "isAdult": true, "format": "OVA"}, {"id": 7456, "title": {"romaji": "Discipline Zero", "english": null}, "type": "ANIME", "status": "FINISHED", "description": "Based on the game by Active <br><br>\nThe hit series Discipline is revived with this new original story set prior to the coming of Hayami Takuro, protagnist of the first series.<br><br>\nMorimoto Leona and Otokawa Saori are newly arrived boarding students at St. Alcadia Academy. Morimoto Leona desires to subjugate every person within the school, severely punishing those who are of no use to her. Even the teachers are not spared. Fellow boarders Yuuki, Ruri and Maiko, who are oblivious of the situation, fall prey to the limitless sexual desires of the male students.<br>", "startDate": {"year": 2010, "month": 1, "day": 29}, "endDate": {"year": 2010, "month": 6, "day": 25}, "season": "WINTER", "episodes": 2, "duration": 30, "genres": ["Hentai"], "averageScore": 57, "trending": 0, "popularity": 499, "streamingEpisodes": [], "coverImage": {"large": "https://s3.anilist.co/media/anime/cover/medium/7456.jpg", "medium": "https://s3.anilist.co/media/anime/cover/small/7456.jpg"}, "bannerImage": null, "isAdult": true, "format": "OVA"}, {"id": 7458, "title": {"romaji": "Watashi no Shiranai Mesu no Kao", "english": null}, "type": "ANIME", "status": "FINISHED", "description": "Masato lives a happy life with his wife, Ichika. But one day, a disc is sent to him. The disc contains some videos of Ichika having sex with someone. He can't turn his face away from it.... A few days later, another disc is sent to him.... The disc contains all of Ichika's sex history.... A man finally appears in front of Masato.... What does Masato think about her indecent past experiences...? What will happen to them in the end...?<br><br>\n(Source: ErogeShop)", "startDate": {"year": 2010, "month": 1, "day": 29}, "endDate": {"year": 2010, "month": 1, "day": 29}, "season": "WINTER", "episodes": 1, "duration": 30, "genres": ["Hentai"], "averageScore": 51, "trending": 0, "popularity": 199, "streamingEpisodes": [], "coverImage": {"large": "https://s3.anilist.co/media/anime/cover/medium/7458.jpg", "medium": "https://s3.anilist.co/media/anime/cover/small/7458.jpg"}, "bannerImage": null, "isAdult": true, "format": "OVA"}, {"id": 7459, "title": {"romaji": "The Collected Animations of ICAF (2001-2006)", "english": null}, "type": "ANIME", "status": "FINISHED", "description": "A collection of the best entries shown at the annual Inter-College Animation Festival from 2001 to 2006. For many animation students in Japan participating in the festival is a chance to start their professional careers. The entries include works made using various animation techniques, including CGI and stop-motion. Taku Furukawa, Katayama Masahiro and Kihune Tokumitsu can be found among the judges of the festival.", "startDate": {"year": 2006, "month": null, "day": null}, "endDate": {"year": 2006, "month": null, "day": null}, "season": null, "episodes": 16, "duration": 10, "genres": ["Fantasy", "Mystery"], "averageScore": null, "trending": 0, "popularity": 22, "streamingEpisodes": [], "coverImage": {"large": "https://s3.anilist.co/media/anime/cover/medium/7459.jpg", "medium": "https://s3.anilist.co/media/anime/cover/small/7459.jpg"}, "bannerImage": null, "isAdult": false, "format": "OVA"}, {"id": 7461, "title": {"romaji": "Komaneko no Christmas: Maigo ni Natta Present", "english": "A Komaneko Christmas: The Lost Present"}, "type": "ANIME", "status": "FINISHED", "description": "Komaneko is a female kitten who lives with her grandfather in their mountain home, where Komaneko loves to make handicraft. Komaneko is looking forward to Christmas when she can see her papa and mama, and an early present arrives at her home. The present is a cute doll, but included with the doll is a letter, \"We can't be home for Christmas.\" Despondent but determined, Komaneko and her friend, Rajiboo set off on an adventure together.<br><br>\n(Source: ANN)", "startDate": {"year": 2009, "month": 11, "day": 7}, "endDate": {"year": 2009, "month": 11, "day": 7}, "season": "FALL", "episodes": 1, "duration": 20, "genres": ["Comedy", "Fantasy"], "averageScore": null, "trending": 0, "popularity": 45, "streamingEpisodes": [], "coverImage": {"large": "https://s3.anilist.co/media/anime/cover/medium/7461.jpg", "medium": "https://s3.anilist.co/media/anime/cover/small/7461.jpg"}, "bannerImage": null, "isAdult": false, "format": "MOVIE"}, {"id": 7463, "title": {"romaji": "Wei\u00df Survive R", "english": null}, "type": "ANIME", "status": "FINISHED", "description": "The second season of Wei&szlig; Survive.", "startDate": {"year": 2009, "month": 12, "day": 4}, "endDate": {"year": 2010, "month": 3, "day": 26}, "season": "WINTER", "episodes": 12, "duration": 2, "genres": ["Comedy", "Ecchi"], "averageScore": 55, "trending": 0, "popularity": 814, "streamingEpisodes": [], "coverImage": {"large": "https://s3.anilist.co/media/anime/cover/medium/7463.jpg", "medium": "https://s3.anilist.co/media/anime/cover/small/7463.jpg"}, "bannerImage": null, "isAdult": false, "format": "TV_SHORT"}, {"id": 7465, "title": {"romaji": "Eve no Jikan - Are you enjoying the time of EVE ? Movie", "english": "Time of Eve: The Movie"}, "type": "ANIME", "status": "FINISHED", "description": "The movie version is the complete version of the story. It includes all the OVAs and completely new scenes giving details on the background story of some characters.<br><br>\nSometime in future Japan, androids have been involved in every aspect of peoples lives. One day, upon checking his android's behavioral log, Rikuo, a student, noticed his android's returning times have been odd recently. With his friend Masaki, they found out the place where his android, Sammy, have been visiting: a small cafe called Eve no Jikan where androids and human are not seen as different. Upon talking with the \"people\" in the cafe and discovering more of Sammy's behavior, Rikuo changed his view about androids and treat them as friends rather than tools. At the same time, elsewhere in Japan, the Ethics committee is trying to impose policies to reduce the involvement and use of androids in society.<br><br>\n(Source: ANN) ", "startDate": {"year": 2010, "month": 3, "day": 6}, "endDate": {"year": 2010, "month": 3, "day": 6}, "season": "SPRING", "episodes": 1, "duration": 106, "genres": ["Sci-Fi", "Slice of Life"], "averageScore": 80, "trending": 0, "popularity": 8625, "streamingEpisodes": [], "coverImage": {"large": "https://s3.anilist.co/media/anime/cover/medium/7465.jpg", "medium": "https://s3.anilist.co/media/anime/cover/small/7465.jpg"}, "bannerImage": "https://s3.anilist.co/media/anime/banner/7465.jpg", "isAdult": false, "format": "MOVIE"}, {"id": 7466, "title": {"romaji": "Hashire!", "english": null}, "type": "ANIME", "status": "FINISHED", "description": "A short film by Aoki Jun.", "startDate": {"year": 2003, "month": 5, "day": 16}, "endDate": {"year": 2003, "month": 5, "day": 16}, "season": "SPRING", "episodes": 1, "duration": 1, "genres": ["Comedy"], "averageScore": 52, "trending": 0, "popularity": 139, "streamingEpisodes": [], "coverImage": {"large": "https://s3.anilist.co/media/anime/cover/medium/7466.jpg", "medium": "https://s3.anilist.co/media/anime/cover/small/7466.jpg"}, "bannerImage": null, "isAdult": false, "format": "ONA"}, {"id": 7468, "title": {"romaji": "Princess Lover! Picture Drama", "english": null}, "type": "ANIME", "status": "FINISHED", "description": "DVD specials.", "startDate": {"year": 2009, "month": 10, "day": 23}, "endDate": {"year": 2010, "month": 3, "day": 25}, "season": "FALL", "episodes": 6, "duration": 9, "genres": ["Comedy", "Ecchi"], "averageScore": 54, "trending": 0, "popularity": 813, "streamingEpisodes": [], "coverImage": {"large": "https://s3.anilist.co/media/anime/cover/medium/7468.jpg", "medium": "https://s3.anilist.co/media/anime/cover/small/7468.jpg"}, "bannerImage": null, "isAdult": false, "format": "SPECIAL"}, {"id": 7471, "title": {"romaji": "Meitantei Conan Movie 09: Suihei Senjou no Sutoratejii Recap", "english": "Case Closed Movie 09: Strategy Above the Depths Recap"}, "type": "ANIME", "status": "FINISHED", "description": "A summary of the events in Detective Conan Movie 09: Strategy Above the Depths. ", "startDate": {"year": 2005, "month": null, "day": null}, "endDate": {"year": 2005, "month": null, "day": null}, "season": null, "episodes": 1, "duration": 30, "genres": ["Adventure", "Comedy", "Mystery"], "averageScore": 65, "trending": 0, "popularity": 429, "streamingEpisodes": [], "coverImage": {"large": "https://s3.anilist.co/media/anime/cover/medium/7471.jpg", "medium": "https://s3.anilist.co/media/anime/cover/small/7471.jpg"}, "bannerImage": null, "isAdult": false, "format": "SPECIAL"}, {"id": 7472, "title": {"romaji": "Gintama: Shinyaku Benizakura-hen", "english": "Gintama - The Movie"}, "type": "ANIME", "status": "FINISHED", "description": "Odd Jobs Gin has taken on a lot of odd work in the past, and when you're a Jack of All Trades agency based in a feudal Japan that's been conquered and colonized by aliens, the term \"Odd Jobs\" means REALLY ODD jobs. But when some more than slightly suspicious secrets from the shadows of Gintoki Sakata's somewhat shady former samurai past and a new pair of odd jobs collide, the action is bound to get so wild and demented that only a feature film will do it justice! <br><br>\n(Source: Sentai Filmworks) ", "startDate": {"year": 2010, "month": 4, "day": 24}, "endDate": {"year": 2010, "month": 4, "day": 24}, "season": "SPRING", "episodes": 1, "duration": 95, "genres": ["Action", "Comedy", "Sci-Fi"], "averageScore": 82, "trending": 0, "popularity": 6079, "streamingEpisodes": [], "coverImage": {"large": "https://s3.anilist.co/media/anime/cover/medium/7472.jpg", "medium": "https://s3.anilist.co/media/anime/cover/small/7472.jpg"}, "bannerImage": null, "isAdult": false, "format": "MOVIE"}, {"id": 7473, "title": {"romaji": "Rennyo to Sono Haha", "english": "Rennyo and His Mother"}, "type": "ANIME", "status": "FINISHED", "description": "Rennyo was the key figure responsible for the restoration of Shin Buddhism in Japan, in particular the Honganji lineage, during a slump in its fortunes during the Middle Ages. According to legend, his motivation was a pivotal childhood incident at the age of just six when his mother summoned him and informed him of his destiny to revive the fortunes of the Honganji school to which he was the next in line. She then mysteriously disappeared from the temple. Taking her words to heart, from a background of great poverty and hardship, at the age of 16 he set out to spread the word across the land. <br>", "startDate": {"year": 1981, "month": 10, "day": 7}, "endDate": {"year": 1981, "month": 10, "day": 7}, "season": "FALL", "episodes": 1, "duration": 93, "genres": [], "averageScore": null, "trending": 0, "popularity": 25, "streamingEpisodes": [], "coverImage": {"large": "https://s3.anilist.co/media/anime/cover/medium/7473.jpg", "medium": "https://s3.anilist.co/media/anime/cover/small/7473.jpg"}, "bannerImage": null, "isAdult": false, "format": "MOVIE"}, {"id": 7474, "title": {"romaji": "Onegai Teacher: Marie, Ai no Gekijou", "english": "Please Teacher: Marie Love Theater"}, "type": "ANIME", "status": "FINISHED", "description": "Special bundled with the DVDs. Please note that this entry doesn't include any of the official AMVs, as those don't contain any new animation.", "startDate": {"year": 2002, "month": 10, "day": 25}, "endDate": {"year": 2002, "month": 10, "day": 25}, "season": "FALL", "episodes": 1, "duration": 3, "genres": ["Comedy", "Drama", "Romance", "Sci-Fi"], "averageScore": 58, "trending": 0, "popularity": 731, "streamingEpisodes": [], "coverImage": {"large": "https://s3.anilist.co/media/anime/cover/medium/7474.jpg", "medium": "https://s3.anilist.co/media/anime/cover/small/7474.jpg"}, "bannerImage": null, "isAdult": false, "format": "SPECIAL"}, {"id": 7475, "title": {"romaji": "Ano Ko ni 1000%", "english": "That Girl is 1000%"}, "type": "ANIME", "status": "FINISHED", "description": "Ano Ko ni 1000% is a high school love story. Azusa Kawahara is the soccer team manager, and her love for childhood playmate Ikumi is mutual. Although the whole school knew what was happening between Azusa and Ikumi, there were rivals who came between them.<br>\n(Source: Wikipedia)", "startDate": {"year": 1989, "month": 11, "day": 14}, "endDate": {"year": 1989, "month": 11, "day": 14}, "season": "FALL", "episodes": 1, "duration": 10, "genres": ["Romance"], "averageScore": 46, "trending": 0, "popularity": 170, "streamingEpisodes": [], "coverImage": {"large": "https://s3.anilist.co/media/anime/cover/medium/7475.jpg", "medium": "https://s3.anilist.co/media/anime/cover/small/7475.jpg"}, "bannerImage": null, "isAdult": false, "format": "OVA"}, {"id": 7477, "title": {"romaji": "Bushe zhi She", "english": "To Shoot Without Shooting"}, "type": "ANIME", "status": "FINISHED", "description": "Ji Chang is an excellent archer that strives to be the best in the world. He looks for a certain man that is capable of shooting a leaf from a distance. He decides to make this man his master. He visits his master occasionally over the years for training. He eventually masters the techniques of the bow and decides to head out for the mountains in search of an old man with supernatural abilities. ", "startDate": {"year": 1988, "month": null, "day": null}, "endDate": {"year": 1988, "month": null, "day": null}, "season": null, "episodes": 1, "duration": 25, "genres": ["Adventure", "Supernatural"], "averageScore": null, "trending": 0, "popularity": 91, "streamingEpisodes": [], "coverImage": {"large": "https://s3.anilist.co/media/anime/cover/medium/7477.jpg", "medium": "https://s3.anilist.co/media/anime/cover/small/7477.jpg"}, "bannerImage": null, "isAdult": false, "format": "MOVIE"}, {"id": 7479, "title": {"romaji": "Karate Baka Ichidai", "english": "The Fanatical Karate Generation"}, "type": "ANIME", "status": "FINISHED", "description": "Based on Ooyama Masutatsu's early years.", "startDate": {"year": 1973, "month": 10, "day": 3}, "endDate": {"year": 1974, "month": 9, "day": 25}, "season": "FALL", "episodes": 47, "duration": 20, "genres": [], "averageScore": null, "trending": 0, "popularity": 69, "streamingEpisodes": [], "coverImage": {"large": "https://s3.anilist.co/media/anime/cover/medium/7479.jpg", "medium": "https://s3.anilist.co/media/anime/cover/small/7479.jpg"}, "bannerImage": null, "isAdult": false, "format": "TV"}, {"id": 7482, "title": {"romaji": "Yume kara, Samenai", "english": null}, "type": "ANIME", "status": "FINISHED", "description": "Student Tako is inexorably drawn toward Sao despite class rumors that she has appeared in a porno movie.<br>\n(Source: AniDB)", "startDate": {"year": 1987, "month": 2, "day": 26}, "endDate": {"year": 1987, "month": 2, "day": 26}, "season": "WINTER", "episodes": 1, "duration": 37, "genres": ["Drama"], "averageScore": null, "trending": 0, "popularity": 84, "streamingEpisodes": [], "coverImage": {"large": "https://s3.anilist.co/media/anime/cover/medium/7482.jpg", "medium": "https://s3.anilist.co/media/anime/cover/small/7482.jpg"}, "bannerImage": null, "isAdult": false, "format": "OVA"}, {"id": 7485, "title": {"romaji": "Urashima Tarou", "english": null}, "type": "ANIME", "status": "FINISHED", "description": "Urashima Taro is based on a well-known Japanese folk tale about an honest fisherman who is invited to an underwater castle after saving a sea turtle on a beach from bullies.<br><br>\n\nBased on its content and the circumstances prevailing at the time of its discovery, [this] film was presumed to be a work produced by Kitayama at the film studio of Nippon Katsudo Shashin Corporation (Nikkatsu) in 1918. Recently, however, stills from the film Urashima Taro released by Nikkatsu in 1918 have been discovered in a magazine. These stills do not appear in [this] film, so we are led to believe that this film is not the work produced by Kitayama at the Nikkatsu studio.<br><br>\n\n(Source: Japanese Animated Film Classics, forum.bcdb.com)", "startDate": {"year": 1918, "month": null, "day": null}, "endDate": {"year": 1918, "month": null, "day": null}, "season": null, "episodes": 1, "duration": 2, "genres": ["Fantasy"], "averageScore": 42, "trending": 0, "popularity": 208, "streamingEpisodes": [], "coverImage": {"large": "https://s3.anilist.co/media/anime/cover/medium/7485.jpg", "medium": "https://s3.anilist.co/media/anime/cover/small/7485.jpg"}, "bannerImage": null, "isAdult": false, "format": "MOVIE"}, {"id": 7488, "title": {"romaji": "Karo & Piyobupt: Imagination", "english": "Karo & Piyobupt: Imagination"}, "type": "ANIME", "status": "FINISHED", "description": "A short film by Koji Yamamura.", "startDate": {"year": 1993, "month": null, "day": null}, "endDate": {"year": 1993, "month": null, "day": null}, "season": null, "episodes": 1, "duration": 4, "genres": ["Fantasy"], "averageScore": 44, "trending": 0, "popularity": 85, "streamingEpisodes": [], "coverImage": {"large": "https://s3.anilist.co/media/anime/cover/medium/7488.jpg", "medium": "https://s3.anilist.co/media/anime/cover/small/7488.jpg"}, "bannerImage": null, "isAdult": false, "format": "MOVIE"}, {"id": 7491, "title": {"romaji": "Dragon Quest Retsuden: Roto no Monshou", "english": "Dragon Quest - Emblem of Roto"}, "type": "ANIME", "status": "FINISHED", "description": "The adventures of Arus's childhood.", "startDate": {"year": 1996, "month": 4, "day": 20}, "endDate": {"year": 1996, "month": 4, "day": 20}, "season": "SPRING", "episodes": 1, "duration": 45, "genres": ["Adventure", "Fantasy"], "averageScore": null, "trending": 0, "popularity": 73, "streamingEpisodes": [], "coverImage": {"large": "https://s3.anilist.co/media/anime/cover/medium/7491.jpg", "medium": "https://s3.anilist.co/media/anime/cover/small/7491.jpg"}, "bannerImage": null, "isAdult": false, "format": "MOVIE"}, {"id": 7494, "title": {"romaji": "Usagi to Kame", "english": null}, "type": "ANIME", "status": "FINISHED", "description": "A retelling of the classic Aesop Fable, The Tortoise and the Hare.<br><br>\n(Source: AniDB)", "startDate": {"year": 1924, "month": null, "day": null}, "endDate": {"year": 1924, "month": null, "day": null}, "season": null, "episodes": 1, "duration": 7, "genres": ["Fantasy"], "averageScore": 43, "trending": 0, "popularity": 94, "streamingEpisodes": [], "coverImage": {"large": "https://s3.anilist.co/media/anime/cover/medium/7494.jpg", "medium": "https://s3.anilist.co/media/anime/cover/small/7494.jpg"}, "bannerImage": null, "isAdult": false, "format": "MOVIE"}, {"id": 7495, "title": {"romaji": "Nonki na Tou-san Ryuuguu Mairi", "english": null}, "type": "ANIME", "status": "FINISHED", "description": "One of the first examples of the tale is Hakuzan Kimura's Dreamy Urashima (Nonkinatousan Ryugu Mairi, 1925), in which a lazy man wakes up from his sleep and heads off to the seaside to spend the day fishing. There is a brief live-action shot of the sea swelling before the film returns to its animated fantasy world when a beautiful girl appears on the beach and lures him into the waves, transforming into the legendary turtle and carrying him beneath the surface to an undersea kingdom of fish and squid. Here he is welcomed by a bevy of kimono-wearing lovelies who lead him to a stately court full of musicians and dancers. As a ballerina pirouettes on the palace floor in front of him, he is plied with alcohol and handed a small gift box, before being escorted to a giant scallop shell that rises through the water taking him back to the surface. When he returns home, he finds he has aged so much that his wife and son no longer recognise him. He opens the gift box and a hideous demon springs from it and squashes him beneath its fists, at which point the man wakes up, and realising that the events of this story have all been a terrible nightmare, hurries out to work, alerted to the potential dangers of a life spent in idle daydreaming.<br><br>\n(Source: midnighteye.com)", "startDate": {"year": 1925, "month": null, "day": null}, "endDate": {"year": 1925, "month": null, "day": null}, "season": null, "episodes": 1, "duration": 5, "genres": ["Supernatural"], "averageScore": null, "trending": 0, "popularity": 18, "streamingEpisodes": [], "coverImage": {"large": "https://s3.anilist.co/media/anime/cover/medium/7495.jpg", "medium": "https://s3.anilist.co/media/anime/cover/small/7495.jpg"}, "bannerImage": null, "isAdult": false, "format": "MOVIE"}, {"id": 7496, "title": {"romaji": "Saiyuuki: Son Gokuu Monogatari", "english": null}, "type": "ANIME", "status": "FINISHED", "description": "A short film based on the classic novel Journey to the West.", "startDate": {"year": 1926, "month": null, "day": null}, "endDate": {"year": 1926, "month": null, "day": null}, "season": null, "episodes": 1, "duration": 8, "genres": ["Adventure"], "averageScore": null, "trending": 0, "popularity": 80, "streamingEpisodes": [], "coverImage": {"large": "https://s3.anilist.co/media/anime/cover/medium/7496.jpg", "medium": "https://s3.anilist.co/media/anime/cover/small/7496.jpg"}, "bannerImage": null, "isAdult": false, "format": "MOVIE"}, {"id": 7497, "title": {"romaji": "Mikanbune", "english": null}, "type": "ANIME", "status": "FINISHED", "description": "A somewhat historical tale about a famous Japanese businessman who made his fortune by shipping oranges from the farmlands to the capital city of Edo.", "startDate": {"year": 1927, "month": 2, "day": 11}, "endDate": {"year": 1927, "month": 2, "day": 11}, "season": "WINTER", "episodes": 1, "duration": 5, "genres": [], "averageScore": null, "trending": 0, "popularity": 81, "streamingEpisodes": [], "coverImage": {"large": "https://s3.anilist.co/media/anime/cover/medium/7497.jpg", "medium": "https://s3.anilist.co/media/anime/cover/small/7497.jpg"}, "bannerImage": null, "isAdult": false, "format": "MOVIE"}, {"id": 7498, "title": {"romaji": "Doubutsu Olympic Taikai", "english": null}, "type": "ANIME", "status": "FINISHED", "description": "Animals gather to compete in Olympic games. This animation was inspired by the 1928 Olympic Games held in Amsterdam.", "startDate": {"year": 1928, "month": 9, "day": 4}, "endDate": {"year": 1928, "month": 9, "day": 4}, "season": "FALL", "episodes": 1, "duration": 13, "genres": ["Comedy"], "averageScore": null, "trending": 0, "popularity": 66, "streamingEpisodes": [], "coverImage": {"large": "https://s3.anilist.co/media/anime/cover/medium/n7498-EbpNZcXEpLBB.png", "medium": "https://s3.anilist.co/media/anime/cover/small/n7498-EbpNZcXEpLBB.png"}, "bannerImage": null, "isAdult": false, "format": "MOVIE"}, {"id": 7500, "title": {"romaji": "Maabou no Shounen Koukuu Tsuwamono", "english": null}, "type": "ANIME", "status": "FINISHED", "description": "A short film from 1937.", "startDate": {"year": 1937, "month": 10, "day": 27}, "endDate": {"year": 1937, "month": 10, "day": 27}, "season": "FALL", "episodes": 1, "duration": 11, "genres": [], "averageScore": null, "trending": 0, "popularity": 17, "streamingEpisodes": [], "coverImage": {"large": "https://s3.anilist.co/media/anime/cover/medium/noimg.jpg", "medium": "https://s3.anilist.co/media/anime/cover/small/noimg.jpg"}, "bannerImage": null, "isAdult": false, "format": "MOVIE"}, {"id": 7501, "title": {"romaji": "Kintarou Taiiku Nikki", "english": null}, "type": "ANIME", "status": "FINISHED", "description": "A young man in a leotard leads a group of animals in a sumo wrestling match. The bear is the final victor of all the animals, but then loses when he must face Kintaro.", "startDate": {"year": 1940, "month": 9, "day": 19}, "endDate": {"year": 1940, "month": 9, "day": 19}, "season": "FALL", "episodes": 1, "duration": 9, "genres": ["Comedy"], "averageScore": null, "trending": 0, "popularity": 59, "streamingEpisodes": [], "coverImage": {"large": "https://s3.anilist.co/media/anime/cover/medium/7501.jpg", "medium": "https://s3.anilist.co/media/anime/cover/small/7501.jpg"}, "bannerImage": null, "isAdult": false, "format": "MOVIE"}, {"id": 7504, "title": {"romaji": "Bologee Story", "english": "Bologee Story"}, "type": "ANIME", "status": "FINISHED", "description": "An award winning surreal stop motion anime from Korea using noodles, about a little Bologee (a so-called convex boy) who was born on the Concave Planet. He desperately wants to get to a another planet called Convex Star.<br><br>\nWhen he finally manages to get there he falls in love with a girl from the Convex Planet. The people living there do not approve......", "startDate": {"year": 2003, "month": null, "day": null}, "endDate": {"year": 2003, "month": null, "day": null}, "season": null, "episodes": 1, "duration": 11, "genres": ["Drama", "Romance"], "averageScore": null, "trending": 0, "popularity": 64, "streamingEpisodes": [], "coverImage": {"large": "https://s3.anilist.co/media/anime/cover/medium/7504.jpg", "medium": "https://s3.anilist.co/media/anime/cover/small/7504.jpg"}, "bannerImage": null, "isAdult": false, "format": "ONA"}, {"id": 7505, "title": {"romaji": "Knyacki!", "english": "Knyacki!"}, "type": "ANIME", "status": "FINISHED", "description": "Two caterpillars investigate objects on a kitchen counter while searching for food. One of them finds a piece of pasta and is intrigued by the fact that there's a hole in the middle.<br>\nThey are having fun until a big mean caterpillar arrives. It's time for a major show down....", "startDate": {"year": 1997, "month": null, "day": null}, "endDate": {"year": 1997, "month": null, "day": null}, "season": null, "episodes": 1, "duration": 5, "genres": ["Comedy", "Drama", "Fantasy"], "averageScore": null, "trending": 0, "popularity": 41, "streamingEpisodes": [], "coverImage": {"large": "https://s3.anilist.co/media/anime/cover/medium/7505.jpg", "medium": "https://s3.anilist.co/media/anime/cover/small/7505.jpg"}, "bannerImage": null, "isAdult": false, "format": "ONA"}, {"id": 7510, "title": {"romaji": "Shisha no Sho", "english": "The Book of the Dead"}, "type": "ANIME", "status": "FINISHED", "description": "When a young noblewoman, Iratsume, falls into a trance after copying Buddhist sutras and walks to a remote temple that women are forbidden to enter, she stirs up the ghost of the executed Prince Otsu. Otsu's ghost then mistakes Iratsume for one of her ancestors, a young woman who came to watch his execution. The beautiful face of this young woman was the last thing the Prince saw before he died, and his ghost cannot rest while her face haunts his sleep. ", "startDate": {"year": 2005, "month": 7, "day": 8}, "endDate": {"year": 2005, "month": 7, "day": 8}, "season": "SUMMER", "episodes": 1, "duration": 70, "genres": ["Drama", "Supernatural"], "averageScore": null, "trending": 0, "popularity": 128, "streamingEpisodes": [], "coverImage": {"large": "https://s3.anilist.co/media/anime/cover/medium/n7510-L2t6xo7axD6s.jpg", "medium": "https://s3.anilist.co/media/anime/cover/small/n7510-L2t6xo7axD6s.jpg"}, "bannerImage": null, "isAdult": false, "format": "MOVIE"}, {"id": 7511, "title": {"romaji": "From Behind: Worku", "english": null}, "type": "ANIME", "status": "FINISHED", "description": "A dark stop motion anime about a loan traveller in a desert who finds a solitary box. When he opens it he finds a rundown and rather spooky city made up of large tower block apartments. Suddenly a mysterious ghostly stick entity appears and seems to follow our hero. What is the purpose of this strange figure?<br>", "startDate": {"year": 2005, "month": 4, "day": 5}, "endDate": {"year": 2007, "month": 5, "day": 5}, "season": "SPRING", "episodes": 2, "duration": 5, "genres": ["Fantasy", "Psychological"], "averageScore": null, "trending": 0, "popularity": 42, "streamingEpisodes": [], "coverImage": {"large": "https://s3.anilist.co/media/anime/cover/medium/7511.jpg", "medium": "https://s3.anilist.co/media/anime/cover/small/7511.jpg"}, "bannerImage": null, "isAdult": false, "format": "ONA"}, {"id": 7512, "title": {"romaji": "Dambo", "english": null}, "type": "ANIME", "status": "FINISHED", "description": "The haunting, hallucinatory, and oddly cute journey of a young woman into a fantastical world called \"dambo\", lovingly crafted in stop-motion animation. Music by the Japanese electro-pop band, Electrical Lovers.", "startDate": {"year": 2004, "month": 12, "day": 8}, "endDate": {"year": 2004, "month": 12, "day": 8}, "season": "WINTER", "episodes": 1, "duration": 5, "genres": ["Fantasy", "Music"], "averageScore": null, "trending": 0, "popularity": 60, "streamingEpisodes": [], "coverImage": {"large": "https://s3.anilist.co/media/anime/cover/medium/7512.jpg", "medium": "https://s3.anilist.co/media/anime/cover/small/7512.jpg"}, "bannerImage": null, "isAdult": false, "format": "MUSIC"}]}}}