{"data": {"Page": {"pageInfo": {"total": 12297, "hasNextPage": true}, "media": [{"id": 2957, "title": {"romaji": "Okusama wa Mahou Tsukai", "english": "Enspelled"}, "type": "ANIME", "status": "FINISHED", "description": "Anastasia was a witch who wanted to give up her powers and live a normal life on Earth. She married Genyo, and they started a normal, happy suburban life together. Of course, Anastasia sometimes can't resist using her magic to help her get through the trials and tribulations of everyday life, and her powerful mother is still a bad witch. But what this really means for Anastasia is that she needs to channel her sperm-powered sex magic to fight off her psychotic lesbian mother and her army of crazed sex slaves and demons! <br><br>\n(Source: AniDB) ", "startDate": {"year": 2006, "month": 12, "day": 8}, "endDate": {"year": 2007, "month": 3, "day": 9}, "season": "WINTER", "episodes": 2, "duration": 30, "genres": ["Hentai"], "averageScore": 50, "trending": 0, "popularity": 171, "streamingEpisodes": [], "coverImage": {"large": "https://s3.anilist.co/media/anime/cover/medium/2957.jpg", "medium": "https://s3.anilist.co/media/anime/cover/small/2957.jpg"}, "bannerImage": null, "isAdult": true, "format": "OVA"}, {"id": 2958, "title": {"romaji": "Hitozuma Cosplay Kissa", "english": "Cosplay Cafe"}, "type": "ANIME", "status": "FINISHED", "description": "There's a coffee shop that attracts a lot of customers, but not because of the coffe, but because of the waitresses who are all married women wearing outfits that normal waitresses wouldn't wear. <br><br>\nBut the story focuses more on the love life of Asahina Tomoya who's the temporary owner of the coffee shop. <br><br>\n(Source: AniDB) ", "startDate": {"year": 2004, "month": 3, "day": 25}, "endDate": {"year": 2004, "month": 8, "day": 25}, "season": "SPRING", "episodes": 2, "duration": 26, "genres": ["Hentai"], "averageScore": 50, "trending": 0, "popularity": 212, "streamingEpisodes": [], "coverImage": {"large": "https://s3.anilist.co/media/anime/cover/medium/2958.jpg", "medium": "https://s3.anilist.co/media/anime/cover/small/2958.jpg"}, "bannerImage": null, "isAdult": true, "format": "OVA"}, {"id": 2959, "title": {"romaji": "Rei Rei", "english": "Rei Rei"}, "type": "ANIME", "status": "FINISHED", "description": "Sweat-soaked bodies writhe in passion as a nurse and a doctor plot to murder the nurse`s young ward; meanwhile, a young man endures the despair of unrequited love, unaware that the object of his desire is in love... with another woman!<br><br>\nIf these hardly seem like sources for high comedy, perhaps it`s because you`re not Kaguya, a strangely powerful being with the ability to manipulate the fabric of reality, an extremely perverse sense of humor, and a propensity for baring her breasts.<br><br>\nA living manifestation of the Hand (or some other bodily portion) of Fate, those who fall under Kaguya`s twisted spell will never be the same again, for she delights in giving people their hearts` desires-and letting them suffer the consequences!<br><br>\nTogether with her stumpy man-servant Pipi, Kaguya stages her human puppet shows with the flair of a master show-woman, foiling perfect murders, turning young men INTO the women of their dreams, and generally causing mass chaos and disaster.", "startDate": {"year": 1994, "month": 7, "day": 8}, "endDate": {"year": 1994, "month": 9, "day": 9}, "season": "SUMMER", "episodes": 2, "duration": 30, "genres": ["Hentai"], "averageScore": 46, "trending": 0, "popularity": 118, "streamingEpisodes": [], "coverImage": {"large": "https://s3.anilist.co/media/anime/cover/medium/2959.jpg", "medium": "https://s3.anilist.co/media/anime/cover/small/2959.jpg"}, "bannerImage": null, "isAdult": true, "format": "OVA"}, {"id": 2960, "title": {"romaji": "Kininaru Roommate", "english": "The Roommate"}, "type": "ANIME", "status": "FINISHED", "description": "Based on the manga by Yuunagi Kaoru.<br><br>\nThe main character, Yu, was at the depths of despair; he was dumped by his lover, and failed in the entrance exams. He moved to a new apartment to engage in studying for the entrance exam next year. However, he found that his new room was above an erotic night club. When he entered the room, there was a girl changing her clothes.<br><br>\n(Source: AnimeNfo)", "startDate": {"year": 2006, "month": 2, "day": 25}, "endDate": {"year": 2006, "month": 9, "day": 25}, "season": "WINTER", "episodes": 2, "duration": 30, "genres": ["Hentai"], "averageScore": 55, "trending": 0, "popularity": 257, "streamingEpisodes": [], "coverImage": {"large": "https://s3.anilist.co/media/anime/cover/medium/2960.jpg", "medium": "https://s3.anilist.co/media/anime/cover/small/2960.jpg"}, "bannerImage": null, "isAdult": true, "format": "OVA"}, {"id": 2961, "title": {"romaji": "Digimon Adventure Movie", "english": "Digimon: The Movie"}, "type": "ANIME", "status": "FINISHED", "description": "A brother and sister discover the digital world is more than 1s and 0s when a living creature arrives out of the family computer. The adventures of a group of children start with the appearance of a Digital Monster in the real world.<br><br>\n(Source: ANN) ", "startDate": {"year": 1999, "month": 3, "day": 6}, "endDate": {"year": 1999, "month": 3, "day": 6}, "season": "SPRING", "episodes": 1, "duration": 21, "genres": ["Fantasy", "Sci-Fi"], "averageScore": 72, "trending": 0, "popularity": 5477, "streamingEpisodes": [], "coverImage": {"large": "https://s3.anilist.co/media/anime/cover/medium/2961.jpg", "medium": "https://s3.anilist.co/media/anime/cover/small/2961.jpg"}, "bannerImage": "https://s3.anilist.co/media/anime/banner/2961-JrRvhM8R9WCg.jpg", "isAdult": false, "format": "MOVIE"}, {"id": 2962, "title": {"romaji": "Digimon Adventure 02: Digimon Hurricane Jouriku!! / Chouzetsu Shinka!! Ougon no Digimental", "english": "Digimon: The Movie"}, "type": "ANIME", "status": "FINISHED", "description": "Years after a young boy in America loses one of his Digimon friends, an evil viral Digimon successfully kidnaps the original Chosen Children. Their younger friends must race against time with their Digimon partners to discover the source of this new menace, and perhaps solve a years-old mystery.<br><br>\n(Source: ANN)", "startDate": {"year": 2000, "month": 7, "day": 8}, "endDate": {"year": 2000, "month": 7, "day": 8}, "season": "SUMMER", "episodes": 2, "duration": 32, "genres": ["Adventure", "Fantasy", "Sci-Fi"], "averageScore": 66, "trending": 0, "popularity": 2534, "streamingEpisodes": [], "coverImage": {"large": "https://s3.anilist.co/media/anime/cover/medium/2962-gBazcLQNnDlR.png", "medium": "https://s3.anilist.co/media/anime/cover/small/2962-gBazcLQNnDlR.png"}, "bannerImage": null, "isAdult": false, "format": "MOVIE"}, {"id": 2963, "title": {"romaji": "Minami-ke", "english": null}, "type": "ANIME", "status": "FINISHED", "description": "There are three of the Minami sisters: Haruka, Kana and Chiaki, who have an average life. The girls only have each other to depend on and help each other get through everything from love confessions to cooking.<br><br>\n\n(Source: ANN)", "startDate": {"year": 2007, "month": 10, "day": 8}, "endDate": {"year": 2007, "month": 12, "day": 31}, "season": "FALL", "episodes": 13, "duration": 24, "genres": ["Comedy", "Slice of Life"], "averageScore": 74, "trending": 0, "popularity": 10535, "streamingEpisodes": [], "coverImage": {"large": "https://s3.anilist.co/media/anime/cover/medium/2963.jpg", "medium": "https://s3.anilist.co/media/anime/cover/small/2963.jpg"}, "bannerImage": "https://s3.anilist.co/media/anime/banner/2963-WP4D4YxOk04F.jpg", "isAdult": false, "format": "TV"}, {"id": 2964, "title": {"romaji": "BLUE DROP: Tenshi-tachi no Gikyoku", "english": "Blue Drop"}, "type": "ANIME", "status": "FINISHED", "description": "Five years ago, something horrifying happened on Kamioki Island. Something so nightmarish that it stripped all memory from Mari Wakatake's mind even as it left every other human on the island dead in its wake! Now enrolled against her will at an isolated girl's academy, Mari is unaware that hidden eyes are watching her, waiting for her memory to return. <br><br>\nBuried in her psyche is the most terrifying secret of all: while Mari was the only human who lived, she may not have been the only survivor! As something in a female skin invades Kaihou Academy, Mari's only hope may lie in a strange girl to whom she is inexplicably drawn yet cannot trust. <br><br>\n(Source: Sentai Filmworks) ", "startDate": {"year": 2007, "month": 10, "day": 3}, "endDate": {"year": 2007, "month": 12, "day": 26}, "season": "FALL", "episodes": 13, "duration": 26, "genres": ["Drama", "Sci-Fi"], "averageScore": 61, "trending": 0, "popularity": 1730, "streamingEpisodes": [], "coverImage": {"large": "https://s3.anilist.co/media/anime/cover/medium/2964.jpg", "medium": "https://s3.anilist.co/media/anime/cover/small/2964.jpg"}, "bannerImage": null, "isAdult": false, "format": "TV"}, {"id": 2965, "title": {"romaji": "Suteki Tantei Labyrinth", "english": "Fantastic Detective Labyrinth"}, "type": "ANIME", "status": "FINISHED", "description": "In a forgotten town known as the old capital of Tokyo, strange and mysterious crimes are progressively occuring. These supernatural occurances are beyond comprehension and bring fear and terror to the people. Only one person is not intimidated by the evil underlying these occurances and is willing to challenge them: Hyuga Mayuki, a young boy detective who holds a special insight power that allows him to uncover the real truth behind these occurances. <br><br>\n(Source: ANN)", "startDate": {"year": 2007, "month": 10, "day": 3}, "endDate": {"year": 2008, "month": 3, "day": 26}, "season": "FALL", "episodes": 25, "duration": 23, "genres": ["Mystery", "Sci-Fi"], "averageScore": 54, "trending": 0, "popularity": 555, "streamingEpisodes": [{"title": "Episode 1 - Kyuto\u2019s Great Detective", "url": "http://www.crunchyroll.com/fantastic-detective-labyrinth/episode-1-kyutos-great-detective-687321"}, {"title": "Episode 2 - Mayuki\u2019s Decision", "url": "http://www.crunchyroll.com/fantastic-detective-labyrinth/episode-2-mayukis-decision-687323"}, {"title": "Episode 3 - Adventure in the Leaning Tower", "url": "http://www.crunchyroll.com/fantastic-detective-labyrinth/episode-3-adventure-in-the-leaning-tower-687325"}, {"title": "Episode 4 - The Truth of Red and White", "url": "http://www.crunchyroll.com/fantastic-detective-labyrinth/episode-4-the-truth-of-red-and-white-687327"}, {"title": "Episode 5 - The Old Capital\u2019s Elegy", "url": "http://www.crunchyroll.com/fantastic-detective-labyrinth/episode-5-the-old-capitals-elegy-687329"}, {"title": "Episode 6 - The Railway Deception", "url": "http://www.crunchyroll.com/fantastic-detective-labyrinth/episode-6-the-railway-deception-687331"}, {"title": "Episode 7 - Kyuto, Bombs, and Tea", "url": "http://www.crunchyroll.com/fantastic-detective-labyrinth/episode-7-kyuto-bombs-and-tea-687333"}, {"title": "Episode 8 - Hatsumi's Anguish", "url": "http://www.crunchyroll.com/fantastic-detective-labyrinth/episode-8-hatsumis-anguish-687335"}, {"title": "Episode 9 - The Unforgivable Sin", "url": "http://www.crunchyroll.com/fantastic-detective-labyrinth/episode-9-the-unforgivable-sin-687337"}, {"title": "Episode 10 - The Sacrifice of the Atoner", "url": "http://www.crunchyroll.com/fantastic-detective-labyrinth/episode-10-the-sacrifice-of-the-atoner-687339"}, {"title": "Episode 11 - Desire\u2019s End", "url": "http://www.crunchyroll.com/fantastic-detective-labyrinth/episode-11-desires-end-687341"}, {"title": "Episode 12 - Poolside Surprise", "url": "http://www.crunchyroll.com/fantastic-detective-labyrinth/episode-12-poolside-surprise-687343"}, {"title": "Episode 13 - The Spirited Away Game", "url": "http://www.crunchyroll.com/fantastic-detective-labyrinth/episode-13-the-spirited-away-game-687345"}, {"title": "Episode 14 - The Knowledge of the Gods Awakens", "url": "http://www.crunchyroll.com/fantastic-detective-labyrinth/episode-14-the-knowledge-of-the-gods-awakens-687347"}, {"title": "Episode 15 - Heart and Oath", "url": "http://www.crunchyroll.com/fantastic-detective-labyrinth/episode-15-heart-and-oath-687349"}, {"title": "Episode 16 - Purple Flame", "url": "http://www.crunchyroll.com/fantastic-detective-labyrinth/episode-16-purple-flame-687351"}, {"title": "Episode 17 - The Other Aya", "url": "http://www.crunchyroll.com/fantastic-detective-labyrinth/episode-17-the-other-aya-687353"}, {"title": "Episode 18 - Hyuga and Shinano", "url": "http://www.crunchyroll.com/fantastic-detective-labyrinth/episode-18-hyuga-and-shinano-687355"}, {"title": "Episode 19 - The Fountain of Memories", "url": "http://www.crunchyroll.com/fantastic-detective-labyrinth/episode-19-the-fountain-of-memories-687357"}, {"title": "Episode 20 - Prelude to Destruction", "url": "http://www.crunchyroll.com/fantastic-detective-labyrinth/episode-20-prelude-to-destruction-687359"}, {"title": "Episode 21 - Warped Colors", "url": "http://www.crunchyroll.com/fantastic-detective-labyrinth/episode-21-warped-colors-687361"}, {"title": "Episode 22 - Distant Bonds", "url": "http://www.crunchyroll.com/fantastic-detective-labyrinth/episode-22-distant-bonds-687363"}, {"title": "Episode 23 - What We Can Do", "url": "http://www.crunchyroll.com/fantastic-detective-labyrinth/episode-23-what-we-can-do-687365"}, {"title": "Episode 24 - Beyond Shinchi", "url": "http://www.crunchyroll.com/fantastic-detective-labyrinth/episode-24-beyond-shinchi-687367"}, {"title": "Episode 25 - Time is Ripe, Flowers Fall", "url": "http://www.crunchyroll.com/fantastic-detective-labyrinth/episode-25-time-is-ripe-flowers-fall-687369"}], "coverImage": {"large": "https://s3.anilist.co/media/anime/cover/medium/2965.jpg", "medium": "https://s3.anilist.co/media/anime/cover/small/2965.jpg"}, "bannerImage": null, "isAdult": false, "format": "TV"}, {"id": 2966, "title": {"romaji": "Ookami to Koushinryou", "english": "Spice and Wolf"}, "type": "ANIME", "status": "FINISHED", "description": "The peddler Kraft Lawrence travels through the world selling all kinds of things. After visiting a village, he discovers a sleeping girl under the pelts in his cart. She has wolf ears and a tail. The wolf girl explains that she has been called a \"god\", but that her name is Holo and nothing more. Lawrence teases the girl a little, but after hearing more of her story, he is moved and decides to accompany her further north. On their travels the two have many adventures, often getting into trouble, but the bond between them grows stronger. ", "startDate": {"year": 2008, "month": 1, "day": 8}, "endDate": {"year": 2008, "month": 5, "day": 30}, "season": "WINTER", "episodes": 13, "duration": 24, "genres": ["Adventure", "Fantasy", "Romance"], "averageScore": 81, "trending": 4, "popularity": 30933, "streamingEpisodes": [], "coverImage": {"large": "https://s3.anilist.co/media/anime/cover/medium/2966.jpg", "medium": "https://s3.anilist.co/media/anime/cover/small/2966.jpg"}, "bannerImage": "https://s3.anilist.co/media/anime/banner/2966.jpg", "isAdult": false, "format": "TV"}, {"id": 2967, "title": {"romaji": "Saishuu Shiken Kujira", "english": null}, "type": "ANIME", "status": "FINISHED", "description": "Like snow falling in summer, like a cicada lamenting the coming of winter.<br>\nIn a town watched over by a whale in the sky, the extraordinary is made ordinary. Spectacles that could never be given form are instead given flesh and soul. And in their midst, the story of a miracle that comes to pass in this town of miracles incarnate...<br><br>\nWelcome to the world of Final Examination Kujira.<br><br>\n(Source: AniDB)", "startDate": {"year": 2007, "month": 8, "day": 25}, "endDate": {"year": 2007, "month": 11, "day": 10}, "season": "SUMMER", "episodes": 12, "duration": 5, "genres": ["Drama", "Mystery", "Romance"], "averageScore": 42, "trending": 0, "popularity": 346, "streamingEpisodes": [], "coverImage": {"large": "https://s3.anilist.co/media/anime/cover/medium/2967.jpg", "medium": "https://s3.anilist.co/media/anime/cover/small/2967.jpg"}, "bannerImage": null, "isAdult": false, "format": "ONA"}, {"id": 2969, "title": {"romaji": "Appleseed Saga Ex Machina", "english": null}, "type": "ANIME", "status": "FINISHED", "description": "Deunan, a young female warrior, and Briareos, a veteran cyborg-soldier, are both partners and lovers. As members of E.S.W.A.T., the elite special forces serving Olympus, they are deployed whenever trouble strikes. The two fighters find their partnership tested in a new way by the arrival of a new member to their ranks - an experimental Bioroid named Tereus. <br><br>\n(Source: ANN)", "startDate": {"year": 2007, "month": 10, "day": 20}, "endDate": {"year": 2007, "month": 10, "day": 20}, "season": "FALL", "episodes": 1, "duration": 104, "genres": ["Action", "Mecha", "Sci-Fi"], "averageScore": 68, "trending": 0, "popularity": 1677, "streamingEpisodes": [], "coverImage": {"large": "https://s3.anilist.co/media/anime/cover/medium/2969.jpg", "medium": "https://s3.anilist.co/media/anime/cover/small/2969.jpg"}, "bannerImage": null, "isAdult": false, "format": "MOVIE"}, {"id": 2970, "title": {"romaji": "Night Wizard", "english": null}, "type": "ANIME", "status": "FINISHED", "description": "Night Wizard. A term given to those whose mission is to protect the world from impending darkness. Renji Hiiragi is one such Night Wizard, who is constantly called on missions, even though all he wants is to be able to go to school and graduate. <br><br>\nHowever, his latest order was to protect Elis Shiho, who is a new transfer student at his academy. Being dragged into the Astronomy Club by Renji's childhood friend, Kureha Akabane on her first day at school, Elis soon realises that she too, has the power to become a night wizard, after possessing one of seven secret Jewels, the Jewel of Kindness. <br><br>\nAlong with Renji and Kureha, Elis now begins her fight and her new life, as a Night Wizard<br><br>\n(Source: ANN)", "startDate": {"year": 2007, "month": 10, "day": 3}, "endDate": {"year": 2007, "month": 12, "day": 26}, "season": "FALL", "episodes": 13, "duration": 25, "genres": ["Adventure", "Fantasy"], "averageScore": 60, "trending": 0, "popularity": 1766, "streamingEpisodes": [], "coverImage": {"large": "https://s3.anilist.co/media/anime/cover/medium/2970.jpg", "medium": "https://s3.anilist.co/media/anime/cover/small/2970.jpg"}, "bannerImage": "https://s3.anilist.co/media/anime/banner/2970-NPxhKLeu3HfT.jpg", "isAdult": false, "format": "TV"}, {"id": 2971, "title": {"romaji": "Kyou kara Maou! R", "english": null}, "type": "ANIME", "status": "FINISHED", "description": "Life has returned to some form of normalcy after the end of the series, and so His Majesty Yuuri Shibuya travels to oversee how things are going. While doing so, he runs into the king of Small Shimeron--Sararegi. But it seems there may be something more to him than the friendly king he presents himself as. Yuuri go back to Shimaron to relax and meet some friends, when the \"king\" of Little Shimaron suddenly joins the group and wants the Maou to come to his country. The Original king sends a message to Yuuri's brother and his friend that Yuuri is in trouble.<br><br>\n(Source: ANN)", "startDate": {"year": 2007, "month": 10, "day": 26}, "endDate": {"year": 2008, "month": 3, "day": 28}, "season": "FALL", "episodes": 5, "duration": 25, "genres": ["Adventure", "Comedy", "Fantasy"], "averageScore": 67, "trending": 0, "popularity": 903, "streamingEpisodes": [], "coverImage": {"large": "https://s3.anilist.co/media/anime/cover/medium/2971.jpg", "medium": "https://s3.anilist.co/media/anime/cover/small/2971.jpg"}, "bannerImage": null, "isAdult": false, "format": "OVA"}, {"id": 2972, "title": {"romaji": "Kindan no Mokushiroku Crystal Triangle", "english": "Crystal Triangle"}, "type": "ANIME", "status": "FINISHED", "description": "In times of olde, God gave mankind the ten commandments, and a message that has been lost to the centuries. In the present, Koichiro Kamishiro is a modern day Indiana Jones who scours (and often destroys) ruins for hints of the past, until one day he runs across a box filled with two crystal triangles. Having inadvertently run across the key to God's lost message, Kamishiro suddenly has a lot to deal with including assassination attempts by the KGB and the CIA, aliens hell-bent on destroying the Earth and the love of several women!", "startDate": {"year": 1987, "month": 7, "day": 22}, "endDate": {"year": 1987, "month": 7, "day": 22}, "season": "SUMMER", "episodes": 1, "duration": 86, "genres": ["Adventure", "Mystery"], "averageScore": 38, "trending": 0, "popularity": 146, "streamingEpisodes": [], "coverImage": {"large": "https://s3.anilist.co/media/anime/cover/medium/2972.jpg", "medium": "https://s3.anilist.co/media/anime/cover/small/2972.jpg"}, "bannerImage": null, "isAdult": false, "format": "MOVIE"}, {"id": 2973, "title": {"romaji": "Fire Tripper", "english": "Fire Tripper"}, "type": "ANIME", "status": "FINISHED", "description": "It was just another ordinary afternoon for our heroine Suzuko when she suddenly got caught in a giant gas explosion. Instead of getting killed, Suzuko wakes up some 500 years in the past during the Civil War era of Japan. <br><br>\nAfter being saved from a fate worse than death by a handsome, somewhat overbearing young man, Suzuko learns to adapt to the strange realm where she now resides. Along the way, Suzuko finds out more about her mysterious and spotty past. As clues begin to click into place, though, the village is attacked, and Suzuko finds herself travelling through time AGAIN, this time to the present. Will she solve the mystery regarding her origin and where she belongs?", "startDate": {"year": 1985, "month": 12, "day": 16}, "endDate": {"year": 1985, "month": 12, "day": 16}, "season": "WINTER", "episodes": 1, "duration": 50, "genres": ["Fantasy", "Sci-Fi"], "averageScore": 59, "trending": 0, "popularity": 327, "streamingEpisodes": [], "coverImage": {"large": "https://s3.anilist.co/media/anime/cover/medium/2973.jpg", "medium": "https://s3.anilist.co/media/anime/cover/small/2973.jpg"}, "bannerImage": "https://s3.anilist.co/media/anime/banner/2973-GRcdEOJyCBD9.jpg", "isAdult": false, "format": "OVA"}, {"id": 2974, "title": {"romaji": "Humanoid", "english": "Humanoid"}, "type": "ANIME", "status": "FINISHED", "description": "Dr. Watson has created his masterpiece &ndash; a beautiful woman made of metal. A wonder of science, Antoinette is a childlike innocent who holds the key to an ancient civilization that could save the world, or destroy it. And when a mad tyrant kidnaps the man she loves, Antoinette finally discovers the courage &ndash; and the amazing fighting skills &ndash; that are her true calling. ", "startDate": {"year": 1986, "month": 3, "day": 5}, "endDate": {"year": 1986, "month": 3, "day": 5}, "season": "SPRING", "episodes": 1, "duration": 47, "genres": ["Drama", "Mecha", "Sci-Fi"], "averageScore": 42, "trending": 0, "popularity": 144, "streamingEpisodes": [], "coverImage": {"large": "https://s3.anilist.co/media/anime/cover/medium/2974.jpg", "medium": "https://s3.anilist.co/media/anime/cover/small/2974.jpg"}, "bannerImage": null, "isAdult": false, "format": "OVA"}, {"id": 2977, "title": {"romaji": "Youjuu Sensen Adventure Kid", "english": "Adventure Kid"}, "type": "ANIME", "status": "FINISHED", "description": "Episode 1: A young man named Norikazu finds a computer from World War II buried in his back garden. When he activates it, he and a girl named Midori are transported to Hell where erotic creatures and monsters of different kinds live. They meet some friends including a sexy elf type woman named Eganko who falls in love with Norikazu, and a perverted monster prince who is soon enslaved by Midori. Using their new friends the pair try to make the dangerous journey back home.<br><br>\nEpisode 2: Having made their way back home the adventure duo find the world they knew is gone, and is now ruled by the demonic computer which first sent them to Hell. They travel back in time to World War II Japan in an attempt to stop the world from being changed. Notably, in doing so they witness the atomic bomb being dropped on Hiroshima, and there is an appearance of the Enola Gay, as well as numerous symbols of Japanese culture at the time.<br><br>\nEpisode 3: This episode has a humorous love-quadrangle plot, where Eganko comes up with a plan to make Norikazu fall in love with her with a love potion, and simultaneously make Midori fall in love with an egotistical young man from her school. Unsurprisingly their plan backfires and everyone gets what they deserve.<br><br>\n(Source: Wikipedia)", "startDate": {"year": 1992, "month": 7, "day": 21}, "endDate": {"year": 1993, "month": 10, "day": 21}, "season": "SUMMER", "episodes": 3, "duration": 37, "genres": ["Fantasy", "Hentai", "Horror"], "averageScore": null, "trending": 0, "popularity": 105, "streamingEpisodes": [], "coverImage": {"large": "https://s3.anilist.co/media/anime/cover/medium/2977.jpg", "medium": "https://s3.anilist.co/media/anime/cover/small/2977.jpg"}, "bannerImage": null, "isAdult": true, "format": "OVA"}, {"id": 2978, "title": {"romaji": "Shin Getter Robo", "english": "New Getter Robo"}, "type": "ANIME", "status": "FINISHED", "description": "Humanity is under attack by demonic creatures called Oni. Unable to fight back by any other means, the scientist Dr. Saotome creates a series of giant robots that harness the mysterious power of Getter Rays, giving them the strength necessary to fight the Oni. The strongest of these is Getter Robo, and Saotome must enlist three very different men to pilot it - martial artist Ryoma Nagare, criminal leader Hayato Jin, and monk Benkei Musashibou. Together, the Getter Team fights to end the Oni menace forever.<br><br>\n(Source: ANN)", "startDate": {"year": 2004, "month": 4, "day": 9}, "endDate": {"year": 2004, "month": 9, "day": 10}, "season": "SPRING", "episodes": 13, "duration": 24, "genres": ["Action", "Adventure", "Horror", "Mecha", "Sci-Fi"], "averageScore": 67, "trending": 0, "popularity": 734, "streamingEpisodes": [], "coverImage": {"large": "https://s3.anilist.co/media/anime/cover/medium/2978.jpg", "medium": "https://s3.anilist.co/media/anime/cover/small/2978.jpg"}, "bannerImage": null, "isAdult": false, "format": "OVA"}, {"id": 2979, "title": {"romaji": "Akiko", "english": null}, "type": "ANIME", "status": "FINISHED", "description": "Young men and women are supposed to be interested in the opposite sex. They're supposed to be interested in sex, period. But the students at the prestigious Nobel Academy have been exhibiting unusually strong urges lately.<br><br>\nWhen one of the female scholars spends her entire summer vacation masturbating in her room, her father calls on the Central Genetic Research Institute for help. Special Agent Akiko is assigned to investigate forthwith, and goes \"undercover\" to discover exactly what possesses the student body.<br><br>\n(Source: AniDB)", "startDate": {"year": 1996, "month": 3, "day": 15}, "endDate": {"year": 1996, "month": 7, "day": 26}, "season": "SPRING", "episodes": 2, "duration": 30, "genres": ["Hentai"], "averageScore": null, "trending": 0, "popularity": 126, "streamingEpisodes": [], "coverImage": {"large": "https://s3.anilist.co/media/anime/cover/medium/2979.jpg", "medium": "https://s3.anilist.co/media/anime/cover/small/2979.jpg"}, "bannerImage": null, "isAdult": true, "format": "OVA"}, {"id": 2980, "title": {"romaji": "Kuso Kagaku Sekai Gulliver Boy", "english": "Fantascience World Gulliver Boy"}, "type": "ANIME", "status": "FINISHED", "description": "Gulliver, a boy born with the ability to use magic was forced against his will to attend a magician school to improve his abilities to protect his city. He manages to escape just to find out that his home town was destroyed by the evil Judau's army. Judau personally kills his father and oaths to kill Gulliver as well. Meanwhile Gulliver and his friend Eddison rescue a girl named Misty who is running away from Judau. Along with a fairy named Phoebe, a lone wolf ninja named Gecko and an ancient ship; Gulliver and his friends set out on an adventure to defeat Judau and to discover the secrets of Atlantis.<br><br>\n(Source: ANN)", "startDate": {"year": 1995, "month": 1, "day": 8}, "endDate": {"year": 1995, "month": 12, "day": 24}, "season": "WINTER", "episodes": 50, "duration": 24, "genres": ["Action", "Adventure", "Fantasy", "Mecha"], "averageScore": null, "trending": 0, "popularity": 80, "streamingEpisodes": [], "coverImage": {"large": "https://s3.anilist.co/media/anime/cover/medium/2980.jpg", "medium": "https://s3.anilist.co/media/anime/cover/small/2980.jpg"}, "bannerImage": null, "isAdult": false, "format": "TV"}, {"id": 2981, "title": {"romaji": "Midori: Shoujo Tsubaki", "english": null}, "type": "ANIME", "status": "FINISHED", "description": "After losing her parents, young flower selling Midori is put up by a fairground group. She is abused and forced to slavery, until the arrival of an enigmatic magician of short stature, who gives her hope for a better future. <br><br>\n(Source: ANN)", "startDate": {"year": 1992, "month": 5, "day": 2}, "endDate": {"year": 1992, "month": 5, "day": 2}, "season": "SPRING", "episodes": 1, "duration": 49, "genres": ["Drama", "Horror"], "averageScore": 52, "trending": 0, "popularity": 1375, "streamingEpisodes": [], "coverImage": {"large": "https://s3.anilist.co/media/anime/cover/medium/2981-D5P9n6XeIHIf.jpg", "medium": "https://s3.anilist.co/media/anime/cover/small/2981-D5P9n6XeIHIf.jpg"}, "bannerImage": "https://s3.anilist.co/media/anime/banner/2981-FodA2OZ7K0Ka.jpg", "isAdult": false, "format": "MOVIE"}, {"id": 2982, "title": {"romaji": "Yuuwaku", "english": "Temptation"}, "type": "ANIME", "status": "FINISHED", "description": "Unable to resist his animal urges, a professor is caught red-handed having sex with a busty coed! Now under blackmail, he must help his new partner in crime mentor the hottest females on campus... and capture their erotic training sessions on film!", "startDate": {"year": 2003, "month": 7, "day": 25}, "endDate": {"year": 2003, "month": 10, "day": 31}, "season": "SUMMER", "episodes": 2, "duration": 30, "genres": ["Hentai"], "averageScore": 56, "trending": 0, "popularity": 398, "streamingEpisodes": [], "coverImage": {"large": "https://s3.anilist.co/media/anime/cover/medium/2982.jpg", "medium": "https://s3.anilist.co/media/anime/cover/small/2982.jpg"}, "bannerImage": null, "isAdult": true, "format": "OVA"}, {"id": 2983, "title": {"romaji": "Digital Devil Monogatari Megami Tensei", "english": "Digital Devil Monogatari Megami Tensei"}, "type": "ANIME", "status": "FINISHED", "description": "The story revolves around two high school students Akemi and Yumiko, who share a mysterious intertwining past lives. Akemi bullied at school but a genius has managed to create a demon summoning program to get revenge but chaos ensues. The OVA is based off the first of Aya Nishitani's Digital Devil Story: Megami Tensei novels.", "startDate": {"year": 1987, "month": 3, "day": 25}, "endDate": {"year": 1987, "month": 3, "day": 25}, "season": "SPRING", "episodes": 1, "duration": 45, "genres": ["Adventure", "Drama", "Fantasy", "Horror", "Mystery"], "averageScore": 46, "trending": 0, "popularity": 456, "streamingEpisodes": [], "coverImage": {"large": "https://s3.anilist.co/media/anime/cover/medium/2983.jpg", "medium": "https://s3.anilist.co/media/anime/cover/small/2983.jpg"}, "bannerImage": null, "isAdult": false, "format": "OVA"}, {"id": 2985, "title": {"romaji": "Majin Tantei Nougami Neuro", "english": "Neuro: Supernatural Detective"}, "type": "ANIME", "status": "FINISHED", "description": "The series focuses on Neuro Nougami, a demon who feeds on mysteries and puzzles, who comes to the human world to feast on the mysteries offered by humans who release negative energy from their planned crimes. As a demon, he must not make his presence noticed by the humans as it is the law in the human world. Because of this, he makes a permanent deal with Yako Katsuragi (who has her own personal mystery she has to solve), and together they solve crimes for Neuro's appetite.", "startDate": {"year": 2007, "month": 10, "day": 3}, "endDate": {"year": 2008, "month": 3, "day": 26}, "season": "FALL", "episodes": 25, "duration": 23, "genres": ["Comedy", "Mystery", "Supernatural"], "averageScore": 70, "trending": 0, "popularity": 3272, "streamingEpisodes": [], "coverImage": {"large": "https://s3.anilist.co/media/anime/cover/medium/2985.jpg", "medium": "https://s3.anilist.co/media/anime/cover/small/2985.jpg"}, "bannerImage": "https://s3.anilist.co/media/anime/banner/2985.jpg", "isAdult": false, "format": "TV"}, {"id": 2986, "title": {"romaji": "Bamboo Blade", "english": null}, "type": "ANIME", "status": "FINISHED", "description": "Kojirou is the kendo instructor for Muroe High School and he's totally broke. But then an unexpected chance is given to him: his team must win against his senpai's team and the prize is: free meals for a whole year! Now, the only problem left... where to find girls skilled enough and willing to join the kendo team?", "startDate": {"year": 2007, "month": 10, "day": 2}, "endDate": {"year": 2008, "month": 4, "day": 1}, "season": "FALL", "episodes": 26, "duration": 24, "genres": ["Comedy", "Sports"], "averageScore": 70, "trending": 0, "popularity": 4609, "streamingEpisodes": [], "coverImage": {"large": "https://s3.anilist.co/media/anime/cover/medium/2986.jpg", "medium": "https://s3.anilist.co/media/anime/cover/small/2986.jpg"}, "bannerImage": null, "isAdult": false, "format": "TV"}, {"id": 2987, "title": {"romaji": "Ginga Hyouryuu Vifam", "english": "Round Vernian Vifam"}, "type": "ANIME", "status": "FINISHED", "description": "AD. 2058, on the Clayad which was the 3rd planet of the Ypserlon system, which was 43 light years away from Earth, suddently aliens raided the planet.The emigrants on the Clayad had to escape from the planet. Because of the confusion during the escape, the children were strayed from their parents and got in the training space ship, Janous. With a lot of sacrifices, they managed to arrive at 4th planet Belwick. However, the Belwick had been already in the war. Therefore, the 13 children had to go to the Earth by themselves.<br><br>\r\n(Source: AnimeNfo)", "startDate": {"year": 1983, "month": 10, "day": 21}, "endDate": {"year": 1984, "month": 9, "day": 21}, "season": "FALL", "episodes": 46, "duration": 25, "genres": ["Mecha", "Sci-Fi"], "averageScore": 53, "trending": 0, "popularity": 301, "streamingEpisodes": [], "coverImage": {"large": "https://s3.anilist.co/media/anime/cover/medium/2987.jpg", "medium": "https://s3.anilist.co/media/anime/cover/small/2987.jpg"}, "bannerImage": "https://s3.anilist.co/media/anime/banner/2987-xdFZAohhvIRk.jpg", "isAdult": false, "format": "TV"}, {"id": 2988, "title": {"romaji": "Mahou Shoujo Ai", "english": null}, "type": "ANIME", "status": "FINISHED", "description": "In a certain town, there were consecutive phantom assaults. Because the incidents were extraordinarily, there was a rumor that a ghost or supernatural creature caused them. The students in the school which Akitoshi went to were frightened. One day, an unknown girl appeared in the school. However, all the students except Akitoshi thought they had known her. Feeling strange, he shadowed her in order to investigate her but he lost sight of her. At that moment, he heard the scream of a woman from the nearby material yard and went to the place where the scream came from. There he found the beautiful girl of the school, Mikage. Mikage was surrounded by monsters \"Yuragi\" (fluctuation), and she was hanged naked. Yuragi noticed Akitoshi and began to attack him. Then, the fighter, Ai, appeared and cut them down. <br>\nAkitoshi stared at Ai. What was her true character, an enemy or an ally? <br><br>\n(Source: AnimeNfo)", "startDate": {"year": 2003, "month": 8, "day": 25}, "endDate": {"year": 2005, "month": 2, "day": 25}, "season": "SUMMER", "episodes": 5, "duration": 30, "genres": ["Action", "Hentai", "Horror", "Supernatural"], "averageScore": 56, "trending": 0, "popularity": 437, "streamingEpisodes": [], "coverImage": {"large": "https://s3.anilist.co/media/anime/cover/medium/2988.jpg", "medium": "https://s3.anilist.co/media/anime/cover/small/2988.jpg"}, "bannerImage": null, "isAdult": true, "format": "OVA"}, {"id": 2989, "title": {"romaji": "Classmate no Okaasan", "english": "My Classmate's Mother"}, "type": "ANIME", "status": "FINISHED", "description": "Jun is in his second year of high school. He loves a female teacher, Keiko, though she is much older than him. He joins a badminton club that Keiko is in charge. Luckily, there is no other club members and he enjoys practicing it with Keiko after school....<br><br>\nOne day, a girl talks to him.... It is Keikos daughter, Sae. \"My mother talks about you a lot at home.\" Also, he finds that her husband passed away ten years ago. Triggered by this fact, he makes up his mind to tell Keiko that he loves her.... <br><br>\n(Source: Saishuu)", "startDate": {"year": 2007, "month": 4, "day": 13}, "endDate": {"year": 2007, "month": 7, "day": 13}, "season": "SPRING", "episodes": 2, "duration": 30, "genres": ["Hentai"], "averageScore": 51, "trending": 0, "popularity": 228, "streamingEpisodes": [], "coverImage": {"large": "https://s3.anilist.co/media/anime/cover/medium/2989.jpg", "medium": "https://s3.anilist.co/media/anime/cover/small/2989.jpg"}, "bannerImage": null, "isAdult": true, "format": "OVA"}, {"id": 2990, "title": {"romaji": "Mini Skirt Gakuen", "english": null}, "type": "ANIME", "status": "FINISHED", "description": "Under the uniforms of this girls volleyball team is ripe juicy fruit ready to be picked, and they're ready to get into the action. Now that's what we call team sports. Watch as these little volleyball sluts bring some of the football players back to the locker room with them and clothes start falling off. They should have known what would happen if they bring boys into the girls' locker room! <br><br>\n(Source: AniDB)", "startDate": {"year": 2001, "month": 12, "day": 21}, "endDate": {"year": 2001, "month": 12, "day": 21}, "season": "WINTER", "episodes": 1, "duration": 19, "genres": ["Hentai"], "averageScore": null, "trending": 0, "popularity": 83, "streamingEpisodes": [], "coverImage": {"large": "https://s3.anilist.co/media/anime/cover/medium/2990.jpg", "medium": "https://s3.anilist.co/media/anime/cover/small/2990.jpg"}, "bannerImage": null, "isAdult": true, "format": "OVA"}, {"id": 2991, "title": {"romaji": "Harumi-chan no Oita", "english": null}, "type": "ANIME", "status": "FINISHED", "description": "Wafaru is a guy next door. One day he saw a little innocent looking girl in his room. Her name is Harumi. She asked Wafaru if she could stay with him. She didn't have anywhere to go. Because of her innocence she doesn't know anything about a man's body and even her body. Wafaru showed her his member and explained to her it was his pet. She loves playing with it so much without knowing what it really is. Wafaru cannot live with the lies he continues to tell her. In a fit of guilt he has way with her without revealing his secret.<br><br>\n(Source: AniDB)", "startDate": {"year": 2001, "month": 3, "day": 16}, "endDate": {"year": 2001, "month": 3, "day": 16}, "season": "SPRING", "episodes": 1, "duration": 30, "genres": ["Hentai"], "averageScore": 45, "trending": 0, "popularity": 193, "streamingEpisodes": [], "coverImage": {"large": "https://s3.anilist.co/media/anime/cover/medium/2991.jpg", "medium": "https://s3.anilist.co/media/anime/cover/small/2991.jpg"}, "bannerImage": null, "isAdult": true, "format": "OVA"}, {"id": 2993, "title": {"romaji": "Rosario to Vampire", "english": "Rosario + Vampire"}, "type": "ANIME", "status": "FINISHED", "description": "By a bizzare coincidence, Tsukune Aono has accidentally gotten himself admitted to a youkai academy, a school attended by monsters. Just when he thinks he'll run away from there, he meets the beautiful girl Moka and his mood turns ultra happy. However, she transforms into her true form when the rosary on her chest is taken off, she's a super vampire! <br><br>\n(Source: AniDB)", "startDate": {"year": 2008, "month": 1, "day": 3}, "endDate": {"year": 2008, "month": 3, "day": 27}, "season": "WINTER", "episodes": 13, "duration": 25, "genres": ["Comedy", "Ecchi", "Fantasy", "Romance"], "averageScore": 64, "trending": 0, "popularity": 19026, "streamingEpisodes": [], "coverImage": {"large": "https://s3.anilist.co/media/anime/cover/medium/2993.jpg", "medium": "https://s3.anilist.co/media/anime/cover/small/2993.jpg"}, "bannerImage": "https://s3.anilist.co/media/anime/banner/2993-wZmgsXUSnJUa.jpg", "isAdult": false, "format": "TV"}, {"id": 2994, "title": {"romaji": "Death Note Rewrite", "english": "Death Note: Relight"}, "type": "ANIME", "status": "FINISHED", "description": "1. Genshisuru Kami (Visions of a God)<br>\r\nA two hour episode of Death Note, mainly a compilation of the confrontations between Light and L, re-edited from Ryuk's perspective with new dialogue and soundtrack along with additional animation that could not be included in the original series.  An Unnamed Shinigami comes to Ryuk to question him about his new story in the human world.<br><br>\r\n2. Eru o Tsugu Mono (L's Successors)<br>\r\nThis story continues where the previous left off, continuing the story of Light. As the previous special told Light and L's battles, this story does the same with the conflicts between Light, Mello, and Near.  <br><br>\r\n(Source: Wikipedia)", "startDate": {"year": 2007, "month": 8, "day": 31}, "endDate": {"year": 2008, "month": 8, "day": 22}, "season": "SUMMER", "episodes": 2, "duration": 112, "genres": ["Mystery", "Psychological", "Supernatural", "Thriller"], "averageScore": 73, "trending": 0, "popularity": 6494, "streamingEpisodes": [], "coverImage": {"large": "https://s3.anilist.co/media/anime/cover/medium/2994.jpg", "medium": "https://s3.anilist.co/media/anime/cover/small/2994.jpg"}, "bannerImage": null, "isAdult": false, "format": "SPECIAL"}, {"id": 2997, "title": {"romaji": "Hi no Tori: Houou Hen", "english": "Phoenix: Karma Chapter"}, "type": "ANIME", "status": "FINISHED", "description": "The story is about two characters, Akanemaru, a sculpture genius, and ex-burglar Gao whose only purpose in life is sculpting, and how they struggle with the fate to compete with each other over their capacity and talent.<br><br>\n(Source: AniDB)", "startDate": {"year": 1986, "month": 12, "day": 20}, "endDate": {"year": 1986, "month": 12, "day": 20}, "season": "WINTER", "episodes": 1, "duration": 60, "genres": ["Drama", "Fantasy"], "averageScore": 59, "trending": 0, "popularity": 267, "streamingEpisodes": [], "coverImage": {"large": "https://s3.anilist.co/media/anime/cover/medium/2997.jpg", "medium": "https://s3.anilist.co/media/anime/cover/small/2997.jpg"}, "bannerImage": null, "isAdult": false, "format": "MOVIE"}, {"id": 2998, "title": {"romaji": "Hi no Tori: Uchuu Hen", "english": "The Phoenix -Space-"}, "type": "ANIME", "status": "FINISHED", "description": "It is an animation version of the original story by Tezuka Osamu that depicts the cruelty of love through the fate of spacemen destined to drift through the universe after losing their mother ship..<br><br>\n(Source: AniDB)", "startDate": {"year": 1987, "month": 12, "day": 21}, "endDate": {"year": 1987, "month": 12, "day": 21}, "season": "WINTER", "episodes": 1, "duration": 48, "genres": ["Drama", "Fantasy", "Sci-Fi"], "averageScore": 58, "trending": 0, "popularity": 217, "streamingEpisodes": [], "coverImage": {"large": "https://s3.anilist.co/media/anime/cover/medium/2998.jpg", "medium": "https://s3.anilist.co/media/anime/cover/small/2998.jpg"}, "bannerImage": null, "isAdult": false, "format": "OVA"}, {"id": 2999, "title": {"romaji": "Hi no Tori: Yamato Hen", "english": "The Phoenix: Chapter of Yamato"}, "type": "ANIME", "status": "FINISHED", "description": "Based on Tezuka Osamu's original work portraying life based on the myth of Yamatotakeru.", "startDate": {"year": 1987, "month": 8, "day": 1}, "endDate": {"year": 1987, "month": 8, "day": 1}, "season": "SUMMER", "episodes": 1, "duration": 48, "genres": ["Drama"], "averageScore": 56, "trending": 0, "popularity": 203, "streamingEpisodes": [], "coverImage": {"large": "https://s3.anilist.co/media/anime/cover/medium/2999.jpg", "medium": "https://s3.anilist.co/media/anime/cover/small/2999.jpg"}, "bannerImage": null, "isAdult": false, "format": "OVA"}, {"id": 3000, "title": {"romaji": "Taiho Shichauzo: Full Throttle", "english": "You're Under Arrest: Full Throttle"}, "type": "ANIME", "status": "FINISHED", "description": "Miyuki Kobayakawa, fresh from forensics training in the United States and Natsumi Tsujimoto, from completing Japanese Self-Defense Force (JSDF) ranger training return in the long-awaited 3rd season of the highly popular series. This time, the duo rejoins active duty at Bokuto Police Department, fighting against crime using their wits and brawn, plus having some misadventures along the way. <br><br>\n(Source: ANN)", "startDate": {"year": 2007, "month": 10, "day": 5}, "endDate": {"year": 2008, "month": 3, "day": 28}, "season": "FALL", "episodes": 23, "duration": 20, "genres": ["Action", "Comedy"], "averageScore": 64, "trending": 0, "popularity": 532, "streamingEpisodes": [], "coverImage": {"large": "https://s3.anilist.co/media/anime/cover/medium/3000.jpg", "medium": "https://s3.anilist.co/media/anime/cover/small/3000.jpg"}, "bannerImage": null, "isAdult": false, "format": "TV"}, {"id": 3001, "title": {"romaji": "Moyashimon", "english": null}, "type": "ANIME", "status": "FINISHED", "description": "Enter Tadayasu, a freshmen college student who can see and talk to cute, chibi bacteria and other microscopic organisms. It's not all fun and games like it sounds though, because it gets him into all sorts of trouble. Join Tadayasu as he enters his first year at the Agriculture University, what crazy events await him?", "startDate": {"year": 2007, "month": 10, "day": 12}, "endDate": {"year": 2007, "month": 12, "day": 21}, "season": "FALL", "episodes": 11, "duration": 23, "genres": ["Comedy", "Supernatural"], "averageScore": 73, "trending": 0, "popularity": 4942, "streamingEpisodes": [{"title": "Episode 1 - The Story of the Agricultural University Microbes", "url": "http://www.crunchyroll.com/moyashimon/episode-1-the-story-of-the-agricultural-university-microbes-609955"}, {"title": "Episode 2 - The 300 Million Yen Agricultural University Student", "url": "http://www.crunchyroll.com/moyashimon/episode-2-the-300-million-yen-agricultural-university-student-610121"}, {"title": "Episode 3 - The Microbes Are Gonna Brew!", "url": "http://www.crunchyroll.com/moyashimon/episode-3-the-microbes-are-gonna-brew-610411"}, {"title": "Episode 4 - Microbes, Microbes Everywhere", "url": "http://www.crunchyroll.com/moyashimon/episode-4-microbes-microbes-everywhere-611091"}, {"title": "Episode 5 - Horrors! The Microbe Monster", "url": "http://www.crunchyroll.com/moyashimon/episode-5-horrors-the-microbe-monster-611093"}, {"title": "Episode 6 - Enchanting! Miss Agricultural University", "url": "http://www.crunchyroll.com/moyashimon/episode-6-enchanting-miss-agricultural-university-611095"}, {"title": "Episode 7 - The Agricultural University Spring Festival Begins!", "url": "http://www.crunchyroll.com/moyashimon/episode-7-the-agricultural-university-spring-festival-begins-611097"}, {"title": "Episode 8 - The Battle to Capture the Main Gate", "url": "http://www.crunchyroll.com/moyashimon/episode-8-the-battle-to-capture-the-main-gate-611163"}, {"title": "Episode 9 - Cling to That Soft Skin", "url": "http://www.crunchyroll.com/moyashimon/episode-9-cling-to-that-soft-skin-611291"}, {"title": "Episode 10 - The Gothic Lolita's Kiss", "url": "http://www.crunchyroll.com/moyashimon/episode-10-the-gothic-lolitas-kiss-611293"}, {"title": "Episode 11 - A Shining Microbe Future", "url": "http://www.crunchyroll.com/moyashimon/episode-11-a-shining-microbe-future-611295"}], "coverImage": {"large": "https://s3.anilist.co/media/anime/cover/medium/3001.jpg", "medium": "https://s3.anilist.co/media/anime/cover/small/3001.jpg"}, "bannerImage": null, "isAdult": false, "format": "TV"}, {"id": 3002, "title": {"romaji": "Gyakkyou Burai Kaiji: Ultimate Survivor", "english": "Kaiji - Ultimate Survivor"}, "type": "ANIME", "status": "FINISHED", "description": "Itou Kaiji is a bum who steals car emblems and slashes tires on what seems to be a regular basis. This routine changes one day when he is paid a visit by a man in a trench-coat. Once the two get talking, it seems that the visitor (Calling himself Endou) is a debt collector. The reason for his visit is an unpaid loan which Kaiji had previously co-signed for a work-mate (Furuhata Takeshi). The original loan was 300,000 yen and once Takeshi had disappeared, the loan then fell on Kaiji.<br><br>\r\nKaiji is then told of a way to clear the interest compounded debt (which stood at 3,850,000 yen), which involved getting on a boat with others in his position. Once on the boat the debtors would then have to gamble with loaned money, which would end with a few winning, and others getting into deeper debt and having to work to pay of their debts. After some coercion Kaiji accepts a position on the boat, in order to clear his debt and make a bit of money as well...<br><br>\r\n(Source: AniDB)", "startDate": {"year": 2007, "month": 10, "day": 3}, "endDate": {"year": 2008, "month": 4, "day": 2}, "season": "FALL", "episodes": 26, "duration": 23, "genres": ["Psychological", "Thriller"], "averageScore": 81, "trending": 0, "popularity": 14058, "streamingEpisodes": [{"title": "Episode 1 - Departure", "url": "http://www.crunchyroll.com/kaiji/episode-1-departure-626467"}, {"title": "Episode 2 - Open Fire", "url": "http://www.crunchyroll.com/kaiji/episode-2-open-fire-626469"}, {"title": "Episode 3 - Game", "url": "http://www.crunchyroll.com/kaiji/episode-3-game-626471"}, {"title": "Episode 4 - Failure", "url": "http://www.crunchyroll.com/kaiji/episode-4-failure-626473"}, {"title": "Episode 5 - Deadly Decision", "url": "http://www.crunchyroll.com/kaiji/episode-5-deadly-decision-626475"}, {"title": "Episode 6 - Rise and Fall", "url": "http://www.crunchyroll.com/kaiji/episode-6-rise-and-fall-626477"}, {"title": "Episode 7 - Proclamation", "url": "http://www.crunchyroll.com/kaiji/episode-7-proclamation-626479"}, {"title": "Episode 8 - Iron Hammer", "url": "http://www.crunchyroll.com/kaiji/episode-8-iron-hammer-626481"}, {"title": "Episode 9 - Resurrection", "url": "http://www.crunchyroll.com/kaiji/episode-9-resurrection-626483"}, {"title": "Episode 10 - Messenger", "url": "http://www.crunchyroll.com/kaiji/episode-10-messenger-626485"}, {"title": "Episode 11 - Revelry", "url": "http://www.crunchyroll.com/kaiji/episode-11-revelry-626487"}, {"title": "Episode 12 - Degradation", "url": "http://www.crunchyroll.com/kaiji/episode-12-degradation-626489"}, {"title": "Episode 13 - Monster", "url": "http://www.crunchyroll.com/kaiji/episode-13-monster-626491"}, {"title": "Episode 14 - Dying Spirit", "url": "http://www.crunchyroll.com/kaiji/episode-14-dying-spirit-626493"}, {"title": "Episode 15 - Heavens", "url": "http://www.crunchyroll.com/kaiji/episode-15-heavens-626495"}, {"title": "Episode 16 - Fury", "url": "http://www.crunchyroll.com/kaiji/episode-16-fury-626497"}, {"title": "Episode 17 - Adversity", "url": "http://www.crunchyroll.com/kaiji/episode-17-adversity-626499"}, {"title": "Episode 18 - Trifled", "url": "http://www.crunchyroll.com/kaiji/episode-18-trifled-626501"}, {"title": "Episode 19 - Limit", "url": "http://www.crunchyroll.com/kaiji/episode-19-limit-626503"}, {"title": "Episode 20 - Fierce God", "url": "http://www.crunchyroll.com/kaiji/episode-20-fierce-god-626505"}, {"title": "Episode 21 - Heart's Blood", "url": "http://www.crunchyroll.com/kaiji/episode-21-hearts-blood-626507"}, {"title": "Episode 22 - Enforcement", "url": "http://www.crunchyroll.com/kaiji/episode-22-enforcement-626509"}, {"title": "Episode 23 - Heresy", "url": "http://www.crunchyroll.com/kaiji/episode-23-heresy-626511"}, {"title": "Episode 24 - Conditions", "url": "http://www.crunchyroll.com/kaiji/episode-24-conditions-626513"}, {"title": "Episode 25 - Investment", "url": "http://www.crunchyroll.com/kaiji/episode-25-investment-626515"}, {"title": "Episode 26 - Afterglow", "url": "http://www.crunchyroll.com/kaiji/episode-26-afterglow-626517"}], "coverImage": {"large": "https://s3.anilist.co/media/anime/cover/medium/3002-rnkWY7UXS11O.jpg", "medium": "https://s3.anilist.co/media/anime/cover/small/3002-rnkWY7UXS11O.jpg"}, "bannerImage": "https://s3.anilist.co/media/anime/banner/3002-66EzBxaLDB9z.jpg", "isAdult": false, "format": "TV"}, {"id": 3003, "title": {"romaji": "Yumedamaya Kidan", "english": null}, "type": "ANIME", "status": "FINISHED", "description": "Naho, an eleven-year-old girl, lives with her father and her two-year-old brother Jun. Her mother died after giving birth to Jun, so Naho has to take care of young Jun at home. Understandingly, this situation is frustrating to little Naho. A girl of her age would be dying to go out and play with friends, but because of Jun, she has to give priority to her duties.<br><br>\nOne day, a bizarre man, wearing a long coat and with a big suitcase in his hand, turns up in front of Naho. He introduces himself as \"Kotaro the Dreamball Dealer\" and tells Naho he can take her to a dreamland away from her everyday life. But after this encounter, strange phenomena begin to happen to Naho.<br><br>\nNow Naho is having fun with her friends, and several different worlds come and go before her eyes. Then she finds herself with his father and mother, only the three of them again... But as she starts feeling anxious, the next moment she finds herself wandering into Jun's dream!<br><br>\nNaho is confused. What would she ask to Kotaro? What does she really desire from the deep of her heart?<br><br>\n(Source: Production I.G.)", "startDate": {"year": 2007, "month": 11, "day": 25}, "endDate": {"year": 2007, "month": 11, "day": 25}, "season": "FALL", "episodes": 1, "duration": 24, "genres": ["Drama", "Fantasy"], "averageScore": 56, "trending": 0, "popularity": 231, "streamingEpisodes": [], "coverImage": {"large": "https://s3.anilist.co/media/anime/cover/medium/3003.jpg", "medium": "https://s3.anilist.co/media/anime/cover/small/3003.jpg"}, "bannerImage": null, "isAdult": false, "format": "SPECIAL"}, {"id": 3004, "title": {"romaji": "Saint Beast: Ikusen no Hiru to Yoru Hen", "english": null}, "type": "ANIME", "status": "FINISHED", "description": "Long ago there was a war in Heaven which resulted in Judas and Luca &ndash; two of the six specially-chosen, talented and strong Saint Beasts &ndash; being cast out and imprisoned in Hell for leading the rebellion. But before that Heaven had been a peaceful place where the angels happily lived their lives. In this time, Judas, Luca, Goh, Shin, Rey and Gai are adolescent angels in Heaven who, on the day of Benediction, are made into adults by the supreme god Zeus. With each of the six having their own special abilities and new adult bodies to get used to, opportunities to meet each other arise and new friendships are formed. <br><br>\n(Source: Anivide)", "startDate": {"year": 2005, "month": 12, "day": 17}, "endDate": {"year": 2006, "month": 3, "day": 18}, "season": "WINTER", "episodes": 2, "duration": 25, "genres": ["Adventure", "Fantasy", "Romance"], "averageScore": null, "trending": 0, "popularity": 146, "streamingEpisodes": [], "coverImage": {"large": "https://s3.anilist.co/media/anime/cover/medium/3004.jpg", "medium": "https://s3.anilist.co/media/anime/cover/small/3004.jpg"}, "bannerImage": null, "isAdult": false, "format": "OVA"}, {"id": 3005, "title": {"romaji": "Shadow Skill", "english": null}, "type": "ANIME", "status": "FINISHED", "description": "In this OVA, the story of Gau's history with his adopted sister and the secrets that make up the shadow skill unfold. The pair make their annual return to the gravesite of Gau's parents, where his growth and progress as a warrior can be exhibited for them. Gau has come along way in his training as a Sevalle under Elle's mentorship, but there are those who wish to find a way of eliminating them, just waiting for the right opportunity to mount a deadly attack. As the travellers make their journey, their family bonds and skill will be tested. Opponents are many, and battles are fierce, but Gau's training also entails taking on his sister in battle, and fully embracing the skills he must learn to defeat his ultimate opponent. ", "startDate": {"year": 1995, "month": 10, "day": 25}, "endDate": {"year": 1995, "month": 10, "day": 25}, "season": "FALL", "episodes": 1, "duration": 51, "genres": ["Adventure", "Drama", "Fantasy"], "averageScore": 55, "trending": 0, "popularity": 306, "streamingEpisodes": [], "coverImage": {"large": "https://s3.anilist.co/media/anime/cover/medium/3005.jpg", "medium": "https://s3.anilist.co/media/anime/cover/small/3005.jpg"}, "bannerImage": null, "isAdult": false, "format": "OVA"}, {"id": 3006, "title": {"romaji": "Atashin'chi", "english": null}, "type": "ANIME", "status": "FINISHED", "description": "Outrageous misadventures of an almost normal family with a housewife, her husband, and their two kids Yuusuke and Mikan. Wacky humor about this weird family's daily life.<br><br>\n(Source: AniDB)", "startDate": {"year": 2002, "month": 4, "day": 19}, "endDate": {"year": 2009, "month": 9, "day": 19}, "season": "SPRING", "episodes": 330, "duration": 25, "genres": ["Comedy"], "averageScore": 56, "trending": 0, "popularity": 162, "streamingEpisodes": [], "coverImage": {"large": "https://s3.anilist.co/media/anime/cover/medium/3006.jpg", "medium": "https://s3.anilist.co/media/anime/cover/small/3006.jpg"}, "bannerImage": null, "isAdult": false, "format": "TV"}, {"id": 3007, "title": {"romaji": "Bronze: Kouji Nanjo Cathexis", "english": null}, "type": "ANIME", "status": "FINISHED", "description": "A 30 minute OVA composed of 5 Koji Nanjo&rsquo;s music videos, featuring never seen scenes between Takuto and him, with an original art gallery by Minami Ozaki at the end.<br><br>\n[Written by MAL Rewrite]", "startDate": {"year": 1994, "month": 7, "day": 6}, "endDate": {"year": 1994, "month": 7, "day": 6}, "season": "SUMMER", "episodes": 1, "duration": 33, "genres": ["Music"], "averageScore": 48, "trending": 0, "popularity": 178, "streamingEpisodes": [], "coverImage": {"large": "https://s3.anilist.co/media/anime/cover/medium/3007.jpg", "medium": "https://s3.anilist.co/media/anime/cover/small/3007.jpg"}, "bannerImage": null, "isAdult": false, "format": "OVA"}, {"id": 3008, "title": {"romaji": "Time Bokan Series: Yatterman", "english": null}, "type": "ANIME", "status": "FINISHED", "description": "A mysterious gem called the \"Skull Stone\" (\"&#12489;&#12463;&#12525;&#12473;&#12488;&#12540;&#12531;\") is said to be able to reveal the location of the largest vein of gold in the world. This legend has entranced many people who wanted to get their hands on fame, power and wealth, including the trio of villains in this show: the \"Dorombo (&#12489;&#12525;&#12531;&#12508;&#12540;, Doronbou?) Gang\". However, their hunt for the Skull Stone is not as easy as they imagined, mainly due to the faulty information they receive from their leader; and most of all, by a justical duo of pursuers called the \"Yatterman\"!<br><br>\n(Source: Wikipedia)", "startDate": {"year": 1977, "month": 1, "day": 1}, "endDate": {"year": 1979, "month": 1, "day": 27}, "season": "WINTER", "episodes": 108, "duration": 25, "genres": ["Adventure", "Comedy"], "averageScore": 56, "trending": 0, "popularity": 257, "streamingEpisodes": [], "coverImage": {"large": "https://s3.anilist.co/media/anime/cover/medium/3008.jpg", "medium": "https://s3.anilist.co/media/anime/cover/small/3008.jpg"}, "bannerImage": null, "isAdult": false, "format": "TV"}, {"id": 3009, "title": {"romaji": "Tiger Mask", "english": "Tiger Mask"}, "type": "ANIME", "status": "FINISHED", "description": "Tiger Mask (whose real name was Naoto Date) was a feared heel wrestler in America who was extremely vicious in the ring. However, he became a face after returning to Japan when a young boy said that he wanted to be a villain like Tiger Mask when he grew up. The boy resided in an orphanage, the same one that Tiger Mask grew up in during his childhood. Feeling that he did not want the boy to idolize a villain, Tiger was inspired to be a heroic wrestler.<br><br>\nThe main antagonist in the manga and anime was Tiger's Cave, a mysterious organization that trained young people to be villainous heel wrestlers on the condition that they gave half of their earnings to the organization. Tiger Mask was once a member of Tiger's Cave under the name \"Yellow Devil\", but no longer wanted anything to do with them, instead donating his money to the orphanage. This infuriated the leader of the organization and he sent numerous assassins, including other professional wrestlers, to punish him.<br><br>\n(Source: Wikipedia)", "startDate": {"year": 1969, "month": 10, "day": 2}, "endDate": {"year": 1971, "month": 9, "day": 30}, "season": "FALL", "episodes": 105, "duration": 23, "genres": ["Sports"], "averageScore": 59, "trending": 0, "popularity": 480, "streamingEpisodes": [], "coverImage": {"large": "https://s3.anilist.co/media/anime/cover/medium/3009.jpg", "medium": "https://s3.anilist.co/media/anime/cover/small/3009.jpg"}, "bannerImage": null, "isAdult": false, "format": "TV"}, {"id": 3010, "title": {"romaji": "Kaiketsu Zorro", "english": "The Magnificent Zorro"}, "type": "ANIME", "status": "FINISHED", "description": "Diego Vega returns from his study trip to discover his homeland is under the army's dictatorship. Diego, refusing to watch idly, disguises himself as Zorro to protect the weak and oppressed. Diego is not a coward but he is unable to win the affections of his sweetheart, Lolita, who is attracted to other more noble men. Diego serenades Lolita as Zorro and fights the evils of his homeland, hoping to capture her heart.", "startDate": {"year": 1996, "month": 4, "day": 5}, "endDate": {"year": 1997, "month": 4, "day": 14}, "season": "SPRING", "episodes": 52, "duration": 24, "genres": ["Adventure"], "averageScore": 64, "trending": 0, "popularity": 466, "streamingEpisodes": [], "coverImage": {"large": "https://s3.anilist.co/media/anime/cover/medium/3010.jpg", "medium": "https://s3.anilist.co/media/anime/cover/small/3010.jpg"}, "bannerImage": null, "isAdult": false, "format": "TV"}, {"id": 3011, "title": {"romaji": "Yotsunoha", "english": null}, "type": "ANIME", "status": "FINISHED", "description": "Based on the game by Haikuo-Soft.<br><br>\nA story about the reunion of 4 childhood friends, Yuzuki, Matsuri, Nono and Makoto, in their deserted old school campus, Mochitsuki Academy. 3 years ago, they buried a time capsule under a tree inside the school and made a promise. A promise to meet again after exactly 3 years from that day. And the day of promise has finally arrived.<br><br>\n(Source: AniDB)", "startDate": {"year": 2008, "month": 2, "day": 29}, "endDate": {"year": 2008, "month": 3, "day": 28}, "season": "WINTER", "episodes": 2, "duration": 37, "genres": ["Romance"], "averageScore": 57, "trending": 0, "popularity": 828, "streamingEpisodes": [], "coverImage": {"large": "https://s3.anilist.co/media/anime/cover/medium/3011.jpg", "medium": "https://s3.anilist.co/media/anime/cover/small/3011.jpg"}, "bannerImage": null, "isAdult": false, "format": "OVA"}, {"id": 3012, "title": {"romaji": "Gekitou! Crush Gear Turbo", "english": null}, "type": "ANIME", "status": "FINISHED", "description": "After losing almost all their members the Tobita Crush Gear club is facing extinction. Kouya who dreams of being a Crush Gear Fighting Champion doesn't want to see the club become extinct and will do whatever he can to keep the club running and become a Cush Gear Champion.", "startDate": {"year": 2001, "month": 10, "day": 7}, "endDate": {"year": 2003, "month": 1, "day": 26}, "season": "FALL", "episodes": 68, "duration": 25, "genres": ["Sports"], "averageScore": 59, "trending": 0, "popularity": 305, "streamingEpisodes": [], "coverImage": {"large": "https://s3.anilist.co/media/anime/cover/medium/3012.jpg", "medium": "https://s3.anilist.co/media/anime/cover/small/3012.jpg"}, "bannerImage": null, "isAdult": false, "format": "TV"}, {"id": 3014, "title": {"romaji": "Ginga Eiyuu Densetsu: Waga Yuku wa Hoshi no Taikai", "english": "Legend of the Galactic Heroes: My Conquest Is the Sea of Stars"}, "type": "ANIME", "status": "FINISHED", "description": "This movie, based on an anecdote of \"Ginga Eiyuu Densetsu\" written by novelist Tanaka Yoshiki, preludes the 110-episodes TV series by describing the first encounter between the ambitious young man Reinhard von Museal under the imperial flag and the passive Yang Wenli who serves a corrupting democracy. Set in an imaginative future, the story describes the first encounter between Yang and Reinhard and discusses how heroes are born.<br><br>\r\n(Source: ANN)", "startDate": {"year": 1988, "month": 2, "day": 6}, "endDate": {"year": 1988, "month": 2, "day": 6}, "season": "WINTER", "episodes": 1, "duration": 60, "genres": ["Action", "Sci-Fi"], "averageScore": 77, "trending": 0, "popularity": 3157, "streamingEpisodes": [], "coverImage": {"large": "https://s3.anilist.co/media/anime/cover/medium/nx3014-HcjYHAbi1bnd.jpg", "medium": "https://s3.anilist.co/media/anime/cover/small/nx3014-HcjYHAbi1bnd.jpg"}, "bannerImage": "https://s3.anilist.co/media/anime/banner/3014-xPKJu0ZRcYHa.jpg", "isAdult": false, "format": "MOVIE"}]}}}