{"data": {"Page": {"pageInfo": {"total": 12297, "hasNextPage": true}, "media": [{"id": 6568, "title": {"romaji": "Bokura no Saibanin Monogatari", "english": "Our Jury Story"}, "type": "ANIME", "status": "FINISHED", "description": "The Japanese government has commissioned a 22-minute anime video called \"Bokura no Saibanin Monogatari\" (Our Jury Story) to teach its citizens about the re-introduced jury system. In July, Japan will implement jury trials for the first time in six decades, so most Japanese have never experienced jury duty. The anime uses a high school boy's one-sided infatuation for a classmate as an unusual segue to discuss the jury system. <br><br>\nOmnibus Japan and Tomason produced the animation in collaboration with Group TAC and Studio Cj. Veteran voice actress Minami Takayama (Detective Conan's Conan, Kiki's Delivery Service's Kiki and Ursula) plays the lovestruck boy Sh&#333;ta alongside fellow cast members Yuki Tashiro, Daisuke Sakaguchi (Clannad's Youhei Sunohara), and Akeno Watanabe (To Love-Ru's Rito Y&#363;ki). <br><br>\n(Source: ANN)", "startDate": {"year": 2009, "month": 5, "day": 21}, "endDate": {"year": 2009, "month": 5, "day": 21}, "season": "SPRING", "episodes": 1, "duration": 22, "genres": [], "averageScore": null, "trending": 0, "popularity": 36, "streamingEpisodes": [], "coverImage": {"large": "https://s3.anilist.co/media/anime/cover/medium/6568.jpg", "medium": "https://s3.anilist.co/media/anime/cover/small/6568.jpg"}, "bannerImage": null, "isAdult": false, "format": "ONA"}, {"id": 6571, "title": {"romaji": "Koume-chan Ga Iku!", "english": "Here Comes Koume!"}, "type": "ANIME", "status": "FINISHED", "description": "Koume is a new Office Lady (OL), an employee of Caramel Ribbon, Inc., a firm of designers. This is the story of her days and nights, complete with humor unique to Osaka. <br>\nSeen from outside, Kansai doesn't seem like the rest of Japan. Watching this show will make you an expert, even if you know nothing about the area right now. <br>\nIt's a humorous tale of life in a Japanese company, with Koume, her effeminate boss, and Kimi, a one-time girl gang member, as they try to sell (supposedly) new and fresh designs. The voice actors also come from Kansai, ensuring authenticity.<br><br>\n(from anidb.net)", "startDate": {"year": 1999, "month": 8, "day": 1}, "endDate": {"year": 1999, "month": 9, "day": 30}, "season": "SUMMER", "episodes": 12, "duration": 5, "genres": ["Comedy", "Romance", "Slice of Life"], "averageScore": null, "trending": 0, "popularity": 83, "streamingEpisodes": [], "coverImage": {"large": "https://s3.anilist.co/media/anime/cover/medium/6571.jpg", "medium": "https://s3.anilist.co/media/anime/cover/small/6571.jpg"}, "bannerImage": null, "isAdult": false, "format": "TV_SHORT"}, {"id": 6572, "title": {"romaji": "Shakugan no Shana S", "english": null}, "type": "ANIME", "status": "FINISHED", "description": "A 4 episode OVA series. Every episode will involve different side stories from the original source material.<br><br><strong>Episode 1 - Reshuffle:</strong><br>\nDue to the effect of Friagne's treasure device, the bodies of Shana and Yuji are swapped. They try to overcome the situation secretly, but...<br><br><strong>Episode 2 - Domicile:</strong><br>\nRecently, Shana has been acting strangely. Worried about her well-being, Yuji and Wilhelmina decide to follow her from the shadows after school one day. What secret could Shana be hiding?<br><br><strong>Episode 3 - Overture (Part 1):</strong><br>\nWhile hunting for a certain tomogara, Shana steals the existence of a torch named Oogami Junko in order to make her investigation throughout the city easier while also dealing with the family problems left behind by Junko when she was devoured.<br><br><strong>Episode 4 - Overture (Part 2):</strong><br>\nContinuation of episode 3.", "startDate": {"year": 2009, "month": 10, "day": 23}, "endDate": {"year": 2010, "month": 9, "day": 29}, "season": "FALL", "episodes": 4, "duration": 28, "genres": ["Action", "Comedy", "Fantasy", "Romance"], "averageScore": 71, "trending": 1, "popularity": 5321, "streamingEpisodes": [], "coverImage": {"large": "https://s3.anilist.co/media/anime/cover/medium/6572.jpg", "medium": "https://s3.anilist.co/media/anime/cover/small/6572.jpg"}, "bannerImage": null, "isAdult": false, "format": "OVA"}, {"id": 6573, "title": {"romaji": "Darker than BLACK: Ryuusei no Gemini", "english": "Darker than Black: Gemini of the Meteor"}, "type": "ANIME", "status": "FINISHED", "description": "In the sequel, Hei and Yin are now on the run after betraying the Syndicate in the previous season. After leaving Japan, Hei encounters Suou Pavlichenko, a 13-year-old Eurasian girl who becomes embroiled in the war and politics of the various factions and Contractors vying for power. Meanwhile, Hell's Gate remains standing in Tokyo, after Hei's efforts to stop the Saturn Ring anti-Gate particle weapon from activating. Although Contractors are safe from the danger of having their existences erased, this does not prevent new and old Contractors from abusing their powers. As Misaki Kirihara and her team in the Public Security Bureau deal with the increasing Contractor cases, she also has to keep the Syndicate at bay, who has major positions in the Japanese police and intelligence bureaus around the world. The storyline setting primarily takes place in both Japan and Russia. <br><br>\n(Source: Wikipedia)", "startDate": {"year": 2009, "month": 10, "day": 9}, "endDate": {"year": 2009, "month": 12, "day": 25}, "season": "FALL", "episodes": 12, "duration": 24, "genres": ["Action", "Mystery", "Sci-Fi"], "averageScore": 72, "trending": 0, "popularity": 16276, "streamingEpisodes": [], "coverImage": {"large": "https://s3.anilist.co/media/anime/cover/medium/6573.jpg", "medium": "https://s3.anilist.co/media/anime/cover/small/6573.jpg"}, "bannerImage": "https://s3.anilist.co/media/anime/banner/6573-D3QgsayY0eAY.jpg", "isAdult": false, "format": "TV"}, {"id": 6574, "title": {"romaji": "Hanamaru Youchien", "english": "Hanamaru Kindergarten"}, "type": "ANIME", "status": "FINISHED", "description": "Anzu goes to a kindergarten with her friends, the shy Koume and the eccentric Hiiragi. Together they try to attract attention from their caretaker Tsuchida. However, he is clearly more interested in the pretty Yamamoto who supervises the class next door.", "startDate": {"year": 2010, "month": 1, "day": 10}, "endDate": {"year": 2010, "month": 3, "day": 28}, "season": "WINTER", "episodes": 12, "duration": 24, "genres": ["Comedy", "Slice of Life"], "averageScore": 70, "trending": 0, "popularity": 4775, "streamingEpisodes": [{"title": "Episode 1 - A Hanamaru Entrance Ceremony/A Hanamaru Mother", "url": "http://www.crunchyroll.com/hanamaru-kindergarten/episode-1-a-hanamaru-entrance-ceremonya-hanamaru-mother-538468"}, {"title": "Episode 2 - A Hanamaru Slide/A Hanamaru Genius", "url": "http://www.crunchyroll.com/hanamaru-kindergarten/episode-2-a-hanamaru-slidea-hanamaru-genius-538546"}, {"title": "Episode 3 - A Hanamaru Love Triangle/A Hanamaru Day", "url": "http://www.crunchyroll.com/hanamaru-kindergarten/episode-3-a-hanamaru-love-trianglea-hanamaru-day-538548"}, {"title": "Episode 4 - A Hanamaru Date/A Hanamaru Helper", "url": "http://www.crunchyroll.com/hanamaru-kindergarten/episode-4-a-hanamaru-datea-hanamaru-helper-538550"}, {"title": "Episode 5 - A Hanamaru Detective/A Hanamaru First Love", "url": "http://www.crunchyroll.com/hanamaru-kindergarten/episode-5-a-hanamaru-detectivea-hanamaru-first-love-538552"}, {"title": "Episode 6 - A Hanamaru Pool/A Hanamaru Brother", "url": "http://www.crunchyroll.com/hanamaru-kindergarten/episode-6-a-hanamaru-poola-hanamaru-brother-538600"}, {"title": "Episode 7 - A Hanamaru Summer Vacation/A Hanamaru Summer Festival", "url": "http://www.crunchyroll.com/hanamaru-kindergarten/episode-7-a-hanamaru-summer-vacationa-hanamaru-summer-festival-538602"}, {"title": "Episode 8 - A Hanamaru Fishmonger/A Hanamaru Rival", "url": "http://www.crunchyroll.com/hanamaru-kindergarten/episode-8-a-hanamaru-fishmongera-hanamaru-rival-538604"}, {"title": "Episode 9 - A Hanamaru Gift/A Hanamaru Drea,A Hanamaru Night", "url": "http://www.crunchyroll.com/hanamaru-kindergarten/episode-9-a-hanamaru-gifta-hanamaru-dreaa-hanamaru-night-538606"}, {"title": "Episode 10 - A Hanamaru Cheering Squad/A Hanamaru Confession", "url": "http://www.crunchyroll.com/hanamaru-kindergarten/episode-10-a-hanamaru-cheering-squada-hanamaru-confession-538608"}, {"title": "Episode 11 - A Hanamaru Wife/A Hanamaru Story", "url": "http://www.crunchyroll.com/hanamaru-kindergarten/episode-11-a-hanamaru-wifea-hanamaru-story-538610"}, {"title": "Episode 12 - A Hanamaru Christmas/Hanamaru Feelings", "url": "http://www.crunchyroll.com/hanamaru-kindergarten/episode-12-a-hanamaru-christmashanamaru-feelings-538612"}], "coverImage": {"large": "https://s3.anilist.co/media/anime/cover/medium/6574.jpg", "medium": "https://s3.anilist.co/media/anime/cover/small/6574.jpg"}, "bannerImage": null, "isAdult": false, "format": "TV"}, {"id": 6577, "title": {"romaji": "Leina Kenrou Densetsu", "english": "Machine Robo: Leina, The Legend of Wolf Blade"}, "type": "ANIME", "status": "FINISHED", "description": "When Revenge of Cronos left off, Rom and Leina had crossed a dimensional barrier. Their physical forms changed from robot to human and they were separated with blurred memories. Leina Stol is now incarnated as Leina Haruka, a Japanese schoolgirl. As the story progresses, she meets up with Rod Drill, Blue Jet, Triple Jim, and Rom; all of whom are now human. <br><br>\n(Source: Wikipedia)", "startDate": {"year": 1988, "month": 2, "day": 5}, "endDate": {"year": 1989, "month": 4, "day": 26}, "season": "WINTER", "episodes": 3, "duration": 30, "genres": ["Action", "Mecha"], "averageScore": null, "trending": 0, "popularity": 40, "streamingEpisodes": [], "coverImage": {"large": "https://s3.anilist.co/media/anime/cover/medium/6577.jpg", "medium": "https://s3.anilist.co/media/anime/cover/small/6577.jpg"}, "bannerImage": null, "isAdult": false, "format": "OVA"}, {"id": 6579, "title": {"romaji": "The Daichis: Earth Defence Family Special", "english": null}, "type": "ANIME", "status": "FINISHED", "description": "The Daichis are a family in danger of tearing itself apart. Dissatisfied and money obsessed mom Seiko has served wimpy and otaku dad Mamoru with divorce papers. Daughter Nozomi who has always been saddled with all the housework, feels pained that everyone is using her. The youngest albeit most foul mouthed, Dai is forced to watch all this as everything is going to pieces. However when the Galaxy Federation recruits the Daichis to combat alien threats to the wellbeing of the Earth, it will be a chance for the family to save the world and maybe themselves.<br><br>\n(Source: ANN)", "startDate": {"year": 2001, "month": null, "day": null}, "endDate": {"year": 2001, "month": null, "day": null}, "season": null, "episodes": 1, "duration": 23, "genres": ["Adventure", "Comedy", "Mecha", "Romance"], "averageScore": null, "trending": 0, "popularity": 26, "streamingEpisodes": [], "coverImage": {"large": "https://s3.anilist.co/media/anime/cover/medium/6579.jpg", "medium": "https://s3.anilist.co/media/anime/cover/small/6579.jpg"}, "bannerImage": null, "isAdult": false, "format": "SPECIAL"}, {"id": 6581, "title": {"romaji": "Sengoku Basara: Setonai no Gekitotsu! Hi wo Fuku Umi no Daiyousai - Fugaku!!", "english": null}, "type": "ANIME", "status": "FINISHED", "description": "Maeda Toshiie and Matsu visit Chousokabe Motochika, who governs Shikoku. They tell Motochika unreasonable demands from Nobunaga. Motochika rejects them and urges Maeda to betray Nobunaga. Meanwhile Keiji tries to convince Mouri Motonari to join the fight against Nobunaga, and is imprisoned as a result. Motochika and Motonari move against each other.", "startDate": {"year": 2010, "month": 1, "day": 6}, "endDate": {"year": 2010, "month": 1, "day": 6}, "season": "WINTER", "episodes": 1, "duration": 23, "genres": ["Action"], "averageScore": 67, "trending": 0, "popularity": 1013, "streamingEpisodes": [], "coverImage": {"large": "https://s3.anilist.co/media/anime/cover/medium/6581.jpg", "medium": "https://s3.anilist.co/media/anime/cover/small/6581.jpg"}, "bannerImage": null, "isAdult": false, "format": "SPECIAL"}, {"id": 6582, "title": {"romaji": "Tentai Senshi Sunred 2", "english": null}, "type": "ANIME", "status": "FINISHED", "description": "The second season of <em>Tentai Senshi Sunred</em>.", "startDate": {"year": 2009, "month": 10, "day": 3}, "endDate": {"year": 2010, "month": 3, "day": 27}, "season": "FALL", "episodes": 26, "duration": 13, "genres": ["Comedy"], "averageScore": 72, "trending": 0, "popularity": 574, "streamingEpisodes": [], "coverImage": {"large": "https://s3.anilist.co/media/anime/cover/medium/6582.jpg", "medium": "https://s3.anilist.co/media/anime/cover/small/6582.jpg"}, "bannerImage": null, "isAdult": false, "format": "TV_SHORT"}, {"id": 6583, "title": {"romaji": "Super Bikkuriman", "english": null}, "type": "ANIME", "status": "FINISHED", "description": "After of the big war between angels and demons, the Earth is almost destroyed and his cities devastated. Wanted to restore the peace and the harmony, four young child decides to fight against the army of evil that rules the world for to eradicate to the Earth and give them back to hell. <br><br>\n(Source: IMdB)", "startDate": {"year": 1992, "month": 5, "day": 17}, "endDate": {"year": 1993, "month": 4, "day": 4}, "season": "SPRING", "episodes": 44, "duration": 24, "genres": ["Fantasy"], "averageScore": null, "trending": 0, "popularity": 21, "streamingEpisodes": [], "coverImage": {"large": "https://s3.anilist.co/media/anime/cover/medium/6583.jpg", "medium": "https://s3.anilist.co/media/anime/cover/small/6583.jpg"}, "bannerImage": null, "isAdult": false, "format": "TV"}, {"id": 6585, "title": {"romaji": "Yume Miru Kikai", "english": "The Dream Machine"}, "type": "ANIME", "status": "CANCELLED", "description": "Satoshi Kon's fifth movie.<br><br>\n\"The title will be Yume Miru Kikai. In English, it will be The Dream Machine. On the surface, it's going to be a fantasy-adventure targeted at younger audiences. However, it will also be a film that people who have seen our films up to this point will be able to enjoy. So it will be an adventure that even older audiences can appreciate. There will be no human characters in the film; only robots. It'll be like a \"road movie\" for robots.\"<br><br>\n(Source: ANN)", "startDate": {"year": null, "month": null, "day": null}, "endDate": {"year": null, "month": null, "day": null}, "season": null, "episodes": 1, "duration": null, "genres": ["Adventure", "Fantasy", "Sci-Fi"], "averageScore": null, "trending": 0, "popularity": 129, "streamingEpisodes": [], "coverImage": {"large": "https://s3.anilist.co/media/anime/cover/medium/6585.jpg", "medium": "https://s3.anilist.co/media/anime/cover/small/6585.jpg"}, "bannerImage": "https://s3.anilist.co/media/anime/banner/6585-NGWuAZhmjr9i.jpg", "isAdult": false, "format": "MOVIE"}, {"id": 6586, "title": {"romaji": "Yumeiro P\u00e2tissi\u00e8re", "english": null}, "type": "ANIME", "status": "FINISHED", "description": "14-year-old Ichigo Amano is incredibly clumsy and can't seem to do anything right besides eating cakes. When she stumbles upon a Sweets Festival, she meets Henri sensei who acknowledges her ability of taste and invites her to transfer to St. Marie Academy to become a p&acirc;tissi&egrave;re. Ichigo has trouble adjusting initially, but with the help of the 3 Sweets Princes and the Sweets Spirits, she gains the confidence and skill to work towards becoming a p&acirc;tissi&egrave;re! <br><br>\n(Source: Wikipedia)", "startDate": {"year": 2009, "month": 10, "day": 4}, "endDate": {"year": 2010, "month": 9, "day": 26}, "season": "FALL", "episodes": 50, "duration": 24, "genres": [], "averageScore": 73, "trending": 0, "popularity": 2483, "streamingEpisodes": [], "coverImage": {"large": "https://s3.anilist.co/media/anime/cover/medium/6586.jpg", "medium": "https://s3.anilist.co/media/anime/cover/small/6586.jpg"}, "bannerImage": null, "isAdult": false, "format": "TV"}, {"id": 6587, "title": {"romaji": "Kurokami: Intermission Recap", "english": null}, "type": "ANIME", "status": "FINISHED", "description": "A recap of the first part of the series.", "startDate": {"year": 2009, "month": 4, "day": 3}, "endDate": {"year": 2009, "month": 4, "day": 3}, "season": "SPRING", "episodes": 1, "duration": 23, "genres": ["Action"], "averageScore": 58, "trending": 0, "popularity": 409, "streamingEpisodes": [], "coverImage": {"large": "https://s3.anilist.co/media/anime/cover/medium/6587.jpg", "medium": "https://s3.anilist.co/media/anime/cover/small/6587.jpg"}, "bannerImage": null, "isAdult": false, "format": "SPECIAL"}, {"id": 6590, "title": {"romaji": "Makai Kishi Ingrid", "english": null}, "type": "ANIME", "status": "FINISHED", "description": "Pixy's adaptation of Taimanin Murasaki (or Hell Knight Ingrid), the third Taimanin Asagi game by Black Lilith.<br><br>\nSaid to share the same animators as those who worked on Aniyome wa Ijippari.", "startDate": {"year": 2009, "month": 6, "day": 20}, "endDate": {"year": 2010, "month": 8, "day": 26}, "season": "SUMMER", "episodes": 4, "duration": 30, "genres": ["Fantasy", "Hentai"], "averageScore": 58, "trending": 0, "popularity": 496, "streamingEpisodes": [], "coverImage": {"large": "https://s3.anilist.co/media/anime/cover/medium/6590.jpg", "medium": "https://s3.anilist.co/media/anime/cover/small/6590.jpg"}, "bannerImage": null, "isAdult": true, "format": "OVA"}, {"id": 6591, "title": {"romaji": "Rurouni Kenshin DVD-BOX Special Ending", "english": "Samurai X DVD-BOX Special Ending"}, "type": "ANIME", "status": "FINISHED", "description": "The last scene of the 10 Years Special DVD BOX released in Japan in 2007. Follows the manga's ending.", "startDate": {"year": 2007, "month": null, "day": null}, "endDate": {"year": 2007, "month": null, "day": null}, "season": null, "episodes": 1, "duration": 2, "genres": ["Romance"], "averageScore": 68, "trending": 0, "popularity": 837, "streamingEpisodes": [], "coverImage": {"large": "https://s3.anilist.co/media/anime/cover/medium/6591.jpg", "medium": "https://s3.anilist.co/media/anime/cover/small/6591.jpg"}, "bannerImage": null, "isAdult": false, "format": "SPECIAL"}, {"id": 6593, "title": {"romaji": "Elmer no Bouken: My Father's Dragon", "english": "Elmer's Adventure: My Father's Dragon"}, "type": "ANIME", "status": "FINISHED", "description": "Elmer is told by a traveling cat about a baby dragon who is being held captive and mistreated on the scary Wild Island. Elmer decides to investigate and battles tigers, crocodiles and gorillas in order to rescue the little dragon. <br><br>\n(Source: inbaseline) ", "startDate": {"year": 1997, "month": 7, "day": 5}, "endDate": {"year": 1997, "month": 7, "day": 5}, "season": "SUMMER", "episodes": 1, "duration": 98, "genres": ["Adventure", "Fantasy"], "averageScore": null, "trending": 0, "popularity": 21, "streamingEpisodes": [], "coverImage": {"large": "https://s3.anilist.co/media/anime/cover/medium/6593.jpg", "medium": "https://s3.anilist.co/media/anime/cover/small/6593.jpg"}, "bannerImage": null, "isAdult": false, "format": "OVA"}, {"id": 6594, "title": {"romaji": "Katanagatari", "english": "Katanagatari"}, "type": "ANIME", "status": "FINISHED", "description": "Yasuri Shichika, seventh successor of the Kyotouryuu (bladeless) sword art, lives on an isolated island with his older sister, Nanami. <br><br>\nOne day Shichika is visited by a woman named Togame, who requests his aid in her quest to find and collect the final twelve swords forged by the legendary master swordsmith, Shikizaki Kiki. Shichika and Togame begin their odyssey by leaving the island he called home for over 20 years. They will face twelve individuals who possess and protect Shikizaki's legendary swords. <br><br>\nJoin Shichika and Togame on an exciting, epic adventure that defies reality as they discover the true potential of the Kyoutoryuu sword style!<br><br>\n(Source: NIS America)", "startDate": {"year": 2010, "month": 1, "day": 26}, "endDate": {"year": 2010, "month": 12, "day": 11}, "season": "WINTER", "episodes": 12, "duration": 50, "genres": ["Action", "Adventure"], "averageScore": 83, "trending": 3, "popularity": 24296, "streamingEpisodes": [], "coverImage": {"large": "https://s3.anilist.co/media/anime/cover/medium/6594.jpg", "medium": "https://s3.anilist.co/media/anime/cover/small/6594.jpg"}, "bannerImage": "https://s3.anilist.co/media/anime/banner/6594-lROEMKEwCESY.jpg", "isAdult": false, "format": "TV"}, {"id": 6604, "title": {"romaji": "Kuruneko", "english": null}, "type": "ANIME", "status": "FINISHED", "description": "Based on a manga about cats and their sake loving owner.", "startDate": {"year": 2009, "month": 7, "day": 5}, "endDate": {"year": 2010, "month": 6, "day": 13}, "season": "SUMMER", "episodes": 50, "duration": 2, "genres": ["Comedy", "Slice of Life"], "averageScore": 55, "trending": 0, "popularity": 295, "streamingEpisodes": [], "coverImage": {"large": "https://s3.anilist.co/media/anime/cover/medium/6604.jpg", "medium": "https://s3.anilist.co/media/anime/cover/small/6604.jpg"}, "bannerImage": null, "isAdult": false, "format": "TV_SHORT"}, {"id": 6607, "title": {"romaji": "Superflat First Love", "english": null}, "type": "ANIME", "status": "FINISHED", "description": "6 years after she was swallowed by the Panda Geant, Aya is once again taken into the Multicolor Monogram world and even travels back in time to Paris, 1897 where she meets the young Gaston-Louis Vuitton, both fallen head over heels with each other. What will happen to their young love?", "startDate": {"year": 2009, "month": 4, "day": 28}, "endDate": {"year": 2009, "month": 4, "day": 28}, "season": "SPRING", "episodes": 1, "duration": 3, "genres": ["Adventure", "Fantasy"], "averageScore": 50, "trending": 0, "popularity": 420, "streamingEpisodes": [], "coverImage": {"large": "https://s3.anilist.co/media/anime/cover/medium/6607.jpg", "medium": "https://s3.anilist.co/media/anime/cover/small/6607.jpg"}, "bannerImage": null, "isAdult": false, "format": "SPECIAL"}, {"id": 6609, "title": {"romaji": "Pucca (2006)", "english": null}, "type": "ANIME", "status": "FINISHED", "description": "Pucca is the young daughter of a Chinese noodle house owner and she is hopelessly in love with the ninja Garu. He tries desperately to avoid Pucca's advances and usually does not return her affection. This results in many comical situations as Pucca goes to great lengths just to steal a kiss from Garu. Expect to see lots of \"funny love\" antics involving everything from noodles to deadly ninjas.<br><br>\n(Source: TV.com)", "startDate": {"year": 2006, "month": 9, "day": 8}, "endDate": {"year": 2007, "month": 5, "day": 11}, "season": "FALL", "episodes": 26, "duration": 23, "genres": ["Comedy"], "averageScore": 57, "trending": 0, "popularity": 594, "streamingEpisodes": [], "coverImage": {"large": "https://s3.anilist.co/media/anime/cover/medium/6609.jpg", "medium": "https://s3.anilist.co/media/anime/cover/small/6609.jpg"}, "bannerImage": null, "isAdult": false, "format": "TV"}, {"id": 6610, "title": {"romaji": "Ibara no Ou", "english": "King of Thorn"}, "type": "ANIME", "status": "FINISHED", "description": "\"Medusa\", a deadly virus becomes a worldwide epidemic. In order to escape from this deadly virus, a handful of people are chosen to be put into a cold sleep, laying in a capsule hoping for the future cure. Kasumi, a teenage girl is one of the 160 chosen for this procedure, and is guided to a Cold Sleep Capsule Center (CSCC) inside an ancient castle. Understanding that it is hardly possible, Kasumi goes to sleep still anticipating for a reunion with her twin sister Shizuku, who also is infected with the virus. As Kasumi and the others awake, they notice that the CSCC is not as they remembered. Just like the story of \"Sleeping Beauty\", the castle is covered with thorn, and the awaken are attacked by unknown creatures and monsters!<br>\nHow long were they asleep? Where did the monsters come from? What has happened to the world?<br>\nAbandoned in the midst of an enigma, the escapade of the seven survivors begins...<br><br>\n(Source: kingofthorn.net)", "startDate": {"year": 2009, "month": 10, "day": 9}, "endDate": {"year": 2009, "month": 10, "day": 9}, "season": "FALL", "episodes": 1, "duration": 110, "genres": ["Action", "Mystery", "Sci-Fi", "Thriller"], "averageScore": 66, "trending": 0, "popularity": 4035, "streamingEpisodes": [], "coverImage": {"large": "https://s3.anilist.co/media/anime/cover/medium/6610.jpg", "medium": "https://s3.anilist.co/media/anime/cover/small/6610.jpg"}, "bannerImage": null, "isAdult": false, "format": "MOVIE"}, {"id": 6616, "title": {"romaji": "Watashi no Coffee Samurai: Jihanki Teki na Kareshi", "english": null}, "type": "ANIME", "status": "FINISHED", "description": "The story is set in present day Seoul and involves a college student named Hemi who falls in love with a coffee vending machine named Jin. Jin is actually a samurai from the Sengoku period who wished to be re-born with an invincible steel body when he fell to assassins, hence the vending machine body. <br><br>\n(Source: akiba-station)", "startDate": {"year": 2009, "month": 5, "day": 31}, "endDate": {"year": 2009, "month": 5, "day": 31}, "season": "SPRING", "episodes": 1, "duration": 30, "genres": ["Action", "Romance", "Sci-Fi"], "averageScore": 51, "trending": 0, "popularity": 272, "streamingEpisodes": [], "coverImage": {"large": "https://s3.anilist.co/media/anime/cover/medium/6616.jpg", "medium": "https://s3.anilist.co/media/anime/cover/small/6616.jpg"}, "bannerImage": null, "isAdult": false, "format": "SPECIAL"}, {"id": 6622, "title": {"romaji": "Gakuen Maria: Bakunyuu Teachers", "english": null}, "type": "ANIME", "status": "FINISHED", "description": "Based on the manga by Aura Seiji<br><br>\n(Source: AniDB)", "startDate": {"year": 2002, "month": 6, "day": 25}, "endDate": {"year": 2002, "month": 6, "day": 25}, "season": "SUMMER", "episodes": 1, "duration": 30, "genres": ["Hentai"], "averageScore": null, "trending": 0, "popularity": 84, "streamingEpisodes": [], "coverImage": {"large": "https://s3.anilist.co/media/anime/cover/medium/6622.jpg", "medium": "https://s3.anilist.co/media/anime/cover/small/6622.jpg"}, "bannerImage": null, "isAdult": true, "format": "OVA"}, {"id": 6624, "title": {"romaji": "Kara no Kyoukai Remix: Gate of Seventh Heaven", "english": null}, "type": "ANIME", "status": "FINISHED", "description": "Before the release of the final 7th movie, a remix work \"Kara no Kyoukai Remix-Gate of seventh heaven-\" comes out in theaters on March 14, 2009. This remix collection extracts the key themes and scenes from first six movies. The hour long movie is organized in chronological order, beginning from the 2nd movie, followed by the 4th, 3rd, 1st, 5th and 6th. It's a mixture of mostly existing scenes, and some new scenes. ", "startDate": {"year": 2009, "month": 3, "day": 14}, "endDate": {"year": 2009, "month": 3, "day": 14}, "season": "SPRING", "episodes": 1, "duration": 61, "genres": ["Action", "Mystery", "Romance", "Thriller"], "averageScore": 72, "trending": 0, "popularity": 3471, "streamingEpisodes": [], "coverImage": {"large": "https://s3.anilist.co/media/anime/cover/medium/6624.jpg", "medium": "https://s3.anilist.co/media/anime/cover/small/6624.jpg"}, "bannerImage": null, "isAdult": false, "format": "MOVIE"}, {"id": 6625, "title": {"romaji": "Nono-chan", "english": null}, "type": "ANIME", "status": "FINISHED", "description": "Nono-chan is the eldest daughter in the Yamada family and a third-grade elementary school student. Her family consists of her father, Mr Yamada Takashi, her mother, Mrs Yamada Matsuko and her brother, Noboru, a junior high student. Together with her grandmother, the family of five makes up a pleasant Japanese family. Everyone is special and everyday is always filled with joy and surprise.<br><br>\n(Source: ANN)", "startDate": {"year": 2001, "month": 7, "day": 7}, "endDate": {"year": 2002, "month": 9, "day": 28}, "season": "SUMMER", "episodes": 61, "duration": 25, "genres": ["Comedy", "Slice of Life"], "averageScore": null, "trending": 0, "popularity": 48, "streamingEpisodes": [], "coverImage": {"large": "https://s3.anilist.co/media/anime/cover/medium/6625.jpg", "medium": "https://s3.anilist.co/media/anime/cover/small/6625.jpg"}, "bannerImage": null, "isAdult": false, "format": "TV"}, {"id": 6628, "title": {"romaji": "Dengeki Bunko 2007 Movie Festival Special", "english": null}, "type": "ANIME", "status": "FINISHED", "description": "Played at Dengeki Bunko's Movie Festival on 21 April 2007 before the Shakugan no Shana, Inukami! and Kino no Tabi movies. It was later released on DVD and sold at Dengeki's 15th Anniversary event.", "startDate": {"year": 2007, "month": 4, "day": 21}, "endDate": {"year": 2007, "month": 4, "day": 21}, "season": "SPRING", "episodes": 1, "duration": 4, "genres": ["Comedy"], "averageScore": 54, "trending": 0, "popularity": 477, "streamingEpisodes": [], "coverImage": {"large": "https://s3.anilist.co/media/anime/cover/medium/6628.jpg", "medium": "https://s3.anilist.co/media/anime/cover/small/6628.jpg"}, "bannerImage": null, "isAdult": false, "format": "SPECIAL"}, {"id": 6629, "title": {"romaji": "Asari-chan", "english": "Super Gal Asari"}, "type": "ANIME", "status": "FINISHED", "description": "Produced by Toei Animation and directed by Kazumi Fukushima after the manga series by Muroyama Mayumi, this anime follows Asari, a normal fourth-grade girl. One day, while bargain shopping, she wins the lucky ticket at a lottery for a one-person trip to Hawaii. Chaos reigns as her family, the Beach's, fight over who should go. The ticket is lost in a bonfire, ironically. Other circumstances follow when the family finds out that the travel agency offered to \"give the equal amount of half the travel expenses in cash for the ticket\" from an employee of the supermarket Asahi had shopped at. What will happen to the unlucky Beach family as more elements of despair pelt them?", "startDate": {"year": 1982, "month": 1, "day": 25}, "endDate": {"year": 1983, "month": 2, "day": 28}, "season": "WINTER", "episodes": 54, "duration": 30, "genres": ["Slice of Life"], "averageScore": null, "trending": 0, "popularity": 34, "streamingEpisodes": [], "coverImage": {"large": "https://s3.anilist.co/media/anime/cover/medium/6629.jpg", "medium": "https://s3.anilist.co/media/anime/cover/small/6629.jpg"}, "bannerImage": null, "isAdult": false, "format": "TV"}, {"id": 6630, "title": {"romaji": "Asari-chan: Ai no Marchen Shoujo", "english": "Super Gal Asari: The Dreaming Girl in Fairy World"}, "type": "ANIME", "status": "FINISHED", "description": "Movie produced by Toei Animation after the anime series, Super Gal Asari and by the original manga by Mayumi Muroyama. Asari and her family go through more unlucky happenings.", "startDate": {"year": 1982, "month": 3, "day": 13}, "endDate": {"year": 1982, "month": 3, "day": 13}, "season": "SPRING", "episodes": 1, "duration": 24, "genres": ["Adventure", "Slice of Life"], "averageScore": null, "trending": 0, "popularity": 19, "streamingEpisodes": [], "coverImage": {"large": "https://s3.anilist.co/media/anime/cover/medium/6630.jpg", "medium": "https://s3.anilist.co/media/anime/cover/small/6630.jpg"}, "bannerImage": null, "isAdult": false, "format": "MOVIE"}, {"id": 6633, "title": {"romaji": "Queen's Blade: Gyokuza wo Tsugu Mono", "english": "Queen's Blade: Inheritor of the Throne"}, "type": "ANIME", "status": "FINISHED", "description": "After experiencing the numerous trials encountered on her journey, Reina has grown as a warrior. Determined to take part in the Queen's Blade tournament, she arrives at the capital city Gainos, where Queen Aldora awaits. There gathers a number of beautiful warriors who, like Reina, are there for the Queen's Blade.<br><br>\nAmongst them is Reina's sister, Claudette, determined to restore the glory of House Vance; Tomoe and Shizuka, who are both fighting for their homeland of Hinomoto; Nanael who has been ordered to participate by the Archangel; and the subordinates of the Marshland Witch.<br><br>\nAll these beautiful fighters who gather in Gainos have been one objective, to win through the Queen's Blade, the tournament to select the strongest, most beautiful queen. Who would ascend to that glorious throne? That can only be determined via battle.<br><br>\n(Source: AnimeNfo)", "startDate": {"year": 2009, "month": 9, "day": 24}, "endDate": {"year": 2009, "month": 12, "day": 10}, "season": "FALL", "episodes": 12, "duration": 24, "genres": ["Action", "Adventure", "Ecchi", "Fantasy"], "averageScore": 61, "trending": 0, "popularity": 2652, "streamingEpisodes": [], "coverImage": {"large": "https://s3.anilist.co/media/anime/cover/medium/6633.jpg", "medium": "https://s3.anilist.co/media/anime/cover/small/6633.jpg"}, "bannerImage": null, "isAdult": false, "format": "TV"}, {"id": 6634, "title": {"romaji": "Sengoku Basara Two", "english": "Sengoku Basara: Samurai Kings 2"}, "type": "ANIME", "status": "FINISHED", "description": "The second season of Sengoku Basara.", "startDate": {"year": 2010, "month": 7, "day": 11}, "endDate": {"year": 2010, "month": 9, "day": 26}, "season": "SUMMER", "episodes": 12, "duration": 24, "genres": ["Action"], "averageScore": 73, "trending": 0, "popularity": 3483, "streamingEpisodes": [], "coverImage": {"large": "https://s3.anilist.co/media/anime/cover/medium/6634.jpg", "medium": "https://s3.anilist.co/media/anime/cover/small/6634.jpg"}, "bannerImage": null, "isAdult": false, "format": "TV"}, {"id": 6635, "title": {"romaji": "Ayatsuri Haramase DreamNote", "english": null}, "type": "ANIME", "status": "FINISHED", "description": "Masaya is a university student, who works as a home tutor part-time. One day, he receives a parcel. That is a notebook. He frowns when he reads a letter, which is also in the parcel. It says, \"If you write a girl's name in the notebook, you'll be able to control her as you like.\" He thinks it is ridiculous at first, but he decides to give it a try. The name he writes is Yumi, his student.... As a result, it comes true, and he shags with her. \"This notebook is proved to be real. I can now have fun with it....\"<br><br>\nBased on a h-game created by Undermoon studio.<br>", "startDate": {"year": 2009, "month": 8, "day": 28}, "endDate": {"year": 2011, "month": 9, "day": 23}, "season": "SUMMER", "episodes": 2, "duration": 30, "genres": ["Hentai"], "averageScore": 52, "trending": 0, "popularity": 325, "streamingEpisodes": [], "coverImage": {"large": "https://s3.anilist.co/media/anime/cover/medium/6635.jpg", "medium": "https://s3.anilist.co/media/anime/cover/small/6635.jpg"}, "bannerImage": null, "isAdult": true, "format": "OVA"}, {"id": 6636, "title": {"romaji": "Chou Kousoku Galvion", "english": "Super High Speed Galvion"}, "type": "ANIME", "status": "FINISHED", "description": "Super High Speed Galvion features mecha designs by Ohata Koichi (of Gunbuster fame). In the 23rd century billionaire Midoriyama Rei creates a secret organization called Circus to combat a hidden group called Shadow that is taking over the world. When she can't find qualified pilots for Circus' main mecha, the Galvion, she cuts a deal with two convicts, Mu and Maya, to lead the fight against Shadow.", "startDate": {"year": 1984, "month": 2, "day": 3}, "endDate": {"year": 1984, "month": 4, "day": 29}, "season": "WINTER", "episodes": 22, "duration": 25, "genres": ["Action", "Mecha"], "averageScore": null, "trending": 0, "popularity": 71, "streamingEpisodes": [], "coverImage": {"large": "https://s3.anilist.co/media/anime/cover/medium/6636.jpg", "medium": "https://s3.anilist.co/media/anime/cover/small/6636.jpg"}, "bannerImage": null, "isAdult": false, "format": "TV"}, {"id": 6637, "title": {"romaji": "Higashi no Eden Movie II: Paradise Lost", "english": "Eden of The East the Movie II: Paradise Lost"}, "type": "ANIME", "status": "FINISHED", "description": "The story of political and subversive intrigue in the series finally reaches endgame. Even as the law enforcement net tightens around Saki and her fellow Eden of the East associates over alleged terrorist activities, the complex web surrounding the mysterious Mr. Outside is finally untangled as the remaining Selecao attempt to outmaneuver one another. Takizawa's memories and identity are also finally revealed including his association with a former Prime Minister and his request to be the King of Eden.<br><br>\n(Source: ANN)", "startDate": {"year": 2010, "month": 3, "day": 13}, "endDate": {"year": 2010, "month": 3, "day": 13}, "season": "SPRING", "episodes": 1, "duration": 92, "genres": ["Action", "Comedy", "Drama", "Mystery", "Romance"], "averageScore": 73, "trending": 0, "popularity": 8453, "streamingEpisodes": [], "coverImage": {"large": "https://s3.anilist.co/media/anime/cover/medium/6637.jpg", "medium": "https://s3.anilist.co/media/anime/cover/small/6637.jpg"}, "bannerImage": "https://s3.anilist.co/media/anime/banner/6637-Yrc79hh7SVAc.jpg", "isAdult": false, "format": "MOVIE"}, {"id": 6641, "title": {"romaji": "Tonari no 801-chan R", "english": null}, "type": "ANIME", "status": "FINISHED", "description": "A 90 second anime adaptation of the original <em>Tonari no 801-chan</em> manga about a 28 year-old salaryman otaku who has a 22 year-old co-worker girlfriend who is a fujoshi, or female otaku obsessed with yaoi. <br><br>", "startDate": {"year": 2009, "month": 9, "day": 10}, "endDate": {"year": 2009, "month": 9, "day": 10}, "season": "FALL", "episodes": 1, "duration": 1, "genres": ["Comedy", "Music"], "averageScore": 52, "trending": 0, "popularity": 336, "streamingEpisodes": [], "coverImage": {"large": "https://s3.anilist.co/media/anime/cover/medium/6641.jpg", "medium": "https://s3.anilist.co/media/anime/cover/small/6641.jpg"}, "bannerImage": null, "isAdult": false, "format": "OVA"}, {"id": 6645, "title": {"romaji": "Chuu Bra!!", "english": null}, "type": "ANIME", "status": "FINISHED", "description": "The story centers on Nayu, a middle school girl who shocks her schoolmates on the first day of school by wearing black lace panties. She likes this kind of underwear, and she tries to \"spread the word on the merits of [these kinds of] underwear\" via an underwear club with her schoolmates, who are worried about their bodies' development and which underwear to choose. <br><br>\n(Source: ANN)", "startDate": {"year": 2010, "month": 1, "day": 4}, "endDate": {"year": 2010, "month": 3, "day": 22}, "season": "WINTER", "episodes": 12, "duration": 24, "genres": ["Comedy", "Ecchi"], "averageScore": 56, "trending": 0, "popularity": 3010, "streamingEpisodes": [], "coverImage": {"large": "https://s3.anilist.co/media/anime/cover/medium/6645.jpg", "medium": "https://s3.anilist.co/media/anime/cover/small/6645.jpg"}, "bannerImage": null, "isAdult": false, "format": "TV"}, {"id": 6653, "title": {"romaji": "Ginga Tetsudou 999: Glass no Clair", "english": "Galaxy Express 999: Claire of the Glass"}, "type": "ANIME", "status": "FINISHED", "description": "This short movie is a remake of the first half of episode 3 of Ginga Tetsudou 999.", "startDate": {"year": 1980, "month": 3, "day": 15}, "endDate": {"year": 1980, "month": 3, "day": 15}, "season": "SPRING", "episodes": 1, "duration": 15, "genres": ["Drama", "Sci-Fi"], "averageScore": 56, "trending": 0, "popularity": 190, "streamingEpisodes": [], "coverImage": {"large": "https://s3.anilist.co/media/anime/cover/medium/6653.jpg", "medium": "https://s3.anilist.co/media/anime/cover/small/6653.jpg"}, "bannerImage": null, "isAdult": false, "format": "MOVIE"}, {"id": 6654, "title": {"romaji": "Namakura Gatana", "english": "Namakura Gatana"}, "type": "ANIME", "status": "FINISHED", "description": "A samurai buys a dull sword from a merchant. He is quickly defeated by his intended victims due to his cheap sword and clumsiness. (Source: IMDB)", "startDate": {"year": 1917, "month": 6, "day": 30}, "endDate": {"year": 1917, "month": 6, "day": 30}, "season": null, "episodes": 1, "duration": 5, "genres": ["Comedy"], "averageScore": 48, "trending": 0, "popularity": 552, "streamingEpisodes": [], "coverImage": {"large": "https://s3.anilist.co/media/anime/cover/medium/6654.jpg", "medium": "https://s3.anilist.co/media/anime/cover/small/6654.jpg"}, "bannerImage": null, "isAdult": false, "format": "MOVIE"}, {"id": 6657, "title": {"romaji": "Joshi Kousei Specials", "english": "High School Girls Specials"}, "type": "ANIME", "status": "FINISHED", "description": "Bonus episodes on the DVDs featuring the girls on a field trip to Chichibu.", "startDate": {"year": 2006, "month": 5, "day": 25}, "endDate": {"year": 2006, "month": 10, "day": 25}, "season": "SPRING", "episodes": 3, "duration": 8, "genres": ["Ecchi", "Slice of Life"], "averageScore": 56, "trending": 0, "popularity": 357, "streamingEpisodes": [], "coverImage": {"large": "https://s3.anilist.co/media/anime/cover/medium/6657.jpg", "medium": "https://s3.anilist.co/media/anime/cover/small/6657.jpg"}, "bannerImage": null, "isAdult": false, "format": "SPECIAL"}, {"id": 6658, "title": {"romaji": "Unko-san: Tsuiteru Hito ni Shika Mienai Yousei", "english": null}, "type": "ANIME", "status": "FINISHED", "description": "Anime has as a fairy brown dispenser of some 'of his good fortune to those less fortunate. Unko-san lived on Lucky Island together with her friends, all of them with a different personality and culture.", "startDate": {"year": 2009, "month": 3, "day": 18}, "endDate": {"year": 2009, "month": 7, "day": 20}, "season": "SPRING", "episodes": 13, "duration": 2, "genres": ["Comedy"], "averageScore": null, "trending": 0, "popularity": 41, "streamingEpisodes": [], "coverImage": {"large": "https://s3.anilist.co/media/anime/cover/medium/6658.jpg", "medium": "https://s3.anilist.co/media/anime/cover/small/6658.jpg"}, "bannerImage": null, "isAdult": false, "format": "TV_SHORT"}, {"id": 6666, "title": {"romaji": "Passion", "english": null}, "type": "ANIME", "status": "FINISHED", "description": "Hikaru Utada's animated music video produced by Studio 4&deg;C.", "startDate": {"year": 2005, "month": 12, "day": 14}, "endDate": {"year": 2005, "month": 12, "day": 14}, "season": "WINTER", "episodes": 1, "duration": 4, "genres": ["Music"], "averageScore": 55, "trending": 0, "popularity": 283, "streamingEpisodes": [], "coverImage": {"large": "https://s3.anilist.co/media/anime/cover/medium/6666.jpg", "medium": "https://s3.anilist.co/media/anime/cover/small/6666.jpg"}, "bannerImage": null, "isAdult": false, "format": "MUSIC"}, {"id": 6667, "title": {"romaji": "Love to Live By", "english": null}, "type": "ANIME", "status": "FINISHED", "description": "m-flo Loves Chara's animated music video for the song Love to Live By.", "startDate": {"year": 2007, "month": null, "day": null}, "endDate": {"year": 2007, "month": null, "day": null}, "season": null, "episodes": 1, "duration": 5, "genres": ["Music"], "averageScore": 46, "trending": 0, "popularity": 128, "streamingEpisodes": [], "coverImage": {"large": "https://s3.anilist.co/media/anime/cover/medium/6667.jpg", "medium": "https://s3.anilist.co/media/anime/cover/small/6667.jpg"}, "bannerImage": null, "isAdult": false, "format": "MUSIC"}, {"id": 6670, "title": {"romaji": "8-gatsu no Symphony: Shibuya 2002-2003", "english": "Symphony in August"}, "type": "ANIME", "status": "FINISHED", "description": "Based on the autobiography of the singer Kawashima Ai. The name of the book is \"Saigo no Kotoba (The Last Words)\" and it follows Kawashima Ai's life after her mother's death.<br>\nThe story chronicles her journey to make her dream come true to be a singer and, among other things, how she used to perform for free on Tokyo's streets. ", "startDate": {"year": 2009, "month": 8, "day": 22}, "endDate": {"year": 2009, "month": 8, "day": 22}, "season": "SUMMER", "episodes": 1, "duration": 112, "genres": ["Music"], "averageScore": null, "trending": 0, "popularity": 100, "streamingEpisodes": [], "coverImage": {"large": "https://s3.anilist.co/media/anime/cover/medium/6670.jpg", "medium": "https://s3.anilist.co/media/anime/cover/small/6670.jpg"}, "bannerImage": null, "isAdult": false, "format": "MOVIE"}, {"id": 6671, "title": {"romaji": "Space Three Musketeers", "english": "Space Three Musketeers"}, "type": "ANIME", "status": "FINISHED", "description": "Three Earth boys aid a space princess to protect her giggly planet of happiness from evil, grim space pirates. They travel to her planet, storm the enemy base and then get chased in space.", "startDate": {"year": 1979, "month": null, "day": null}, "endDate": {"year": 1979, "month": null, "day": null}, "season": null, "episodes": 1, "duration": 66, "genres": ["Adventure", "Sci-Fi"], "averageScore": null, "trending": 0, "popularity": 21, "streamingEpisodes": [], "coverImage": {"large": "https://s3.anilist.co/media/anime/cover/medium/6671.jpg", "medium": "https://s3.anilist.co/media/anime/cover/small/6671.jpg"}, "bannerImage": null, "isAdult": false, "format": "MOVIE"}, {"id": 6672, "title": {"romaji": "Video Senshi Lezarion", "english": "Video Warrior Laserion"}, "type": "ANIME", "status": "FINISHED", "description": "Takashi Katori is a big fan of online games, and so is his American friend Sarah. However, one of their RPGs goes too far, as their virtual world and the Lezarion robot that Takashi created for the game somehow mix with reality. Takashi is caught, but later the Earth Governement discovers that an evil scientist from the Moon (now a sort of abandoned colony with restricted access) is hacking into virtual worlds and security, so they force Takashi to pilot the Lezarion and, with Sarah's help, fight evil and protect the Earth. [Source: ANN]", "startDate": {"year": 1984, "month": 3, "day": 4}, "endDate": {"year": 1985, "month": 2, "day": 3}, "season": "SPRING", "episodes": 45, "duration": 20, "genres": ["Action", "Mecha", "Sci-Fi"], "averageScore": null, "trending": 0, "popularity": 58, "streamingEpisodes": [], "coverImage": {"large": "https://s3.anilist.co/media/anime/cover/medium/6672.jpg", "medium": "https://s3.anilist.co/media/anime/cover/small/6672.jpg"}, "bannerImage": null, "isAdult": false, "format": "TV"}, {"id": 6674, "title": {"romaji": "Reporter Blues", "english": null}, "type": "ANIME", "status": "FINISHED", "description": "The intelligent Antoinette, known to her friends as Tony, moves to Paris where she takes a job as a reporter for the newspaper \"\"La Voix de Paris.\" Together with the photographer Alain and the artist Bricolage she solves unsolved crimes and often crosses the path of the crook Madame Lapin. ", "startDate": {"year": 1991, "month": 3, "day": 10}, "endDate": {"year": 1991, "month": 12, "day": 31}, "season": "SPRING", "episodes": 52, "duration": 22, "genres": ["Comedy", "Mystery"], "averageScore": null, "trending": 0, "popularity": 58, "streamingEpisodes": [], "coverImage": {"large": "https://s3.anilist.co/media/anime/cover/medium/6674.jpg", "medium": "https://s3.anilist.co/media/anime/cover/small/6674.jpg"}, "bannerImage": null, "isAdult": false, "format": "TV"}, {"id": 6675, "title": {"romaji": "Redline", "english": null}, "type": "ANIME", "status": "FINISHED", "description": "Redline is about the biggest and most deadly racing tournament in the universe. Only held once every five years, everyone wants to stake their claim to fame, including JP, a reckless dare-devil driver oblivious to speed limits with his ultra-customized car - all the while, organized crime and militaristic governments want to leverage the race to their own ends. Amongst the other elite rival drivers in the tournament, JP falls for the alluring Sonoshee - but will she prove his undoing, or can a high speed romance survive a mass destruction race?<br><br>\r\n(Source: Anchor Bay Films)", "startDate": {"year": 2009, "month": 8, "day": 14}, "endDate": {"year": 2009, "month": 8, "day": 14}, "season": "SUMMER", "episodes": 1, "duration": 103, "genres": ["Sports", "Sci-Fi", "Action"], "averageScore": 80, "trending": 0, "popularity": 15830, "streamingEpisodes": [], "coverImage": {"large": "https://s3.anilist.co/media/anime/cover/medium/6675-luPtheAJ6zDE.jpg", "medium": "https://s3.anilist.co/media/anime/cover/small/6675-luPtheAJ6zDE.jpg"}, "bannerImage": "https://s3.anilist.co/media/anime/banner/6675-qpgXketAHCuR.jpg", "isAdult": false, "format": "MOVIE"}, {"id": 6676, "title": {"romaji": "Asura Cryin' 2", "english": null}, "type": "ANIME", "status": "FINISHED", "description": "Following the first season, Tomoharu is now faced with a dilemma: if he doesn't form a contract with an \"akuma\", he risks losing his dear friend Takatsuki. However, doing so would compromise his own existence as it would result in him and his ghost friend Misao becoming an Asura Cryin'&mdash;mankind's biggest threat, according to their school's presidents. To make the decision even harder, Tomoharu and Misao have recovered some of their past memories&mdash;memories of a world that they didn't even know existed.", "startDate": {"year": 2009, "month": 10, "day": 1}, "endDate": {"year": 2009, "month": 12, "day": 24}, "season": "FALL", "episodes": 13, "duration": 24, "genres": ["Action", "Mecha", "Supernatural"], "averageScore": 69, "trending": 0, "popularity": 3027, "streamingEpisodes": [{"title": "Episode 1 - Asura Machina", "url": "http://www.crunchyroll.com/asura-cryin/episode-1-asura-machina-534218"}, {"title": "Episode 2 - Destruction of the Future", "url": "http://www.crunchyroll.com/asura-cryin/episode-2-destruction-of-the-future-534220"}, {"title": "Episode 3 - The Shadow of Science", "url": "http://www.crunchyroll.com/asura-cryin/episode-3-the-shadow-of-science-534222"}, {"title": "Episode 4 - Thoughts with Nowhere to Go", "url": "http://www.crunchyroll.com/asura-cryin/episode-4-thoughts-with-nowhere-to-go-534224"}, {"title": "Episode 5 - Intersecting Hearts and Bodies", "url": "http://www.crunchyroll.com/asura-cryin/episode-5-intersecting-hearts-and-bodies-534226"}, {"title": "Episode 6 - Sacrifice Beyond the Darkness", "url": "http://www.crunchyroll.com/asura-cryin/episode-6-sacrifice-beyond-the-darkness-534228"}, {"title": "Episode 7 - The Dream that Dispersed in the Heartless Sky", "url": "http://www.crunchyroll.com/asura-cryin/episode-7-the-dream-that-dispersed-in-the-heartless-sky-534230"}, {"title": "Episode 8 - The Youngest Daughter of the King of Misfortune", "url": "http://www.crunchyroll.com/asura-cryin/episode-8-the-youngest-daughter-of-the-king-of-misfortune-534232"}, {"title": "Episode 9 - The Impossible Taboo", "url": "http://www.crunchyroll.com/asura-cryin/episode-9-the-impossible-taboo-534234"}, {"title": "Episode 10 - Bound by the Chains of Time", "url": "http://www.crunchyroll.com/asura-cryin/episode-10-bound-by-the-chains-of-time-534644"}, {"title": "Episode 11 - Together in the Ordinary and Extraordinary", "url": "http://www.crunchyroll.com/asura-cryin/episode-11-together-in-the-ordinary-and-extraordinary-534646"}, {"title": "Episode 12 - Until the End of the World", "url": "http://www.crunchyroll.com/asura-cryin/episode-12-until-the-end-of-the-world-534648"}, {"title": "Episode 13 - Mark of the Cursed Criminal", "url": "http://www.crunchyroll.com/asura-cryin/episode-13-mark-of-the-cursed-criminal-534650"}], "coverImage": {"large": "https://s3.anilist.co/media/anime/cover/medium/6676.jpg", "medium": "https://s3.anilist.co/media/anime/cover/small/6676.jpg"}, "bannerImage": null, "isAdult": false, "format": "TV"}, {"id": 6680, "title": {"romaji": "Dojoji Temple", "english": null}, "type": "ANIME", "status": "FINISHED", "description": "Based on an ancient legend, Dojoji Temple tells the story of a young priest who finds himself the object of intense infatuation and lust from a young woman.  As he rebuffs her advances she becomes more and more desperate eventually turning herself into a gigantic serpent.  The priest is hidden under the bell of the temple but the woman's passion is so intense that escape is impossible.<br><br>\nA short animation from filmaker Kihachiro Kawamoto.  This film utilizes both stop motion and standard animation techniques.", "startDate": {"year": 1976, "month": null, "day": null}, "endDate": {"year": 1976, "month": null, "day": null}, "season": null, "episodes": 1, "duration": 19, "genres": ["Supernatural"], "averageScore": 51, "trending": 0, "popularity": 155, "streamingEpisodes": [], "coverImage": {"large": "https://s3.anilist.co/media/anime/cover/medium/6680.jpg", "medium": "https://s3.anilist.co/media/anime/cover/small/6680.jpg"}, "bannerImage": null, "isAdult": false, "format": "MOVIE"}, {"id": 6682, "title": {"romaji": "11eyes", "english": null}, "type": "ANIME", "status": "FINISHED", "description": "When the Sky turns Red, the Moon turns Black, and monsters begin roaming the streets, Satsuki Kakeru is at a loss for what to do.<br>\nAlong with his best friend Yuka, they try to decipher why they have been sent to this strange world, which is seemingly empty aside from themselves.<br><br>\nHowever, when the 'Red Night' ends, Kakeru and Yuka believed it was all a dream, until it happens again and they are left in a dangerous situation. They meet four others in the same predicament: Kusakabe Misuzu, an expert swordswoman, Tachibana Kukuri, a strange mute girl who looks uncannily like Kakeru's deceased sister, Hirohara Yukiko, a lively young girl whose personality reverts to that of a cold killer when her glasses are removed, and Tajima Takahisa, a young pyrokineticist.<br><br>\nAs the six of them band together to survive and discover what this mysterious world is, things take a turn for the worse as six shadows appear before them...<br><br>\n[Written by MAL Rewrite]", "startDate": {"year": 2009, "month": 10, "day": 7}, "endDate": {"year": 2009, "month": 12, "day": 23}, "season": "FALL", "episodes": 12, "duration": 25, "genres": ["Action", "Ecchi", "Supernatural"], "averageScore": 57, "trending": 0, "popularity": 9294, "streamingEpisodes": [{"title": "Episode 1 - Red Night ~ Piros \u00e9jszaka", "url": "http://www.crunchyroll.com/11eyes/episode-1-red-night-piros-jszaka-535080"}, {"title": "Episode 2 - The Girl in the Crystal ~ egy l\u00e1ny -ban krist\u00e1ly", "url": "http://www.crunchyroll.com/11eyes/episode-2-the-girl-in-the-crystal-egy-lny-ban-kristly-535084"}, {"title": "Episode 3 - Lonely Pride\uff5eegyed\u00fcl\u00e1ll\u00f3 b\u00fcszkes\u00e9g", "url": "http://www.crunchyroll.com/11eyes/episode-3-lonely-prideegyedlll-bszkesg-535086"}, {"title": "Episode 4 - A Smiling Mask ~ a doboz m\u00f6g\u00f6tt maszk", "url": "http://www.crunchyroll.com/11eyes/episode-4-a-smiling-mask-a-doboz-mgtt-maszk-535088"}, {"title": "Episode 5 - For Friends and For Tomorrow ~ bar\u00e1toknak, holnapra", "url": "http://www.crunchyroll.com/11eyes/episode-5-for-friends-and-for-tomorrow-bartoknak-holnapra-535090"}, {"title": "Episode 6 - Disturbed Minds ~ sz\u00edbt\u00e9p f\u00e1jdalom", "url": "http://www.crunchyroll.com/11eyes/episode-6-disturbed-minds-szbtp-fjdalom-535092"}, {"title": "Episode 7 - Twisted Awakening ~ kanyarg\u00f3s \u00e9bred\u00e9s", "url": "http://www.crunchyroll.com/11eyes/episode-7-twisted-awakening-kanyargs-breds-535094"}, {"title": "Episode 8 - The Witching Hour ~ f\u00e9lhom\u00e1ly \u00f6v", "url": "http://www.crunchyroll.com/11eyes/episode-8-the-witching-hour-flhomly-v-535940"}, {"title": "Episode 9 - Broken Bonds ~ t\u00f6r\u00f6tt k\u00f6t\u00e9s", "url": "http://www.crunchyroll.com/11eyes/episode-9-broken-bonds-trtt-kts-535942"}, {"title": "Episode 10 - The Witch Awakens ~ bukott angyal", "url": "http://www.crunchyroll.com/11eyes/episode-10-the-witch-awakens-bukott-angyal-535944"}, {"title": "Episode 11 - The Option of Destruction ~ v\u00e1logatott-hoz kialv\u00e1s", "url": "http://www.crunchyroll.com/11eyes/episode-11-the-option-of-destruction-vlogatott-hoz-kialvs-537042"}, {"title": "Episode 12 - The Dawn of Darkness ~ a s\u00f6t\u00e9t hajnal", "url": "http://www.crunchyroll.com/11eyes/episode-12-the-dawn-of-darkness-a-stt-hajnal-537044"}], "coverImage": {"large": "https://s3.anilist.co/media/anime/cover/medium/6682.jpg", "medium": "https://s3.anilist.co/media/anime/cover/small/6682.jpg"}, "bannerImage": "https://s3.anilist.co/media/anime/banner/n6682-lTTWYVZiZQWm.jpg", "isAdult": false, "format": "TV"}, {"id": 6684, "title": {"romaji": "Marie & Gali Special", "english": null}, "type": "ANIME", "status": "FINISHED", "description": "Special episode 9.5.", "startDate": {"year": 2009, "month": 6, "day": 2}, "endDate": {"year": 2009, "month": 6, "day": 2}, "season": "SUMMER", "episodes": 1, "duration": 4, "genres": ["Comedy"], "averageScore": null, "trending": 0, "popularity": 76, "streamingEpisodes": [], "coverImage": {"large": "https://s3.anilist.co/media/anime/cover/medium/6684.jpg", "medium": "https://s3.anilist.co/media/anime/cover/small/6684.jpg"}, "bannerImage": null, "isAdult": false, "format": "SPECIAL"}]}}}