{"data": {"Page": {"pageInfo": {"total": 12297, "hasNextPage": true}, "media": [{"id": 9761, "title": {"romaji": "Finder no Hyouteki", "english": null}, "type": "ANIME", "status": "FINISHED", "description": "Twenty-three year old Takaba Akihito is a young freelance photographer who takes pride in his work and seeks to get a major \"scoop\". After he takes photographs of the business dealings of crime lord Asami Ryuichi, Asami kidnaps and rapes him, beginning a sadomasochistic relationship between them as they find themselves continually drawn to one another. Fei Long, a rival Chinese boss who blames Asami for his father's death, takes an interest in Takaba, as well, seeking a way to get revenge.<br><br>\n(Source: Wikipedia)", "startDate": {"year": 2012, "month": 2, "day": 29}, "endDate": {"year": 2012, "month": 2, "day": 29}, "season": "WINTER", "episodes": 1, "duration": 38, "genres": [], "averageScore": 57, "trending": 0, "popularity": 649, "streamingEpisodes": [], "coverImage": {"large": "https://s3.anilist.co/media/anime/cover/medium/9761.jpg", "medium": "https://s3.anilist.co/media/anime/cover/small/9761.jpg"}, "bannerImage": null, "isAdult": false, "format": "OVA"}, {"id": 9768, "title": {"romaji": "Shima Shima Tora no Shimajirou", "english": null}, "type": "ANIME", "status": "FINISHED", "description": "Shimajiro a tiger boy, Mimirin a rabbit girl, Torippii a parrot boy, Ramurin a sheep girl has an adventure in challenge island where they live.", "startDate": {"year": 1993, "month": 12, "day": 13}, "endDate": {"year": 2008, "month": 3, "day": 31}, "season": "WINTER", "episodes": 726, "duration": 23, "genres": ["Adventure", "Comedy", "Fantasy"], "averageScore": null, "trending": 0, "popularity": 38, "streamingEpisodes": [], "coverImage": {"large": "https://s3.anilist.co/media/anime/cover/medium/9768.jpg", "medium": "https://s3.anilist.co/media/anime/cover/small/9768.jpg"}, "bannerImage": null, "isAdult": false, "format": "TV"}, {"id": 9770, "title": {"romaji": "Hello Kitty no Stump Village", "english": "Hello Kitty: Stump Village"}, "type": "ANIME", "status": "FINISHED", "description": "Hello Kitty: Stump Village is about little Hello Kitty and her friends' adventures.", "startDate": {"year": 2005, "month": null, "day": null}, "endDate": {"year": 2005, "month": null, "day": null}, "season": null, "episodes": 26, "duration": 9, "genres": [], "averageScore": null, "trending": 0, "popularity": 39, "streamingEpisodes": [], "coverImage": {"large": "https://s3.anilist.co/media/anime/cover/medium/9770.jpg", "medium": "https://s3.anilist.co/media/anime/cover/small/9770.jpg"}, "bannerImage": null, "isAdult": false, "format": "TV_SHORT"}, {"id": 9773, "title": {"romaji": "Lady Lady!! (1988)", "english": null}, "type": "ANIME", "status": "FINISHED", "description": "When Rin's mother dies, she makes the promise that some day she will become a Lady, and travels to England to meet the rest of the family. She is not very welcomed (specially at the start by her stepsister Sara), but after some time they are all a happy family. Rin (Lynn) is also very interested in horses and racing, and she wins a nice share of contests.<br><br>\nThis series is divided into two parts, first with Rin being really a child, and the second with her being around 13. <br><br>\n(Source: Anidb)", "startDate": {"year": 1988, "month": 3, "day": 12}, "endDate": {"year": 1988, "month": 3, "day": 12}, "season": "SPRING", "episodes": 1, "duration": 25, "genres": ["Drama"], "averageScore": null, "trending": 0, "popularity": 69, "streamingEpisodes": [], "coverImage": {"large": "https://s3.anilist.co/media/anime/cover/medium/9773.jpg", "medium": "https://s3.anilist.co/media/anime/cover/small/9773.jpg"}, "bannerImage": null, "isAdult": false, "format": "MOVIE"}, {"id": 9774, "title": {"romaji": "Morita-san wa Mukuchi", "english": null}, "type": "ANIME", "status": "FINISHED", "description": "OVA bundled with the special edition of manga volume 3.<br><br>\nMorita Mayu is a high school girl. She is extremely reticent and her silence and habit of looking at people's eyes straightly sometimes cause misunderstanding. The reason behind it is not because she doesn&rsquo;t like to talk nor because she has nothing to say. The reason she rarely speaks is due to the fact she thinks too much before speaking, thus losing the timing to speak altogether. Despite this, she lives a happy school life with her classmates. ", "startDate": {"year": 2011, "month": 3, "day": 26}, "endDate": {"year": 2011, "month": 3, "day": 26}, "season": "SPRING", "episodes": 1, "duration": 23, "genres": ["Comedy", "Slice of Life"], "averageScore": 61, "trending": 0, "popularity": 976, "streamingEpisodes": [], "coverImage": {"large": "https://s3.anilist.co/media/anime/cover/medium/9774.jpg", "medium": "https://s3.anilist.co/media/anime/cover/small/9774.jpg"}, "bannerImage": null, "isAdult": false, "format": "OVA"}, {"id": 9776, "title": {"romaji": "A-Channel", "english": null}, "type": "ANIME", "status": "FINISHED", "description": "Tooru and Run have been best friends forever, so when Tooru learns that she's managed to get into the same high school as Run, she runs to tell her&hellip; only to find Run in a compromising position with yet another girl, Yuko. Needless to say, that makes things a bit awkward at school, with Tooru fending off those who might be interested in Run while Yuko and their other girlfriend, Nagi, have to deal with Run's own penchant for drama. <br><br>\n(Source: Sentai Filmworks) ", "startDate": {"year": 2011, "month": 4, "day": 8}, "endDate": {"year": 2011, "month": 6, "day": 24}, "season": "SPRING", "episodes": 12, "duration": 24, "genres": ["Comedy", "Slice of Life"], "averageScore": 66, "trending": 0, "popularity": 6942, "streamingEpisodes": [], "coverImage": {"large": "https://s3.anilist.co/media/anime/cover/medium/9776.jpg", "medium": "https://s3.anilist.co/media/anime/cover/small/9776.jpg"}, "bannerImage": null, "isAdult": false, "format": "TV"}, {"id": 9777, "title": {"romaji": "Umacha", "english": null}, "type": "ANIME", "status": "FINISHED", "description": "Animated videos, advertising ice tea manufactured by the Asahi Beverage Company.", "startDate": {"year": 2001, "month": 3, "day": 5}, "endDate": {"year": 2001, "month": 5, "day": 18}, "season": "SPRING", "episodes": 2, "duration": 1, "genres": ["Slice of Life"], "averageScore": 42, "trending": 0, "popularity": 178, "streamingEpisodes": [], "coverImage": {"large": "https://s3.anilist.co/media/anime/cover/medium/9777.jpg", "medium": "https://s3.anilist.co/media/anime/cover/small/9777.jpg"}, "bannerImage": null, "isAdult": false, "format": "SPECIAL"}, {"id": 9778, "title": {"romaji": "Toriko Hime: Hakudaku Mamire no Reijou", "english": null}, "type": "ANIME", "status": "FINISHED", "description": "Based on the erotic game \"Toriko Hime - Hakudaku Mamire no Reij&#333;\" by Guilty.<br><br>\nMinase Shizuru is the daughter of a rich politician. This being so, she attends a prestigious academy together with friends of a similar status. However, her life is turned upside down when she gets kidnapped by members of Tsuruma Consulting, including her own classmate, the young master Tsuruma who is the son of the company's owner. They force Minase and her friends from the academy to be sex slaves for test subjects in their research facility. Together and with determination, Minase and her friends try to devise a way out of this small slice of hell.<br><br>\n(Sources: ANN, AniDB)", "startDate": {"year": 2011, "month": 1, "day": 28}, "endDate": {"year": 2011, "month": 3, "day": 25}, "season": "WINTER", "episodes": 2, "duration": 30, "genres": ["Hentai"], "averageScore": 51, "trending": 0, "popularity": 267, "streamingEpisodes": [], "coverImage": {"large": "https://s3.anilist.co/media/anime/cover/medium/9778.jpg", "medium": "https://s3.anilist.co/media/anime/cover/small/9778.jpg"}, "bannerImage": null, "isAdult": true, "format": "OVA"}, {"id": 9781, "title": {"romaji": "Hyouga Senshi Gaislugger", "english": null}, "type": "ANIME", "status": "FINISHED", "description": "A cyborg warrior from an ancient Antarctic kingdom awakes 30000 years later from an accidental hibernation to find the Earth changed and an old alien enemy on the verge of invasion. It's up to Guyslugger to use his ancient technology to defeat the aliens. <br><br>\n(Source: AniDB)", "startDate": {"year": 1977, "month": 4, "day": 12}, "endDate": {"year": 1977, "month": 8, "day": 30}, "season": "SPRING", "episodes": 20, "duration": 30, "genres": ["Action", "Sci-Fi"], "averageScore": null, "trending": 0, "popularity": 36, "streamingEpisodes": [], "coverImage": {"large": "https://s3.anilist.co/media/anime/cover/medium/9781.jpg", "medium": "https://s3.anilist.co/media/anime/cover/small/9781.jpg"}, "bannerImage": null, "isAdult": false, "format": "TV"}, {"id": 9782, "title": {"romaji": "Norageki!", "english": "Five Numbers!"}, "type": "ANIME", "status": "FINISHED", "description": "The story takes place in a isolated prison. A pleasant young man, a sexy woman, an ex-soldier middle aged man, a hacker girl, a mysterious old man and a cat are confined there. One day, they get freed after a blackout. Strangely, all the prison guards have disappeared and they cannot find the exit. Suddenly an extraordinary event occurs in response to the old man's weird behavior.", "startDate": {"year": 2011, "month": 1, "day": 22}, "endDate": {"year": 2011, "month": 1, "day": 22}, "season": "WINTER", "episodes": 1, "duration": 24, "genres": ["Mystery", "Sci-Fi"], "averageScore": 56, "trending": 0, "popularity": 874, "streamingEpisodes": [], "coverImage": {"large": "https://s3.anilist.co/media/anime/cover/medium/9782.jpg", "medium": "https://s3.anilist.co/media/anime/cover/small/9782.jpg"}, "bannerImage": null, "isAdult": false, "format": "OVA"}, {"id": 9785, "title": {"romaji": "Detective Conan: Conan vs. Kid - Shark & Jewel", "english": null}, "type": "ANIME", "status": "FINISHED", "description": "3D IMAX movie, shown only at the Suntory Museum in Osaka.", "startDate": {"year": 2005, "month": 7, "day": 29}, "endDate": {"year": 2005, "month": 7, "day": 29}, "season": "SUMMER", "episodes": 1, "duration": 16, "genres": ["Adventure", "Comedy", "Mystery"], "averageScore": 62, "trending": 0, "popularity": 362, "streamingEpisodes": [], "coverImage": {"large": "https://s3.anilist.co/media/anime/cover/medium/9785.jpg", "medium": "https://s3.anilist.co/media/anime/cover/small/9785.jpg"}, "bannerImage": null, "isAdult": false, "format": "MOVIE"}, {"id": 9786, "title": {"romaji": "Detective Conan: Conan vs. Kid - Jet Black Sniper", "english": null}, "type": "ANIME", "status": "FINISHED", "description": "3D IMAX movie, shown only at the Suntory Museum in Osaka.<br><br>\nThe story involves a heist taking place on 15 Aug at the Takaramachi Jewelry Museum where a jewel worth 1 Billion Yen is stolen.", "startDate": {"year": 2006, "month": 7, "day": 28}, "endDate": {"year": 2006, "month": 7, "day": 28}, "season": "SUMMER", "episodes": 1, "duration": 16, "genres": ["Adventure", "Comedy", "Mystery"], "averageScore": 57, "trending": 0, "popularity": 261, "streamingEpisodes": [], "coverImage": {"large": "https://s3.anilist.co/media/anime/cover/medium/9786.jpg", "medium": "https://s3.anilist.co/media/anime/cover/small/9786.jpg"}, "bannerImage": null, "isAdult": false, "format": "MOVIE"}, {"id": 9789, "title": {"romaji": "Nezumi Monogatari: George to Gerald no Bouken", "english": null}, "type": "ANIME", "status": "FINISHED", "description": "Nezumi Monogatari is the story of two mice called George and Gerald who embark on a journey together with three friends to find the \"Dragon of Light\".", "startDate": {"year": 2007, "month": 12, "day": 22}, "endDate": {"year": 2007, "month": 12, "day": 22}, "season": "WINTER", "episodes": 1, "duration": 52, "genres": ["Adventure"], "averageScore": null, "trending": 0, "popularity": 79, "streamingEpisodes": [], "coverImage": {"large": "https://s3.anilist.co/media/anime/cover/medium/9789.jpg", "medium": "https://s3.anilist.co/media/anime/cover/small/9789.jpg"}, "bannerImage": null, "isAdult": false, "format": "MOVIE"}, {"id": 9790, "title": {"romaji": "Sora no Otoshimono: Tokeijikake no Angeloid", "english": "Heaven's Lost Property the Movie: The Angeloid of Clockwork"}, "type": "ANIME", "status": "FINISHED", "description": "Movie adaptation of the Sora no Otoshimono manga, based on Kazane Hiyori's arc.", "startDate": {"year": 2011, "month": 6, "day": 25}, "endDate": {"year": 2011, "month": 6, "day": 25}, "season": "SUMMER", "episodes": 1, "duration": 96, "genres": ["Comedy", "Drama", "Ecchi", "Romance", "Sci-Fi"], "averageScore": 73, "trending": 0, "popularity": 6707, "streamingEpisodes": [], "coverImage": {"large": "https://s3.anilist.co/media/anime/cover/medium/9790.jpg", "medium": "https://s3.anilist.co/media/anime/cover/small/9790.jpg"}, "bannerImage": null, "isAdult": false, "format": "MOVIE"}, {"id": 9792, "title": {"romaji": "Licca-chan Fushigi na Fushigi na Yunia Monogatari", "english": null}, "type": "ANIME", "status": "FINISHED", "description": "Based on the popular Licca doll in Japan. Licca is accidentally transported into the world of Yunia and must find a way to return home.", "startDate": {"year": 1990, "month": 11, "day": 23}, "endDate": {"year": 1990, "month": 11, "day": 23}, "season": "FALL", "episodes": 2, "duration": 27, "genres": ["Adventure"], "averageScore": null, "trending": 0, "popularity": 85, "streamingEpisodes": [], "coverImage": {"large": "https://s3.anilist.co/media/anime/cover/medium/9792.jpg", "medium": "https://s3.anilist.co/media/anime/cover/small/9792.jpg"}, "bannerImage": null, "isAdult": false, "format": "OVA"}, {"id": 9793, "title": {"romaji": "Senjou no Valkyria 3: Tagatame no Juusou", "english": null}, "type": "ANIME", "status": "FINISHED", "description": "Two-episode OVA based on SEGA's Valkyria Chronicles 3: Unrecorded Chronicles game.", "startDate": {"year": 2011, "month": 4, "day": 13}, "endDate": {"year": 2011, "month": 6, "day": 29}, "season": "SPRING", "episodes": 2, "duration": 29, "genres": ["Action", "Fantasy"], "averageScore": 68, "trending": 0, "popularity": 1106, "streamingEpisodes": [], "coverImage": {"large": "https://s3.anilist.co/media/anime/cover/medium/9793.jpg", "medium": "https://s3.anilist.co/media/anime/cover/small/9793.jpg"}, "bannerImage": null, "isAdult": false, "format": "OVA"}, {"id": 9794, "title": {"romaji": "Tono to Issho 1.5", "english": null}, "type": "ANIME", "status": "FINISHED", "description": "Tono to Issho OVA.", "startDate": {"year": 2010, "month": 8, "day": 23}, "endDate": {"year": 2010, "month": 8, "day": 23}, "season": "SUMMER", "episodes": 1, "duration": 4, "genres": ["Comedy"], "averageScore": null, "trending": 0, "popularity": 64, "streamingEpisodes": [], "coverImage": {"large": "https://s3.anilist.co/media/anime/cover/medium/9794.jpg", "medium": "https://s3.anilist.co/media/anime/cover/small/9794.jpg"}, "bannerImage": null, "isAdult": false, "format": "OVA"}, {"id": 9795, "title": {"romaji": "Atashin'chi Movie", "english": null}, "type": "ANIME", "status": "FINISHED", "description": "In a stormy night, Mikan and Mom were stricken by lightning simultaneously and switched bodies. In the following days, while Mom enjoyed being a student again, Mikan had to fought with house chores. Meanwhile, Yuzuhiko and Dad were busy looking for a way to switch them back.<br><br>\n(Source: ANN)", "startDate": {"year": 2003, "month": 12, "day": 6}, "endDate": {"year": 2003, "month": 12, "day": 6}, "season": "WINTER", "episodes": 1, "duration": 95, "genres": ["Comedy"], "averageScore": null, "trending": 0, "popularity": 41, "streamingEpisodes": [], "coverImage": {"large": "https://s3.anilist.co/media/anime/cover/medium/9795.jpg", "medium": "https://s3.anilist.co/media/anime/cover/small/9795.jpg"}, "bannerImage": null, "isAdult": false, "format": "MOVIE"}, {"id": 9796, "title": {"romaji": "Atashin'chi 3D Movie: Jounetsu no Chou Chounouryoku Haha Dai Bousou", "english": null}, "type": "ANIME", "status": "FINISHED", "description": "A 3D theatrical anime adaptation.", "startDate": {"year": 2010, "month": 11, "day": 13}, "endDate": {"year": 2010, "month": 11, "day": 13}, "season": "FALL", "episodes": 1, "duration": 40, "genres": ["Comedy"], "averageScore": null, "trending": 0, "popularity": 44, "streamingEpisodes": [], "coverImage": {"large": "https://s3.anilist.co/media/anime/cover/medium/9796.jpg", "medium": "https://s3.anilist.co/media/anime/cover/small/9796.jpg"}, "bannerImage": null, "isAdult": false, "format": "MOVIE"}, {"id": 9797, "title": {"romaji": "MonHun Nikki Girigiri Airuu Mura: Airuu Kiki Ippatsu Specials", "english": null}, "type": "ANIME", "status": "FINISHED", "description": "Two unaired episodes included with the Blu-ray and the DVD.", "startDate": {"year": 2010, "month": 11, "day": 24}, "endDate": {"year": 2010, "month": 11, "day": 24}, "season": "FALL", "episodes": 2, "duration": 3, "genres": ["Action", "Comedy"], "averageScore": null, "trending": 0, "popularity": 24, "streamingEpisodes": [], "coverImage": {"large": "https://s3.anilist.co/media/anime/cover/medium/9797.jpg", "medium": "https://s3.anilist.co/media/anime/cover/small/9797.jpg"}, "bannerImage": null, "isAdult": false, "format": "SPECIAL"}, {"id": 9798, "title": {"romaji": "Pandane to Tamago-hime", "english": "Mr. Dough and the Egg Princess"}, "type": "ANIME", "status": "FINISHED", "description": "In a lonesome water mill deep in a forest of briers and brambles lives a witch named Baba Yaga. There the witch keeps her servant the Egg Princess confined and forces the tiny egg-girl to do all the hard daily chores around the mill. One night, a large batch of kneaded dough resting in a trough suddenly comes to life from the witch's spell. Fearful of the witch, the Egg Princess and her new friend decide to run away. What will lay ahead for the two of them...?<br><br>\n(Source: Official Website)", "startDate": {"year": 2010, "month": 11, "day": 20}, "endDate": {"year": 2010, "month": 11, "day": 20}, "season": "FALL", "episodes": 1, "duration": 12, "genres": ["Adventure", "Fantasy"], "averageScore": 59, "trending": 0, "popularity": 285, "streamingEpisodes": [], "coverImage": {"large": "https://s3.anilist.co/media/anime/cover/medium/9798.jpg", "medium": "https://s3.anilist.co/media/anime/cover/small/9798.jpg"}, "bannerImage": null, "isAdult": false, "format": "MOVIE"}, {"id": 9799, "title": {"romaji": "Shin-Men", "english": null}, "type": "ANIME", "status": "FINISHED", "description": "The spinoff is set in a parallel world known as Shin Jigen (Shin Dimension). The titular Shin-men team is composed of five heroes with supernatural powers symbolized by fire (Gou), water (Sui), wind (Hyuu), greenery (Nyoki), and iron (Kan). Together, they fight against their enemy, the evil pigs of Ton-Men.<br><br>\r\n(Source: AniDB)", "startDate": {"year": 2010, "month": 11, "day": 26}, "endDate": {"year": 2012, "month": 9, "day": 14}, "season": "FALL", "episodes": 13, "duration": 12, "genres": ["Action", "Comedy"], "averageScore": null, "trending": 0, "popularity": 73, "streamingEpisodes": [], "coverImage": {"large": "https://s3.anilist.co/media/anime/cover/medium/9799.jpg", "medium": "https://s3.anilist.co/media/anime/cover/small/9799.jpg"}, "bannerImage": null, "isAdult": false, "format": "TV_SHORT"}, {"id": 9801, "title": {"romaji": "Hustle!! Tokitama-kun", "english": "Tokitama Hustle"}, "type": "ANIME", "status": "FINISHED", "description": "Director's description: \"I want to show you a world that you have never seen.\" I think this is something that all computer graphics producers strive for. What to create?! How do you create it with computer graphics? The skill of drawing does not change that much when performed on a computer instead of paper. This work is a mixture of traditional cel-based animation, 3-D animation and 2-D computer graphics techniques, each with it's own history and production standards. My theme for this production was \"The Transformation of Time and Space\". I used ToonShader and hand drawn animation to achieve the desired effect. I think that I have succeeded in creating a world that you have never seen.<br><br>\n(Source: plaza.bunka.go.jp)", "startDate": {"year": 1998, "month": null, "day": null}, "endDate": {"year": 1998, "month": null, "day": null}, "season": null, "episodes": 1, "duration": 4, "genres": [], "averageScore": null, "trending": 0, "popularity": 83, "streamingEpisodes": [], "coverImage": {"large": "https://s3.anilist.co/media/anime/cover/medium/9801.jpg", "medium": "https://s3.anilist.co/media/anime/cover/small/9801.jpg"}, "bannerImage": null, "isAdult": false, "format": "SPECIAL"}, {"id": 9806, "title": {"romaji": "Qin Shi Ming Yue", "english": "Qin's Moon"}, "type": "ANIME", "status": "FINISHED", "description": "Set during the Qin Dynasty in ancient China, a brave assassin attempts to kill the Emperor to save his homeland. However, the assassin failed and in retaliation, the Emperor sent his troops to kill his eight year old son. A highly skilled swordsman intervenes and rescues the boy. After their escape from the forces of the Emperor, they embark on a journey to change the destiny of the empire while encountering several friends and foes along the way.", "startDate": {"year": 2007, "month": 1, "day": 16}, "endDate": {"year": 2013, "month": 7, "day": 3}, "season": "WINTER", "episodes": 10, "duration": 25, "genres": ["Action", "Fantasy"], "averageScore": null, "trending": 0, "popularity": 152, "streamingEpisodes": [], "coverImage": {"large": "https://s3.anilist.co/media/anime/cover/medium/9806.jpg", "medium": "https://s3.anilist.co/media/anime/cover/small/9806.jpg"}, "bannerImage": null, "isAdult": false, "format": "TV"}, {"id": 9807, "title": {"romaji": "Harley Spiny", "english": null}, "type": "ANIME", "status": "FINISHED", "description": "Story of Harley and his animal friends going to a school.", "startDate": {"year": 1996, "month": 8, "day": 5}, "endDate": {"year": 1997, "month": 6, "day": 27}, "season": "SUMMER", "episodes": 140, "duration": 25, "genres": [], "averageScore": null, "trending": 0, "popularity": 15, "streamingEpisodes": [], "coverImage": {"large": "https://s3.anilist.co/media/anime/cover/medium/9807.jpg", "medium": "https://s3.anilist.co/media/anime/cover/small/9807.jpg"}, "bannerImage": null, "isAdult": false, "format": "TV"}, {"id": 9810, "title": {"romaji": "Nyani ga Nyandaa Nyandaa Kamen", "english": null}, "type": "ANIME", "status": "FINISHED", "description": "One day a normal cat boy got a power to transform into a super \"kamen cat\". Whenever he heard people saying \"help\" he would dash right over there and help them fight against enemies.", "startDate": {"year": 2000, "month": 2, "day": 6}, "endDate": {"year": 2001, "month": 9, "day": 30}, "season": "WINTER", "episodes": 83, "duration": 25, "genres": ["Comedy"], "averageScore": null, "trending": 0, "popularity": 21, "streamingEpisodes": [], "coverImage": {"large": "https://s3.anilist.co/media/anime/cover/medium/9810.jpg", "medium": "https://s3.anilist.co/media/anime/cover/small/9810.jpg"}, "bannerImage": null, "isAdult": false, "format": "TV"}, {"id": 9811, "title": {"romaji": "Hanasaka Tenshi Tenten-kun", "english": null}, "type": "ANIME", "status": "FINISHED", "description": "A foolish clumsy angel came to the human world to help a very unlucky boy. But more accidents are then created...", "startDate": {"year": 1998, "month": 10, "day": 10}, "endDate": {"year": 1999, "month": 9, "day": 25}, "season": "FALL", "episodes": 43, "duration": 25, "genres": ["Comedy", "Fantasy"], "averageScore": null, "trending": 0, "popularity": 20, "streamingEpisodes": [], "coverImage": {"large": "https://s3.anilist.co/media/anime/cover/medium/9811.jpg", "medium": "https://s3.anilist.co/media/anime/cover/small/9811.jpg"}, "bannerImage": null, "isAdult": false, "format": "TV"}, {"id": 9812, "title": {"romaji": "Bit the Cupid", "english": null}, "type": "ANIME", "status": "FINISHED", "description": "Comedy about a character who shoots arrows that cause pairs of people to fall madly in love and float about in an ecstasy of emotion.<br><br>\n(Source: AniDB)", "startDate": {"year": 1995, "month": 4, "day": 26}, "endDate": {"year": 1996, "month": 3, "day": 29}, "season": "SPRING", "episodes": 48, "duration": 25, "genres": ["Comedy"], "averageScore": null, "trending": 0, "popularity": 19, "streamingEpisodes": [], "coverImage": {"large": "https://s3.anilist.co/media/anime/cover/medium/9812.jpg", "medium": "https://s3.anilist.co/media/anime/cover/small/9812.jpg"}, "bannerImage": null, "isAdult": false, "format": "TV"}, {"id": 9817, "title": {"romaji": "My Life as McDull", "english": "My Life as McDull"}, "type": "ANIME", "status": "FINISHED", "description": "McDull is not the brightest kid on the block, but he continually tries to do his best and please his mother. Although it seems that he may not be destined for great things in life as his mother wishes, McDull never gives up.<br><br>\nThe story focuses on several tales about McDull and his childhood. This is told as a narrative reflection of a now adult McDull. These tales muddle up in imaginative uses of Cantonese and heaps of local Hong Kong culture. From tales about a turkey dinner to dreams of following in Lee Lai-shan's footsteps, McDull faces ebbs and flows with his demanding but devoted mother.<br><br>\n(Source: Wikipedia)", "startDate": {"year": 2001, "month": 12, "day": 15}, "endDate": {"year": 2001, "month": 12, "day": 15}, "season": "WINTER", "episodes": 1, "duration": 76, "genres": ["Comedy"], "averageScore": null, "trending": 0, "popularity": 23, "streamingEpisodes": [], "coverImage": {"large": "https://s3.anilist.co/media/anime/cover/medium/9817.jpg", "medium": "https://s3.anilist.co/media/anime/cover/small/9817.jpg"}, "bannerImage": null, "isAdult": false, "format": "MOVIE"}, {"id": 9818, "title": {"romaji": "McDull, Prince de la Bun", "english": "McDull"}, "type": "ANIME", "status": "FINISHED", "description": "McDull, Prince de la Bun is a 2004 animated Hong Kong film directed by Yuen Toe. Telling the life a the fictional pig McDull, it is a sequel to My Life as McDull (2001) and it was followed by McDull, the Alumni (2006).<br><br>\n(Source: Wikipedia)", "startDate": {"year": 2004, "month": 6, "day": 24}, "endDate": {"year": 2004, "month": 6, "day": 24}, "season": "SUMMER", "episodes": 1, "duration": 73, "genres": ["Comedy"], "averageScore": null, "trending": 0, "popularity": 16, "streamingEpisodes": [], "coverImage": {"large": "https://s3.anilist.co/media/anime/cover/medium/9818.jpg", "medium": "https://s3.anilist.co/media/anime/cover/small/9818.jpg"}, "bannerImage": null, "isAdult": false, "format": "MOVIE"}, {"id": 9819, "title": {"romaji": "McDull, Kung Fu Kindergarten", "english": null}, "type": "ANIME", "status": "FINISHED", "description": "The story begins as archaeologists discover a crudely-made artifact while doing an archaeological study before the entire area was to be flooded following the construction of the Three Gorges Dam. The archaeologists identify it as being made by Mak-zi (also known as \"McFat\"), an ancient Chinese philosopher who had invented many things, but were arguably ahead of its time - for example, a myriad of electronic devices before the discovery of electricity. However, the crudeness of the artifact has led to the artifact being rejected for every museum in China and abroad, and thus, unwilling to destroy it, the artifact was set on a barge, continuously moving along the Yangtze River. The story continues on to Mak-zi's descendant 18 generations later, McDull (Kwok Kwan Yin), a kindergartener living in Hong Kong.<br><br>\n(Source: Wikipedia)", "startDate": {"year": 2009, "month": 7, "day": 24}, "endDate": {"year": 2009, "month": 7, "day": 24}, "season": "SUMMER", "episodes": 1, "duration": 80, "genres": ["Comedy"], "averageScore": null, "trending": 0, "popularity": 13, "streamingEpisodes": [], "coverImage": {"large": "https://s3.anilist.co/media/anime/cover/medium/9819.jpg", "medium": "https://s3.anilist.co/media/anime/cover/small/9819.jpg"}, "bannerImage": null, "isAdult": false, "format": "MOVIE"}, {"id": 9820, "title": {"romaji": "McDull, the Alumni", "english": null}, "type": "ANIME", "status": "FINISHED", "description": "The third film in the series finds McDull and his friends satirically exploring different roles in society.", "startDate": {"year": 2006, "month": 1, "day": 26}, "endDate": {"year": 2006, "month": 1, "day": 26}, "season": "WINTER", "episodes": 1, "duration": 92, "genres": ["Comedy"], "averageScore": null, "trending": 0, "popularity": 12, "streamingEpisodes": [], "coverImage": {"large": "https://s3.anilist.co/media/anime/cover/medium/9820.jpg", "medium": "https://s3.anilist.co/media/anime/cover/small/9820.jpg"}, "bannerImage": null, "isAdult": false, "format": "MOVIE"}, {"id": 9821, "title": {"romaji": "Chuntian Huahua Zhonghua Bowuguan", "english": null}, "type": "ANIME", "status": "FINISHED", "description": "Featuring McDull going through Chinese cultures with children.", "startDate": {"year": 2006, "month": 4, "day": 16}, "endDate": {"year": 2006, "month": 5, "day": 16}, "season": "SPRING", "episodes": 5, "duration": 19, "genres": ["Comedy"], "averageScore": null, "trending": 0, "popularity": 12, "streamingEpisodes": [], "coverImage": {"large": "https://s3.anilist.co/media/anime/cover/medium/9821.jpg", "medium": "https://s3.anilist.co/media/anime/cover/small/9821.jpg"}, "bannerImage": null, "isAdult": false, "format": "TV"}, {"id": 9822, "title": {"romaji": "Xiang Qi Master", "english": null}, "type": "ANIME", "status": "FINISHED", "description": "Features preteens involved in the competition and challenges in the world of Chinese chess.", "startDate": {"year": 2008, "month": null, "day": null}, "endDate": {"year": 2008, "month": null, "day": null}, "season": null, "episodes": 26, "duration": 24, "genres": [], "averageScore": null, "trending": 0, "popularity": 40, "streamingEpisodes": [], "coverImage": {"large": "https://s3.anilist.co/media/anime/cover/medium/9822.jpg", "medium": "https://s3.anilist.co/media/anime/cover/small/9822.jpg"}, "bannerImage": null, "isAdult": false, "format": "TV"}, {"id": 9824, "title": {"romaji": "Jigokudou Reikai Tsuushin", "english": null}, "type": "ANIME", "status": "FINISHED", "description": "Based on Kouzuki Hinowa's long running supernatural fantasy novel series, which has been also adapted as a live-action film.", "startDate": {"year": 1996, "month": 8, "day": 9}, "endDate": {"year": 1996, "month": 8, "day": 9}, "season": "SUMMER", "episodes": 1, "duration": 45, "genres": ["Fantasy", "Horror"], "averageScore": null, "trending": 0, "popularity": 70, "streamingEpisodes": [], "coverImage": {"large": "https://s3.anilist.co/media/anime/cover/medium/9824.jpg", "medium": "https://s3.anilist.co/media/anime/cover/small/9824.jpg"}, "bannerImage": null, "isAdult": false, "format": "OVA"}, {"id": 9825, "title": {"romaji": "Tonari no Tokoro", "english": null}, "type": "ANIME", "status": "FINISHED", "description": "Based on summat or other by famous Japanese comedian George TOKORO.<br><br>\n(Source: AniDB)", "startDate": {"year": 1990, "month": 5, "day": 25}, "endDate": {"year": 1990, "month": 5, "day": 25}, "season": "SPRING", "episodes": 1, "duration": 32, "genres": ["Comedy"], "averageScore": null, "trending": 0, "popularity": 11, "streamingEpisodes": [], "coverImage": {"large": "https://s3.anilist.co/media/anime/cover/medium/9825.jpg", "medium": "https://s3.anilist.co/media/anime/cover/small/9825.jpg"}, "bannerImage": null, "isAdult": false, "format": "OVA"}, {"id": 9826, "title": {"romaji": "Okubyou na Venus", "english": null}, "type": "ANIME", "status": "FINISHED", "description": "Story about a singer/dancer. There is music and singing throughout almost the entire OVA. ", "startDate": {"year": 1986, "month": 3, "day": 21}, "endDate": {"year": 1986, "month": 3, "day": 21}, "season": "SPRING", "episodes": 1, "duration": 20, "genres": ["Music"], "averageScore": null, "trending": 0, "popularity": 63, "streamingEpisodes": [], "coverImage": {"large": "https://s3.anilist.co/media/anime/cover/medium/9826.jpg", "medium": "https://s3.anilist.co/media/anime/cover/small/9826.jpg"}, "bannerImage": null, "isAdult": false, "format": "OVA"}, {"id": 9829, "title": {"romaji": "Yonimo Osoroshii Nihon Mukashibanashi", "english": "The Truth of Japanese Fairy Tales"}, "type": "ANIME", "status": "FINISHED", "description": "The horrible truths behind Japanese Fairy Tales from the ancient times are finally revealed! This title includes three episodes: \"The Monkey and the Crab\", \"Click-Crack Mountain\" and \"Urashima and the Kingdom beneath the Sea\".<br><br>\n(Source: Official Website)", "startDate": {"year": 2000, "month": null, "day": null}, "endDate": {"year": 2000, "month": null, "day": null}, "season": null, "episodes": 3, "duration": 18, "genres": ["Horror", "Psychological"], "averageScore": null, "trending": 0, "popularity": 82, "streamingEpisodes": [], "coverImage": {"large": "https://s3.anilist.co/media/anime/cover/medium/9829.jpg", "medium": "https://s3.anilist.co/media/anime/cover/small/9829.jpg"}, "bannerImage": null, "isAdult": false, "format": "OVA"}, {"id": 9832, "title": {"romaji": "Katte ni Shirokuma", "english": null}, "type": "ANIME", "status": "FINISHED", "description": "Story about three bears and a boar. ", "startDate": {"year": 1987, "month": 12, "day": 21}, "endDate": {"year": 1987, "month": 12, "day": 21}, "season": "WINTER", "episodes": 1, "duration": 34, "genres": ["Comedy"], "averageScore": null, "trending": 0, "popularity": 34, "streamingEpisodes": [], "coverImage": {"large": "https://s3.anilist.co/media/anime/cover/medium/9832.jpg", "medium": "https://s3.anilist.co/media/anime/cover/small/9832.jpg"}, "bannerImage": null, "isAdult": false, "format": "OVA"}, {"id": 9834, "title": {"romaji": "Level E", "english": "Level E"}, "type": "ANIME", "status": "FINISHED", "description": "In the present day, hundreds of extraterrestrial species walk the Earth. Some are pacifistic, others violent. Some are here for research purposes, others are career criminals. However, humans don't know they are here.<br><br>\nNow, one more alien has arrived on Earth. One of the universe's foremost geniuses with a personality that's bound to attract all sorts of trouble.<br><br>\n(Source: AniDB)", "startDate": {"year": 2011, "month": 1, "day": 11}, "endDate": {"year": 2011, "month": 4, "day": 5}, "season": "WINTER", "episodes": 13, "duration": 24, "genres": ["Comedy", "Sci-Fi"], "averageScore": 72, "trending": 0, "popularity": 5875, "streamingEpisodes": [{"title": "LEVEL E PV 1", "url": "http://www.crunchyroll.com/level-e/level-e-level-e-pv-1-568778"}, {"title": "LEVEL E PV 2", "url": "http://www.crunchyroll.com/level-e/level-e-level-e-pv-2-568780"}, {"title": "Episode 1 - An alien on the planet", "url": "http://www.crunchyroll.com/level-e/episode-1-an-alien-on-the-planet-568484"}, {"title": "Episode 2 - Run after the man", "url": "http://www.crunchyroll.com/level-e/episode-2-run-after-the-man-568486"}, {"title": "Episode 3 - Risky Game!", "url": "http://www.crunchyroll.com/level-e/episode-3-risky-game-568488"}, {"title": "Episode 4 - From the DARKNESS", "url": "http://www.crunchyroll.com/level-e/episode-4-from-the-darkness-568490"}, {"title": "Episode 5 - Here come Color ranger!!", "url": "http://www.crunchyroll.com/level-e/episode-5-here-come-color-ranger-568492"}, {"title": "Episode 6 - Dancing in the trap!!", "url": "http://www.crunchyroll.com/level-e/episode-6-dancing-in-the-trap-568494"}, {"title": "Episode 7 - Game Over...!? ", "url": "http://www.crunchyroll.com/level-e/episode-7-game-over-568496"}, {"title": "Episode 8 - You're my darling!", "url": "http://www.crunchyroll.com/level-e/episode-8-youre-my-darling-568498"}, {"title": "Episode 9 - Love me tender", "url": "http://www.crunchyroll.com/level-e/episode-9-love-me-tender-568500"}, {"title": "Episode 10 - Boy meets girl", "url": "http://www.crunchyroll.com/level-e/episode-10-boy-meets-girl-568502"}, {"title": "Episode 11 - Field of dreams!", "url": "http://www.crunchyroll.com/level-e/episode-11-field-of-dreams-568504"}, {"title": "Episode 12 - Half moon...!", "url": "http://www.crunchyroll.com/level-e/episode-12-half-moon-568506"}, {"title": "Episode 13 - Full moon...!", "url": "http://www.crunchyroll.com/level-e/episode-13-full-moon-573128"}], "coverImage": {"large": "https://s3.anilist.co/media/anime/cover/medium/9834.jpg", "medium": "https://s3.anilist.co/media/anime/cover/small/9834.jpg"}, "bannerImage": "https://s3.anilist.co/media/anime/banner/9834-KeIdWDw3AJBd.jpg", "isAdult": false, "format": "TV"}, {"id": 9837, "title": {"romaji": "Emblem Take 2", "english": null}, "type": "ANIME", "status": "FINISHED", "description": "Shinjuku, 1979. A member of the Kaeda Yakuza gang, Akutsu Shouji, has lost in a brawl with a university cheering squad, and begs for forgiveness through bitter tears. Since then, nothing has gone well in Shouji's life, until 10 years later in 1989, his friend was ordered to kill him, and as he ran away he killed himself, ending his miserable life.<br><br>\nBut when Shouji opened his eyes, he was in Shinjuku in 1979, at the fight with the university students that caused things to go wrong. Now with ten more years of memories and experience, Shouji repels the university students with spirit and wisdom. Now he swears to wear a gold emblem around town, and begins his life anew.<br><br>\n(Source: hokutonogun.invisionzone.com)", "startDate": {"year": 1993, "month": 10, "day": 25}, "endDate": {"year": 1995, "month": 11, "day": 21}, "season": "FALL", "episodes": 2, "duration": 51, "genres": ["Action", "Drama"], "averageScore": null, "trending": 0, "popularity": 109, "streamingEpisodes": [], "coverImage": {"large": "https://s3.anilist.co/media/anime/cover/medium/9837.jpg", "medium": "https://s3.anilist.co/media/anime/cover/small/9837.jpg"}, "bannerImage": null, "isAdult": false, "format": "OVA"}, {"id": 9839, "title": {"romaji": "Meitantei Conan: Kuro no Soshiki Tono Sesshoku", "english": "Case Closed: Black History 2"}, "type": "ANIME", "status": "FINISHED", "description": "A special episode aired after ep. 490, it summarizes episodes 309 -&gt; 311.", "startDate": {"year": 2007, "month": 12, "day": 17}, "endDate": {"year": 2007, "month": 12, "day": 17}, "season": "WINTER", "episodes": 1, "duration": 50, "genres": ["Adventure", "Comedy", "Mystery"], "averageScore": 64, "trending": 0, "popularity": 359, "streamingEpisodes": [], "coverImage": {"large": "https://s3.anilist.co/media/anime/cover/medium/9839.jpg", "medium": "https://s3.anilist.co/media/anime/cover/small/9839.jpg"}, "bannerImage": null, "isAdult": false, "format": "SPECIAL"}, {"id": 9846, "title": {"romaji": "Attraction", "english": null}, "type": "ANIME", "status": "FINISHED", "description": "Interactive anti-smoking anime. Directed by Koji Morimoto (best known for Studio 4&deg;C works), this ONA is available in Japanese, English and French.", "startDate": {"year": 2010, "month": 11, "day": 16}, "endDate": {"year": 2010, "month": 11, "day": 16}, "season": "FALL", "episodes": 1, "duration": 10, "genres": ["Mystery"], "averageScore": 53, "trending": 0, "popularity": 242, "streamingEpisodes": [], "coverImage": {"large": "https://s3.anilist.co/media/anime/cover/medium/9846.jpg", "medium": "https://s3.anilist.co/media/anime/cover/small/9846.jpg"}, "bannerImage": null, "isAdult": false, "format": "ONA"}, {"id": 9849, "title": {"romaji": "Akina to Onsen de H Shiyo!", "english": null}, "type": "ANIME", "status": "FINISHED", "description": "Miyazawa Akina is the captain of a college softball team who has just hit a string of good luck. Her team has won the tournament, her love life is progressing well and her childhood friend has now become her boyfriend, and she recently won two tickets to a nearby hot springs. In high spirits, she fully intends to relax and celebrate her victories, but she might not be able to get much rest in such a romantic location, alone with the man she loves.<br><br>\n(Source: ANN)", "startDate": {"year": 2010, "month": 11, "day": 17}, "endDate": {"year": 2010, "month": 11, "day": 17}, "season": "FALL", "episodes": 1, "duration": 22, "genres": ["Hentai"], "averageScore": 54, "trending": 0, "popularity": 409, "streamingEpisodes": [], "coverImage": {"large": "https://s3.anilist.co/media/anime/cover/medium/9849.jpg", "medium": "https://s3.anilist.co/media/anime/cover/small/9849.jpg"}, "bannerImage": null, "isAdult": true, "format": "OVA"}, {"id": 9850, "title": {"romaji": "Koguma no Koro-chan", "english": "Korochan"}, "type": "ANIME", "status": "FINISHED", "description": "Japanese fairy tale about a bear cub who would rather play than help his parents with house chores. ", "startDate": {"year": 1958, "month": 3, "day": 16}, "endDate": {"year": 1958, "month": 3, "day": 16}, "season": "SPRING", "episodes": 1, "duration": 10, "genres": [], "averageScore": null, "trending": 0, "popularity": 62, "streamingEpisodes": [], "coverImage": {"large": "https://s3.anilist.co/media/anime/cover/medium/9850.jpg", "medium": "https://s3.anilist.co/media/anime/cover/small/9850.jpg"}, "bannerImage": null, "isAdult": false, "format": "MOVIE"}, {"id": 9851, "title": {"romaji": "O-parts: Oman", "english": null}, "type": "ANIME", "status": "FINISHED", "description": "Something strange happens in girls' school...", "startDate": {"year": 2013, "month": 7, "day": 3}, "endDate": {"year": 2013, "month": 7, "day": 3}, "season": "SUMMER", "episodes": 1, "duration": 6, "genres": ["Action", "Comedy", "Hentai", "Mecha"], "averageScore": 42, "trending": 0, "popularity": 105, "streamingEpisodes": [], "coverImage": {"large": "https://s3.anilist.co/media/anime/cover/medium/9851.jpg", "medium": "https://s3.anilist.co/media/anime/cover/small/9851.jpg"}, "bannerImage": null, "isAdult": true, "format": "SPECIAL"}, {"id": 9855, "title": {"romaji": "Shujii no Inbou", "english": null}, "type": "ANIME", "status": "FINISHED", "description": "Based on the erotic game by Anim.<br>\n<br>\nMy husband, Keiichiro, was struck down by illness. Mr. Noyama, our family doctor, said he would need to have a rest for a while. But he hasn't got well though a few weeks have passed. I have now a concern about myself. Yes, it's about sex.... It's impossible to ask for sex to my husband. I can't masturbate myself at home because there are my husband and daughter. I can't talk to anyone about it.... I recently feel sexually excited when Mr. Noyama comes to my house. Is this because I'm not sexually satisfied or I suffer from some kind of illness? Oh, Mr. Noyama comes again....<br><br>\n(Source: Eroge Shop)", "startDate": {"year": 2011, "month": 2, "day": 11}, "endDate": {"year": 2011, "month": 5, "day": 13}, "season": "WINTER", "episodes": 2, "duration": 30, "genres": ["Hentai"], "averageScore": null, "trending": 0, "popularity": 105, "streamingEpisodes": [], "coverImage": {"large": "https://s3.anilist.co/media/anime/cover/medium/9855.jpg", "medium": "https://s3.anilist.co/media/anime/cover/small/9855.jpg"}, "bannerImage": null, "isAdult": true, "format": "OVA"}, {"id": 9856, "title": {"romaji": "Manga Nihon Emaki", "english": null}, "type": "ANIME", "status": "FINISHED", "description": "Animated adaptations of traditional and historical Japanese stories. Each episode features 2 different stories. <br><br>\n(Source: AniDB)", "startDate": {"year": 1977, "month": 10, "day": 5}, "endDate": {"year": 1978, "month": 9, "day": 27}, "season": "FALL", "episodes": 46, "duration": 25, "genres": [], "averageScore": null, "trending": 0, "popularity": 32, "streamingEpisodes": [], "coverImage": {"large": "https://s3.anilist.co/media/anime/cover/medium/9856.jpg", "medium": "https://s3.anilist.co/media/anime/cover/small/9856.jpg"}, "bannerImage": null, "isAdult": false, "format": "TV"}, {"id": 9857, "title": {"romaji": "Bakusou Kyoudai Let's & Go Special", "english": null}, "type": "ANIME", "status": "FINISHED", "description": null, "startDate": {"year": 1996, "month": 12, "day": 30}, "endDate": {"year": 1996, "month": 12, "day": 30}, "season": "WINTER", "episodes": 1, "duration": 95, "genres": ["Adventure", "Sports"], "averageScore": null, "trending": 0, "popularity": 46, "streamingEpisodes": [], "coverImage": {"large": "https://s3.anilist.co/media/anime/cover/medium/9857.jpg", "medium": "https://s3.anilist.co/media/anime/cover/small/9857.jpg"}, "bannerImage": null, "isAdult": false, "format": "SPECIAL"}, {"id": 9858, "title": {"romaji": "Bakusou Kyoudai Let's & Go!! WGP Bousou Mini Yonku Daitsuiseki", "english": null}, "type": "ANIME", "status": "FINISHED", "description": "Rion gets tricked into installing a chip into his racing car called \"Gun Bluster\" by the mini-4wd company he was associated with. His car starts racing without control and causing various riots with fellow racers, Rion teams up with the TRF Victorys and start chasing after Gun Bluster to remove the chip.<br><br>\nRion, Retsu and Go Seiba along with the other TRF members, Ryo Takaba with the help of his little brother, Jiromaru, Tokichi and J are confroted with an association that is also after Gun Bluster, but what are their intentions?<br><br>\nUnited along-side their trademark mini-4wd, the TRF's and Rion race together and avoid traps to safelly capture Gun Bluster!", "startDate": {"year": 1997, "month": 7, "day": 5}, "endDate": {"year": 1997, "month": 7, "day": 5}, "season": "SUMMER", "episodes": 1, "duration": 80, "genres": ["Adventure", "Sports"], "averageScore": null, "trending": 0, "popularity": 53, "streamingEpisodes": [], "coverImage": {"large": "https://s3.anilist.co/media/anime/cover/medium/9858.jpg", "medium": "https://s3.anilist.co/media/anime/cover/small/9858.jpg"}, "bannerImage": null, "isAdult": false, "format": "MOVIE"}]}}}