{"data": {"Page": {"pageInfo": {"total": 12297, "hasNextPage": true}, "media": [{"id": 995, "title": {"romaji": "Prince of Tennis: The National Tournament", "english": "Prince of Tennis: National Championship Chapter"}, "type": "ANIME", "status": "FINISHED", "description": "Seigaku continues their road to winning the National Championship, but only the best schools remain as they'll have to go toe-to-toe with old rivals and new foes in the National Tournament. <br><br>\n(Source: ANN)", "startDate": {"year": 2006, "month": 3, "day": 24}, "endDate": {"year": 2007, "month": 3, "day": 23}, "season": "SPRING", "episodes": 13, "duration": 23, "genres": ["Action", "Comedy", "Sports"], "averageScore": 75, "trending": 0, "popularity": 1734, "streamingEpisodes": [], "coverImage": {"large": "https://s3.anilist.co/media/anime/cover/medium/995.jpg", "medium": "https://s3.anilist.co/media/anime/cover/small/995.jpg"}, "bannerImage": null, "isAdult": false, "format": "OVA"}, {"id": 996, "title": {"romaji": "Bishoujo Senshi Sailor Moon: Sailor Stars", "english": "Sailor Moon Sailor Stars"}, "type": "ANIME", "status": "FINISHED", "description": "Like the R Season, SailorStars is divided into two arcs:<br><br>\nThe first arc (also filler) solves some conflicts from the SuperS season, and also sees the return of the Outer Senshi, Haruka, Michiru, Setsuna, and Hotaru (now reborn as a child).<br><br>\nThe second arc is the actual plot from the manga. Usagi bids farewell to Mamoru, who is going to America to study abroad. In his place comes the Three Lights, an idol trio consisting of three boys, Seiya, Taiki, and Yaten. The new enemy is Galaxia, a woman who desires to rule the entire galaxy by collecting the Star Seeds of humans. Three new Senshi appear, the Sailor Starlights, who also intend to stop Galaxia without Sailormoon's help.", "startDate": {"year": 1996, "month": 3, "day": 9}, "endDate": {"year": 1997, "month": 2, "day": 8}, "season": "SPRING", "episodes": 34, "duration": 24, "genres": ["Adventure", "Comedy", "Drama", "Fantasy", "Romance", "Mahou Shoujo"], "averageScore": 74, "trending": 0, "popularity": 3397, "streamingEpisodes": [], "coverImage": {"large": "https://s3.anilist.co/media/anime/cover/medium/996.jpg", "medium": "https://s3.anilist.co/media/anime/cover/small/996.jpg"}, "bannerImage": "https://s3.anilist.co/media/anime/banner/996-tnBVKjzxjqj4.jpg", "isAdult": false, "format": "TV"}, {"id": 997, "title": {"romaji": "Bishoujo Senshi Sailor Moon S: Kaguya Hime no Koibito", "english": "Sailor Moon S Movie: Hearts in Ice"}, "type": "ANIME", "status": "FINISHED", "description": "An unusual snow storm hits Tokyo and the Sailor Senshi discover that an evil snow queen Kaguya, wants to freeze the entire earth. It's up to the Inner Sailor Senshi along with the Outers, to defeat the Queen. Meanwhile, Luna falls in love with a human astronomer named Kakeru whose girlfriend is an astronaut about to take a space shuttle mission. Kakeru becomes ill and Luna wishes she could be a human to help him. <br>", "startDate": {"year": 1994, "month": 12, "day": 4}, "endDate": {"year": 1994, "month": 12, "day": 4}, "season": "WINTER", "episodes": 1, "duration": 61, "genres": ["Adventure", "Comedy", "Drama", "Fantasy", "Romance"], "averageScore": 70, "trending": 0, "popularity": 1876, "streamingEpisodes": [], "coverImage": {"large": "https://s3.anilist.co/media/anime/cover/medium/997.jpg", "medium": "https://s3.anilist.co/media/anime/cover/small/997.jpg"}, "bannerImage": "https://s3.anilist.co/media/anime/banner/997-LzofwSXW9xsf.jpg", "isAdult": false, "format": "MOVIE"}, {"id": 998, "title": {"romaji": "Blue Seed", "english": "Blue Seed"}, "type": "ANIME", "status": "FINISHED", "description": "Momiji is an average girl until the day she finds she is the descendant of the great Kushinada family. Only she, with her Kushinada blood, can stop the Aragami, demonic plant-like monsters threatening to destroy Japan. Along to help her is the TAC, and a possible love interest in a young man named Kusanagi.<br><br>\n(Source: ANN)<br>", "startDate": {"year": 1994, "month": 10, "day": 5}, "endDate": {"year": 1995, "month": 3, "day": 29}, "season": "FALL", "episodes": 26, "duration": 23, "genres": ["Action", "Adventure", "Comedy", "Drama", "Mystery"], "averageScore": 63, "trending": 0, "popularity": 1226, "streamingEpisodes": [], "coverImage": {"large": "https://s3.anilist.co/media/anime/cover/medium/998.jpg", "medium": "https://s3.anilist.co/media/anime/cover/small/998.jpg"}, "bannerImage": "https://s3.anilist.co/media/anime/banner/998-VCW2x53iwpZb.jpg", "isAdult": false, "format": "TV"}, {"id": 999, "title": {"romaji": "Blue Seed 2", "english": "Blue Seed Beyond"}, "type": "ANIME", "status": "FINISHED", "description": "A renegade scientist in San Francisco has found a way to create a new creature called a Neo-Aragami without the power of Susanoo. When these monsters start to terrorize California, the U.S. turns to the old members of the Terrestrial Administration Center (TAC) for help. <br><br>\n(Source: ANN)<br>", "startDate": {"year": 1996, "month": 7, "day": 24}, "endDate": {"year": 1998, "month": 2, "day": 4}, "season": "SUMMER", "episodes": 3, "duration": 28, "genres": ["Action", "Comedy", "Drama", "Horror", "Sci-Fi", "Supernatural"], "averageScore": 54, "trending": 0, "popularity": 304, "streamingEpisodes": [], "coverImage": {"large": "https://s3.anilist.co/media/anime/cover/medium/999.jpg", "medium": "https://s3.anilist.co/media/anime/cover/small/999.jpg"}, "bannerImage": null, "isAdult": false, "format": "OVA"}, {"id": 1000, "title": {"romaji": "Uchuu Kaizoku Captain Harlock", "english": "Space Pirate Captain Harlock"}, "type": "ANIME", "status": "FINISHED", "description": "The year is 2977. Mankind has become complacent and stagnant. All work is done by machines, while humans spend all their time on entertainment. But when a mysterious invader from the stars catches Earth unawares, only the legendary space pirate Captain Harlock and the crew of the Arcadia have the will to stand against them. <br><br>\n(Source: ANN)", "startDate": {"year": 1978, "month": 3, "day": 14}, "endDate": {"year": 1979, "month": 2, "day": 13}, "season": "SPRING", "episodes": 42, "duration": 25, "genres": ["Action", "Drama", "Sci-Fi"], "averageScore": 70, "trending": 0, "popularity": 2214, "streamingEpisodes": [{"title": "Episode 1 - The Jolly Roger That Flutters Through Space", "url": "http://www.crunchyroll.com/captain-harlock/episode-1-the-jolly-roger-that-flutters-through-space-511702"}, {"title": "Episode 2 - A Message from the Unknown", "url": "http://www.crunchyroll.com/captain-harlock/episode-2-a-message-from-the-unknown-511704"}, {"title": "Episode 3 - A Woman Who Burns Like Paper", "url": "http://www.crunchyroll.com/captain-harlock/episode-3-a-woman-who-burns-like-paper-511706"}, {"title": "Episode 4 - Under the Flag of Freedom!", "url": "http://www.crunchyroll.com/captain-harlock/episode-4-under-the-flag-of-freedom-511708"}, {"title": "Episode 5 - To the Shores of Distant Stars\u2026", "url": "http://www.crunchyroll.com/captain-harlock/episode-5-to-the-shores-of-distant-stars-511710"}, {"title": "Episode 6 - The Phantom Mazone", "url": "http://www.crunchyroll.com/captain-harlock/episode-6-the-phantom-mazone-511712"}, {"title": "Episode 7 - The Pyramid On the Ocean Floor", "url": "http://www.crunchyroll.com/captain-harlock/episode-7-the-pyramid-on-the-ocean-floor-511714"}, {"title": "Episode 8 - The Queen\u2019s Space Fleet", "url": "http://www.crunchyroll.com/captain-harlock/episode-8-the-queens-space-fleet-511716"}, {"title": "Episode 9 - The Fearsome Plant Life Form", "url": "http://www.crunchyroll.com/captain-harlock/episode-9-the-fearsome-plant-life-form-511718"}, {"title": "Episode 10 - Advance On the Mystery Planet", "url": "http://www.crunchyroll.com/captain-harlock/episode-10-advance-on-the-mystery-planet-511720"}, {"title": "Episode 11 - When Lola Shines Golden", "url": "http://www.crunchyroll.com/captain-harlock/episode-11-when-lola-shines-golden-511722"}, {"title": "Episode 12 - Mother, Be Eternal", "url": "http://www.crunchyroll.com/captain-harlock/episode-12-mother-be-eternal-511724"}, {"title": "Episode 13 - The Castle of Evil in the Sea of Death", "url": "http://www.crunchyroll.com/captain-harlock/episode-13-the-castle-of-evil-in-the-sea-of-death-511726"}, {"title": "Episode 14 - The Mausoleum of the Sphinx", "url": "http://www.crunchyroll.com/captain-harlock/episode-14-the-mausoleum-of-the-sphinx-511728"}, {"title": "Episode 15 - Tragic Love! the Northern Pole Aurora", "url": "http://www.crunchyroll.com/captain-harlock/episode-15-tragic-love-the-northern-pole-aurora-511730"}, {"title": "Episode 16 - Kei \u2013 a Farewell Song", "url": "http://www.crunchyroll.com/captain-harlock/episode-16-kei-a-farewell-song-511732"}, {"title": "Episode 17 - The Skeleton Hero", "url": "http://www.crunchyroll.com/captain-harlock/episode-17-the-skeleton-hero-511734"}, {"title": "Episode 18 - The Evil Shadow Soldiers", "url": "http://www.crunchyroll.com/captain-harlock/episode-18-the-evil-shadow-soldiers-511736"}, {"title": "Episode 19 - Queen Lafresia\u2019s Trap", "url": "http://www.crunchyroll.com/captain-harlock/episode-19-queen-lafresias-trap-511738"}, {"title": "Episode 20 - The Extinct Planet Jura", "url": "http://www.crunchyroll.com/captain-harlock/episode-20-the-extinct-planet-jura-511740"}, {"title": "Episode 21 - Gohrum! the Tragic Soldier", "url": "http://www.crunchyroll.com/captain-harlock/episode-21-gohrum-the-tragic-soldier-511742"}, {"title": "Episode 22 - The Space Graveyard: Deathshadow", "url": "http://www.crunchyroll.com/captain-harlock/episode-22-the-space-graveyard-deathshadow-511744"}, {"title": "Episode 23 - Yattaran, Song of a Plastic Model Fanatic", "url": "http://www.crunchyroll.com/captain-harlock/episode-23-yattaran-song-of-a-plastic-model-fanatic-511746"}, {"title": "Episode 24 - The Shooting Star of Pure Love", "url": "http://www.crunchyroll.com/captain-harlock/episode-24-the-shooting-star-of-pure-love-511748"}, {"title": "Episode 25 - Dr. Zero and Mii", "url": "http://www.crunchyroll.com/captain-harlock/episode-25-dr-zero-and-mii-511750"}, {"title": "Episode 26 - A Long Way Away Voyage", "url": "http://www.crunchyroll.com/captain-harlock/episode-26-a-long-way-away-voyage-511752"}, {"title": "Episode 27 - The Will of the Arcadia", "url": "http://www.crunchyroll.com/captain-harlock/episode-27-the-will-of-the-arcadia-511754"}, {"title": "Episode 28 - The Ulysses Nebula", "url": "http://www.crunchyroll.com/captain-harlock/episode-28-the-ulysses-nebula-511756"}, {"title": "Episode 29 - The Life-and-Death Struggle On the Rainbow Planet", "url": "http://www.crunchyroll.com/captain-harlock/episode-29-the-life-and-death-struggle-on-the-rainbow-planet-511758"}, {"title": "Episode 30 - My Friend, My Youth", "url": "http://www.crunchyroll.com/captain-harlock/episode-30-my-friend-my-youth-511760"}, {"title": "Episode 31 - Arcadia \u2013 the Secret Story of Its Construction", "url": "http://www.crunchyroll.com/captain-harlock/episode-31-arcadia-the-secret-story-of-its-construction-511762"}, {"title": "Episode 32 - The Call of the Star Flute", "url": "http://www.crunchyroll.com/captain-harlock/episode-32-the-call-of-the-star-flute-511764"}, {"title": "Episode 33 - A Lone Man\u2019s Charge", "url": "http://www.crunchyroll.com/captain-harlock/episode-33-a-lone-mans-charge-511766"}, {"title": "Episode 34 - A Galactic Lullaby", "url": "http://www.crunchyroll.com/captain-harlock/episode-34-a-galactic-lullaby-511768"}, {"title": "Episode 35 - The Beautiful Mysterious Woman", "url": "http://www.crunchyroll.com/captain-harlock/episode-35-the-beautiful-mysterious-woman-511770"}, {"title": "Episode 36 - The Eve of the Showdown", "url": "http://www.crunchyroll.com/captain-harlock/episode-36-the-eve-of-the-showdown-511772"}, {"title": "Episode 37 - Tears On a Red Sweater", "url": "http://www.crunchyroll.com/captain-harlock/episode-37-tears-on-a-red-sweater-511774"}, {"title": "Episode 38 - Farewell! Mayu", "url": "http://www.crunchyroll.com/captain-harlock/episode-38-farewell-mayu-511776"}, {"title": "Episode 39 - Heroic! the Commander Dies", "url": "http://www.crunchyroll.com/captain-harlock/episode-39-heroic-the-commander-dies-511778"}, {"title": "Episode 40 - Then, the Angels Sang", "url": "http://www.crunchyroll.com/captain-harlock/episode-40-then-the-angels-sang-511780"}, {"title": "Episode 41 - Duel! the Queen VS. Harlock", "url": "http://www.crunchyroll.com/captain-harlock/episode-41-duel-the-queen-vs-harlock-527720"}, {"title": "Episode 42 - Farewell, Space Outlaw", "url": "http://www.crunchyroll.com/captain-harlock/episode-42-farewell-space-outlaw-527722"}], "coverImage": {"large": "https://s3.anilist.co/media/anime/cover/medium/1000-dxR1NyPZXVbm.png", "medium": "https://s3.anilist.co/media/anime/cover/small/1000-dxR1NyPZXVbm.png"}, "bannerImage": "https://s3.anilist.co/media/anime/banner/1000-bRbPiTJ2PAYp.jpg", "isAdult": false, "format": "TV"}, {"id": 1001, "title": {"romaji": "Tide-Line Blue Special", "english": null}, "type": "ANIME", "status": "FINISHED", "description": "13th episode of the series (DVD only).", "startDate": {"year": 2006, "month": 4, "day": 26}, "endDate": {"year": 2006, "month": 4, "day": 26}, "season": "SPRING", "episodes": 1, "duration": 20, "genres": ["Adventure", "Drama"], "averageScore": null, "trending": 0, "popularity": 122, "streamingEpisodes": [], "coverImage": {"large": "https://s3.anilist.co/media/anime/cover/medium/1001.jpg", "medium": "https://s3.anilist.co/media/anime/cover/small/1001.jpg"}, "bannerImage": null, "isAdult": false, "format": "SPECIAL"}, {"id": 1002, "title": {"romaji": "Top wo Nerae 2!  Diebuster", "english": "Gunbuster 2: Diebuster"}, "type": "ANIME", "status": "FINISHED", "description": "While Gunbuster's final mission destroyed the space monsters' star system, the intergalactic war still continues. Earth's only hope lies in the hands of \"TOPLESS\", an elite mecha group with children possessing supernatural powers and new Buster Machines. Among their ranks is a rookie named Nono and the ace pilot Lal'C - whom Nono looks at as a \"big sister\". Together with their teammates Nicholas and Chiko they must aim for the top and protect all of mankind from the wrath of the space monsters. <br><br>\r\n(Source: ANN)", "startDate": {"year": 2004, "month": 10, "day": 3}, "endDate": {"year": 2006, "month": 8, "day": 25}, "season": "FALL", "episodes": 6, "duration": 30, "genres": ["Action", "Comedy", "Mecha", "Sci-Fi"], "averageScore": 75, "trending": 0, "popularity": 6088, "streamingEpisodes": [{"title": "Episode 1 - Please, Let Me Call You On\u00e9-sama!", "url": "http://www.crunchyroll.com/gunbuster-2/episode-1-please-let-me-call-you-on-sama-685575"}, {"title": "Episode 2 - I Don't Want to Be an On\u00e9-sama!", "url": "http://www.crunchyroll.com/gunbuster-2/episode-2-i-dont-want-to-be-an-on-sama-685577"}, {"title": "Episode 3 - I Hate the Topless!", "url": "http://www.crunchyroll.com/gunbuster-2/episode-3-i-hate-the-topless-685579"}, {"title": "Episode 4 - Resurrection! The Legendary Buster Machine!", "url": "http://www.crunchyroll.com/gunbuster-2/episode-4-resurrection-the-legendary-buster-machine-685581"}, {"title": "Episode 5 - Mover of Planets", "url": "http://www.crunchyroll.com/gunbuster-2/episode-5-mover-of-planets-685583"}, {"title": "Episode 6 - The Story of Your Life", "url": "http://www.crunchyroll.com/gunbuster-2/episode-6-the-story-of-your-life-685585"}], "coverImage": {"large": "https://s3.anilist.co/media/anime/cover/medium/1002-CPVXliBHOzeA.jpg", "medium": "https://s3.anilist.co/media/anime/cover/small/1002-CPVXliBHOzeA.jpg"}, "bannerImage": "https://s3.anilist.co/media/anime/banner/1002-tg8CQcbJqsT6.jpg", "isAdult": false, "format": "OVA"}, {"id": 1003, "title": {"romaji": "Aa! Megami-sama! Specials", "english": "Oh! My Goddess Specials"}, "type": "ANIME", "status": "FINISHED", "description": "Due to the recent events that happened on the last episodes of the season, the Goddess have some stability problems with their body systems. The always adult looking Urd becomes a little girl and has a fateful encounter with a boy, whereas little Skuld becomes an adult and wants to experiment adulthood together with Keiichi.", "startDate": {"year": 2005, "month": 4, "day": 1}, "endDate": {"year": 2005, "month": 12, "day": 23}, "season": "SPRING", "episodes": 3, "duration": 24, "genres": ["Comedy", "Romance", "Supernatural"], "averageScore": 71, "trending": 0, "popularity": 1339, "streamingEpisodes": [], "coverImage": {"large": "https://s3.anilist.co/media/anime/cover/medium/1003.jpg", "medium": "https://s3.anilist.co/media/anime/cover/small/1003.jpg"}, "bannerImage": null, "isAdult": false, "format": "SPECIAL"}, {"id": 1004, "title": {"romaji": "Kanojo to Kanojo no Neko", "english": "She and Her Cat: Their Standing Points"}, "type": "ANIME", "status": "FINISHED", "description": "A cat reminisces about his life with and feelings for his owner, a single woman.<br><br>\n(Source: ANN)", "startDate": {"year": 2001, "month": 3, "day": 23}, "endDate": {"year": 2001, "month": 3, "day": 23}, "season": "SPRING", "episodes": 1, "duration": 5, "genres": ["Drama", "Psychological", "Romance", "Slice of Life"], "averageScore": 68, "trending": 0, "popularity": 6361, "streamingEpisodes": [], "coverImage": {"large": "https://s3.anilist.co/media/anime/cover/medium/1004.jpg", "medium": "https://s3.anilist.co/media/anime/cover/small/1004.jpg"}, "bannerImage": null, "isAdult": false, "format": "OVA"}, {"id": 1005, "title": {"romaji": "Star Ocean EX", "english": "Star Ocean EX"}, "type": "ANIME", "status": "FINISHED", "description": "Claude C. Kenni, a crewmember on the spaceship Calnus and son of the commander of the ship, is transported to Expel, a backwards planet with swords and magic. He teams up with Rena Lanford, who thinks he is the legendary Warrior of Light, and other characters to investigate the Sorcery Globe, a meteorite that has been causing problems all over the world. <br><br>\n(Source: ANN)", "startDate": {"year": 2001, "month": 4, "day": 3}, "endDate": {"year": 2001, "month": 9, "day": 25}, "season": "SPRING", "episodes": 26, "duration": 22, "genres": ["Adventure", "Fantasy", "Sci-Fi"], "averageScore": 58, "trending": 0, "popularity": 620, "streamingEpisodes": [], "coverImage": {"large": "https://s3.anilist.co/media/anime/cover/medium/1005.jpg", "medium": "https://s3.anilist.co/media/anime/cover/small/1005.jpg"}, "bannerImage": null, "isAdult": false, "format": "TV"}, {"id": 1006, "title": {"romaji": "Tenchi Muyo! in Love", "english": "Tenchi Muyo! In Love"}, "type": "ANIME", "status": "FINISHED", "description": "The demonic space criminal Kain has escaped from prison and destroyed the Galaxy Police headquarters. To ensure that the Jurai will not stop him, Kain travels back to 1970 to eliminate Tenchi's mother before he is even born. Now, Tenchi and the gang must travel to the past to stop him before he ceases to exist. <br><br>\n(Source: ANN)", "startDate": {"year": 1996, "month": 4, "day": 20}, "endDate": {"year": 1996, "month": 4, "day": 20}, "season": "SPRING", "episodes": 1, "duration": 94, "genres": ["Action", "Comedy", "Romance", "Sci-Fi"], "averageScore": 68, "trending": 0, "popularity": 1003, "streamingEpisodes": [], "coverImage": {"large": "https://s3.anilist.co/media/anime/cover/medium/1006.jpg", "medium": "https://s3.anilist.co/media/anime/cover/small/1006.jpg"}, "bannerImage": null, "isAdult": false, "format": "MOVIE"}, {"id": 1007, "title": {"romaji": "Ranma \u00bd OVA", "english": "Ranma \u00bd OVA"}, "type": "ANIME", "status": "FINISHED", "description": "Ranma Saotome continues his search for a way to become a normal teenage boy again. He gets into many hilarious situations involving the many girls in his life. One of the biggest challenges is overcoming the proposals from others who have found a suitable bride for Ranma. But he has his own worries and must muster up the best of his wits and martial arts to keep his sanity. It's not easy being desired by so many women (and men) and not breaking hearts of a few along the way. He just might be able to find it in his heart to confess to Akane or simply find another excuse that he can't marry such a tomboy girl. <br><br>\n(Source: ANN)", "startDate": {"year": 1993, "month": 8, "day": 21}, "endDate": {"year": 1994, "month": 8, "day": 19}, "season": "SUMMER", "episodes": 6, "duration": 30, "genres": ["Comedy", "Romance"], "averageScore": 72, "trending": 0, "popularity": 1203, "streamingEpisodes": [], "coverImage": {"large": "https://s3.anilist.co/media/anime/cover/medium/1007-UPcDEzlonXK6.png", "medium": "https://s3.anilist.co/media/anime/cover/small/1007-UPcDEzlonXK6.png"}, "bannerImage": null, "isAdult": false, "format": "OVA"}, {"id": 1008, "title": {"romaji": "Ranma \u00bd Special", "english": null}, "type": "ANIME", "status": "FINISHED", "description": "\"Reawakening Memories\" deals with Akane suddenly remembering a trip to Ryugenzawa when she was a small child. While there she was saved from a giant platypus by Shinnosuke. Akane travels back to Ryogenzawa and once again meets Shinnosuke, who falls in love with her. Akane blames herself for Shinnosuke`s life-threatening injuries, and decides to stay and help out. This irritates Ranma, who thinks that Akane has fallen in love with Shinnosuke, and will do what it takes to get her back.", "startDate": {"year": 1994, "month": 12, "day": 16}, "endDate": {"year": 1995, "month": 2, "day": 17}, "season": "WINTER", "episodes": 2, "duration": 30, "genres": ["Adventure", "Comedy", "Romance"], "averageScore": 69, "trending": 0, "popularity": 886, "streamingEpisodes": [], "coverImage": {"large": "https://s3.anilist.co/media/anime/cover/medium/1008.jpg", "medium": "https://s3.anilist.co/media/anime/cover/small/1008.jpg"}, "bannerImage": null, "isAdult": false, "format": "OVA"}, {"id": 1009, "title": {"romaji": "Battle Spirits: Ryuuko no Ken", "english": "Art of Fighting"}, "type": "ANIME", "status": "FINISHED", "description": " After events involving a home invasion, a house cat, an ancient artifact, and an unpaid electrical bill, martial artist Ryo Sakazaki and his best friend Robert Garcia must fight their way into the Southtown underworld to save Ryo's sister Yuri from the crimelord known as Mr. Big. <br>", "startDate": {"year": 1993, "month": 12, "day": 23}, "endDate": {"year": 1993, "month": 12, "day": 23}, "season": "WINTER", "episodes": 1, "duration": 50, "genres": ["Adventure", "Comedy"], "averageScore": 42, "trending": 0, "popularity": 234, "streamingEpisodes": [], "coverImage": {"large": "https://s3.anilist.co/media/anime/cover/medium/1009.jpg", "medium": "https://s3.anilist.co/media/anime/cover/small/1009.jpg"}, "bannerImage": null, "isAdult": false, "format": "OVA"}, {"id": 1010, "title": {"romaji": "Ranma \u00bd: Chou Musabetsu Kessen! Ranma Team VS Densetsu no Houou", "english": "Ranma \u00bd: One Flew Over the Kuno's Nest"}, "type": "ANIME", "status": "FINISHED", "description": "Kuno purchases a strange egg, believing that the mysterious powers of the legendary Phoenix will help him defeat Ranma. But when the egg hatches on his head, the bird goes out of control and wreaks havoc all over Tokyo. Ranma and the gang must use any means necessary to get the Phoenix to leave Kuno's head and fly away. <br><br>\n(Source: ANN)", "startDate": {"year": 1994, "month": 8, "day": 20}, "endDate": {"year": 1994, "month": 8, "day": 20}, "season": "SUMMER", "episodes": 1, "duration": 31, "genres": ["Action", "Adventure", "Comedy", "Supernatural"], "averageScore": 67, "trending": 0, "popularity": 825, "streamingEpisodes": [], "coverImage": {"large": "https://s3.anilist.co/media/anime/cover/medium/1010.jpg", "medium": "https://s3.anilist.co/media/anime/cover/small/1010.jpg"}, "bannerImage": null, "isAdult": false, "format": "MOVIE"}, {"id": 1011, "title": {"romaji": "Ranma \u00bd Super", "english": null}, "type": "ANIME", "status": "FINISHED", "description": "Super OVA 1: Based on a story from vol. 27 of the manga, Shampoo and Ukyo arrange to travel to a cave that is legendary for breaking up couples. They hope they will cause Ranma and Akane to break-up and Shampoo hopes to ditch Mousse the same way.<br><br>\nSuper OVA 2: \"Jaaku no Oni\" (lit. \"The Wicked Demon\") was released in 1995. Based on a story from vol. 29 of the manga, an Oni (that wears a tiger-striped diaper just like the Oni of Urusei Yatsura) escapes it`s sealed box and begins to possess people in the neighborhood.<br><br>\nSuper OVA 3: This is a story from vol. 31. Ranma disturbs a doll that takes revenge on anyone that shows it disrespect. In order to teach Ranma a lesson, the doll possesses Akane and tries on many occasions to attack him. <br><br>\n(Source: AniDB)", "startDate": {"year": 1995, "month": 9, "day": 21}, "endDate": {"year": 1996, "month": 1, "day": 19}, "season": "FALL", "episodes": 3, "duration": 26, "genres": ["Adventure", "Comedy", "Romance"], "averageScore": 70, "trending": 0, "popularity": 862, "streamingEpisodes": [], "coverImage": {"large": "https://s3.anilist.co/media/anime/cover/medium/1011.jpg", "medium": "https://s3.anilist.co/media/anime/cover/small/1011.jpg"}, "bannerImage": null, "isAdult": false, "format": "OVA"}, {"id": 1012, "title": {"romaji": "Sexy Commando Gaiden: Sugoiyo!! Masaru-san Specials", "english": null}, "type": "ANIME", "status": "FINISHED", "description": "Recap episodes.", "startDate": {"year": 1998, "month": 4, "day": 2}, "endDate": {"year": 1998, "month": 4, "day": 3}, "season": "SPRING", "episodes": 2, "duration": 8, "genres": ["Comedy"], "averageScore": 54, "trending": 0, "popularity": 131, "streamingEpisodes": [], "coverImage": {"large": "https://s3.anilist.co/media/anime/cover/medium/1012.jpg", "medium": "https://s3.anilist.co/media/anime/cover/small/1012.jpg"}, "bannerImage": null, "isAdult": false, "format": "SPECIAL"}, {"id": 1014, "title": {"romaji": "Chicchana Yukitsukai Sugar Specials", "english": "Sugar: A Little Snow Fairy Summer Special"}, "type": "ANIME", "status": "FINISHED", "description": "When Saga - now 15 years old - arrives at her home after a day of errands, her grandmother Regina discovers an old dress in the attic. At this point, Saga recalls the time her elementary class participated in a play titled \"Princess and Fairy.\" She volunteered to play the role of the Princess while her rival Greta played the evil witch. The production of the school play reminded Sugar and the other fairies of the time \"The Bear Pianist\" played in the town not too long ago. <br>", "startDate": {"year": 2003, "month": 8, "day": 21}, "endDate": {"year": 2003, "month": 8, "day": 28}, "season": "SUMMER", "episodes": 2, "duration": 24, "genres": ["Comedy", "Slice of Life"], "averageScore": 58, "trending": 0, "popularity": 247, "streamingEpisodes": [], "coverImage": {"large": "https://s3.anilist.co/media/anime/cover/medium/1014.jpg", "medium": "https://s3.anilist.co/media/anime/cover/small/1014.jpg"}, "bannerImage": null, "isAdult": false, "format": "SPECIAL"}, {"id": 1015, "title": {"romaji": "Full Metal Panic! The Second Raid: Wari to Hima na Sentaichou no Ichinichi", "english": "Full Metal Panic! The Second Raid: A Relatively Leisurely Day in the Life of a Fleet Captain"}, "type": "ANIME", "status": "FINISHED", "description": "On her day off, Tessa wakes up in her commander chair. After regaining her composure, she notices that her favorite stuffed animal is missing and thus tries to remember what actually transpired the night before. To do so, she will spend time with all the main characters of the Danaan crew, and eventually recalls the events of the previous night.<br><br>\r\n[Written by MAL Rewrite]", "startDate": {"year": 2006, "month": 5, "day": 26}, "endDate": {"year": 2006, "month": 5, "day": 26}, "season": "SPRING", "episodes": 1, "duration": 30, "genres": ["Comedy"], "averageScore": 73, "trending": 0, "popularity": 3906, "streamingEpisodes": [], "coverImage": {"large": "https://s3.anilist.co/media/anime/cover/medium/1015.jpg", "medium": "https://s3.anilist.co/media/anime/cover/small/1015.jpg"}, "bannerImage": null, "isAdult": false, "format": "SPECIAL"}, {"id": 1016, "title": {"romaji": "Gunnm", "english": "Battle Angel Alita"}, "type": "ANIME", "status": "FINISHED", "description": "Doc Ido, a doctor and mechanic who lives and works in the hellish, postapocalyptic \"Scrapyard\", finds the&mdash;miraculously preserved&mdash;remains of a female cyborg in a junk heap. After he revives and rebuilds her, the preternaturally strong, amnesiac \"Gally\" begins to forge a life for herself in a world where every day can bring a fight for life. Adapts the first two volumes of the \"Battle Angel Alita\" manga.", "startDate": {"year": 1993, "month": 6, "day": 21}, "endDate": {"year": 1993, "month": 8, "day": 21}, "season": "SUMMER", "episodes": 2, "duration": 30, "genres": ["Drama", "Mecha", "Sci-Fi"], "averageScore": 65, "trending": 0, "popularity": 2415, "streamingEpisodes": [], "coverImage": {"large": "https://s3.anilist.co/media/anime/cover/medium/1016-Sh1ZM4zpeIe7.png", "medium": "https://s3.anilist.co/media/anime/cover/small/1016-Sh1ZM4zpeIe7.png"}, "bannerImage": "https://s3.anilist.co/media/anime/banner/1016-37MErq5y5hRp.jpg", "isAdult": false, "format": "OVA"}, {"id": 1017, "title": {"romaji": "Majutsushi Orphen", "english": "Orphen"}, "type": "ANIME", "status": "FINISHED", "description": "Six years ago at the magic school known as the Tower of Fang, a grave accident happened involving the magical sword Baltanders and the magic user Azali. Unable to control the sword's power, Azali was transformed into the shape of a great dragon who since that day became known as Bloody August. Krilancelo, a young magician at the Tower who cared greatly for Azali found much to his disgust that the elders of the Tower of Fang were less than willing to save Azali and wanted rather to pretend the accident never happened. Angered by their stand, Krilanceloa swore that he would find a way to return Azali to her former self. Thus he forsook the name Krilancelo and declared himself Orphen, leaving the Tower and his magical studies behind to wander the world... <br><br>\n(Source: ANN) ", "startDate": {"year": 1998, "month": 10, "day": 3}, "endDate": {"year": 1999, "month": 3, "day": 27}, "season": "FALL", "episodes": 24, "duration": 25, "genres": ["Action", "Adventure", "Comedy", "Fantasy"], "averageScore": 66, "trending": 0, "popularity": 1647, "streamingEpisodes": [], "coverImage": {"large": "https://s3.anilist.co/media/anime/cover/medium/1017.jpg", "medium": "https://s3.anilist.co/media/anime/cover/small/1017.jpg"}, "bannerImage": "https://s3.anilist.co/media/anime/banner/1017-yXTNK95rFOsA.png", "isAdult": false, "format": "TV"}, {"id": 1018, "title": {"romaji": "Majutsushi Orphen: Revenge", "english": "Orphen 2: Revenge"}, "type": "ANIME", "status": "FINISHED", "description": "Orphen and his gang has set out on an all new adventure with many monsters to battle and no peace and quiet. But a new friend has joined the group. Her name Lycorus who was sent to find Orphen. Many mysterious shadows are overhanging over head. <br><br>\n(Source: ANN)", "startDate": {"year": 1999, "month": 10, "day": 2}, "endDate": {"year": 2000, "month": 3, "day": 26}, "season": "FALL", "episodes": 23, "duration": 20, "genres": ["Adventure", "Comedy", "Fantasy"], "averageScore": 61, "trending": 0, "popularity": 644, "streamingEpisodes": [], "coverImage": {"large": "https://s3.anilist.co/media/anime/cover/medium/1018.jpg", "medium": "https://s3.anilist.co/media/anime/cover/small/1018.jpg"}, "bannerImage": "https://s3.anilist.co/media/anime/banner/1018-p2R38KMAnOYM.jpg", "isAdult": false, "format": "TV"}, {"id": 1019, "title": {"romaji": "Mirage of Blaze", "english": "Mirage of Blaze"}, "type": "ANIME", "status": "FINISHED", "description": "Takaya Ohgi is just a typical high school guy who wants nothing more than to protect his best friend and live a normal life. Enter Nobutsuna Naoe, an older man who informs Takaya that he is in fact the reincarnation of Lord Kagetora. Naoe, himself a possessor, awakens Takaya's abilities to exorcise evil spirits and fight the Fuedal Underworld. While most possessors remember their former lives before being reincarnated, Takaya does not. Naoe is thankful for this, considering his passionate and abusive past with his Lord Kagetora. As Takaya improves his abilities , he also begins to remember what Naoe did because of his love for him. Meanwhile the dark forces of the Hojo and Fuma clans begin their attack as the Fuedal Underworld descends upon the living world. <br><br>\n(Source: ANN)", "startDate": {"year": 2002, "month": 1, "day": 7}, "endDate": {"year": 2002, "month": 4, "day": 8}, "season": "WINTER", "episodes": 13, "duration": 20, "genres": ["Action", "Drama", "Romance"], "averageScore": 55, "trending": 0, "popularity": 743, "streamingEpisodes": [], "coverImage": {"large": "https://s3.anilist.co/media/anime/cover/medium/1019.jpg", "medium": "https://s3.anilist.co/media/anime/cover/small/1019.jpg"}, "bannerImage": null, "isAdult": false, "format": "TV"}, {"id": 1020, "title": {"romaji": "Mirage of Blaze: Rebels of the River Edge", "english": "Mirage of Blaze (2004)"}, "type": "ANIME", "status": "FINISHED", "description": "Takaya was sent to Kyoto to investigate the re-awakening of Ikko sect and Araki Murashige, a member of the Ikko sect who deserted the clan.With the help of his vassal Haruie, Takaya is finally successful in tracing Araki who hunts down a 400-years-old mandala (Buddhist artifact for meditating) that was made of the hair of the deceased Araki clansmen. Unfortunately, by the time they meet, Haruie recognizes Araki as Shintarou, her lover in her past-life. Takaya orders her to eliminate Araki, who is a threat, but will she be able to do it. Furthermore Takaya finally meets Naoe... <br><br>\n(Source: ANN)", "startDate": {"year": 2004, "month": 7, "day": 28}, "endDate": {"year": 2004, "month": 11, "day": 26}, "season": "SUMMER", "episodes": 3, "duration": 30, "genres": ["Action", "Drama", "Romance"], "averageScore": 59, "trending": 0, "popularity": 358, "streamingEpisodes": [], "coverImage": {"large": "https://s3.anilist.co/media/anime/cover/medium/1020.jpg", "medium": "https://s3.anilist.co/media/anime/cover/small/1020.jpg"}, "bannerImage": null, "isAdult": false, "format": "OVA"}, {"id": 1021, "title": {"romaji": "Kaikan Phrase", "english": null}, "type": "ANIME", "status": "FINISHED", "description": "After the break up of their old band, guitarist Yuki &amp; drummer Santa decide to form a new one. They recruit bass player Towa, young guitarist Atsuro, and after much persuasion, vocalist Sakuya. Together they form Lucifer and they struggle to make it in the music business, and also to stay together. As well, they have to deal with personal issues, such as parental objections, and watching their old bands succeed ahead of them. Sakuya is the most troubled band member, as he has to deal with his tragic past, and his relationship with teenaged lyricist Aine. <br>", "startDate": {"year": 1999, "month": 4, "day": 20}, "endDate": {"year": 2000, "month": 3, "day": 25}, "season": "SPRING", "episodes": 44, "duration": 24, "genres": ["Drama", "Music", "Romance"], "averageScore": 57, "trending": 0, "popularity": 475, "streamingEpisodes": [], "coverImage": {"large": "https://s3.anilist.co/media/anime/cover/medium/1021.jpg", "medium": "https://s3.anilist.co/media/anime/cover/small/1021.jpg"}, "bannerImage": null, "isAdult": false, "format": "TV"}, {"id": 1022, "title": {"romaji": "Generator Gawl", "english": null}, "type": "ANIME", "status": "FINISHED", "description": "Ryo, Gawl and Koji are 3 young boys who travel back into the past with only 1 objective: change history. In their time they discover that their country, Kubere, uses genetically enhanced persons called generators as a military tool. These generators are the cause for the Third War which kills most of the human population. Now Koji, Ryo and Gawl are there to change all the events. <br><br>\n(Source: ANN) ", "startDate": {"year": 1998, "month": 10, "day": 7}, "endDate": {"year": 1998, "month": 12, "day": 23}, "season": "FALL", "episodes": 12, "duration": 24, "genres": ["Action", "Adventure", "Comedy", "Drama", "Sci-Fi"], "averageScore": 58, "trending": 0, "popularity": 554, "streamingEpisodes": [], "coverImage": {"large": "https://s3.anilist.co/media/anime/cover/medium/1022.jpg", "medium": "https://s3.anilist.co/media/anime/cover/small/1022.jpg"}, "bannerImage": null, "isAdult": false, "format": "TV"}, {"id": 1023, "title": {"romaji": "Wolf's Rain OVA", "english": null}, "type": "ANIME", "status": "FINISHED", "description": "After leaving Jagara's keep, the story concludes as Kiba, Tsume, Hige, Toboe, Blue and Cheza struggle to finish their journey to Rakuen (Paradise), accompanied by the humans Hubb, Cher and Quent. Darcia confronts the protagonists at last. The secrets of his mysterious existence and Cheza's true form are revealed in this finale.<br><br>\n(Source: ANN)", "startDate": {"year": 2004, "month": 1, "day": 23}, "endDate": {"year": 2004, "month": 2, "day": 25}, "season": "WINTER", "episodes": 4, "duration": 23, "genres": ["Adventure", "Drama", "Psychological", "Sci-Fi", "Supernatural"], "averageScore": 76, "trending": 0, "popularity": 2911, "streamingEpisodes": [], "coverImage": {"large": "https://s3.anilist.co/media/anime/cover/medium/1023.jpg", "medium": "https://s3.anilist.co/media/anime/cover/small/1023.jpg"}, "bannerImage": null, "isAdult": false, "format": "OVA"}, {"id": 1024, "title": {"romaji": "Wei\u00df Kreuz OVA", "english": "Knight Hunters OVA"}, "type": "ANIME", "status": "FINISHED", "description": "Someone out there is determined to see the fall of Weiss Kreuz, and it looks like they have found the perfect plan for it. The four assassins find themselves trapped in a deadly game of deceit, where the question of honor versus duty comes to surface. Now they must fight for their own reasons to survive--and there can be only be one victor in this field of death.<br><br>\n(Source: AniDB)", "startDate": {"year": 1999, "month": 11, "day": 25}, "endDate": {"year": 2000, "month": 2, "day": 23}, "season": "FALL", "episodes": 2, "duration": 30, "genres": ["Action", "Drama"], "averageScore": 56, "trending": 0, "popularity": 234, "streamingEpisodes": [], "coverImage": {"large": "https://s3.anilist.co/media/anime/cover/medium/1024.jpg", "medium": "https://s3.anilist.co/media/anime/cover/small/1024.jpg"}, "bannerImage": null, "isAdult": false, "format": "OVA"}, {"id": 1025, "title": {"romaji": "Kachou Ouji", "english": "Legend of Black Heaven"}, "type": "ANIME", "status": "FINISHED", "description": "Oji Tanaka has a wife, a child and a mundane job as a salary man in Tokyo's modern society. But life wasn't dull for him to begin with; 15 years ago, he was known as \"Gabriel\", leader of a short-lived heavy metal band called Black Heaven. Oji's life gets a sudden change in direction when he is invited by a mysterious blonde woman named Layla to pick up his Gibson Flying V and once again display his \"legendary\" guitar skills, not knowing that his music generates power for a massive weapon in an intergalactic war. <br><br>\n(Source: ANN)", "startDate": {"year": 1999, "month": 7, "day": 8}, "endDate": {"year": 1999, "month": 10, "day": 7}, "season": "SUMMER", "episodes": 13, "duration": 25, "genres": ["Adventure", "Comedy", "Music", "Sci-Fi", "Slice of Life"], "averageScore": 63, "trending": 0, "popularity": 1998, "streamingEpisodes": [], "coverImage": {"large": "https://s3.anilist.co/media/anime/cover/medium/1025.jpg", "medium": "https://s3.anilist.co/media/anime/cover/small/1025.jpg"}, "bannerImage": "https://s3.anilist.co/media/anime/banner/1025-88ALglNApKzu.jpg", "isAdult": false, "format": "TV"}, {"id": 1026, "title": {"romaji": "Yakumo Tatsu", "english": "Eight Clouds Rising"}, "type": "ANIME", "status": "FINISHED", "description": "Fuzuchi Kuraki is a quiet young high school student blessed with immense psychic powers and an ancient sword. He is searching for other magical artifacts with the help of Nanachi Takeo, a college student with latent powers of his own. They delve deep into the dark magic of Izumo, only to discover the secrets buried within the birthplace of all Japanese mythology. <br><br>\n(Source: ANN)", "startDate": {"year": 1997, "month": 10, "day": 25}, "endDate": {"year": 1997, "month": 11, "day": 25}, "season": "FALL", "episodes": 2, "duration": 29, "genres": ["Adventure", "Horror", "Supernatural"], "averageScore": 50, "trending": 0, "popularity": 232, "streamingEpisodes": [], "coverImage": {"large": "https://s3.anilist.co/media/anime/cover/medium/1026.jpg", "medium": "https://s3.anilist.co/media/anime/cover/small/1026.jpg"}, "bannerImage": null, "isAdult": false, "format": "OVA"}, {"id": 1027, "title": {"romaji": "Psychic Force", "english": null}, "type": "ANIME", "status": "FINISHED", "description": "There are two kinds of people in the world, normal and psychics. Psychics are rare, powerful and feared. Burn Griffith met and befriended one of them, Keith Evans, two years ago. Now he has been looking for his friend, but when he finally succeeds, something's not right. The world has changed, and so has Keith.<br><br>\n(Source: ANN)", "startDate": {"year": 1998, "month": 5, "day": 25}, "endDate": {"year": 1998, "month": 5, "day": 25}, "season": "SPRING", "episodes": 2, "duration": 30, "genres": ["Adventure"], "averageScore": null, "trending": 0, "popularity": 111, "streamingEpisodes": [], "coverImage": {"large": "https://s3.anilist.co/media/anime/cover/medium/1027.jpg", "medium": "https://s3.anilist.co/media/anime/cover/small/1027.jpg"}, "bannerImage": null, "isAdult": false, "format": "OVA"}, {"id": 1028, "title": {"romaji": "Arete-hime", "english": "Princess Arete"}, "type": "ANIME", "status": "FINISHED", "description": "Confined in the castle tower by her father, princess Arete spends her days watching the world outside her window. Sometimes she seeks out to watch the common people at work. The knights of the kingdom compete for the right to marry her and rule the land by competing to see who can find powerful magic objects made by a long dead race of sorcerers. Arete wants none of this. She longs to meet the common people and travel to exotic lands she has only seen in the books she keeps hidden under her bed. One day the sorcerer Boax arrives in a fantastic flying machine and offers to take Arete as his wife and transform her into a proper princess.<br><br>\n(Source: ANN)", "startDate": {"year": 2001, "month": 7, "day": 21}, "endDate": {"year": 2001, "month": 7, "day": 21}, "season": "SUMMER", "episodes": 1, "duration": 105, "genres": ["Fantasy"], "averageScore": 64, "trending": 0, "popularity": 971, "streamingEpisodes": [], "coverImage": {"large": "https://s3.anilist.co/media/anime/cover/medium/1028-WbIGKOJyh0Ha.jpg", "medium": "https://s3.anilist.co/media/anime/cover/small/1028-WbIGKOJyh0Ha.jpg"}, "bannerImage": null, "isAdult": false, "format": "MOVIE"}, {"id": 1029, "title": {"romaji": "Omoide Poroporo", "english": "Only Yesterday"}, "type": "ANIME", "status": "FINISHED", "description": "Taeko Okajima is a typical \"office lady\" in a big company in a big city. When she takes a sabbatical to the countryside in Yamagata Prefecture, the hometown of her brother-in-law, the journey recalled her memory of her 5th grade year. During her stay in Yamagata, she works hard and happily as a farmer and is surrounded by friendly relatives and villagers, bringing up more memories. Their hospitality makes her to reconsider her choice of life. <br><br>\n(Source: ANN)", "startDate": {"year": 1991, "month": 7, "day": 20}, "endDate": {"year": 1991, "month": 7, "day": 20}, "season": "SUMMER", "episodes": 1, "duration": 118, "genres": ["Drama", "Romance", "Slice of Life"], "averageScore": 73, "trending": 0, "popularity": 5413, "streamingEpisodes": [], "coverImage": {"large": "https://s3.anilist.co/media/anime/cover/medium/1029-ZehvjqAzD7b9.png", "medium": "https://s3.anilist.co/media/anime/cover/small/1029-ZehvjqAzD7b9.png"}, "bannerImage": "https://s3.anilist.co/media/anime/banner/1029-rl9EFlXhQ3YH.jpg", "isAdult": false, "format": "MOVIE"}, {"id": 1030, "title": {"romaji": "Heisei Tanuki Gassen Ponpoko", "english": "Pom Poko"}, "type": "ANIME", "status": "FINISHED", "description": "Faced with the destruction of their habitat due to the growth of Tokyo, a group of tanuki try to defend their homes. They decide to use their transforming talents to try to hold back the new development. Two of them, especially skilled at transforming, are sent to Shikoku to enlist the help of three sages. Meanwhile, the rest of them do their best to disrupt the construction site, at first causing accidents, and then actually haunting the site. However, the humans are very persistent, and soon the tanuki are forced to use more and more extreme measures to save their home.<br><br>\r\n(Source: ANN) ", "startDate": {"year": 1994, "month": 6, "day": 13}, "endDate": {"year": 1994, "month": 6, "day": 13}, "season": "SUMMER", "episodes": 1, "duration": 111, "genres": ["Slice of Life"], "averageScore": 69, "trending": 0, "popularity": 3672, "streamingEpisodes": [], "coverImage": {"large": "https://s3.anilist.co/media/anime/cover/medium/nx1030-pEjInYp4zG8P.jpg", "medium": "https://s3.anilist.co/media/anime/cover/small/nx1030-pEjInYp4zG8P.jpg"}, "bannerImage": "https://s3.anilist.co/media/anime/banner/1030-wnxJEkttJqgs.jpg", "isAdult": false, "format": "MOVIE"}, {"id": 1031, "title": {"romaji": "Yonna in the Solitary Fortress", "english": null}, "type": "ANIME", "status": "FINISHED", "description": "Yonna and Stan, brother and sister, live in isolation because of their special powers. There are enigmatic people who plot to use their power, in conflict with the king`s government, which is also planning to draw them onto their side. Intrigue surrounds Yonna, and now a new agent comes to see her.<br><br>\n(Source: AniDB)", "startDate": {"year": 2006, "month": 4, "day": 8}, "endDate": {"year": 2006, "month": 4, "day": 8}, "season": "SPRING", "episodes": 1, "duration": 33, "genres": ["Adventure", "Fantasy"], "averageScore": 42, "trending": 0, "popularity": 181, "streamingEpisodes": [{"title": "Episode 1 - Yonna in the Solitary Fortress", "url": "http://www.crunchyroll.com/yonna-in-the-solitary-fortress/episode-1-yonna-in-the-solitary-fortress-505646"}], "coverImage": {"large": "https://s3.anilist.co/media/anime/cover/medium/1031.jpg", "medium": "https://s3.anilist.co/media/anime/cover/small/1031.jpg"}, "bannerImage": null, "isAdult": false, "format": "MOVIE"}, {"id": 1032, "title": {"romaji": "Kumo no You ni Kaze no You ni", "english": "Like the Clouds, Like the Wind"}, "type": "ANIME", "status": "FINISHED", "description": "Ginga, a small town girl sets out to become the Emperors Seihi, highest ranked wife, undaunted by the many other women who seek the same title. Her energetic and eccentric ways aid in her in meeting new people, training to be a Lady of the Emperor and dealing with the drama that ensues. <br><br>\n(Source: ANN) ", "startDate": {"year": 1990, "month": 3, "day": 21}, "endDate": {"year": 1990, "month": 3, "day": 21}, "season": "SPRING", "episodes": 1, "duration": 80, "genres": ["Adventure", "Drama", "Romance"], "averageScore": 60, "trending": 0, "popularity": 463, "streamingEpisodes": [], "coverImage": {"large": "https://s3.anilist.co/media/anime/cover/medium/1032-h4No2tiVaJQU.png", "medium": "https://s3.anilist.co/media/anime/cover/small/1032-h4No2tiVaJQU.png"}, "bannerImage": null, "isAdult": false, "format": "MOVIE"}, {"id": 1033, "title": {"romaji": "Sennen Joyuu", "english": "Millennium Actress"}, "type": "ANIME", "status": "FINISHED", "description": "When Studio Gin'ei commissions filmmaker Gen'ya Tachibana to make a documentary in commemoration of its 70th anniversary, he travels to a secluded mountain lodge to interview the idol of his youth, the enigmatic Chiyoko Fujiwara, who was the studio's leading lady from the 1930s until the 1960s. As Chiyoko reminisces about her life, Tachibana and his cameraman suddenly find themselves on a rich and dazzling journey through time. Chiyoko's films and personal memories intertwine with present events and stretch the boundaries of reality. <br><br>\r\n(Source: ANN)", "startDate": {"year": 2001, "month": 9, "day": 14}, "endDate": {"year": 2001, "month": 9, "day": 14}, "season": "FALL", "episodes": 1, "duration": 87, "genres": ["Action", "Adventure", "Drama", "Fantasy", "Romance"], "averageScore": 81, "trending": 0, "popularity": 8552, "streamingEpisodes": [], "coverImage": {"large": "https://s3.anilist.co/media/anime/cover/medium/1033.jpg", "medium": "https://s3.anilist.co/media/anime/cover/small/1033.jpg"}, "bannerImage": "https://s3.anilist.co/media/anime/banner/1033-8CJu1UMubNsi.jpg", "isAdult": false, "format": "MOVIE"}, {"id": 1034, "title": {"romaji": "Ouritsu Uchuugun: Honneamise no Tsubasa", "english": "Royal Space Force: The Wings of Honneamise"}, "type": "ANIME", "status": "FINISHED", "description": "Surrounded by a cynical public and corrupt, manipulative State leaders, the Royal Space Force (RSF) is largely viewed as a joke as well as a waste of precious money and resources. After a chance meeting with a young, empathetic woman reencourages cadet Shiro Lhadatt to become the first man in space, the RSF cadets and a team of aging scientists rush to complete their epic launch before the military uses their space program as bait to start an all-out war. <br><br>\n(Source: ANN)", "startDate": {"year": 1987, "month": 3, "day": 14}, "endDate": {"year": 1987, "month": 3, "day": 14}, "season": "SPRING", "episodes": 1, "duration": 121, "genres": ["Action", "Drama", "Sci-Fi"], "averageScore": 72, "trending": 0, "popularity": 3076, "streamingEpisodes": [], "coverImage": {"large": "https://s3.anilist.co/media/anime/cover/medium/1034-5nZ5DAXNLmEG.png", "medium": "https://s3.anilist.co/media/anime/cover/small/1034-5nZ5DAXNLmEG.png"}, "bannerImage": "https://s3.anilist.co/media/anime/banner/1034-whj9uRLXehgK.jpg", "isAdult": false, "format": "MOVIE"}, {"id": 1035, "title": {"romaji": "Patalliro Saiyuki!", "english": null}, "type": "ANIME", "status": "FINISHED", "description": "Genjou Sanzou is a Buddhist monk who has been sent by the Emperor on a journey to find the sacred Buddhist scriptures. One day, Sanzou meets an Earth Deity who tells him that Buddha has sent him a disciple: the mischievous Monkey Deity Son Goku, who was sealed inside of a mountain for five hundred years after wreaking havoc in Heaven! Together with the alcohol-loving playboy Cho Hakkai; the heavenly army General Sagojyou; and their horse, the Dragon Crown Prince Ryuuba; there are plenty of adventures to be had from fighting off monsters to bishounen contests.<br><br>\n(Source: ANN and AniDB)", "startDate": {"year": 2005, "month": 6, "day": 6}, "endDate": {"year": 2005, "month": 11, "day": 29}, "season": "SUMMER", "episodes": 26, "duration": 9, "genres": ["Adventure", "Comedy", "Fantasy"], "averageScore": 50, "trending": 0, "popularity": 192, "streamingEpisodes": [], "coverImage": {"large": "https://s3.anilist.co/media/anime/cover/medium/1035.jpg", "medium": "https://s3.anilist.co/media/anime/cover/small/1035.jpg"}, "bannerImage": null, "isAdult": false, "format": "TV_SHORT"}, {"id": 1036, "title": {"romaji": "Kasho no Tsuki", "english": null}, "type": "ANIME", "status": "FINISHED", "description": "Kagetsu, a member of the Kouga tribe, is in the period of his life when he has to decide which sex he wants to be. His feelings toward his sensei gets him to think seriously about it. Kohryu, another member of the tribe, wants to convince Kagetsu of going back to live with the tribe, leaving his sensei behind. During that time, evil spirits are starting to threaten the village and both Kagetsu and his sensei.", "startDate": {"year": 1998, "month": 12, "day": 19}, "endDate": {"year": 1999, "month": 1, "day": 21}, "season": "WINTER", "episodes": 2, "duration": 30, "genres": ["Fantasy", "Romance", "Supernatural"], "averageScore": 49, "trending": 0, "popularity": 214, "streamingEpisodes": [], "coverImage": {"large": "https://s3.anilist.co/media/anime/cover/medium/1036.jpg", "medium": "https://s3.anilist.co/media/anime/cover/small/1036.jpg"}, "bannerImage": null, "isAdult": false, "format": "OVA"}, {"id": 1037, "title": {"romaji": "Saint Beast", "english": null}, "type": "ANIME", "status": "FINISHED", "description": "The seal which was imprisoning the fallen angels, Kirin no Yuda and Houou no Ruka, is broken and the two decide to get revenge on the God who had cast them to Hell by getting rid of the Heavens that had once been their home. Soon the guardian angels on Earth begin disappearing, and no one in Heaven can explain the happenings. But there is a sense of a vengeful animal spirit at work, and so the four Saint Beasts are called upon to investigate.<br><br>\nThe 4 Gods of Beasts attempt to rescue the guardian angels, as well as to find out what this evil animal spirit is...<br><br>\n(Source: Wikipedia)", "startDate": {"year": 2003, "month": 5, "day": 8}, "endDate": {"year": 2003, "month": 6, "day": 13}, "season": "SPRING", "episodes": 6, "duration": 25, "genres": ["Action", "Fantasy"], "averageScore": 47, "trending": 0, "popularity": 389, "streamingEpisodes": [], "coverImage": {"large": "https://s3.anilist.co/media/anime/cover/medium/1037.jpg", "medium": "https://s3.anilist.co/media/anime/cover/small/1037.jpg"}, "bannerImage": null, "isAdult": false, "format": "TV"}, {"id": 1038, "title": {"romaji": "Mizuiro", "english": null}, "type": "ANIME", "status": "FINISHED", "description": "Based on a hentai videogame, Mizuiro tells the scenario of two girls who like Kenji a lot. <br>\nThe first episode covers Yuki's story, Kenji's younger sister, whose obsession with her brother makes her sad. This is especially considering they're brother and sister, despite being fact that Yuki was adopted by Kenji's father. <br>\nThe second episode goes through clumsy Hiyori's story, where she appears out of Kenji's dresser - naked and ghost-like, trying to convince Kenji to fall in love with her, even though Hiyori does not remember why she appears out of dresser. <br><br>\n(Source: AniDB)", "startDate": {"year": 2002, "month": 8, "day": 23}, "endDate": {"year": 2002, "month": 12, "day": 6}, "season": "SUMMER", "episodes": 2, "duration": 30, "genres": ["Hentai"], "averageScore": null, "trending": 0, "popularity": 141, "streamingEpisodes": [], "coverImage": {"large": "https://s3.anilist.co/media/anime/cover/medium/1038.jpg", "medium": "https://s3.anilist.co/media/anime/cover/small/1038.jpg"}, "bannerImage": null, "isAdult": true, "format": "OVA"}, {"id": 1039, "title": {"romaji": "Mizuiro (2003)", "english": null}, "type": "ANIME", "status": "FINISHED", "description": "Brother and younger sister-in-law live in the house which parents are often away from. Yuki who is the younger sister is secretly yearning for Kenji who is the elder brother. However, one girl came to show up from the closet in Kenji's room after a certain night. Moreover, her body is transparent, and she looks like the ghost. Her name is Hiyori. She is a friend in their childhood. They are pleased with reunion though Kenji and Yuki are perplexed with the way of Hiyori's strange appearance. However, Yuki gets the mind shaken as Kenji and Hiyori become intimate, and the pain in her mind in the childhood is recalled. <br><br>\nAt the childhood, Yuki was going to pass the light blue toy ring which Kenji had had to Hiyori in exchange for Hiyori's yoyo. However, because Hiyori became sick, and had moved, the promise was not an accomplishment. Their events in the childhood seem to be related to Hiyori's showing up in front of them. <br>\nA painful love story of Kenji and two girls progresses. <br><br>\n(Source: AniDB)", "startDate": {"year": 2003, "month": 4, "day": 25}, "endDate": {"year": 2003, "month": 10, "day": 10}, "season": "SPRING", "episodes": 2, "duration": 30, "genres": ["Drama", "Romance"], "averageScore": 55, "trending": 0, "popularity": 261, "streamingEpisodes": [], "coverImage": {"large": "https://s3.anilist.co/media/anime/cover/medium/1039.jpg", "medium": "https://s3.anilist.co/media/anime/cover/small/1039.jpg"}, "bannerImage": null, "isAdult": false, "format": "OVA"}, {"id": 1040, "title": {"romaji": "Mizuiro Jidai", "english": null}, "type": "ANIME", "status": "FINISHED", "description": "Yuuko is a shy middle school girl who has feelings for her childhood friend, the boy next door. When she finds out that her best friend also likes him, she is unsure what to do. The story explores the relationships between these three characters as they confront everyday junior high problems. <br><br>\n(Source: ANN)", "startDate": {"year": 1996, "month": 4, "day": 4}, "endDate": {"year": 1997, "month": 2, "day": 27}, "season": "SPRING", "episodes": 47, "duration": 20, "genres": ["Slice of Life"], "averageScore": null, "trending": 0, "popularity": 242, "streamingEpisodes": [], "coverImage": {"large": "https://s3.anilist.co/media/anime/cover/medium/1040.jpg", "medium": "https://s3.anilist.co/media/anime/cover/small/1040.jpg"}, "bannerImage": null, "isAdult": false, "format": "TV"}, {"id": 1041, "title": {"romaji": "Zetsuai 1989", "english": null}, "type": "ANIME", "status": "FINISHED", "description": "Koji Nanjo, a young rock star, falls in love with soccer player Takuto Izumi. Koji eventually learns that Izumi's mother killed his father out of severe and intense love. Izumi took all the guilt for his father's murder and refuses to go pro because of fear that his past will be discovered by the media. Izumi detests Koji's company and encouragement and severely dislikes the attention from the press, but Koji cannot stay away for he soon realizes that his love for Izumi is very similar to the love that Izumi's mother felt for his father. <br><br>\n(Source: ANN)", "startDate": {"year": 1992, "month": 7, "day": 29}, "endDate": {"year": 1992, "month": 7, "day": 29}, "season": "SUMMER", "episodes": 1, "duration": 46, "genres": ["Drama", "Music", "Romance", "Sports"], "averageScore": 52, "trending": 0, "popularity": 405, "streamingEpisodes": [], "coverImage": {"large": "https://s3.anilist.co/media/anime/cover/medium/1041.jpg", "medium": "https://s3.anilist.co/media/anime/cover/small/1041.jpg"}, "bannerImage": "https://s3.anilist.co/media/anime/banner/1041-mizJVe95AtMa.jpg", "isAdult": false, "format": "OVA"}, {"id": 1042, "title": {"romaji": "Bronze: Zetsuai Since 1989", "english": null}, "type": "ANIME", "status": "FINISHED", "description": "Famous rockstar Kouji Nanjou has fallen in love with Izumi Takuto, a soccer player with dreams of seeing \"real\" soccer in Italy. In angsty boy-love fashion, the story consists of Kouji stopping at nothing to have Izumi stay with him, Izumi dealing with his feelings until the time comes where he has no choice but to decide, and all the other things the two must face and the problems from Kouji's family.<br><br>\n(Source: ANN)", "startDate": {"year": 1996, "month": 12, "day": 4}, "endDate": {"year": 1996, "month": 12, "day": 4}, "season": "WINTER", "episodes": 1, "duration": 54, "genres": ["Drama", "Music", "Romance", "Sports"], "averageScore": 51, "trending": 0, "popularity": 367, "streamingEpisodes": [], "coverImage": {"large": "https://s3.anilist.co/media/anime/cover/medium/1042.jpg", "medium": "https://s3.anilist.co/media/anime/cover/small/1042.jpg"}, "bannerImage": "https://s3.anilist.co/media/anime/banner/1042-qpQFLRMEZ7bG.jpg", "isAdult": false, "format": "OVA"}, {"id": 1043, "title": {"romaji": "Tokyo Babylon", "english": null}, "type": "ANIME", "status": "FINISHED", "description": "Subaru Sumeragi is the 13th head of the Sumeragi Clan and a most powerful onmyouji. Subaru is hired to exorcise a construction site, but his employer mysteriously died. The only suspect is a man who repeatedly walks away from situations in which he should have died. Then Subaru meets a young woman intent upon cursing the man, saying that he killed her brother. Subaru must figure out how his employer died and fight the evil spirits that are protecting the man with the help of his friend and twin sister, Seishirou Sakurazuka and Hokuto Sumeragi.<br><br>\n(Source: ANN)", "startDate": {"year": 1992, "month": 10, "day": 21}, "endDate": {"year": 1994, "month": 3, "day": 21}, "season": "FALL", "episodes": 2, "duration": 50, "genres": ["Action", "Mystery", "Supernatural"], "averageScore": 60, "trending": 0, "popularity": 982, "streamingEpisodes": [], "coverImage": {"large": "https://s3.anilist.co/media/anime/cover/medium/1043.jpg", "medium": "https://s3.anilist.co/media/anime/cover/small/1043.jpg"}, "bannerImage": "https://s3.anilist.co/media/anime/banner/1043-d7tS24zpWfMk.jpg", "isAdult": false, "format": "OVA"}, {"id": 1044, "title": {"romaji": "Taiyou no Ouji: Horus no Daibouken", "english": "The Little Norse Prince"}, "type": "ANIME", "status": "FINISHED", "description": "Horus is a boy that one day, hunted by silver wolfs, found the sword of the sun. The day his father died he left his home to find the people from the town his father told him. Together with a small bear named Koro he start the journey an run into a great adventure fighting against Grunwald and his subordinates who wants to rule the world. <br><br>\n(Source: AniDB)", "startDate": {"year": 1968, "month": 7, "day": 21}, "endDate": {"year": 1968, "month": 7, "day": 21}, "season": "SUMMER", "episodes": 1, "duration": 82, "genres": ["Adventure", "Drama"], "averageScore": 60, "trending": 0, "popularity": 571, "streamingEpisodes": [], "coverImage": {"large": "https://s3.anilist.co/media/anime/cover/medium/1044-2tdmAZDt5vQ5.jpg", "medium": "https://s3.anilist.co/media/anime/cover/small/1044-2tdmAZDt5vQ5.jpg"}, "bannerImage": null, "isAdult": false, "format": "MOVIE"}, {"id": 1045, "title": {"romaji": "Elf wo Karu Mono-tachi", "english": "Those Who Hunt Elves"}, "type": "ANIME", "status": "FINISHED", "description": "An actor, a martial artist, a gun-crazy high school student, and their tank are transported from earth to a world of elves and magic. However, the spell to return them home was botched resulting in fragments of the spell being magically imprinted onto their skin. Their solution: run around looking for elves and stripping them whereever they find them. <br><br>\n(Source: ANN)", "startDate": {"year": 1996, "month": 10, "day": 4}, "endDate": {"year": 1996, "month": 12, "day": 20}, "season": "FALL", "episodes": 12, "duration": 24, "genres": ["Adventure", "Comedy", "Ecchi", "Fantasy"], "averageScore": 63, "trending": 0, "popularity": 1264, "streamingEpisodes": [], "coverImage": {"large": "https://s3.anilist.co/media/anime/cover/medium/1045.jpg", "medium": "https://s3.anilist.co/media/anime/cover/small/1045.jpg"}, "bannerImage": null, "isAdult": false, "format": "TV"}]}}}