{"data": {"Page": {"pageInfo": {"total": 12297, "hasNextPage": true}, "media": [{"id": 7083, "title": {"romaji": "Hakushaku to Yousei Specials", "english": null}, "type": "ANIME", "status": "FINISHED", "description": "Chibi-Earl and Chibi-Fairy. Every special focuses on another character, who will in their turn recite a poem by Shakespeare, that they feel describes their lives the best.", "startDate": {"year": 2008, "month": 12, "day": 29}, "endDate": {"year": 2009, "month": 8, "day": 19}, "season": "WINTER", "episodes": 6, "duration": 3, "genres": ["Adventure", "Fantasy"], "averageScore": 51, "trending": 0, "popularity": 311, "streamingEpisodes": [], "coverImage": {"large": "https://s3.anilist.co/media/anime/cover/medium/7083.jpg", "medium": "https://s3.anilist.co/media/anime/cover/small/7083.jpg"}, "bannerImage": null, "isAdult": false, "format": "SPECIAL"}, {"id": 7088, "title": {"romaji": "Ichiban Ushiro no Daimaou", "english": "Demon King Daimao"}, "type": "ANIME", "status": "FINISHED", "description": "After enrolling at the Constant Magic Academy, Akuto Sai discovers he's not just a gifted student with magical powers; he's destined to become the Demon King. And though he's not that crazy about the idea, it drives the girls wild! From the sexy school girls in his class to the skin-obsessed android who's programmed to seduce him, Akuto has no shortage of wacky girl trouble. How much temptation can a demon king take?<br><br>\n(Source: Sentai Filmworks)", "startDate": {"year": 2010, "month": 4, "day": 3}, "endDate": {"year": 2010, "month": 6, "day": 19}, "season": "SPRING", "episodes": 12, "duration": 23, "genres": ["Action", "Comedy", "Ecchi", "Fantasy"], "averageScore": 66, "trending": 1, "popularity": 15470, "streamingEpisodes": [{"title": "Episode 1 - Your future occupation is: Demon Lord", "url": "http://www.crunchyroll.com/demon-king-daimao/episode-1-your-future-occupation-is-demon-lord-539996"}, {"title": "Episode 2 - The Odd Observer", "url": "http://www.crunchyroll.com/demon-king-daimao/episode-2-the-odd-observer-539998"}, {"title": "Episode 3 - The Upperclassman Who's A Bit Scary", "url": "http://www.crunchyroll.com/demon-king-daimao/episode-3-the-upperclassman-whos-a-bit-scary-540000"}, {"title": "Episode 4 - Is Solitary Fun?", "url": "http://www.crunchyroll.com/demon-king-daimao/episode-4-is-solitary-fun-540002"}, {"title": "Episode 5 - Beware the Underground Labyrinth", "url": "http://www.crunchyroll.com/demon-king-daimao/episode-5-beware-the-underground-labyrinth-540004"}, {"title": "Episode 6 - Let's Go to School by the Sea!", "url": "http://www.crunchyroll.com/demon-king-daimao/episode-6-lets-go-to-school-by-the-sea-540006"}, {"title": "Episode 7 - The Legendary Hero Appears", "url": "http://www.crunchyroll.com/demon-king-daimao/episode-7-the-legendary-hero-appears-540008"}, {"title": "Episode 8 - Do You Have a Crush?", "url": "http://www.crunchyroll.com/demon-king-daimao/episode-8-do-you-have-a-crush-540010"}, {"title": "Episode 9 - The Marriage Interview Chaos", "url": "http://www.crunchyroll.com/demon-king-daimao/episode-9-the-marriage-interview-chaos-540012"}, {"title": "Episode 10 - Sai Akuto's Imperial Capital War", "url": "http://www.crunchyroll.com/demon-king-daimao/episode-10-sai-akutos-imperial-capital-war-540014"}, {"title": "Episode 11 - The Girls' Final Battle", "url": "http://www.crunchyroll.com/demon-king-daimao/episode-11-the-girls-final-battle-540016"}, {"title": "Episode 12 - All Done?", "url": "http://www.crunchyroll.com/demon-king-daimao/episode-12-all-done-540018"}], "coverImage": {"large": "https://s3.anilist.co/media/anime/cover/medium/7088.jpg", "medium": "https://s3.anilist.co/media/anime/cover/small/7088.jpg"}, "bannerImage": "https://s3.anilist.co/media/anime/banner/7088-Ty2MX5FwLwhQ.jpg", "isAdult": false, "format": "TV"}, {"id": 7090, "title": {"romaji": "Madou King Granzort: Saigo no Magical Taisen", "english": null}, "type": "ANIME", "status": "FINISHED", "description": null, "startDate": {"year": 1990, "month": 8, "day": 10}, "endDate": {"year": 1990, "month": 9, "day": 8}, "season": "SUMMER", "episodes": 2, "duration": 25, "genres": ["Action", "Comedy", "Fantasy", "Mecha", "Sci-Fi"], "averageScore": null, "trending": 0, "popularity": 32, "streamingEpisodes": [], "coverImage": {"large": "https://s3.anilist.co/media/anime/cover/medium/7090.jpg", "medium": "https://s3.anilist.co/media/anime/cover/small/7090.jpg"}, "bannerImage": null, "isAdult": false, "format": "OVA"}, {"id": 7092, "title": {"romaji": "Shoujo Fight: Nora Inu-tachi no Odekake", "english": null}, "type": "ANIME", "status": "FINISHED", "description": "The story follows Neri Ooishi, a high school girl who is a talented volleyball player. She once was the captain of an elementary school team that went all the way to the national tournament. However, she spent three years as an alternate at a junior high school renowned for its volleyball program. Now she is in high school with new teammates, and she gets a chance to prove herself again. <br><br>\nThe sixth manga volume will have a \"special edition\" that will ship with the anime DVD on October 23. Nihonbashi herself is writing the script for the anime, and Prodution I.G is animating it.", "startDate": {"year": 2009, "month": 10, "day": 23}, "endDate": {"year": 2009, "month": 10, "day": 23}, "season": "FALL", "episodes": 1, "duration": 30, "genres": ["Drama", "Sports"], "averageScore": null, "trending": 0, "popularity": 66, "streamingEpisodes": [], "coverImage": {"large": "https://s3.anilist.co/media/anime/cover/medium/7092.jpg", "medium": "https://s3.anilist.co/media/anime/cover/small/7092.jpg"}, "bannerImage": null, "isAdult": false, "format": "OVA"}, {"id": 7103, "title": {"romaji": "Miracle Train: Oedo-sen e Youkoso", "english": "Miracle Train: Welcome to the Oedo Line"}, "type": "ANIME", "status": "FINISHED", "description": "Another version of Miracle Train: Chuo-sen e Youkoso.<br><br>\nThe first version of the Miracle Train project focused on the stations of the central Chuo line, while the new anime and related stories deal with the Oedo subway line. As a result, the anime will feature a newer cast of characters &mdash; specifically, Fumi Roppongi, Rintarou Shinjuku, Izayoi Tsukishima, Iku Shiodome, Saki Tochou, and Itsumi Ryougoku. ", "startDate": {"year": 2009, "month": 10, "day": 5}, "endDate": {"year": 2009, "month": 12, "day": 28}, "season": "FALL", "episodes": 13, "duration": 23, "genres": ["Fantasy"], "averageScore": 55, "trending": 0, "popularity": 910, "streamingEpisodes": [{"title": "Episode 1 - Labyrinth 42.3", "url": "http://www.crunchyroll.com/miracle-train/episode-1-labyrinth-423-534920"}, {"title": "Episode 2 - A Passport for You", "url": "http://www.crunchyroll.com/miracle-train/episode-2-a-passport-for-you-534922"}, {"title": "Episode 3 - 130 Thousand Departures", "url": "http://www.crunchyroll.com/miracle-train/episode-3-130-thousand-departures-534924"}, {"title": "Episode 4 - Departing From the Future for the Past", "url": "http://www.crunchyroll.com/miracle-train/episode-4-departing-from-the-future-for-the-past-534926"}, {"title": "Episode 5 - Mile Marker Zero of Love", "url": "http://www.crunchyroll.com/miracle-train/episode-5-mile-marker-zero-of-love-534928"}, {"title": "Episode 6 - Railway From Tsukishima", "url": "http://www.crunchyroll.com/miracle-train/episode-6-railway-from-tsukishima-536058"}, {"title": "Episode 7 - Oedo Mystery Train", "url": "http://www.crunchyroll.com/miracle-train/episode-7-oedo-mystery-train-536060"}, {"title": "Episode 8 - The Little Passenger", "url": "http://www.crunchyroll.com/miracle-train/episode-8-the-little-passenger-536062"}, {"title": "Episode 9 - The Men's Miracle Train", "url": "http://www.crunchyroll.com/miracle-train/episode-9-the-mens-miracle-train-536064"}, {"title": "Episode 10 - Bark at the Oedo Line", "url": "http://www.crunchyroll.com/miracle-train/episode-10-bark-at-the-oedo-line-536066"}, {"title": "Episode 11 - Proposal Three Years Later", "url": "http://www.crunchyroll.com/miracle-train/episode-11-proposal-three-years-later-536728"}, {"title": "Episode 12 - The Other Passenger", "url": "http://www.crunchyroll.com/miracle-train/episode-12-the-other-passenger-537164"}, {"title": "Episode 13 - Miracle on Christmas Eve", "url": "http://www.crunchyroll.com/miracle-train/episode-13-miracle-on-christmas-eve-537166"}], "coverImage": {"large": "https://s3.anilist.co/media/anime/cover/medium/7103.jpg", "medium": "https://s3.anilist.co/media/anime/cover/small/7103.jpg"}, "bannerImage": null, "isAdult": false, "format": "TV"}, {"id": 7106, "title": {"romaji": "Ougon Senshi Gold Raitan", "english": "Golden Warrior Gold Lightan"}, "type": "ANIME", "status": "FINISHED", "description": "When a young boy called Hiro finds what appears to be a broken lighter in an empty field, it changes his life forever. This lighter is actually the Gold Lightan, a robot that fell to Earth from the Robot Dimension. When called upon to defend the Earth from Ivalda the Great's evil robots, Gold Lightan transforms into a giant super robot, known as the Golden Warrior. Gold Lightan joins forces with Hiro's and his gang, the One Pack Rangers to protect the Earth from the evil schemes of Ivalda the Great and his armored forces.", "startDate": {"year": 1981, "month": 3, "day": 1}, "endDate": {"year": 1982, "month": 2, "day": 18}, "season": "SPRING", "episodes": 52, "duration": 25, "genres": ["Mecha", "Sci-Fi"], "averageScore": null, "trending": 0, "popularity": 52, "streamingEpisodes": [], "coverImage": {"large": "https://s3.anilist.co/media/anime/cover/medium/7106.jpg", "medium": "https://s3.anilist.co/media/anime/cover/small/7106.jpg"}, "bannerImage": null, "isAdult": false, "format": "TV"}, {"id": 7108, "title": {"romaji": "Shikabane Hime: Puchitto", "english": null}, "type": "ANIME", "status": "FINISHED", "description": "Chibi comedy released as a DVD extra. ", "startDate": {"year": 2009, "month": 8, "day": 5}, "endDate": {"year": 2009, "month": 8, "day": 5}, "season": "SUMMER", "episodes": 1, "duration": 3, "genres": ["Comedy"], "averageScore": 53, "trending": 0, "popularity": 332, "streamingEpisodes": [], "coverImage": {"large": "https://s3.anilist.co/media/anime/cover/medium/7108.jpg", "medium": "https://s3.anilist.co/media/anime/cover/small/7108.jpg"}, "bannerImage": null, "isAdult": false, "format": "SPECIAL"}, {"id": 7109, "title": {"romaji": "Gyouten Ningen Batsealer", "english": "Captain Fatz and the Seamorphs"}, "type": "ANIME", "status": "FINISHED", "description": "With the ability to transcend time, Captain Fatz and comrades embarked on a journey of battle and adventure to gather the eight scattered stone pieces (namely Light, Darkness, Fire, Water, Air, Earth, Wood &amp; Metal) which was granulated by the lord of destruction, in order to restore the chaotic world back to peace.", "startDate": {"year": 2001, "month": 4, "day": 7}, "endDate": {"year": 2002, "month": 3, "day": 30}, "season": "SPRING", "episodes": 52, "duration": 25, "genres": ["Action", "Adventure", "Fantasy"], "averageScore": null, "trending": 0, "popularity": 25, "streamingEpisodes": [], "coverImage": {"large": "https://s3.anilist.co/media/anime/cover/medium/7109.jpg", "medium": "https://s3.anilist.co/media/anime/cover/small/7109.jpg"}, "bannerImage": null, "isAdult": false, "format": "TV"}, {"id": 7110, "title": {"romaji": "Shounen Maid Kuro-kun: Tenshi no Uta", "english": null}, "type": "ANIME", "status": "FINISHED", "description": "Kuro-kun is made to take over the debts of his father and forced to pay them off by being sold into servitude as a boy maid.", "startDate": {"year": 2010, "month": 9, "day": 23}, "endDate": {"year": 2010, "month": 9, "day": 23}, "season": "FALL", "episodes": 1, "duration": 35, "genres": ["Hentai"], "averageScore": 48, "trending": 0, "popularity": 754, "streamingEpisodes": [], "coverImage": {"large": "https://s3.anilist.co/media/anime/cover/medium/7110.jpg", "medium": "https://s3.anilist.co/media/anime/cover/small/7110.jpg"}, "bannerImage": null, "isAdult": true, "format": "OVA"}, {"id": 7112, "title": {"romaji": "The Celestial Railroad", "english": null}, "type": "ANIME", "status": "FINISHED", "description": "The Celestial Railroad is a fantastic journey of a boy, Giovanni, in a dreamscape created into a colorful full-dome CG animation picture with inspiring background music. <br><br>\nBased on a story written in the early 20th century, KAGAYA, a digital fine artist, has breathed new life into the unique imaginary world using creativity and precise astronomical knowledge. <br><br>\nThe starry sky is depicted as the Celestial Field made up of a river, a field of silver grasses, flowers, birds, survey towers, railway signals and more. Across this amazing beautiful scenery, the Celestial Railroad runs along the Milky Way. ", "startDate": {"year": 2007, "month": 2, "day": 23}, "endDate": {"year": 2007, "month": 2, "day": 23}, "season": "WINTER", "episodes": 1, "duration": 48, "genres": ["Drama", "Fantasy", "Mystery"], "averageScore": 54, "trending": 0, "popularity": 214, "streamingEpisodes": [], "coverImage": {"large": "https://s3.anilist.co/media/anime/cover/medium/7112.jpg", "medium": "https://s3.anilist.co/media/anime/cover/small/7112.jpg"}, "bannerImage": null, "isAdult": false, "format": "MOVIE"}, {"id": 7113, "title": {"romaji": "30th Gundam Perfect Mission", "english": null}, "type": "ANIME", "status": "FINISHED", "description": "A special that celebrates the 30th anniversary of Gundam.", "startDate": {"year": 2009, "month": null, "day": null}, "endDate": {"year": 2009, "month": null, "day": null}, "season": null, "episodes": 1, "duration": 2, "genres": ["Mecha", "Sci-Fi"], "averageScore": 59, "trending": 0, "popularity": 534, "streamingEpisodes": [], "coverImage": {"large": "https://s3.anilist.co/media/anime/cover/medium/7113.jpg", "medium": "https://s3.anilist.co/media/anime/cover/small/7113.jpg"}, "bannerImage": null, "isAdult": false, "format": "SPECIAL"}, {"id": 7117, "title": {"romaji": "Pika Don", "english": null}, "type": "ANIME", "status": "FINISHED", "description": "An animation documentary describing the tragic consequences of the A-bomb explosion in Hiroshima on August 6th, 1945. The flash of the A-bomb, 100 times brighter than the sun, is called \"PICA\", and the enormous shock wave which came right after the flash is called \"DON\". At the time this film was completed, it was the very first attempt in the world to deal with such a sensitive subject of Hiroshima using animation media. Because of this short film, the City of Hiroshima decided to establish the Hiroshima International Animation Festival in 1984, appreciating animation art as an effective medium.<br><br>\n(Source: flickerfest.com.au)", "startDate": {"year": 1978, "month": null, "day": null}, "endDate": {"year": 1978, "month": null, "day": null}, "season": null, "episodes": 1, "duration": 9, "genres": ["Drama"], "averageScore": null, "trending": 0, "popularity": 87, "streamingEpisodes": [], "coverImage": {"large": "https://s3.anilist.co/media/anime/cover/medium/7117.jpg", "medium": "https://s3.anilist.co/media/anime/cover/small/7117.jpg"}, "bannerImage": null, "isAdult": false, "format": "MOVIE"}, {"id": 7122, "title": {"romaji": "Dai Yamato Zero-go", "english": "Great Yamato No. 0"}, "type": "ANIME", "status": "FINISHED", "description": "In the galactic group there are more than 100,000,000,000 galaxies, and the Milky Way galaxy, the one which includes Earth's solar system, is only one of these... one of many in the immensity of outer space.<br><br>\nThis story starts in the year 3199, when a mighty enemy attacks the Milky Way from a neighbouring galaxy. The enemy engages the combined forces of the Milky Way, an Alliance of many stellar nations, and defeats them one after another.<br><br>\nThe remaining Milky Way Alliance forces are reduced to just six fleets. After the Alliance headquarters is destroyed, and when the collapse of the central Milky Way Alliance is imminent, the Great Yamato \"Zero\" surprises everyone and embarks on a mission to assist the Milky Way Alliance in one last great battle.", "startDate": {"year": 2004, "month": 3, "day": 31}, "endDate": {"year": 2007, "month": 6, "day": 15}, "season": "SPRING", "episodes": 5, "duration": 45, "genres": ["Sci-Fi"], "averageScore": null, "trending": 0, "popularity": 93, "streamingEpisodes": [], "coverImage": {"large": "https://s3.anilist.co/media/anime/cover/medium/7122.jpg", "medium": "https://s3.anilist.co/media/anime/cover/small/7122.jpg"}, "bannerImage": null, "isAdult": false, "format": "OVA"}, {"id": 7124, "title": {"romaji": "Madou King Granzort: Bouken Hen", "english": null}, "type": "ANIME", "status": "FINISHED", "description": null, "startDate": {"year": 1992, "month": 3, "day": 27}, "endDate": {"year": 1992, "month": 6, "day": 26}, "season": "SPRING", "episodes": 3, "duration": 25, "genres": ["Action", "Comedy", "Fantasy", "Mecha", "Sci-Fi"], "averageScore": null, "trending": 0, "popularity": 30, "streamingEpisodes": [], "coverImage": {"large": "https://s3.anilist.co/media/anime/cover/medium/7124.jpg", "medium": "https://s3.anilist.co/media/anime/cover/small/7124.jpg"}, "bannerImage": null, "isAdult": false, "format": "OVA"}, {"id": 7135, "title": {"romaji": "Mahou Sensei Negima! Anime Final", "english": null}, "type": "ANIME", "status": "FINISHED", "description": "An animated feature film based on the Negima! Magister Negi Magi manga.", "startDate": {"year": 2011, "month": 8, "day": 27}, "endDate": {"year": 2011, "month": 8, "day": 27}, "season": "SUMMER", "episodes": 1, "duration": 84, "genres": ["Adventure", "Supernatural"], "averageScore": 63, "trending": 0, "popularity": 1332, "streamingEpisodes": [], "coverImage": {"large": "https://s3.anilist.co/media/anime/cover/medium/7135.jpg", "medium": "https://s3.anilist.co/media/anime/cover/small/7135.jpg"}, "bannerImage": null, "isAdult": false, "format": "MOVIE"}, {"id": 7139, "title": {"romaji": "Gdleen", "english": null}, "type": "ANIME", "status": "FINISHED", "description": "Due to spacecraft failure earthlings Ryu with computer robot \"MOS\" landed on self-navigated planet Gdleen. There Ryu meets a cute Euradonian fairy Fana. At that time, the planet was in the midst of a dispute over a Gavana temple. Self proclaimed God Gavana captured Fana for a sacrifice. Would they be able to escape? And what the identity of Gavana?! <br><br>\n(Source: Translated from gdleen.hatsune.cc)", "startDate": {"year": 1990, "month": 3, "day": 1}, "endDate": {"year": 1990, "month": 3, "day": 1}, "season": "SPRING", "episodes": 1, "duration": 45, "genres": ["Sci-Fi"], "averageScore": null, "trending": 0, "popularity": 74, "streamingEpisodes": [], "coverImage": {"large": "https://s3.anilist.co/media/anime/cover/medium/7139.jpg", "medium": "https://s3.anilist.co/media/anime/cover/small/7139.jpg"}, "bannerImage": null, "isAdult": false, "format": "OVA"}, {"id": 7144, "title": {"romaji": "Uchuu Senkan Yamato: Fukkatsu-hen", "english": "Space Battleship Yamato Resurrection"}, "type": "ANIME", "status": "FINISHED", "description": "A crisis is approaching Earth with the expansion of a moving black hole, in the year 2220. A plan is devised to move over 300-million people from Earth. When the latest transportation fleet is attacked, Space Battleship Yamato comes to its defense, the ship is now commanded by Susumu Kodai, also aboard is daughter Miyuki, child of Susumu and Yuki. <br><br>\n(Source: FUNimation) ", "startDate": {"year": 2009, "month": 12, "day": 12}, "endDate": {"year": 2009, "month": 12, "day": 12}, "season": "WINTER", "episodes": 1, "duration": 135, "genres": ["Action", "Adventure", "Drama"], "averageScore": 60, "trending": 0, "popularity": 316, "streamingEpisodes": [], "coverImage": {"large": "https://s3.anilist.co/media/anime/cover/medium/7144.jpg", "medium": "https://s3.anilist.co/media/anime/cover/small/7144.jpg"}, "bannerImage": null, "isAdult": false, "format": "MOVIE"}, {"id": 7148, "title": {"romaji": "Ladies versus Butlers!", "english": null}, "type": "ANIME", "status": "FINISHED", "description": "Hino Akiharu lost his parents when he was small and was adopted into his uncle's family. He didn't want to be a burden on his uncle's family and decides to enter a free boarding school as a butler, Hakureiryou high school. However, his delinquent boy-like appearance frightens the girls, who make up the majority of the students. Unable to get along with the classmates, Akiharu meets his childhood crush Saikyou Tomomi. ", "startDate": {"year": 2010, "month": 1, "day": 5}, "endDate": {"year": 2010, "month": 3, "day": 23}, "season": "WINTER", "episodes": 12, "duration": 24, "genres": ["Comedy", "Ecchi", "Romance"], "averageScore": 63, "trending": 0, "popularity": 8592, "streamingEpisodes": [], "coverImage": {"large": "https://s3.anilist.co/media/anime/cover/medium/7148.jpg", "medium": "https://s3.anilist.co/media/anime/cover/small/7148.jpg"}, "bannerImage": null, "isAdult": false, "format": "TV"}, {"id": 7152, "title": {"romaji": "Anyamal Tantei Kiruminzoo", "english": null}, "type": "ANIME", "status": "FINISHED", "description": " While searching for a run-away cat the twins Riko and Rimu Mikogami find a strange device that transforms them into \"Kirumin\". It also enables them to turn into real animals. Their older sister Nagisa soon joins them. Now the three have cute, funny and sometimes dangerous adventures.", "startDate": {"year": 2009, "month": 10, "day": 5}, "endDate": {"year": 2010, "month": 9, "day": 20}, "season": "FALL", "episodes": 50, "duration": 23, "genres": ["Comedy"], "averageScore": 57, "trending": 0, "popularity": 497, "streamingEpisodes": [], "coverImage": {"large": "https://s3.anilist.co/media/anime/cover/medium/7152.jpg", "medium": "https://s3.anilist.co/media/anime/cover/small/7152.jpg"}, "bannerImage": null, "isAdult": false, "format": "TV"}, {"id": 7154, "title": {"romaji": "SM no Susume", "english": null}, "type": "ANIME", "status": "FINISHED", "description": null, "startDate": {"year": 2001, "month": 10, "day": 21}, "endDate": {"year": 2001, "month": 10, "day": 21}, "season": "FALL", "episodes": 1, "duration": 25, "genres": ["Hentai"], "averageScore": null, "trending": 0, "popularity": 39, "streamingEpisodes": [], "coverImage": {"large": "https://s3.anilist.co/media/anime/cover/medium/7154.jpg", "medium": "https://s3.anilist.co/media/anime/cover/small/7154.jpg"}, "bannerImage": null, "isAdult": true, "format": "OVA"}, {"id": 7155, "title": {"romaji": "Beat Shot", "english": "Watch Me Sink My Putz"}, "type": "ANIME", "status": "FINISHED", "description": "Expert linksman Akihilo joins the university golf club at the same time as maverick golfer Akikazu. The pair often tee off against each other, thought Akikazu is distracted by the charms of his opponent's beautiful caddy, Misako.<br>\n(Source: AniDB)", "startDate": {"year": 1989, "month": 5, "day": 25}, "endDate": {"year": 1989, "month": 5, "day": 25}, "season": "SPRING", "episodes": 1, "duration": 30, "genres": ["Sports"], "averageScore": null, "trending": 0, "popularity": 54, "streamingEpisodes": [], "coverImage": {"large": "https://s3.anilist.co/media/anime/cover/medium/7155.jpg", "medium": "https://s3.anilist.co/media/anime/cover/small/7155.jpg"}, "bannerImage": null, "isAdult": false, "format": "OVA"}, {"id": 7156, "title": {"romaji": "Arei no Kagami", "english": "Arei's Mirror ~ Way to the Virgin Space"}, "type": "ANIME", "status": "FINISHED", "description": "The story follows Daichi Meguru and Mayu, a young boy and a pilot, as they flee their war torn planet and into space. Upon their ship a stowaway android named Zero joins their quest as they travel through Halley's Mirror.<br><br>\n(Source: Wikipedia)", "startDate": {"year": 1985, "month": 3, "day": 16}, "endDate": {"year": 1985, "month": 3, "day": 16}, "season": "SPRING", "episodes": 1, "duration": 25, "genres": ["Action", "Adventure", "Sci-Fi"], "averageScore": 45, "trending": 0, "popularity": 107, "streamingEpisodes": [], "coverImage": {"large": "https://s3.anilist.co/media/anime/cover/medium/7156.jpg", "medium": "https://s3.anilist.co/media/anime/cover/small/7156.jpg"}, "bannerImage": null, "isAdult": false, "format": "MOVIE"}, {"id": 7157, "title": {"romaji": "Dr. Slump Movie 7: Arale-chan Ncha! Penguin Mura yori Ai wo Komete", "english": "Dr. Slump and Arale-chan: N-cha! Love Comes From Penguin Village"}, "type": "ANIME", "status": "FINISHED", "description": "Dr. Slump movie 7.", "startDate": {"year": 1993, "month": 7, "day": 10}, "endDate": {"year": 1993, "month": 7, "day": 10}, "season": "SUMMER", "episodes": 1, "duration": 31, "genres": ["Comedy", "Slice of Life"], "averageScore": null, "trending": 0, "popularity": 93, "streamingEpisodes": [], "coverImage": {"large": "https://s3.anilist.co/media/anime/cover/medium/7157.jpg", "medium": "https://s3.anilist.co/media/anime/cover/small/7157.jpg"}, "bannerImage": null, "isAdult": false, "format": "MOVIE"}, {"id": 7158, "title": {"romaji": "Dr. Slump Movie 9: Arale-chan Ncha!! Wakuwaku Hot no Natsuyasumi", "english": "Dr. Slump and Arale-chan: Ncha!! Trembling Heart of the Summer"}, "type": "ANIME", "status": "FINISHED", "description": "Dr. Slump Movie 9.", "startDate": {"year": 1994, "month": 7, "day": 9}, "endDate": {"year": 1994, "month": 7, "day": 9}, "season": "SUMMER", "episodes": 1, "duration": 20, "genres": ["Comedy", "Slice of Life"], "averageScore": null, "trending": 0, "popularity": 86, "streamingEpisodes": [], "coverImage": {"large": "https://s3.anilist.co/media/anime/cover/medium/7158.jpg", "medium": "https://s3.anilist.co/media/anime/cover/small/7158.jpg"}, "bannerImage": null, "isAdult": false, "format": "MOVIE"}, {"id": 7160, "title": {"romaji": "Yoroshiku Mechadock", "english": "What's Up Mechadoc"}, "type": "ANIME", "status": "FINISHED", "description": "Mechadock is a powerful race car obtained from a simple economy car, which is able to race on any ground.", "startDate": {"year": 1984, "month": 9, "day": 1}, "endDate": {"year": 1985, "month": 3, "day": 30}, "season": "FALL", "episodes": 30, "duration": 23, "genres": ["Action", "Comedy", "Sports"], "averageScore": null, "trending": 0, "popularity": 75, "streamingEpisodes": [], "coverImage": {"large": "https://s3.anilist.co/media/anime/cover/medium/7160.jpg", "medium": "https://s3.anilist.co/media/anime/cover/small/7160.jpg"}, "bannerImage": null, "isAdult": false, "format": "TV"}, {"id": 7162, "title": {"romaji": "Yaruki Manman", "english": null}, "type": "ANIME", "status": "FINISHED", "description": "Kazuma is the successor of the Shinno family which leads the sex scene. But now the sex scene doesn&rsquo;t bring much money so father Shino wants his son to visit a sex-study to earn some experience. <br><br>\nBut while being on the sex training he must not ejaculate in front of any of the women. When he comes, he&rsquo;ll lose his heir. The hot Japanese geishas make it very difficult to hold on until the end. Will he finish his training?", "startDate": {"year": 1989, "month": 8, "day": 11}, "endDate": {"year": 1990, "month": 8, "day": 10}, "season": "SUMMER", "episodes": 3, "duration": 30, "genres": ["Hentai"], "averageScore": null, "trending": 0, "popularity": 40, "streamingEpisodes": [], "coverImage": {"large": "https://s3.anilist.co/media/anime/cover/medium/7162.jpg", "medium": "https://s3.anilist.co/media/anime/cover/small/7162.jpg"}, "bannerImage": null, "isAdult": true, "format": "OVA"}, {"id": 7164, "title": {"romaji": "Catman Specials", "english": null}, "type": "ANIME", "status": "FINISHED", "description": "DVD Specials of Catman.", "startDate": {"year": 2002, "month": null, "day": null}, "endDate": {"year": 2008, "month": null, "day": null}, "season": null, "episodes": 3, "duration": 5, "genres": ["Slice of Life"], "averageScore": null, "trending": 0, "popularity": 52, "streamingEpisodes": [], "coverImage": {"large": "https://s3.anilist.co/media/anime/cover/medium/7164.jpg", "medium": "https://s3.anilist.co/media/anime/cover/small/7164.jpg"}, "bannerImage": null, "isAdult": false, "format": "SPECIAL"}, {"id": 7169, "title": {"romaji": "Ibara-Hime mata wa Nemuri-Hime", "english": "Briar Rose"}, "type": "ANIME", "status": "FINISHED", "description": "An alternate retelling of the classic Sleeping Beauty fairy tale.  The story begins in the same way as the original story but our young heroine instead of falling under the mystical spell begins to uncover the mystery of the man who cursed her and his relationship with her mother.  It is a realistic reminder that \"They lived happily ever after...\", may not be as happy as we once envisioned.", "startDate": {"year": 1990, "month": null, "day": null}, "endDate": {"year": 1990, "month": null, "day": null}, "season": null, "episodes": 1, "duration": 22, "genres": ["Supernatural"], "averageScore": null, "trending": 0, "popularity": 97, "streamingEpisodes": [], "coverImage": {"large": "https://s3.anilist.co/media/anime/cover/medium/7169.jpg", "medium": "https://s3.anilist.co/media/anime/cover/small/7169.jpg"}, "bannerImage": null, "isAdult": false, "format": "MOVIE"}, {"id": 7170, "title": {"romaji": "Kataku", "english": null}, "type": "ANIME", "status": "FINISHED", "description": "Many years ago, a young woman named Unai-Otome lived in the village of Ikuta. As she was beautiful it was no surprise that she had two suitors, both deeply in love with her. The girl was torn apart over which one to choose. In her desperation she chose a third option - taking her own life. Although her intentions were absolutely pure, not even in death did she find the solace she desired. Many decades later, a pilgrim walking by her grave meets a beautiful young woman and her story once again rises from the depths of time.... With a plot based on a classic play of Noh traditional theatre, the film presents the peak of Kawamoto&rsquo;s mastery thanks to its expert mediation of the absurdity of the human condition.<br><br>\nSource: <a href=\"http://www.kviff.com/en/film-archive-detail/20050895-house-of-flames/\" target=\"_blank\">http://www.kviff.com/en/film-archive-detail/20050895-house-of-flames/</a>", "startDate": {"year": 1979, "month": null, "day": null}, "endDate": {"year": 1979, "month": null, "day": null}, "season": null, "episodes": 1, "duration": 19, "genres": ["Supernatural"], "averageScore": 47, "trending": 0, "popularity": 194, "streamingEpisodes": [], "coverImage": {"large": "https://s3.anilist.co/media/anime/cover/medium/7170.jpg", "medium": "https://s3.anilist.co/media/anime/cover/small/7170.jpg"}, "bannerImage": null, "isAdult": false, "format": "MOVIE"}, {"id": 7171, "title": {"romaji": "Oni", "english": null}, "type": "ANIME", "status": "FINISHED", "description": "One morning, two brothers living in a hut with their mother set out for the mountains to set traps for deer. They move silently through the forest undergrowth until suddenly a demon's arm reaches out from the treetops and grabs the younger brother. The older brother aims carefully, calms the shaking of his hands and lets an arrow fly, thus saving his brother's life. The demon's arm is left behind and somehow it looks familiar. After returning home a horrible truth is revealed.... Drawing on an early medieval Japanese legend, the film is reminiscent of the horror psychodrama Kwaidan. The Demon (1972) took awards at many animation festivals. <br><br>\n(Source: kviff.com)", "startDate": {"year": 1972, "month": null, "day": null}, "endDate": {"year": 1972, "month": null, "day": null}, "season": null, "episodes": 1, "duration": 8, "genres": ["Supernatural"], "averageScore": 51, "trending": 0, "popularity": 176, "streamingEpisodes": [], "coverImage": {"large": "https://s3.anilist.co/media/anime/cover/medium/7171.jpg", "medium": "https://s3.anilist.co/media/anime/cover/small/7171.jpg"}, "bannerImage": null, "isAdult": false, "format": "MOVIE"}, {"id": 7174, "title": {"romaji": "Usaru-san", "english": null}, "type": "ANIME", "status": "FINISHED", "description": "The Media Factory mascot character franchise revolves around a male rabbit that transforms into Usaru-san by wearing a monkey costume and eating bananas. The title &ldquo;Usaru-san&rdquo; is a portmanteau of &ldquo;usagi&rdquo; (rabbit) and &ldquo;saru&rdquo; (monkey).<br><br>\n(Source: AniDB)", "startDate": {"year": 2009, "month": 10, "day": 3}, "endDate": {"year": 2009, "month": 10, "day": 10}, "season": "FALL", "episodes": 4, "duration": 2, "genres": [], "averageScore": 50, "trending": 0, "popularity": 95, "streamingEpisodes": [], "coverImage": {"large": "https://s3.anilist.co/media/anime/cover/medium/7174.jpg", "medium": "https://s3.anilist.co/media/anime/cover/small/7174.jpg"}, "bannerImage": null, "isAdult": false, "format": "SPECIAL"}, {"id": 7175, "title": {"romaji": "Himitsukessha Taka no Tsume Countdown", "english": null}, "type": "ANIME", "status": "FINISHED", "description": "The second season of Eagle Talon.", "startDate": {"year": 2009, "month": 10, "day": 7}, "endDate": {"year": 2009, "month": 12, "day": 23}, "season": "FALL", "episodes": 12, "duration": 25, "genres": ["Comedy"], "averageScore": null, "trending": 0, "popularity": 30, "streamingEpisodes": [], "coverImage": {"large": "https://s3.anilist.co/media/anime/cover/medium/7175.jpg", "medium": "https://s3.anilist.co/media/anime/cover/small/7175.jpg"}, "bannerImage": null, "isAdult": false, "format": "TV"}, {"id": 7176, "title": {"romaji": "Cheburashka Arere?", "english": null}, "type": "ANIME", "status": "FINISHED", "description": "Based on the Russian \"national character\" Cheburashka. The character comes from Eduard Uspensky's story about a mysterious creature who gets accidentally transported in a box of oranges to Russia.", "startDate": {"year": 2009, "month": 10, "day": 7}, "endDate": {"year": 2010, "month": 3, "day": 31}, "season": "FALL", "episodes": 26, "duration": 3, "genres": ["Comedy"], "averageScore": 53, "trending": 0, "popularity": 188, "streamingEpisodes": [], "coverImage": {"large": "https://s3.anilist.co/media/anime/cover/medium/7176.jpg", "medium": "https://s3.anilist.co/media/anime/cover/small/7176.jpg"}, "bannerImage": null, "isAdult": false, "format": "TV_SHORT"}, {"id": 7177, "title": {"romaji": "Gokyoudai Monogatari", "english": null}, "type": "ANIME", "status": "FINISHED", "description": "Japan's TV Asahi network will premiere a television anime adaptation of Tetsu Adachi's Baka-Kyoudai (Idiotic Siblings) manga under the title Gokyoudai Monogatari (Sibling Stories) on October 10. The original manga has been running on an irregular schedule in Kodansha's Young Magazine since 1999. The story centers on a sister and her twin brother who live carefree lives in Tokyo's lower-class neighborhoods and have heartwarming encounters with the local people. It received an award of excellence at the 7th Cultural Media Arts Festival in 2003. <br><br>\nYuki Matsuoka will voice the sister Onei Jinushi, and Yumiko Kobayashi will play her twin brother Junichir&#333; Jinushi. Sayaka Ohara will play the local restaurant waitress Shizuka.", "startDate": {"year": 2009, "month": 10, "day": 10}, "endDate": {"year": 2010, "month": 6, "day": 26}, "season": "FALL", "episodes": 32, "duration": 19, "genres": ["Comedy"], "averageScore": null, "trending": 0, "popularity": 17, "streamingEpisodes": [], "coverImage": {"large": "https://s3.anilist.co/media/anime/cover/medium/7177.jpg", "medium": "https://s3.anilist.co/media/anime/cover/small/7177.jpg"}, "bannerImage": null, "isAdult": false, "format": "TV"}, {"id": 7178, "title": {"romaji": "Tony's Heroine Series: Kanojo wa Hanayome Kouhosei? Cinderella Collection", "english": null}, "type": "ANIME", "status": "FINISHED", "description": "Original animation with original character designs by Tony Taka.<br>\n<br>\nShinji's parents have died in an accident last year, so he has grown up in an orphanage. Now, a year later, he was approached by Maid under the name Zero who claimed that Shinji's father was the only son of a millionaire. His grandfather now intends Shinji to inherit his business. Shinji does not feel great enough to inherit the company from someone he does not know, especially since he has plans for his own life and wants to eventually marry his childhood friend Sae.\nHis grandfather gave him another choice. If Shinji can find a girl with a certain birthmark, she will be given freedom and no need to inherit and lead the company. The only way that birthmark appears is when the girl reaches a climax. How will Shinji make it out of this deal while still remaining true to his childhood love?<br>\n<br>\n(Source: Nekopoi and Has Been Translated and Edited)", "startDate": {"year": 2009, "month": 10, "day": 25}, "endDate": {"year": 2010, "month": 1, "day": 15}, "season": "FALL", "episodes": 2, "duration": 30, "genres": ["Hentai", "Romance"], "averageScore": 57, "trending": 0, "popularity": 353, "streamingEpisodes": [], "coverImage": {"large": "https://s3.anilist.co/media/anime/cover/medium/nx7178-W51JsEMY0QJN.jpg", "medium": "https://s3.anilist.co/media/anime/cover/small/nx7178-W51JsEMY0QJN.jpg"}, "bannerImage": null, "isAdult": true, "format": "OVA"}, {"id": 7179, "title": {"romaji": "Makai Tenshi Djibril 3", "english": null}, "type": "ANIME", "status": "FINISHED", "description": "Naoto lives a peaceful life after he saved Rika. But one day, the Misty May suddenly appears and Hikari is abducted by her. They are depressed because they can do nothing.... When he has a bath at night, a girl, Nagi, suddenly appears in front of him. Actually, Nagi is an android. One the next day, the Misty May appears again. Rika has a battle against her and Naoto makes up his mind to have sex with Nagi to save Rika...?<br><br>\n(Source: Himeya Shop)", "startDate": {"year": 2009, "month": 9, "day": 25}, "endDate": {"year": 2010, "month": 2, "day": 19}, "season": "FALL", "episodes": 2, "duration": 30, "genres": ["Fantasy", "Hentai", "Supernatural"], "averageScore": 51, "trending": 0, "popularity": 289, "streamingEpisodes": [], "coverImage": {"large": "https://s3.anilist.co/media/anime/cover/medium/7179.jpg", "medium": "https://s3.anilist.co/media/anime/cover/small/7179.jpg"}, "bannerImage": null, "isAdult": true, "format": "OVA"}, {"id": 7189, "title": {"romaji": "Kotatsu Neko", "english": "Table Cat"}, "type": "ANIME", "status": "FINISHED", "description": "Kotatsu Neko is based on a \"live-action science-fiction/fantasy romance\" film of the same name which was released in Japan in 2006. The story is set in a certain neighborhood of Tokyo where two cats live under a kotatsu. Shito is a girlish white cat, while Zero is a cool black cat. The cat's owner, Rei \"Junior\" Fujisaki, is a third-year middle-school hikikomori obsessed with games. He likes a girl in his class, but naturally, he cannot work up the nerve to tell her. Shito herself harbors a secret one-sided love also. <br><br>\n(Source: ANN)", "startDate": {"year": 2009, "month": 10, "day": 3}, "endDate": {"year": 2010, "month": 3, "day": 28}, "season": "FALL", "episodes": 26, "duration": 5, "genres": ["Comedy"], "averageScore": null, "trending": 0, "popularity": 40, "streamingEpisodes": [], "coverImage": {"large": "https://s3.anilist.co/media/anime/cover/medium/7189.jpg", "medium": "https://s3.anilist.co/media/anime/cover/small/7189.jpg"}, "bannerImage": null, "isAdult": false, "format": "TV_SHORT"}, {"id": 7192, "title": {"romaji": "Choujikuu Romanesque Samy: Missing 99", "english": "Superdimensional Romanesque Samy: Missing 99"}, "type": "ANIME", "status": "FINISHED", "description": "Getting caught up in a gang fight would be a bad day in anybody's life. But for high school student Sami Yoshino, things go from bad to worse as she finds herself thrown across time and space to unknown worlds. Now she's caught up in a gang fight of biblical proportions, between the divine masters of the universe and the demons who seek to destroy it. As it turns out, Samy hides phenomenal cosmic powers within her, and the demons will stop at nothing to suppress it. Can Samy ever escape the conflict and return to being a normal girl, or is the whole universe going to die?<br><br>\n(Source: BakaBT)", "startDate": {"year": 1986, "month": 7, "day": 5}, "endDate": {"year": 1986, "month": 7, "day": 5}, "season": "SUMMER", "episodes": 1, "duration": 59, "genres": ["Action", "Sci-Fi"], "averageScore": null, "trending": 0, "popularity": 115, "streamingEpisodes": [], "coverImage": {"large": "https://s3.anilist.co/media/anime/cover/medium/7192.jpg", "medium": "https://s3.anilist.co/media/anime/cover/small/7192.jpg"}, "bannerImage": null, "isAdult": false, "format": "OVA"}, {"id": 7193, "title": {"romaji": "Aoi Bungaku Series", "english": "Blue Literature Series"}, "type": "ANIME", "status": "FINISHED", "description": "The series consists of adaptations of six modern classics of Japanese literature: Osamu Dazai&rsquo;s No Longer Human (Ningen Shikkaku) &amp; Run, Melos! (Hashire, Melos!), Natsume Soseki&rsquo;s Kokoro, Ryunosuke Akutagawa&rsquo;s Hell Screen (Jigoku Hen) &amp; The Spider's Thread (Kumo no Ito), and Ango Sakaguchi's In the Forest, Under Cherries in Full Bloom (Sakura no Mori no Mankai no Shita).<br><br>\nNo Longer Human (Ningen Shikkaku) - A high school student becomes lost and alienated. Despondent and aimless, he falls into a cycle of self abuse, depression and drugs that taints his life for years. Told in three chapters, each chapter deals with a different point in his life and the final chapter leaves him standing alone - an empty and hollow charicature of his former self.<br><br>\nIn the Forest, Under Cherries in Full Bloom (Sakura no Mori no Mankai no Shita) - A love story between a 12th-century woman and a mountain bandit who abducts her.<br><br>\nKokoro - A 1914 tale of a young man's life journey during the Meiji era. The work deals with the transition from the Japanese Meiji society to the modern era, by exploring the friendship between a young man and an older man he calls \"Sensei\". It continues the theme of isolation developed in Soseki's previous works, here in the context of interwoven strands of egoism and guilt, as opposed to shame.<br><br>\nRun, Melos! (Hashire, Melos!) - An updated retelling of a classic Greek tale of the story of Damon and Pythias. The most prominent theme of \"Run, Melos!\" is unwavering friendship. Despite facing hardships, the protagonist Melos does his best to save his friend's life, and in the end his efforts are rewarded.<br><br>\nThe Spider's Thread (Kumo no Ito) - The Buddha Shakyamuni chances to notice a cold-hearted criminal suffering in Hell. But this criminal did perform one single act of kindness in not stepping on a spider in a forest. Moved by this selfless act, Shakyamuni takes the silvery thread of a spider in Paradise and lowers it down into Hell, but it falls upon the criminal to seize the opportunity and pull himself out - if he can.<br><br>\nHell Screen (Jigoku Hen) - A famous artist is commissioned by a great lord to create a series of paintings depicting scenes of the 'Buddhist Hell'. The artist is unable to paint scenes that he has not seen himself, prompting him to torture and torment the Lord's staff to create his imagined images of hell. His creative efforts taint the household, as the story descends into madness and destruction.<br><br>\n(Source: AniDB)", "startDate": {"year": 2009, "month": 10, "day": 11}, "endDate": {"year": 2009, "month": 12, "day": 27}, "season": "FALL", "episodes": 12, "duration": 22, "genres": ["Drama", "Psychological", "Thriller"], "averageScore": 74, "trending": 0, "popularity": 9745, "streamingEpisodes": [], "coverImage": {"large": "https://s3.anilist.co/media/anime/cover/medium/7193.jpg", "medium": "https://s3.anilist.co/media/anime/cover/small/7193.jpg"}, "bannerImage": "https://s3.anilist.co/media/anime/banner/7193-vh46utU8WjIJ.jpg", "isAdult": false, "format": "TV"}, {"id": 7211, "title": {"romaji": "Rose O'Neill Kewpie", "english": null}, "type": "ANIME", "status": "FINISHED", "description": "Kewpie, the babylike doll that the late American artist Rose O'Neill created for Ladies' Home Journal magazine in 1909, will celebrate its 100th anniversary this December with its first animated project.<br><br>\n(Source: ANN)", "startDate": {"year": 2009, "month": 12, "day": 2}, "endDate": {"year": 2010, "month": 5, "day": 26}, "season": "WINTER", "episodes": 26, "duration": 5, "genres": ["Comedy"], "averageScore": null, "trending": 0, "popularity": 19, "streamingEpisodes": [], "coverImage": {"large": "https://s3.anilist.co/media/anime/cover/medium/7211.jpg", "medium": "https://s3.anilist.co/media/anime/cover/small/7211.jpg"}, "bannerImage": null, "isAdult": false, "format": "TV_SHORT"}, {"id": 7216, "title": {"romaji": "Sekai Douwa Anime Zenshuu", "english": null}, "type": "ANIME", "status": "FINISHED", "description": "Each episode tells a different story from Grimm's Fairy Tales. ", "startDate": {"year": 1990, "month": 10, "day": 6}, "endDate": {"year": 1990, "month": 10, "day": 6}, "season": "FALL", "episodes": 10, "duration": 10, "genres": ["Adventure", "Fantasy"], "averageScore": null, "trending": 0, "popularity": 34, "streamingEpisodes": [], "coverImage": {"large": "https://s3.anilist.co/media/anime/cover/medium/7216.jpg", "medium": "https://s3.anilist.co/media/anime/cover/small/7216.jpg"}, "bannerImage": null, "isAdult": false, "format": "OVA"}, {"id": 7222, "title": {"romaji": "Macross Frontier: Sayonara no Tsubasa", "english": "Macross Frontier: The Wings of Farewell"}, "type": "ANIME", "status": "FINISHED", "description": "Second Macross Frontier movie.", "startDate": {"year": 2011, "month": 2, "day": 26}, "endDate": {"year": 2011, "month": 2, "day": 26}, "season": "WINTER", "episodes": 1, "duration": 115, "genres": ["Action", "Mecha", "Music", "Romance", "Sci-Fi"], "averageScore": 77, "trending": 0, "popularity": 2068, "streamingEpisodes": [], "coverImage": {"large": "https://s3.anilist.co/media/anime/cover/medium/7222-wE6tT9tgyW6l.jpg", "medium": "https://s3.anilist.co/media/anime/cover/small/7222-wE6tT9tgyW6l.jpg"}, "bannerImage": null, "isAdult": false, "format": "MOVIE"}, {"id": 7229, "title": {"romaji": "Black Jack ONA", "english": null}, "type": "ANIME", "status": "FINISHED", "description": "Black Jack, a mysterious young unlicensed doctor with godlike skills, travels the world performing feats of impossible surgery, charging vast fees for his services, and challenging the corrupt practices of the medical establishment. This selection of stories, each adapted from a single original manga issue, focuses more on interpersonal relationships and back-story than most other Black Jack series. <br><br>\n(Source: ANN)", "startDate": {"year": 2001, "month": 1, "day": 8}, "endDate": {"year": 2002, "month": 1, "day": 1}, "season": "WINTER", "episodes": 12, "duration": 11, "genres": ["Drama"], "averageScore": null, "trending": 0, "popularity": 183, "streamingEpisodes": [], "coverImage": {"large": "https://s3.anilist.co/media/anime/cover/medium/7229.jpg", "medium": "https://s3.anilist.co/media/anime/cover/small/7229.jpg"}, "bannerImage": null, "isAdult": false, "format": "ONA"}, {"id": 7230, "title": {"romaji": "Hoshi ni Negai wo: Cold Body + Warm Heart", "english": null}, "type": "ANIME", "status": "FINISHED", "description": "Hikari is a girl whose mother Mari has fused with a spaceship. Traveling in the spaceship, Armadillo, Hikari experiences things and encounters people, including a strange boy called Romeo who emerged from the extracted noise she came across on the Web, and her long-lost father Raven.<br><br>\n(Source: AniDB)", "startDate": {"year": 2009, "month": 6, "day": 1}, "endDate": {"year": 2009, "month": 6, "day": 1}, "season": "SUMMER", "episodes": 1, "duration": 22, "genres": ["Adventure", "Sci-Fi"], "averageScore": 53, "trending": 0, "popularity": 190, "streamingEpisodes": [], "coverImage": {"large": "https://s3.anilist.co/media/anime/cover/medium/7230.jpg", "medium": "https://s3.anilist.co/media/anime/cover/small/7230.jpg"}, "bannerImage": null, "isAdult": false, "format": "ONA"}, {"id": 7242, "title": {"romaji": "Sengoku Gyoujin Dullahan: Kagen no Keishousha", "english": "The Inheritor of the Crescent Moon"}, "type": "ANIME", "status": "NOT_YET_RELEASED", "description": "This story re-imagines Japan's violent Sengoku Era - instead of traditional samurai armor, legendary figures like Date Masamune fight wearing Gishin powered suits.<br><br>\nMasamune's armor is called Oryu; however, the robot is too strong for the young Masamune to control, which leads to the death of many people. Fearing the power of Oryu, the other daimyo form an alliance against Masamune in order to destroy it.<br><br>\n(Source: ANN)", "startDate": {"year": null, "month": null, "day": null}, "endDate": {"year": null, "month": null, "day": null}, "season": null, "episodes": null, "duration": null, "genres": ["Action", "Adventure", "Drama", "Mecha"], "averageScore": null, "trending": 0, "popularity": 363, "streamingEpisodes": [], "coverImage": {"large": "https://s3.anilist.co/media/anime/cover/medium/7242.jpg", "medium": "https://s3.anilist.co/media/anime/cover/small/7242.jpg"}, "bannerImage": null, "isAdult": false, "format": "TV"}, {"id": 7243, "title": {"romaji": "Suisei", "english": null}, "type": "ANIME", "status": "FINISHED", "description": "The stream of a mil, an apple flows down through the stream, where innumerable illusion of fish appears and disappears in the sky reflected in the water.", "startDate": {"year": 1987, "month": null, "day": null}, "endDate": {"year": 1987, "month": null, "day": null}, "season": null, "episodes": 1, "duration": 5, "genres": ["Comedy"], "averageScore": 45, "trending": 0, "popularity": 140, "streamingEpisodes": [], "coverImage": {"large": "https://s3.anilist.co/media/anime/cover/medium/7243.jpg", "medium": "https://s3.anilist.co/media/anime/cover/small/7243.jpg"}, "bannerImage": null, "isAdult": false, "format": "MOVIE"}, {"id": 7244, "title": {"romaji": "Hyakka Zukan", "english": "Japanese-English Pictionary"}, "type": "ANIME", "status": "FINISHED", "description": "A short film by Koji Yamamura.", "startDate": {"year": 1989, "month": null, "day": null}, "endDate": {"year": 1989, "month": null, "day": null}, "season": null, "episodes": 1, "duration": 12, "genres": ["Comedy"], "averageScore": 45, "trending": 0, "popularity": 93, "streamingEpisodes": [], "coverImage": {"large": "https://s3.anilist.co/media/anime/cover/medium/7244.jpg", "medium": "https://s3.anilist.co/media/anime/cover/small/7244.jpg"}, "bannerImage": null, "isAdult": false, "format": "MOVIE"}, {"id": 7245, "title": {"romaji": "Sekai Meisaku Douwa: Wow! Maerchen Oukoku", "english": "The World's Most Famous Tales"}, "type": "ANIME", "status": "FINISHED", "description": "Based on Western tales from the usual suspects: 1001 Nights, C. Perrault , Beaumont , J. &amp; W. Grimm , H. C. Andersen , C. Collodi , English fairytale , H. Pyle , L. Carrol , J. Swift , A. Dumas , E. T. A Hoffman , L. F. Baum , J. Spyri <br><br>\nOnly 21 stories were broadcast with the last 5 being released on VHS.", "startDate": {"year": 1995, "month": 4, "day": 7}, "endDate": {"year": 1995, "month": 9, "day": 29}, "season": "SPRING", "episodes": 26, "duration": 24, "genres": ["Fantasy"], "averageScore": null, "trending": 0, "popularity": 53, "streamingEpisodes": [], "coverImage": {"large": "https://s3.anilist.co/media/anime/cover/medium/7245.jpg", "medium": "https://s3.anilist.co/media/anime/cover/small/7245.jpg"}, "bannerImage": null, "isAdult": false, "format": "TV"}, {"id": 7247, "title": {"romaji": "Naked Wolves", "english": null}, "type": "ANIME", "status": "FINISHED", "description": "In the Flash-animated television comedy series, a sumo wrestler named Mikoshiarashi travels around the world to train to become the Yokozuna, the Grand Sumo Champion. He meets colorful characters along the way as he is determined to meet his goals. ", "startDate": {"year": 2009, "month": 4, "day": 6}, "endDate": {"year": 2010, "month": 3, "day": 28}, "season": "SPRING", "episodes": 52, "duration": 5, "genres": ["Action", "Comedy", "Sports"], "averageScore": null, "trending": 0, "popularity": 46, "streamingEpisodes": [{"title": "Episode 1 - New Year's Tournament", "url": "http://www.crunchyroll.com/naked-wolves/episode-1-new-years-tournament-533498"}, {"title": "Episode 2 - L.A. Tournament", "url": "http://www.crunchyroll.com/naked-wolves/episode-2-la-tournament-533500"}, {"title": "Episode 3 - Montreal Tournament", "url": "http://www.crunchyroll.com/naked-wolves/episode-3-montreal-tournament-533502"}, {"title": "Episode 4 - New York Tournament", "url": "http://www.crunchyroll.com/naked-wolves/episode-4-new-york-tournament-533504"}, {"title": "Episode 5 - Cleveland Tournament", "url": "http://www.crunchyroll.com/naked-wolves/episode-5-cleveland-tournament-533506"}, {"title": "Episode 6 - D.C. Tournament", "url": "http://www.crunchyroll.com/naked-wolves/episode-6-dc-tournament-533508"}, {"title": "Episode 7 - Mexico Tournament", "url": "http://www.crunchyroll.com/naked-wolves/episode-7-mexico-tournament-533510"}, {"title": "Episode 8 - Cuba Tournament", "url": "http://www.crunchyroll.com/naked-wolves/episode-8-cuba-tournament-533512"}, {"title": "Episode 9 - Jamaica Tournament", "url": "http://www.crunchyroll.com/naked-wolves/episode-9-jamaica-tournament-533514"}, {"title": "Episode 10 - Rio de Janeiro Tournament", "url": "http://www.crunchyroll.com/naked-wolves/episode-10-rio-de-janeiro-tournament-533516"}, {"title": "Episode 11 - Amazon Tournament", "url": "http://www.crunchyroll.com/naked-wolves/episode-11-amazon-tournament-533518"}, {"title": "Episode 12 - Columbia Tournament", "url": "http://www.crunchyroll.com/naked-wolves/episode-12-columbia-tournament-533520"}, {"title": "Episode 13 - Argentina Tournament", "url": "http://www.crunchyroll.com/naked-wolves/episode-13-argentina-tournament-533522"}, {"title": "Episode 14 - Caribbean Sea Tournament", "url": "http://www.crunchyroll.com/naked-wolves/episode-14-caribbean-sea-tournament-533524"}, {"title": "Episode 15 - Atlantic Ocean Tournament", "url": "http://www.crunchyroll.com/naked-wolves/episode-15-atlantic-ocean-tournament-533526"}, {"title": "Episode 16 - Pamplona Tournament", "url": "http://www.crunchyroll.com/naked-wolves/episode-16-pamplona-tournament-533528"}, {"title": "Episode 17 - Barcelona Tournament", "url": "http://www.crunchyroll.com/naked-wolves/episode-17-barcelona-tournament-533530"}, {"title": "Episode 18 - Paris Tournament", "url": "http://www.crunchyroll.com/naked-wolves/episode-18-paris-tournament-533532"}, {"title": "Episode 19 - Paris Collection Tournament", "url": "http://www.crunchyroll.com/naked-wolves/episode-19-paris-collection-tournament-533534"}, {"title": "Episode 20 - Bourgogne Tournament", "url": "http://www.crunchyroll.com/naked-wolves/episode-20-bourgogne-tournament-533536"}, {"title": "Episode 21 - London Tournament", "url": "http://www.crunchyroll.com/naked-wolves/episode-21-london-tournament-533538"}, {"title": "Episode 22 - Scotland Tournament", "url": "http://www.crunchyroll.com/naked-wolves/episode-22-scotland-tournament-533540"}, {"title": "Episode 23 - Stuttgart Tournament", "url": "http://www.crunchyroll.com/naked-wolves/episode-23-stuttgart-tournament-533912"}, {"title": "Episode 24 - Hesse Tournament", "url": "http://www.crunchyroll.com/naked-wolves/episode-24-hesse-tournament-533914"}, {"title": "Episode 25 - Alps Tournament", "url": "http://www.crunchyroll.com/naked-wolves/episode-25-alps-tournament-534310"}, {"title": "Episode 26 - Switzerland Tournament", "url": "http://www.crunchyroll.com/naked-wolves/episode-26-switzerland-tournament-534482"}, {"title": "Episode 27 - Love Tournament", "url": "http://www.crunchyroll.com/naked-wolves/episode-27-love-tournament-535118"}, {"title": "Episode 28 - Champion's Tournament - Preliminaries", "url": "http://www.crunchyroll.com/naked-wolves/episode-28-champions-tournament-preliminaries-535142"}, {"title": "Episode 29 - Champion's Tournament - Finals", "url": "http://www.crunchyroll.com/naked-wolves/episode-29-champions-tournament-finals-535364"}, {"title": "Episode 30 - Champion's Tournament - Conclusion", "url": "http://www.crunchyroll.com/naked-wolves/episode-30-champions-tournament-conclusion-535436"}, {"title": "Episode 31 - Austria Tournament", "url": "http://www.crunchyroll.com/naked-wolves/episode-31-austria-tournament-536186"}, {"title": "Episode 32 - Sweden Tournament", "url": "http://www.crunchyroll.com/naked-wolves/episode-32-sweden-tournament-536188"}, {"title": "Episode 33 - Finland Tournament", "url": "http://www.crunchyroll.com/naked-wolves/episode-33-finland-tournament-536190"}, {"title": "Episode 34 - Russia Tournament", "url": "http://www.crunchyroll.com/naked-wolves/episode-34-russia-tournament-536714"}, {"title": "Episode 35 - Romania Tournament", "url": "http://www.crunchyroll.com/naked-wolves/episode-35-romania-tournament-537010"}, {"title": "Episode 36 - Greece Tournament", "url": "http://www.crunchyroll.com/naked-wolves/episode-36-greece-tournament-537012"}, {"title": "Episode 37 - Turkey Tournament", "url": "http://www.crunchyroll.com/naked-wolves/episode-37-turkey-tournament-538262"}, {"title": "Episode 38 - Egypt Tournament", "url": "http://www.crunchyroll.com/naked-wolves/episode-38-egypt-tournament-538396"}, {"title": "Episode 39 - Kenya Tournament", "url": "http://www.crunchyroll.com/naked-wolves/episode-39-kenya-tournament-538488"}, {"title": "Episode 40 - South Africa Tournament", "url": "http://www.crunchyroll.com/naked-wolves/episode-40-south-africa-tournament-538490"}, {"title": "Episode 41 - Abu Dhabi Tournament", "url": "http://www.crunchyroll.com/naked-wolves/episode-41-abu-dhabi-tournament-538492"}, {"title": "Episode 42 - India Tournament", "url": "http://www.crunchyroll.com/naked-wolves/episode-42-india-tournament-539276"}, {"title": "Episode 43 - Thailand Tournament", "url": "http://www.crunchyroll.com/naked-wolves/episode-43-thailand-tournament-539360"}, {"title": "Episode 44 - Mongolia Tournament", "url": "http://www.crunchyroll.com/naked-wolves/episode-44-mongolia-tournament-539420"}, {"title": "Episode 45 - Korea Tournament", "url": "http://www.crunchyroll.com/naked-wolves/episode-45-korea-tournament-539422"}, {"title": "Episode 46 - China Tournament", "url": "http://www.crunchyroll.com/naked-wolves/episode-46-china-tournament-539592"}, {"title": "Episode 47 - Macao Tournament", "url": "http://www.crunchyroll.com/naked-wolves/episode-47-macao-tournament-539594"}, {"title": "Episode 48 - Australia Tournament", "url": "http://www.crunchyroll.com/naked-wolves/episode-48-australia-tournament-539786"}, {"title": "Episode 49 - Hawaii Tournament", "url": "http://www.crunchyroll.com/naked-wolves/episode-49-hawaii-tournament-539788"}, {"title": "Episode 50 - Tokyo Tournament", "url": "http://www.crunchyroll.com/naked-wolves/episode-50-tokyo-tournament-539822"}, {"title": "Episode 51 - Final Tournament - Part 1", "url": "http://www.crunchyroll.com/naked-wolves/episode-51-final-tournament-part-1-539824"}, {"title": "Episode 52 - Final Tournament - Part 2", "url": "http://www.crunchyroll.com/naked-wolves/episode-52-final-tournament-part-2-540470"}], "coverImage": {"large": "https://s3.anilist.co/media/anime/cover/medium/7247.jpg", "medium": "https://s3.anilist.co/media/anime/cover/small/7247.jpg"}, "bannerImage": null, "isAdult": false, "format": "TV_SHORT"}, {"id": 7248, "title": {"romaji": "Gunbuster Renewal EX", "english": "Gunbuster Renewal EX"}, "type": "ANIME", "status": "FINISHED", "description": "A series of shorts related to Gunbuster.", "startDate": {"year": 2004, "month": 5, "day": 14}, "endDate": {"year": 2005, "month": 4, "day": 7}, "season": "SPRING", "episodes": 3, "duration": 2, "genres": ["Mecha"], "averageScore": 51, "trending": 0, "popularity": 644, "streamingEpisodes": [], "coverImage": {"large": "https://s3.anilist.co/media/anime/cover/medium/7248.jpg", "medium": "https://s3.anilist.co/media/anime/cover/small/7248.jpg"}, "bannerImage": null, "isAdult": false, "format": "SPECIAL"}]}}}