{"data": {"Page": {"pageInfo": {"total": 12297, "hasNextPage": true}, "media": [{"id": 1866, "title": {"romaji": "Seirei Tsukai", "english": null}, "type": "ANIME", "status": "FINISHED", "description": "Based on the manga by Okazaki Takeshi begun in 1990.<br><br>\nAfter a family tragedy, Kagura is left with only his beloved friend Asami for consolation. Meanwhile, there is a war beginning in the spiritual world. Beings known as \"Elementalors\" call upon power from spirits to maintain harmony in the world by balancing individual forces of nature. Lord Shiki, a water Elementalor, kidnaps Asami in order to use special powers she posesses to retrieve his daughter, who has been imprisioned for nearly destroying the Earth. Kagura discovers that he is also an Elementalor - a very powerful one. He must join forces with other Elementalors to save Asami and prevent Lord Shiki from causing a great imbalance by releasing his daughter.<br><br>\n(Source: ANN) ", "startDate": {"year": 1995, "month": 4, "day": 1}, "endDate": {"year": 1995, "month": 4, "day": 1}, "season": "SPRING", "episodes": 1, "duration": 48, "genres": ["Action", "Adventure", "Fantasy", "Romance"], "averageScore": 47, "trending": 0, "popularity": 203, "streamingEpisodes": [], "coverImage": {"large": "https://s3.anilist.co/media/anime/cover/medium/1866.jpg", "medium": "https://s3.anilist.co/media/anime/cover/small/1866.jpg"}, "bannerImage": null, "isAdult": false, "format": "MOVIE"}, {"id": 1867, "title": {"romaji": "Oira Uchuu no Tankoufu", "english": "Mighty Space Miners"}, "type": "ANIME", "status": "FINISHED", "description": "In the mid-21st century, mankind has begun the exploration of space, and one company, Planet Catcher Corporation, has pioneered capturing asteroids and comets to mine the resources within them for use on Earth. On one such asteroid, Tortatis, lives 12-year-old Nanbu Ushiwaka - the only child ever to be born in space and survive.<br><br>\nBut survival itself is no longer guaranteed - a military satellite triggers a disaster during a operation to capture Halley`s Comet, and Ushiwaka and his fellow colonists must find a way to survive when both their country and their company abandon them. Can they escape before the nuclear reactor on the asteroid melts down? Or are they doomed to die as they lived, among the stars?<br><br>\n(Source: AniDB)", "startDate": {"year": 1994, "month": 11, "day": 11}, "endDate": {"year": 1995, "month": 1, "day": 27}, "season": "FALL", "episodes": 2, "duration": 25, "genres": ["Action", "Adventure", "Sci-Fi"], "averageScore": null, "trending": 0, "popularity": 145, "streamingEpisodes": [], "coverImage": {"large": "https://s3.anilist.co/media/anime/cover/medium/1867.jpg", "medium": "https://s3.anilist.co/media/anime/cover/small/1867.jpg"}, "bannerImage": null, "isAdult": false, "format": "OVA"}, {"id": 1868, "title": {"romaji": "Gin'iro no Olynsis", "english": null}, "type": "ANIME", "status": "FINISHED", "description": "AD 3567. The human beings have lost their once civilization, and they are living on the desolated grounds. Although their lives are frightened by Gardener, a mysterious unmanned mobile weapon sent from the moon, strong boys and girls become Gardener hunters to earn daily bread. Furthermore, although the civilization was ruined, because of the high-tech maintenance free technologies, limited functions of cities are still working to support people's lives. Then, a boy's visit to a city opens the door of their destinies...<br><br>\n(Source: AniDB) ", "startDate": {"year": 2006, "month": 10, "day": 6}, "endDate": {"year": 2006, "month": 12, "day": 22}, "season": "FALL", "episodes": 12, "duration": 23, "genres": ["Adventure", "Drama", "Mecha", "Romance"], "averageScore": 52, "trending": 0, "popularity": 398, "streamingEpisodes": [], "coverImage": {"large": "https://s3.anilist.co/media/anime/cover/medium/1868.jpg", "medium": "https://s3.anilist.co/media/anime/cover/small/1868.jpg"}, "bannerImage": null, "isAdult": false, "format": "TV"}, {"id": 1869, "title": {"romaji": "Nana Recaps", "english": null}, "type": "ANIME", "status": "FINISHED", "description": "<b>Please note that this entry is marked for deletion due to not meeting database guidelines.</b><br><br>Nana Episode 11.5: Junko's Room <br>\nNana Episode 21.5: Junko's Room 2 <br>\nNana Episode 36.5: Junko's Room 3 ", "startDate": {"year": 2006, "month": 6, "day": 21}, "endDate": {"year": 2007, "month": 1, "day": 10}, "season": "SUMMER", "episodes": 3, "duration": 23, "genres": ["Comedy", "Drama", "Music", "Romance", "Slice of Life"], "averageScore": 64, "trending": 0, "popularity": 1027, "streamingEpisodes": [], "coverImage": {"large": "https://s3.anilist.co/media/anime/cover/medium/1869.jpg", "medium": "https://s3.anilist.co/media/anime/cover/small/1869.jpg"}, "bannerImage": null, "isAdult": false, "format": "SPECIAL"}, {"id": 1872, "title": {"romaji": "Saru Getchu: On Air", "english": "Ape Escape"}, "type": "ANIME", "status": "FINISHED", "description": "An evil monkey, Specter, has escaped a circus, using a mind-controlling device which allows him to become smarter and have access to controlling the monkeys. Kakeru is called over by a professor in order to capture all the monkeys, including the one's who's controlling them: Specter.<br><br>\n(Source: ANN)", "startDate": {"year": 2006, "month": 4, "day": 8}, "endDate": {"year": 2006, "month": 9, "day": 30}, "season": "SPRING", "episodes": 26, "duration": 15, "genres": ["Adventure", "Comedy", "Fantasy", "Romance"], "averageScore": null, "trending": 0, "popularity": 65, "streamingEpisodes": [], "coverImage": {"large": "https://s3.anilist.co/media/anime/cover/medium/1872.jpg", "medium": "https://s3.anilist.co/media/anime/cover/small/1872.jpg"}, "bannerImage": null, "isAdult": false, "format": "TV_SHORT"}, {"id": 1873, "title": {"romaji": "Plawres Sanshirou", "english": "Plastic Model Wrestling Sanshiro"}, "type": "ANIME", "status": "FINISHED", "description": "Plawres is a wrestling game that the players make their robots, which are about 30 cm tall, fight in the ring. The main character, Sugata Sanshiro, is a plawres player. Using his plawrestler, Juohmaru, he beats strong rivals.<br><br>\n(Source: ANN)", "startDate": {"year": 1983, "month": 6, "day": 5}, "endDate": {"year": 1984, "month": 2, "day": 26}, "season": "SUMMER", "episodes": 37, "duration": 25, "genres": ["Adventure", "Mecha", "Sci-Fi", "Sports"], "averageScore": 52, "trending": 0, "popularity": 194, "streamingEpisodes": [], "coverImage": {"large": "https://s3.anilist.co/media/anime/cover/medium/1873.jpg", "medium": "https://s3.anilist.co/media/anime/cover/small/1873.jpg"}, "bannerImage": null, "isAdult": false, "format": "TV"}, {"id": 1874, "title": {"romaji": "Love Love? Specials", "english": null}, "type": "ANIME", "status": "FINISHED", "description": "DVD Special containing:<br><br>\nRhapsody of July (DVD Episode 2.5)<br>\nIf it becomes September (DVD Episode 3.5)<br>\nBitch Actress dropped into Hell (DVD Episode 5.5)<br>\nHistory is Made Through Women (DVD Episode 9.5)", "startDate": {"year": 2004, "month": 9, "day": 28}, "endDate": {"year": 2005, "month": 1, "day": 26}, "season": "FALL", "episodes": 4, "duration": 15, "genres": ["Comedy", "Ecchi", "Romance"], "averageScore": 49, "trending": 0, "popularity": 359, "streamingEpisodes": [], "coverImage": {"large": "https://s3.anilist.co/media/anime/cover/medium/1874.jpg", "medium": "https://s3.anilist.co/media/anime/cover/small/1874.jpg"}, "bannerImage": null, "isAdult": false, "format": "SPECIAL"}, {"id": 1878, "title": {"romaji": "Kaze no Shoujo Emily", "english": "Emily of New Moon"}, "type": "ANIME", "status": "FINISHED", "description": "Based on the Emily of New Moon novel by Lucy Maud Montgomery. Emily is an orphan who gets sent to live with her relatives on Prince Edward Island, after her father dies. In New Moon she lives with her Aunt Elizabeth, Aunt Laura, and Cousin Jimmy, and learns to adapt with the help of her imagination and new friends. <br><br>\n(Source: ANN)<br>", "startDate": {"year": 2007, "month": 4, "day": 7}, "endDate": {"year": 2007, "month": 9, "day": 29}, "season": "SPRING", "episodes": 26, "duration": 25, "genres": ["Drama"], "averageScore": 58, "trending": 0, "popularity": 379, "streamingEpisodes": [], "coverImage": {"large": "https://s3.anilist.co/media/anime/cover/medium/1878.jpg", "medium": "https://s3.anilist.co/media/anime/cover/small/1878.jpg"}, "bannerImage": null, "isAdult": false, "format": "TV"}, {"id": 1879, "title": {"romaji": "Goku: Midnight Eye", "english": null}, "type": "ANIME", "status": "FINISHED", "description": "Furinji Goku is a detective who has an &ldquo;eye of god&rdquo;.<br><br>\nWhile he was investigating the murder case of his colleague when he had been an officer, he was pressured to stop it by the police executives. However, he continue investigating, and he lost his left eye. When he was about to be killed, a mysterious group helped him and transplant an artificial eye. The eye was a super technological device that connected to the whole computer network in the world, and enabled him to control any computers.<br><br>\n(Source: AnimeNfo)", "startDate": {"year": 1989, "month": 1, "day": 27}, "endDate": {"year": 1989, "month": 1, "day": 27}, "season": "WINTER", "episodes": 1, "duration": 50, "genres": ["Action", "Drama", "Sci-Fi"], "averageScore": 57, "trending": 0, "popularity": 485, "streamingEpisodes": [], "coverImage": {"large": "https://s3.anilist.co/media/anime/cover/medium/1879.jpg", "medium": "https://s3.anilist.co/media/anime/cover/small/1879.jpg"}, "bannerImage": null, "isAdult": false, "format": "OVA"}, {"id": 1880, "title": {"romaji": "Goku II: Midnight Eye", "english": null}, "type": "ANIME", "status": "FINISHED", "description": "Goku, the lone wolf private detective is back, contracted by Yoshiko, a mysterious, beautiful and very afraid woman, to find and save her brother, Ryu. Will Goku be able to protect Yoshiko from her step father`s soldiers long enough to find her brother? Meanwhile Ryu, the unfortunate subject of a military experiment gone bad, leaves a trail of bodies behind him and has no intention of being found or saved by anyone. Will Goku have to kill the man he is supposed to save? Will even his omniscient cybernetic eye and sceptre be enough to help him defeat this indestructible killing machine?<br><br>\n(Source: AniDB)", "startDate": {"year": 1989, "month": 12, "day": 22}, "endDate": {"year": 1989, "month": 12, "day": 22}, "season": "WINTER", "episodes": 1, "duration": 53, "genres": ["Action", "Adventure", "Mystery", "Sci-Fi"], "averageScore": 54, "trending": 0, "popularity": 260, "streamingEpisodes": [], "coverImage": {"large": "https://s3.anilist.co/media/anime/cover/medium/1880.jpg", "medium": "https://s3.anilist.co/media/anime/cover/small/1880.jpg"}, "bannerImage": null, "isAdult": false, "format": "OVA"}, {"id": 1881, "title": {"romaji": "Sasami: Mahou Shoujo Club", "english": "Sasami Magical Girls Club"}, "type": "ANIME", "status": "FINISHED", "description": "In this world, there live a group of people who call themselves \"Majo\" or \"Magical Girls\". They hide their powers so as to assimilate into the environment. They have been living together in harmony with the humans for many years to come, and their predecessors continue to do so. Sasami was enthroned with magical powers since her birth. However, at the age of three, she was told by her parents never to use her innate powers and from then on, had kept it a secret from everyone. On the day of a new school term, a new transfer teacher by the name of Wajuu arrives and from then on, Sasami's life begins to change tremendously.<br><br>\n(Source: ANN)", "startDate": {"year": 2006, "month": 4, "day": 13}, "endDate": {"year": 2006, "month": 7, "day": 13}, "season": "SPRING", "episodes": 13, "duration": 25, "genres": ["Fantasy"], "averageScore": 52, "trending": 0, "popularity": 442, "streamingEpisodes": [], "coverImage": {"large": "https://s3.anilist.co/media/anime/cover/medium/1881.jpg", "medium": "https://s3.anilist.co/media/anime/cover/small/1881.jpg"}, "bannerImage": null, "isAdult": false, "format": "TV"}, {"id": 1882, "title": {"romaji": "Sasami: Mahou Shoujo Club 2", "english": "Sasami Magical Girls Club"}, "type": "ANIME", "status": "FINISHED", "description": "In this world, there live a group of people who call themselves \"Majo\" or \"Magical Girls\". They hide their powers so as to assimilate into the environment. They have been living together in harmony with the humans for many years to come, and their predecessors continue to do so. Sasami was enthroned with magical powers since her birth. However, at the age of three, she was told by her parents never to use her innate powers and from then on, had kept it a secret from everyone. On the day of a new school term, a new transfer teacher by the name of Wajuu arrives and from then on, Sasami's life begins to change tremendously.<br><br>\n(Source: ANN)", "startDate": {"year": 2006, "month": 10, "day": 5}, "endDate": {"year": 2007, "month": 1, "day": 11}, "season": "FALL", "episodes": 13, "duration": 25, "genres": ["Fantasy"], "averageScore": 51, "trending": 0, "popularity": 241, "streamingEpisodes": [], "coverImage": {"large": "https://s3.anilist.co/media/anime/cover/medium/1882.jpg", "medium": "https://s3.anilist.co/media/anime/cover/small/1882.jpg"}, "bannerImage": null, "isAdult": false, "format": "TV"}, {"id": 1883, "title": {"romaji": "Kappa no Kaikata", "english": "How to Breed Kappas"}, "type": "ANIME", "status": "FINISHED", "description": "A young man passes a pet shop on his way home, and seeing a kappa in the window, decides to buy it on a whim. He brings the creature home, and names him Kaatan. He's never owned a kappa before, so he relies heavily on a book he purchased on the subject of raising and training kappa. The books gives several good tips for bringing up a smart and well behaved kappa, and it all seems very simple. Unfortunately, putting these techniques into practice and actually making them work is not quite as easy as the book implies. Kaatan seems to understand things at first, but usually ends up either forgetting what he's learned, or isn't interested in learning in the first place. However, this particular young man has a lot of patience, and continues his possibly fruitless effort to raise Kaatan into a pet he can be proud of.<br><br>\n(Source: ANN)", "startDate": {"year": 2004, "month": 10, "day": 4}, "endDate": {"year": 2005, "month": 4, "day": 4}, "season": "FALL", "episodes": 26, "duration": 4, "genres": ["Comedy"], "averageScore": 51, "trending": 0, "popularity": 141, "streamingEpisodes": [], "coverImage": {"large": "https://s3.anilist.co/media/anime/cover/medium/1883.jpg", "medium": "https://s3.anilist.co/media/anime/cover/small/1883.jpg"}, "bannerImage": null, "isAdult": false, "format": "TV_SHORT"}, {"id": 1884, "title": {"romaji": "Hime-sama Goyoujin", "english": "Princess Beware"}, "type": "ANIME", "status": "FINISHED", "description": "Himeko is supposed to be a common high school student&hellip;until she happens to obtain a crown and she becomes a princess. Since then, Nana, the true princess, follows her around to take the crown back. In addition, Leslie and Caren, the thieves, appear to rob her of the crown, and her peaceful life turns into turmoil.<br><br>\n(Source: AnimeNfo)", "startDate": {"year": 2006, "month": 4, "day": 13}, "endDate": {"year": 2006, "month": 7, "day": 20}, "season": "SPRING", "episodes": 12, "duration": 24, "genres": ["Comedy"], "averageScore": 49, "trending": 0, "popularity": 164, "streamingEpisodes": [], "coverImage": {"large": "https://s3.anilist.co/media/anime/cover/medium/1884.jpg", "medium": "https://s3.anilist.co/media/anime/cover/small/1884.jpg"}, "bannerImage": null, "isAdult": false, "format": "TV"}, {"id": 1885, "title": {"romaji": "Master of Epic: The Animation Age", "english": null}, "type": "ANIME", "status": "FINISHED", "description": "Skits, vignettes, and interludes featuring an RPG called Master of Epic. <br><br>\n(Source: ANN)", "startDate": {"year": 2007, "month": 1, "day": 8}, "endDate": {"year": 2007, "month": 3, "day": 26}, "season": "WINTER", "episodes": 12, "duration": 24, "genres": ["Comedy", "Fantasy"], "averageScore": null, "trending": 0, "popularity": 143, "streamingEpisodes": [], "coverImage": {"large": "https://s3.anilist.co/media/anime/cover/medium/1885.jpg", "medium": "https://s3.anilist.co/media/anime/cover/small/1885.jpg"}, "bannerImage": null, "isAdult": false, "format": "TV"}, {"id": 1886, "title": {"romaji": "Fushigiboshi no Futagohime Gyu!", "english": "Twin Princesses of the Wonder Planet"}, "type": "ANIME", "status": "FINISHED", "description": "Fine and Rein are sent to the Royal Wonder Academy on the Royal Wonder Planet in order to study to become better princesses. They plan to make many friends, but unfortunately, the competition and cold nature of the students and teachers make things impossible. The twins also become Universal Princesses when touching the legendary Soleil Bell, releasing two angels named Pyupyu and Kyukyu to help aid them. Unfortunately, an evil force manifested in a painting doesn't seem to be satisfied about the Universal Princesses... <br><br>\n(Source: ANN)", "startDate": {"year": 2006, "month": 4, "day": 1}, "endDate": {"year": 2007, "month": 3, "day": 31}, "season": "SPRING", "episodes": 52, "duration": 24, "genres": ["Comedy", "Mahou Shoujo"], "averageScore": 57, "trending": 0, "popularity": 216, "streamingEpisodes": [], "coverImage": {"large": "https://s3.anilist.co/media/anime/cover/medium/1886.jpg", "medium": "https://s3.anilist.co/media/anime/cover/small/1886.jpg"}, "bannerImage": null, "isAdult": false, "format": "TV"}, {"id": 1887, "title": {"romaji": "Lucky\u2606Star", "english": "Lucky\u2606Star"}, "type": "ANIME", "status": "FINISHED", "description": "Having fun in school, doing homework together, cooking and eating, playing videogames, watching anime. All those little things make up the daily life of the anime- and chocolate-loving Izumi Konata and her friends. Sometimes relaxing but more than often simply funny! <br><br>\n(Source: AniDB)", "startDate": {"year": 2007, "month": 4, "day": 8}, "endDate": {"year": 2007, "month": 9, "day": 17}, "season": "SPRING", "episodes": 24, "duration": 24, "genres": ["Comedy", "Slice of Life"], "averageScore": 74, "trending": 0, "popularity": 24375, "streamingEpisodes": [{"title": "Episode 1 - The Girl Who Dashes Off", "url": "http://www.crunchyroll.com/lucky-star/episode-1-the-girl-who-dashes-off-751179"}, {"title": "Episode 2 - Efforts and Results", "url": "http://www.crunchyroll.com/lucky-star/episode-2-efforts-and-results-751181"}, {"title": "Episode 3 - Various People", "url": "http://www.crunchyroll.com/lucky-star/episode-3-various-people-751183"}, {"title": "Episode 4 - A Question of Motivation", "url": "http://www.crunchyroll.com/lucky-star/episode-4-a-question-of-motivation-751185"}, {"title": "Episode 5 - The Famous Shooter", "url": "http://www.crunchyroll.com/lucky-star/episode-5-the-famous-shooter-751187"}, {"title": "Episode 6 - Fixtures of Summer", "url": "http://www.crunchyroll.com/lucky-star/episode-6-fixtures-of-summer-751189"}, {"title": "Episode 7 - Image", "url": "http://www.crunchyroll.com/lucky-star/episode-7-image-751191"}, {"title": "Episode 8 - Energetic Despite Not Being Myself", "url": "http://www.crunchyroll.com/lucky-star/episode-8-energetic-despite-not-being-myself-751193"}, {"title": "Episode 9 - That Feeling", "url": "http://www.crunchyroll.com/lucky-star/episode-9-that-feeling-751195"}, {"title": "Episode 10 - Desires", "url": "http://www.crunchyroll.com/lucky-star/episode-10-desires-751199"}, {"title": "Episode 11 - Various Ways to Spend Christmas Eve", "url": "http://www.crunchyroll.com/lucky-star/episode-11-various-ways-to-spend-christmas-eve-751201"}, {"title": "Episode 12 - Let's Go to the Festival", "url": "http://www.crunchyroll.com/lucky-star/episode-12-lets-go-to-the-festival-751205"}, {"title": "Episode 13 - Delicious Day", "url": "http://www.crunchyroll.com/lucky-star/episode-13-delicious-day-751209"}, {"title": "Episode 14 - Under One Roof", "url": "http://www.crunchyroll.com/lucky-star/episode-14-under-one-roof-751211"}, {"title": "Episode 15 - I Can't Suddenly Change", "url": "http://www.crunchyroll.com/lucky-star/episode-15-i-cant-suddenly-change-751213"}, {"title": "Episode 16 - Ring", "url": "http://www.crunchyroll.com/lucky-star/episode-16-ring-751215"}, {"title": "Episode 17 - Base of the Sun", "url": "http://www.crunchyroll.com/lucky-star/episode-17-base-of-the-sun-751217"}, {"title": "Episode 18 - To Each Her Own", "url": "http://www.crunchyroll.com/lucky-star/episode-18-to-each-her-own-751221"}, {"title": "Episode 19 - There's Substance in 2-D", "url": "http://www.crunchyroll.com/lucky-star/episode-19-theres-substance-in-2-d-751223"}, {"title": "Episode 20 - Ways to Spend Summer", "url": "http://www.crunchyroll.com/lucky-star/episode-20-ways-to-spend-summer-751227"}, {"title": "Episode 21 - Pandora's Box", "url": "http://www.crunchyroll.com/lucky-star/episode-21-pandoras-box-751229"}, {"title": "Episode 22 - The Yonder Here", "url": "http://www.crunchyroll.com/lucky-star/episode-22-the-yonder-here-751231"}, {"title": "Episode 23 - Delicate Line", "url": "http://www.crunchyroll.com/lucky-star/episode-23-delicate-line-751235"}, {"title": "Episode 24 - To Be Decided", "url": "http://www.crunchyroll.com/lucky-star/episode-24-to-be-decided-751237"}], "coverImage": {"large": "https://s3.anilist.co/media/anime/cover/medium/1887-lNXkpbfi9PQf.jpg", "medium": "https://s3.anilist.co/media/anime/cover/small/1887-lNXkpbfi9PQf.jpg"}, "bannerImage": "https://s3.anilist.co/media/anime/banner/1887-wsvLo25cHip4.png", "isAdult": false, "format": "TV"}, {"id": 1888, "title": {"romaji": "Ichigo Mashimaro OVA", "english": "Strawberry Marshmallow OVA"}, "type": "ANIME", "status": "FINISHED", "description": "Based on Barasui's manga series, Ichigo Mashimaro follows the life of Nobue Itou, her younger sister Chika, and her friends. The basic premise of the show can be summed up in \"cute girls do cute things in cute ways\", be it trying to quit smoking, going outside to play, celebrating a holiday, or doing school work. This OVA picks up where the series left off, continuing the adventures of your everyday life, only cuter. <br><br>\n(Source: AniDB)", "startDate": {"year": 2007, "month": 2, "day": 23}, "endDate": {"year": 2007, "month": 4, "day": 25}, "season": "WINTER", "episodes": 3, "duration": 25, "genres": ["Comedy", "Slice of Life"], "averageScore": 74, "trending": 0, "popularity": 1863, "streamingEpisodes": [], "coverImage": {"large": "https://s3.anilist.co/media/anime/cover/medium/1888.jpg", "medium": "https://s3.anilist.co/media/anime/cover/small/1888.jpg"}, "bannerImage": null, "isAdult": false, "format": "OVA"}, {"id": 1889, "title": {"romaji": "Higurashi no Naku Koro ni Kai", "english": "When They Cry Kai"}, "type": "ANIME", "status": "FINISHED", "description": "Continuing from the first series, Higurashi no Naku Koro ni Kai begins to shed some light on the dark mysteries prevalent in the preceding season. The young group of friends in the town of Hinamizawa continue to enter terrible conflicts with one another in their never ending summer of 1983, often ending with the brutal murder of one of their numbers. Furude Rika, with the help of her spiritual friend Hanyuu, tackles challenges over and over, trying her best to keep their lives from coming to a tragic end. With no end to the torture in sight, Rika must call upon the bonds of friendship and trust among her friends to discover the true villain of this eternal June. <br><br>\n[Written by MAL Rewrite]", "startDate": {"year": 2007, "month": 7, "day": 6}, "endDate": {"year": 2007, "month": 12, "day": 18}, "season": "SUMMER", "episodes": 24, "duration": 24, "genres": ["Mystery", "Psychological", "Supernatural", "Thriller", "Horror"], "averageScore": 80, "trending": 2, "popularity": 16466, "streamingEpisodes": [], "coverImage": {"large": "https://s3.anilist.co/media/anime/cover/medium/1889.jpg", "medium": "https://s3.anilist.co/media/anime/cover/small/1889.jpg"}, "bannerImage": "https://s3.anilist.co/media/anime/banner/1889-cZ3RMG35FZSG.jpg", "isAdult": false, "format": "TV"}, {"id": 1890, "title": {"romaji": "Clover", "english": "Clover"}, "type": "ANIME", "status": "FINISHED", "description": "Suu is a Four Leaf Clover. Her power is unrivaled, yet all she has known her whole life is loneliness. One day, a man named Kazuhiko appears and accompanies Suu for her first and last journey, to the place where she can find happiness.", "startDate": {"year": 1997, "month": null, "day": null}, "endDate": {"year": 1997, "month": null, "day": null}, "season": null, "episodes": 1, "duration": 7, "genres": ["Drama", "Fantasy", "Music", "Sci-Fi"], "averageScore": 61, "trending": 0, "popularity": 842, "streamingEpisodes": [], "coverImage": {"large": "https://s3.anilist.co/media/anime/cover/medium/1890.jpg", "medium": "https://s3.anilist.co/media/anime/cover/small/1890.jpg"}, "bannerImage": "https://s3.anilist.co/media/anime/banner/1890-Z8toXAOF16yb.jpg", "isAdult": false, "format": "MUSIC"}, {"id": 1891, "title": {"romaji": "YAT Anshin! Uchuu Ryokou", "english": null}, "type": "ANIME", "status": "FINISHED", "description": "The emergence of the dimensional tunnel sets the background for a new space era in which space travelling can be designated to planets outside the solar system. Hoshiwata Goro is a space traveller who goes in search for his father whose whereabouts are shrouded with obscurity. His only link to his father is an old photograph. In order to attain his goal, Goro participates in a young space travelling company known as \"YAT\" which organises tours to different planets. However, in the midst of his journey, he was involved in an accident which resulted in the destruction of the spaceship. As a form of compensation, he had to work for YAT and this sparks off a train of space adventures for him.<br><br>\n(Source: ANN)", "startDate": {"year": 1996, "month": 10, "day": 5}, "endDate": {"year": 1997, "month": 9, "day": 27}, "season": "FALL", "episodes": 50, "duration": 20, "genres": ["Adventure", "Comedy", "Sci-Fi"], "averageScore": null, "trending": 0, "popularity": 90, "streamingEpisodes": [], "coverImage": {"large": "https://s3.anilist.co/media/anime/cover/medium/1891.jpg", "medium": "https://s3.anilist.co/media/anime/cover/small/1891.jpg"}, "bannerImage": null, "isAdult": false, "format": "TV"}, {"id": 1892, "title": {"romaji": "YAT Anshin! Uchuu Ryokou 2", "english": null}, "type": "ANIME", "status": "FINISHED", "description": "The space travelling company, YAT, is thrown into the unknown realms of the outer space. At the same time, the group encounters the psychic, Maron, and scientist, Note. Subsequently, the two of them are attacked by the evil monarch, Ganon. Note was captured and taken away after suffering an attack from one of Ganon's followers, Baras. In order to rescue Note, the group had to use the instantenoeous portable machine which Note invented so as to travel to Ganon's planet. However, no one knows where the planet is...<br><br>\n(Source: ANN)", "startDate": {"year": 1998, "month": 4, "day": 11}, "endDate": {"year": 1998, "month": 10, "day": 3}, "season": "SPRING", "episodes": 25, "duration": 25, "genres": ["Adventure", "Comedy", "Sci-Fi"], "averageScore": null, "trending": 0, "popularity": 49, "streamingEpisodes": [], "coverImage": {"large": "https://s3.anilist.co/media/anime/cover/medium/1892.jpg", "medium": "https://s3.anilist.co/media/anime/cover/small/1892.jpg"}, "bannerImage": null, "isAdult": false, "format": "TV"}, {"id": 1893, "title": {"romaji": "Azuki-chan", "english": null}, "type": "ANIME", "status": "FINISHED", "description": "Azusa Noyama is a 12-year-old girl student, taking 5th grade, but everyone knows her as Azuki-Chan, nickname that she dislikes. Yuunosuke Ogasawara, a new student, asks her about her nickname, saying that he likes it. Azuki falls in love with him, and they start going out together. They share a diary, and become boyfriend and girlfriend.<br><br>\n(Source: ANN)", "startDate": {"year": 1995, "month": 4, "day": 4}, "endDate": {"year": 1998, "month": 3, "day": 17}, "season": "SPRING", "episodes": 117, "duration": 24, "genres": ["Comedy", "Romance", "Slice of Life"], "averageScore": null, "trending": 0, "popularity": 129, "streamingEpisodes": [], "coverImage": {"large": "https://s3.anilist.co/media/anime/cover/medium/1893.jpg", "medium": "https://s3.anilist.co/media/anime/cover/small/1893.jpg"}, "bannerImage": null, "isAdult": false, "format": "TV"}, {"id": 1894, "title": {"romaji": "Yu\u2606Gi\u2606Oh!: Hikari no Pyramid", "english": "Yu-Gi-Oh! The Movie: Pyramid of Light"}, "type": "ANIME", "status": "FINISHED", "description": "Anubis, an ancient Egyptian evil that was defeated by Yugi's alter ego centuries ago, has returned to exact revenge. Wielding the power of the Eighth Millennium Item, Anubis is determined to destroy Yugi and take over the world.<br><br>\n(Source: ANN)", "startDate": {"year": 2004, "month": 8, "day": 13}, "endDate": {"year": 2004, "month": 8, "day": 13}, "season": "SUMMER", "episodes": 1, "duration": 89, "genres": ["Adventure", "Comedy", "Fantasy"], "averageScore": 62, "trending": 0, "popularity": 3894, "streamingEpisodes": [], "coverImage": {"large": "https://s3.anilist.co/media/anime/cover/medium/1894.jpg", "medium": "https://s3.anilist.co/media/anime/cover/small/1894.jpg"}, "bannerImage": "https://s3.anilist.co/media/anime/banner/1894-h1wdlOMVyVBT.png", "isAdult": false, "format": "MOVIE"}, {"id": 1895, "title": {"romaji": "Ai wa Kagi no Kazu Dake... Fuuzoku Mansion", "english": "Love is the Number of Keys"}, "type": "ANIME", "status": "FINISHED", "description": "Jyun is on his own for the first time as his father has gone overseas for a new job. He stays behind because of schooling and moves into an appartment complex as assistant manager only to discover the place is a sex service appartment.", "startDate": {"year": 2002, "month": 5, "day": 25}, "endDate": {"year": 2002, "month": 5, "day": 25}, "season": "SPRING", "episodes": 1, "duration": 30, "genres": ["Hentai"], "averageScore": 51, "trending": 0, "popularity": 201, "streamingEpisodes": [], "coverImage": {"large": "https://s3.anilist.co/media/anime/cover/medium/1895.jpg", "medium": "https://s3.anilist.co/media/anime/cover/small/1895.jpg"}, "bannerImage": null, "isAdult": true, "format": "OVA"}, {"id": 1896, "title": {"romaji": "Akiba Kei Kanojo", "english": "Akiba Girls"}, "type": "ANIME", "status": "FINISHED", "description": "Shindo Nikita has a secret that he has been hiding for a long time&mdash;he loves hentai and h-games. He enters \"The Alternative Trivia Research Club\" where the first of his many sexual encounters takes place. Despite that, he finds out that both of his foster sisters are in love with him, and he has to make a choice&mdash;who does he really love? ", "startDate": {"year": 2004, "month": 6, "day": 25}, "endDate": {"year": 2006, "month": 6, "day": 25}, "season": "SUMMER", "episodes": 3, "duration": 30, "genres": ["Hentai"], "averageScore": 58, "trending": 0, "popularity": 631, "streamingEpisodes": [], "coverImage": {"large": "https://s3.anilist.co/media/anime/cover/medium/nx1896-dZWX92EExo5e.jpg", "medium": "https://s3.anilist.co/media/anime/cover/small/nx1896-dZWX92EExo5e.jpg"}, "bannerImage": "https://s3.anilist.co/media/anime/banner/1896-eKjky7G3imRf.jpg", "isAdult": true, "format": "OVA"}, {"id": 1897, "title": {"romaji": "Zettai Muteki Raijin-Oh", "english": "Matchless Raijin-Oh"}, "type": "ANIME", "status": "FINISHED", "description": "Suddenly, an evil empire, Jaaku, raids the Earth. But the light appears from the Earth, and fights against Jaaku. It is Raijin Oh operated by Eldran. Eldran has protected the earth since the ancient ages. But he was injured during the fight, and Raijin Oh falls to the ground. On the other hand, Jaaku scatters their weapons, Aku Darmer, all over the world. <br>\r\nMeanwhile, in Yosho elementary school, they have extra lessons in the 3rd class of the 5th grade. Eldran leaves Raijin Medal to them and asks them to save the Earth for him, and then he disappeared. In this way, the Earth Defense Agency consisted of elementary students is founded.<br><br>\r\n(Source: AnimeNfo)", "startDate": {"year": 1991, "month": 4, "day": 3}, "endDate": {"year": 1992, "month": 3, "day": 25}, "season": "SPRING", "episodes": 51, "duration": 24, "genres": ["Adventure", "Mecha", "Sci-Fi"], "averageScore": null, "trending": 0, "popularity": 99, "streamingEpisodes": [], "coverImage": {"large": "https://s3.anilist.co/media/anime/cover/medium/1897.jpg", "medium": "https://s3.anilist.co/media/anime/cover/small/1897.jpg"}, "bannerImage": null, "isAdult": false, "format": "TV"}, {"id": 1898, "title": {"romaji": "Hikari to Mizu no Daphne Specials", "english": null}, "type": "ANIME", "status": "FINISHED", "description": "Two bonus episodes that take place during the course of the series, approximately halfway through it seems. They are entitled 'Everything you always wanted to know about Nereids (but were afraid to ask)' and 'Heaven can wait for Maia Mizuki'. These stories are more lighthearted and comedic in tone, bordering on silly.", "startDate": {"year": 2004, "month": 10, "day": 22}, "endDate": {"year": 2006, "month": 1, "day": 30}, "season": "FALL", "episodes": 2, "duration": 24, "genres": ["Action", "Comedy", "Ecchi"], "averageScore": 56, "trending": 0, "popularity": 195, "streamingEpisodes": [], "coverImage": {"large": "https://s3.anilist.co/media/anime/cover/medium/1898.jpg", "medium": "https://s3.anilist.co/media/anime/cover/small/1898.jpg"}, "bannerImage": null, "isAdult": false, "format": "SPECIAL"}, {"id": 1899, "title": {"romaji": "Masou Kishin Cybuster", "english": null}, "type": "ANIME", "status": "FINISHED", "description": " In an enviromentally wrecked future Tokyo,a young man named Ken Ando joins an organization called DC.Little does he realize that his fate and that of Earth will be linked to a mysterious mecha from another world. <br><br>\n(Source: ANN)", "startDate": {"year": 1999, "month": 5, "day": 3}, "endDate": {"year": 1999, "month": 10, "day": 25}, "season": "SPRING", "episodes": 26, "duration": 24, "genres": ["Adventure", "Mecha", "Sci-Fi"], "averageScore": null, "trending": 0, "popularity": 212, "streamingEpisodes": [], "coverImage": {"large": "https://s3.anilist.co/media/anime/cover/medium/1899.jpg", "medium": "https://s3.anilist.co/media/anime/cover/small/1899.jpg"}, "bannerImage": null, "isAdult": false, "format": "TV"}, {"id": 1900, "title": {"romaji": "Twin Signal", "english": null}, "type": "ANIME", "status": "FINISHED", "description": "Signal, a robot companion built for Nobuhiko, is attacked by Pulse, one the its creator's previous prototypes. Reprogrammed by Dr. Otoi's mysterious rival, Pulse is loaded down with weapons and sent on a mission by Otoi: steal the most recent robot technology, and obliterate anything that gets in his way. <br><br>\n(Source: ANN)", "startDate": {"year": 1996, "month": 9, "day": 21}, "endDate": {"year": 1996, "month": 11, "day": 21}, "season": "FALL", "episodes": 3, "duration": 29, "genres": ["Comedy", "Mecha", "Sci-Fi"], "averageScore": null, "trending": 0, "popularity": 106, "streamingEpisodes": [], "coverImage": {"large": "https://s3.anilist.co/media/anime/cover/medium/1900.jpg", "medium": "https://s3.anilist.co/media/anime/cover/small/1900.jpg"}, "bannerImage": null, "isAdult": false, "format": "OVA"}, {"id": 1901, "title": {"romaji": "11-nin Iru", "english": "They Were 11"}, "type": "ANIME", "status": "FINISHED", "description": "The elite Cosmo Academy attracts applicants from every stellar nation in the galaxy. One young hopeful is Tadatos Lane, an orphan esper from Terra. The final stage of the academy's entrance exam is a perilous mission simulation aboard an actual derelict starship. The applicants depart for the ships in groups of ten, but when Tada's crew arrives on the Esperanza, they are horrified to discover that they now number eleven. As the test progresses, things go awry and the atmosphere grows increasingly tense. The crew members begin to suspect sabotage, and Tada appears to be the likely culprit. <br><br>\n(Source: ANN)", "startDate": {"year": 1986, "month": 11, "day": 1}, "endDate": {"year": 1986, "month": 11, "day": 1}, "season": "FALL", "episodes": 1, "duration": 91, "genres": ["Action", "Adventure", "Drama", "Mystery", "Romance", "Sci-Fi"], "averageScore": 64, "trending": 0, "popularity": 735, "streamingEpisodes": [], "coverImage": {"large": "https://s3.anilist.co/media/anime/cover/medium/1901.jpg", "medium": "https://s3.anilist.co/media/anime/cover/small/1901.jpg"}, "bannerImage": "https://s3.anilist.co/media/anime/banner/1901-lqaRwZbgVavc.jpg", "isAdult": false, "format": "MOVIE"}, {"id": 1902, "title": {"romaji": "Happiness!: Watarase Jun no Kareinaru Ichinichi", "english": null}, "type": "ANIME", "status": "FINISHED", "description": "With the help of the combination of many different magic, Jun gets turned into an actual girl.", "startDate": {"year": 2007, "month": 2, "day": 1}, "endDate": {"year": 2007, "month": 2, "day": 1}, "season": "WINTER", "episodes": 1, "duration": 24, "genres": ["Comedy", "Fantasy"], "averageScore": 60, "trending": 0, "popularity": 456, "streamingEpisodes": [], "coverImage": {"large": "https://s3.anilist.co/media/anime/cover/medium/1902.jpg", "medium": "https://s3.anilist.co/media/anime/cover/small/1902.jpg"}, "bannerImage": null, "isAdult": false, "format": "OVA"}, {"id": 1903, "title": {"romaji": "Stratos 4: Logbook", "english": null}, "type": "ANIME", "status": "FINISHED", "description": "Stratos 4 Recap episode - For everything which happened before Stratos 4 Advance started.<br>", "startDate": {"year": 2006, "month": 8, "day": 26}, "endDate": {"year": 2006, "month": 8, "day": 26}, "season": "SUMMER", "episodes": 1, "duration": 30, "genres": ["Action", "Ecchi", "Sci-Fi"], "averageScore": null, "trending": 0, "popularity": 120, "streamingEpisodes": [], "coverImage": {"large": "https://s3.anilist.co/media/anime/cover/medium/1903.jpg", "medium": "https://s3.anilist.co/media/anime/cover/small/1903.jpg"}, "bannerImage": null, "isAdult": false, "format": "SPECIAL"}, {"id": 1904, "title": {"romaji": "Harukanaru Toki no Naka de 2: Shiroki Ryuu no Miko", "english": "In a Distant Time OVA 2"}, "type": "ANIME", "status": "FINISHED", "description": "Karin was walking with her friends when suddenly she is brought by the White Dragon to the land of Kyou. She was chosen as the new priestess of the White Dragon and she must fight against the evil with the help of her guardians while meantime, she keeps having visions of a mysterious man...", "startDate": {"year": 2003, "month": 3, "day": 23}, "endDate": {"year": 2005, "month": 2, "day": 2}, "season": "SPRING", "episodes": 3, "duration": 30, "genres": ["Adventure", "Drama", "Fantasy", "Romance"], "averageScore": null, "trending": 0, "popularity": 136, "streamingEpisodes": [], "coverImage": {"large": "https://s3.anilist.co/media/anime/cover/medium/1904.jpg", "medium": "https://s3.anilist.co/media/anime/cover/small/1904.jpg"}, "bannerImage": null, "isAdult": false, "format": "OVA"}, {"id": 1905, "title": {"romaji": "Harukanaru Toki no Naka de: Character Endings", "english": "In a Distant Time: Character Endings"}, "type": "ANIME", "status": "FINISHED", "description": "Short clips about what happens after the TV series.", "startDate": {"year": 2005, "month": 9, "day": 23}, "endDate": {"year": 2005, "month": 9, "day": 23}, "season": "FALL", "episodes": 8, "duration": 5, "genres": ["Drama", "Romance"], "averageScore": null, "trending": 0, "popularity": 114, "streamingEpisodes": [], "coverImage": {"large": "https://s3.anilist.co/media/anime/cover/medium/1905.jpg", "medium": "https://s3.anilist.co/media/anime/cover/small/1905.jpg"}, "bannerImage": null, "isAdult": false, "format": "SPECIAL"}, {"id": 1906, "title": {"romaji": "Harukanaru Toki no Naka de: Maihitoyo", "english": "In a Distant Time Movie"}, "type": "ANIME", "status": "FINISHED", "description": "One rainy day, Akane crosses path with a kind young man who tacitly offers to her his coat. On their second encounter, he confesses that he has no recollection of who he is, his name or his past, but feels contented by just being with her. Besotted, Akane sets out to find his name, and to unravel his enigmatic connection with a famous cursed dance rumoured to kill anyone who attempts to perform it.<br><br>\n(Source: ANN)", "startDate": {"year": 2006, "month": 8, "day": 19}, "endDate": {"year": 2006, "month": 8, "day": 19}, "season": "SUMMER", "episodes": 1, "duration": 100, "genres": ["Adventure", "Drama", "Fantasy", "Romance"], "averageScore": 56, "trending": 0, "popularity": 256, "streamingEpisodes": [], "coverImage": {"large": "https://s3.anilist.co/media/anime/cover/medium/1906.jpg", "medium": "https://s3.anilist.co/media/anime/cover/small/1906.jpg"}, "bannerImage": null, "isAdult": false, "format": "MOVIE"}, {"id": 1907, "title": {"romaji": "Harukanaru Toki no Naka de: Kokoro no Yukue", "english": "In a Distant Time Special"}, "type": "ANIME", "status": "FINISHED", "description": "A funny side side story of the series.", "startDate": {"year": 2005, "month": 12, "day": 23}, "endDate": {"year": 2005, "month": 12, "day": 23}, "season": "WINTER", "episodes": 1, "duration": 23, "genres": ["Adventure", "Comedy", "Fantasy"], "averageScore": null, "trending": 0, "popularity": 103, "streamingEpisodes": [], "coverImage": {"large": "https://s3.anilist.co/media/anime/cover/medium/1907.jpg", "medium": "https://s3.anilist.co/media/anime/cover/small/1907.jpg"}, "bannerImage": null, "isAdult": false, "format": "SPECIAL"}, {"id": 1908, "title": {"romaji": "Lesson XX", "english": null}, "type": "ANIME", "status": "FINISHED", "description": "The story of Lesson XX has a sweet feel to it. It revolves around two boys, Shizuka and Sakura who are friends at a coed boarding school. One day, Shizuka happens to notice Sakura&rsquo;s sheer beauty when he dives in to take a hit from a baseball. After some mixed up thoughts of who Sakura likes, Shizuka tells him he wishes to kiss him as a joke. But Sakura doesn&rsquo;t care; he still insists that the two kiss under the starry sky. After this incident, Shizuka thinks it&rsquo;s best for the two to be away from each other, so as to sort out their thoughts and real feelings. A classic shounen ai/yaoi, incorporating love, misunderstanding, violence and somewhat angst with a sweet end to it. <br><br>\n(Source: ANN)", "startDate": {"year": 1995, "month": 4, "day": 7}, "endDate": {"year": 1995, "month": 4, "day": 7}, "season": "SPRING", "episodes": 1, "duration": 45, "genres": ["Comedy", "Romance"], "averageScore": 52, "trending": 0, "popularity": 307, "streamingEpisodes": [], "coverImage": {"large": "https://s3.anilist.co/media/anime/cover/medium/1908.jpg", "medium": "https://s3.anilist.co/media/anime/cover/small/1908.jpg"}, "bannerImage": null, "isAdult": false, "format": "OVA"}, {"id": 1909, "title": {"romaji": "Kusatta Kyoushi no Houteishiki", "english": "Bad Teacher Equation"}, "type": "ANIME", "status": "FINISHED", "description": "Atsushi Arisawa enrolls at Jougaouka High School to be near Masami Shibata (Ma-chan) who was his childhood crush. Unbeknownst to Atsushi, however, Masami no longer works at the school and his brother, Masayoshi is now the nurse. Atsushi mistakes Masayoshi for Masami and is horrified because to him, it appears that Masami's personality has done a complete 180. Add to the fact that Atsushi's friend, Kouji Inagaki is totally in love and constantly trying to make-out with him, Atsushi's life at Jougaoka is hell..until he starts thinking that maybe the new Ma-chan isn't so bad afterall and that, maybe he actually likes the way Ma-chan is now. Until of course, he finds out that Masayoshi isn't Masami. <br><br>\n(Source: ANN)", "startDate": {"year": 1994, "month": 11, "day": 25}, "endDate": {"year": 1995, "month": 11, "day": 24}, "season": "FALL", "episodes": 2, "duration": 27, "genres": ["Comedy", "Romance"], "averageScore": 51, "trending": 0, "popularity": 183, "streamingEpisodes": [], "coverImage": {"large": "https://s3.anilist.co/media/anime/cover/medium/1909.jpg", "medium": "https://s3.anilist.co/media/anime/cover/small/1909.jpg"}, "bannerImage": null, "isAdult": false, "format": "OVA"}, {"id": 1910, "title": {"romaji": "Master Keaton OVA", "english": null}, "type": "ANIME", "status": "FINISHED", "description": "Taichi Keaton is a man of many talents: father, historian, frequent traveler, negotiator, archaeologist, former survival instructor, and all while working as an insurance investigator for Lloyd's of London. While his methods may seem a bit unorthodox, he gets the job done when needed, but not without a little something to learn or teach in the process. Through all of his adventures, some people call him a quack. Those who know him well call him a master of life...  <br><br>\n(Source: ANN)", "startDate": {"year": 1999, "month": 12, "day": 21}, "endDate": {"year": 2000, "month": 6, "day": 20}, "season": "WINTER", "episodes": 15, "duration": 24, "genres": ["Adventure", "Mystery"], "averageScore": 70, "trending": 0, "popularity": 531, "streamingEpisodes": [], "coverImage": {"large": "https://s3.anilist.co/media/anime/cover/medium/1910-rkDwxrqCDaiK.jpg", "medium": "https://s3.anilist.co/media/anime/cover/small/1910-rkDwxrqCDaiK.jpg"}, "bannerImage": null, "isAdult": false, "format": "OVA"}, {"id": 1911, "title": {"romaji": "Top wo Nerae! & Top wo Nerae 2! Gattai Movie!!", "english": null}, "type": "ANIME", "status": "FINISHED", "description": "This double feature comprises of Gunbuster and Die Buster (aka Gunbuster 2) condensed them into a single theatrical release told in two parts with a musical intermission in between. The first part, Gunbuster the Movie, condenses the six episodes of the original OVA into a 95-minute moviefeaturing a new 5.1 audio remix and a redub by the original Japanese cast. The second part, Die Buster the Movie, mixes large chunks of the second OVA series with a few altered or newly-animated scenes to create a truncated take on Nono's story. <br><br>\n(Source: ANN)", "startDate": {"year": 2006, "month": 10, "day": 1}, "endDate": {"year": 2006, "month": 10, "day": 1}, "season": "FALL", "episodes": 2, "duration": 95, "genres": ["Comedy", "Mecha"], "averageScore": 67, "trending": 0, "popularity": 1128, "streamingEpisodes": [], "coverImage": {"large": "https://s3.anilist.co/media/anime/cover/medium/1911.jpg", "medium": "https://s3.anilist.co/media/anime/cover/small/1911.jpg"}, "bannerImage": null, "isAdult": false, "format": "MOVIE"}, {"id": 1912, "title": {"romaji": "Marginal Prince: Gekkeiju no Ouji-tachi", "english": null}, "type": "ANIME", "status": "FINISHED", "description": "\"Marginal Prince\" based off of the hit love simulation game series for girls! Yuta studies abroad in a tiny, far away island in the pacific ocean name Alphonso where he enters the all-dorm, all-male Alphonso Gakuen. However, the school is really a place for the children of the famous . . . and the school specializes in classes on empires and alchemy! And one day, after studying enough at the school, the students become known as \"Marginal Princes\"! Learn about the stories of fate and trial as each of the students studies to become kings!<br><br>\n(Source: Crunchyroll)", "startDate": {"year": 2006, "month": 10, "day": 2}, "endDate": {"year": 2006, "month": 12, "day": 25}, "season": "FALL", "episodes": 13, "duration": 24, "genres": ["Romance"], "averageScore": 49, "trending": 0, "popularity": 472, "streamingEpisodes": [], "coverImage": {"large": "https://s3.anilist.co/media/anime/cover/medium/1912.jpg", "medium": "https://s3.anilist.co/media/anime/cover/small/1912.jpg"}, "bannerImage": null, "isAdult": false, "format": "TV"}, {"id": 1913, "title": {"romaji": "Shounan Jun'ai-gumi!", "english": null}, "type": "ANIME", "status": "FINISHED", "description": "Eikichi Onizuka and Ryuji Danma are members of infamous biker duo, the Oni Baku. When not out riding around, they can be found in school, trying to pick up young women. This is the story of the young Onizuka, who would later become the greatest teacher in Japan, and his partner Ryuji in their quest to lose their virginity and reach maturity. <br><br>\nThey are widely feared bosozoku, and are known for their tenacity and viciousness in a fight. However, this lifestyle does not exactly endear them to the opposite gender, so they decide to change their ways. However, this is easier said than done. <br><br>\n(Source: ANN)", "startDate": {"year": 1994, "month": 1, "day": 21}, "endDate": {"year": 1997, "month": 1, "day": 24}, "season": "WINTER", "episodes": 5, "duration": 50, "genres": ["Action", "Comedy"], "averageScore": 69, "trending": 0, "popularity": 2224, "streamingEpisodes": [], "coverImage": {"large": "https://s3.anilist.co/media/anime/cover/medium/1913.jpg", "medium": "https://s3.anilist.co/media/anime/cover/small/1913.jpg"}, "bannerImage": null, "isAdult": false, "format": "OVA"}, {"id": 1914, "title": {"romaji": "Saiunkoku Monogatari 2nd Season", "english": "Tales of Saiunkoku"}, "type": "ANIME", "status": "FINISHED", "description": "Shuurei needs to deal with more obstacles in the new series. More danger comes her way but at the same time meeting friends who will help her with her work as an official.<br><br>\n(Source: ANN)", "startDate": {"year": 2007, "month": 4, "day": 7}, "endDate": {"year": 2008, "month": 3, "day": 8}, "season": "SPRING", "episodes": 39, "duration": 25, "genres": ["Adventure", "Comedy", "Drama", "Fantasy", "Romance"], "averageScore": 75, "trending": 0, "popularity": 1304, "streamingEpisodes": [], "coverImage": {"large": "https://s3.anilist.co/media/anime/cover/medium/1914.jpg", "medium": "https://s3.anilist.co/media/anime/cover/small/1914.jpg"}, "bannerImage": null, "isAdult": false, "format": "TV"}, {"id": 1915, "title": {"romaji": "Mahou Shoujo Lyrical Nanoha StrikerS", "english": "Magical Girl Lyrical Nanoha StrikerS"}, "type": "ANIME", "status": "FINISHED", "description": "Set 10 years after Mahou Shoujo Lyrical Nanoha A's, Nanoha, Fate, Hayate and the rest of the crew are now working full time in the Time-Space Administration Bureau. Nanoha is a combat instructor, Fate is a special investigator, and Hayate is a commanding officer. They must unite once again to save the dimensions. Introducing new characters as well: Subaru, Teana, Caro and Erio. Stand by. Ready. Set up!", "startDate": {"year": 2007, "month": 4, "day": 2}, "endDate": {"year": 2007, "month": 9, "day": 24}, "season": "SPRING", "episodes": 26, "duration": 25, "genres": ["Action", "Comedy", "Drama", "Mahou Shoujo"], "averageScore": 73, "trending": 1, "popularity": 3693, "streamingEpisodes": [], "coverImage": {"large": "https://s3.anilist.co/media/anime/cover/medium/1915.jpg", "medium": "https://s3.anilist.co/media/anime/cover/small/1915.jpg"}, "bannerImage": "https://s3.anilist.co/media/anime/banner/1915-Wao5qubfM11S.jpg", "isAdult": false, "format": "TV"}, {"id": 1916, "title": {"romaji": "Kidou Senshi Gundam MS IGLOO: Mokushiroku 0079", "english": null}, "type": "ANIME", "status": "FINISHED", "description": "Lieutenant Oliver May and the 603 Technical Division Unit aboard the Jotunheim continue testing and evaluating experimental weapons to aid the Zeon war effort against the Federation Forces. At the end of each experiment, the tale of the trials and tribulations faced by the weapon and its test pilot adds a small chapter to the long history of the One Year War <br><br>\n(Source: ANN)", "startDate": {"year": 2006, "month": 4, "day": 26}, "endDate": {"year": 2006, "month": 8, "day": 25}, "season": "SPRING", "episodes": 3, "duration": 30, "genres": ["Mecha", "Sci-Fi"], "averageScore": 62, "trending": 0, "popularity": 1013, "streamingEpisodes": [], "coverImage": {"large": "https://s3.anilist.co/media/anime/cover/medium/1916.jpg", "medium": "https://s3.anilist.co/media/anime/cover/small/1916.jpg"}, "bannerImage": null, "isAdult": false, "format": "OVA"}, {"id": 1917, "title": {"romaji": "Kidou Senshi Gundam MS IGLOO: Ichinen Sensou Hiwa", "english": null}, "type": "ANIME", "status": "FINISHED", "description": "The year is Universal Century 0079. Oliver May is a technical officer in the Zeon 603rd Technical Evaluation Unit , in charge of testing new military technology. Stationed in the Jotunheim, a civilian transport ship that was converted into military use, Oliver must head into battle and experience the One Year War, only this time from the perspective of a weapon tester who struggles to make an impact on an evolving war during changing times. <br><br>\n(Source: ANN)", "startDate": {"year": 2004, "month": 7, "day": 19}, "endDate": {"year": 2004, "month": 11, "day": 3}, "season": "SUMMER", "episodes": 3, "duration": 27, "genres": ["Mecha", "Sci-Fi"], "averageScore": 62, "trending": 0, "popularity": 1116, "streamingEpisodes": [], "coverImage": {"large": "https://s3.anilist.co/media/anime/cover/medium/1917.jpg", "medium": "https://s3.anilist.co/media/anime/cover/small/1917.jpg"}, "bannerImage": null, "isAdult": false, "format": "OVA"}, {"id": 1918, "title": {"romaji": "Mahou Shoujo Pretty Sammy", "english": "Magical Girl Pretty Sammy"}, "type": "ANIME", "status": "FINISHED", "description": "Sasami's always been kind of neat... but now she's been imbibed with a healthy dose of magic (which she plans to use to right the things wrong with the Earth, and, of course, help keep her brother Tenchi out of trouble). Naturally, there's going to be trouble: this time, it's the mysterious Pixy Misa... and Ryoko going at it against Ayeka (as usual) isn't making things any easier for her!<br><br>\n(Source: AnimeNfo)", "startDate": {"year": 1995, "month": 8, "day": 25}, "endDate": {"year": 1997, "month": 8, "day": 24}, "season": "SUMMER", "episodes": 3, "duration": 43, "genres": ["Comedy"], "averageScore": 55, "trending": 0, "popularity": 457, "streamingEpisodes": [], "coverImage": {"large": "https://s3.anilist.co/media/anime/cover/medium/1918.jpg", "medium": "https://s3.anilist.co/media/anime/cover/small/1918.jpg"}, "bannerImage": null, "isAdult": false, "format": "OVA"}, {"id": 1919, "title": {"romaji": "Urusei Yatsura OVA", "english": null}, "type": "ANIME", "status": "FINISHED", "description": "The adventures of Lum, Ataru, Ten, and all the gang from Tomobiki continue in an assortment of new &ndash; but no less weird &ndash; stories. <br><br>\nWatch as Lum, Ataru, and Shinobu encounter a rabbit-clad youth, enter the Room of Destiny, and get a glimpse into their futures in \"Inaba the Dreammaker,\" or see Ran's plans to use a sherbet cone-producing bird to open a sherbet shop one hot Tokyo summer go terribly awry in &ldquo;Raging Sherbet.&rdquo; Ataru has yet another bad experience with Lum's cooking in \"I Howl at the Moon\".<br><br>\n(Source: ANN)", "startDate": {"year": 1985, "month": 9, "day": 24}, "endDate": {"year": 1991, "month": 6, "day": 21}, "season": "FALL", "episodes": 11, "duration": 32, "genres": ["Comedy"], "averageScore": 65, "trending": 0, "popularity": 366, "streamingEpisodes": [], "coverImage": {"large": "https://s3.anilist.co/media/anime/cover/medium/1919.jpg", "medium": "https://s3.anilist.co/media/anime/cover/small/1919.jpg"}, "bannerImage": null, "isAdult": false, "format": "OVA"}, {"id": 1920, "title": {"romaji": "Urusei Yatsura Movie 1: Only You", "english": null}, "type": "ANIME", "status": "FINISHED", "description": "Lum doesn't need much assistance going ballistic when everyone in Tomobiki gets an invitation to Ataru's wedding -- and she's not listed as the bride! It seems that some 11 years ago, Ataru played \"Shadow Tag\" with a young girl named Elle and won. Unfortunately, Elle was yet another Alien Princess; and on her planet, if a boy steps on a girl's shadow, they have to marry. <br>\nWhen Elle's emissary comes to make arrangements, Lum redefines the term \"the atmosphere was electric,\" but to no avail: a force-field now protects Ataru from her high voltage love-zaps. Lum's friend Benten suggests a pre-emptive wedding, and they proceed to abduct Ataru and all of the wedding guests, and the stage is set for the shotgun wedding of all time!<br><br>\n(Source: AniDB)", "startDate": {"year": 1983, "month": 2, "day": 13}, "endDate": {"year": 1983, "month": 2, "day": 13}, "season": "WINTER", "episodes": 1, "duration": 102, "genres": ["Comedy"], "averageScore": 66, "trending": 1, "popularity": 584, "streamingEpisodes": [], "coverImage": {"large": "https://s3.anilist.co/media/anime/cover/medium/1920.jpg", "medium": "https://s3.anilist.co/media/anime/cover/small/1920.jpg"}, "bannerImage": "https://s3.anilist.co/media/anime/banner/1920-9iGPJXNC0iZT.jpg", "isAdult": false, "format": "MOVIE"}]}}}