{"data": {"Page": {"pageInfo": {"total": 12297, "hasNextPage": true}, "media": [{"id": 937, "title": {"romaji": "Appleseed", "english": null}, "type": "ANIME", "status": "FINISHED", "description": "After World War 3 the General Management Control Office construct an experimental city known as Olympus inhabited by humans, cyborgs and bioriods. Bioriods are a genetically engineered being created to serve mankind. They run all administration of Olympus. Olympus was meant to be a utopian society. But for some it is less of a utopia and more of a cage. Calon Mautholos, an Olympus city police officer, is one of these people. Calon secretly conspires with a terrorist, A. J. Sebastian, to destroy Gaia, a super computer that runs Olympus. Out to stop them are Olympus city police SWAT team members Deunan Knute and Briareos Hecatonchires. Deunan and Briareos are determined to stop the terrorist plot by any means necessary. <br><br>\n(Source: ANN)", "startDate": {"year": 1988, "month": 4, "day": 21}, "endDate": {"year": 1988, "month": 4, "day": 21}, "season": "SPRING", "episodes": 1, "duration": 66, "genres": ["Action", "Adventure", "Mecha", "Sci-Fi"], "averageScore": 59, "trending": 0, "popularity": 1355, "streamingEpisodes": [], "coverImage": {"large": "https://s3.anilist.co/media/anime/cover/medium/937.jpg", "medium": "https://s3.anilist.co/media/anime/cover/small/937.jpg"}, "bannerImage": "https://s3.anilist.co/media/anime/banner/937-QB6I9ZzJ3Jwp.jpg", "isAdult": false, "format": "OVA"}, {"id": 938, "title": {"romaji": "Shin Getter Robo vs. Neo Getter Robo", "english": "Shin Getter Robo vs. Neo Getter Robo"}, "type": "ANIME", "status": "FINISHED", "description": "Years after the defeat of the Reptilian Empire, Getter Team has begun training on a new super robot, Neo Getter Robo. But a surprise attack from the Empire's revived leader forces them to recruit a street fighter named Go Ichimonji as Getter One's pilot. Faced with an enormously powerful foe, the new team's only hope for victory may lie in the resurrection of the lost weapon of humanity, Shin Getter Robo.<br><br>\n(Source: ANN)", "startDate": {"year": 2000, "month": 12, "day": 21}, "endDate": {"year": 2001, "month": 6, "day": 25}, "season": "WINTER", "episodes": 4, "duration": 27, "genres": ["Action", "Mecha", "Sci-Fi"], "averageScore": 63, "trending": 0, "popularity": 408, "streamingEpisodes": [], "coverImage": {"large": "https://s3.anilist.co/media/anime/cover/medium/938.jpg", "medium": "https://s3.anilist.co/media/anime/cover/small/938.jpg"}, "bannerImage": null, "isAdult": false, "format": "OVA"}, {"id": 940, "title": {"romaji": "Inukami!", "english": null}, "type": "ANIME", "status": "FINISHED", "description": "Kawahira Keita is a descendant of a historic Inukami tamer family. However, because he lacked in its ability, he was forsaken by the family. One day, an Inukami named Youko came. She looked graceful, obedient, above all, beautiful. Soon he contracted with her, and she paid homage to him. However, she was a problematic Inukami that no one had been able to control.<br><br>\nThis is a slap stick comedy of an Inukami Tamer, Keita and an Inukami, Youko. Keita is a man of worldly passions, and he likes money and girls very much. On the other hand, Youko likes to destroy things and is very jealous.<br><br>\n(Source: AnimeNfo) ", "startDate": {"year": 2006, "month": 4, "day": 6}, "endDate": {"year": 2006, "month": 9, "day": 28}, "season": "SPRING", "episodes": 26, "duration": 23, "genres": ["Comedy", "Ecchi"], "averageScore": 67, "trending": 0, "popularity": 3405, "streamingEpisodes": [], "coverImage": {"large": "https://s3.anilist.co/media/anime/cover/medium/940.jpg", "medium": "https://s3.anilist.co/media/anime/cover/small/940.jpg"}, "bannerImage": null, "isAdult": false, "format": "TV"}, {"id": 941, "title": {"romaji": "Renkin San-kyuu Magical? Pokaan", "english": null}, "type": "ANIME", "status": "FINISHED", "description": "Four Netherworld Princesses have come to the human world; witch Uma, vampiress Pachira, werewolf Liru, and android Aiko. But they know nothing about human life and their mistakes make up their daily adventures. Meanwhile, the evil Dr. K-ko wants proof of the supernatural to gain admittance into the scientific elite and what better than one, or all, of the princesses -- if her plans didn&rsquo;t have a tendency to go awry.", "startDate": {"year": 2006, "month": 4, "day": 4}, "endDate": {"year": 2006, "month": 6, "day": 20}, "season": "SPRING", "episodes": 12, "duration": 24, "genres": ["Comedy", "Ecchi"], "averageScore": 66, "trending": 0, "popularity": 2185, "streamingEpisodes": [], "coverImage": {"large": "https://s3.anilist.co/media/anime/cover/medium/941.jpg", "medium": "https://s3.anilist.co/media/anime/cover/small/941.jpg"}, "bannerImage": null, "isAdult": false, "format": "TV"}, {"id": 942, "title": {"romaji": "Nishi no Yoki Majo: Astraea Testament", "english": "The Good Witch Of The West"}, "type": "ANIME", "status": "FINISHED", "description": "On Filiel's 15th birthday, she received her mother&rsquo;s necklace as a memento from her obstinate astronomer father. Her common and tedious life was turned into a life of conspiracies. With her new life, many adventures await.<br><br>\n(Source: ANN)", "startDate": {"year": 2006, "month": 4, "day": 8}, "endDate": {"year": 2006, "month": 7, "day": 1}, "season": "SPRING", "episodes": 13, "duration": 24, "genres": ["Comedy", "Drama", "Fantasy", "Mystery", "Romance"], "averageScore": 57, "trending": 0, "popularity": 835, "streamingEpisodes": [], "coverImage": {"large": "https://s3.anilist.co/media/anime/cover/medium/942.jpg", "medium": "https://s3.anilist.co/media/anime/cover/small/942.jpg"}, "bannerImage": null, "isAdult": false, "format": "TV"}, {"id": 943, "title": {"romaji": "Yume Tsukai", "english": null}, "type": "ANIME", "status": "FINISHED", "description": "When people dream, they express their utmost desires and emotions within the confines of their mind; but when their strong emotions cross the border into reality, the dream can turn into an uncontrollable nightmare. <br><br>\nTouko and Rinko are sisters known as \"yume tsukai\" (dream users), and their job is to take care of these nightmares. Using toys as weapons, the girls must both destroy the nightmare and return the dream to its rightful owner before the nightmare does any sort of serious damage. <br><br>\nHave no fear, Touko and Rinko are here!<br><br>\n(Source: Anime-Planet)", "startDate": {"year": 2006, "month": 4, "day": 9}, "endDate": {"year": 2006, "month": 6, "day": 25}, "season": "SPRING", "episodes": 12, "duration": 24, "genres": ["Comedy", "Drama", "Fantasy", "Slice of Life"], "averageScore": 54, "trending": 0, "popularity": 568, "streamingEpisodes": [], "coverImage": {"large": "https://s3.anilist.co/media/anime/cover/medium/943.jpg", "medium": "https://s3.anilist.co/media/anime/cover/small/943.jpg"}, "bannerImage": "https://s3.anilist.co/media/anime/banner/943-iGuMRpE2g4Ve.jpg", "isAdult": false, "format": "TV"}, {"id": 944, "title": {"romaji": "The Third: Aoi Hitomi no Shoujo", "english": null}, "type": "ANIME", "status": "FINISHED", "description": "In the distant future, because of an interplanetary war that had continued on for centuries, civilizations were ruined. Human beings have lost everything, and only 1/5th of the population survived. A strange breed of humans, ''The Third'' is said to have appeared just after the war. They possess a third eye, as their name suggests, that appear as oval-shaped red pupils called \"space eyes'' over their conventional two eyes. Using them, they can control computer systems and so on, and as such, rule the world by their superior power over technology.<br><br>\nIn this world, there is a young woman named Honoka; she is a \"jack-of-all-trades\" sellsword, and she accepts any job except murder. One day, she happens to find and rescue a young man named Ikus in the desert. Entering his world, and accepting a job from him, the adventure begins for Honoka and Ikus.<br><br>\n(Source: BestAnime, modified)", "startDate": {"year": 2006, "month": 4, "day": 14}, "endDate": {"year": 2006, "month": 10, "day": 27}, "season": "SPRING", "episodes": 24, "duration": 23, "genres": ["Action", "Adventure", "Sci-Fi"], "averageScore": 67, "trending": 0, "popularity": 1116, "streamingEpisodes": [], "coverImage": {"large": "https://s3.anilist.co/media/anime/cover/medium/944.jpg", "medium": "https://s3.anilist.co/media/anime/cover/small/944.jpg"}, "bannerImage": null, "isAdult": false, "format": "TV"}, {"id": 949, "title": {"romaji": "Top wo Nerae! Gunbuster!", "english": "Gunbuster"}, "type": "ANIME", "status": "FINISHED", "description": "In the very near future, a race of huge, insect like aliens is discovered traveling the galaxy. These aliens seem dedicated to the eradication of the human species as it takes its first steps away from the solar system, and they are getting closer and closer to Earth. Humanity has responded by developing spacegoing battleships and giant fighting robots. These robots are piloted by the best and brightest of Earth`s youth, picked from training schools around the world.<br><br>\nThe story begins in the year 2023, not long after the first battles with the aliens, and centers on young Noriko Takaya. Although Noriko`s father was a famous Captain in the space fleet who was killed during one of the first battles of the war, her own talents as a pilot are questionable. Nonetheless, she has entered a training school. Through the series Noriko, joined by the beautiful and talented Kazumi Amano, will fight to overcome the trauma of war, the doubts of her peers, and her own lack of confidence. <br><br>\n(Source: AniDB) ", "startDate": {"year": 1988, "month": 10, "day": 7}, "endDate": {"year": 1989, "month": 7, "day": 7}, "season": "FALL", "episodes": 6, "duration": 28, "genres": ["Action", "Comedy", "Drama", "Mecha", "Sci-Fi"], "averageScore": 77, "trending": 0, "popularity": 9076, "streamingEpisodes": [], "coverImage": {"large": "https://s3.anilist.co/media/anime/cover/medium/949.jpg", "medium": "https://s3.anilist.co/media/anime/cover/small/949.jpg"}, "bannerImage": "https://s3.anilist.co/media/anime/banner/949-OFaAUvxNpAQu.jpg", "isAdult": false, "format": "OVA"}, {"id": 950, "title": {"romaji": "Street Fighter Alpha: Generations", "english": null}, "type": "ANIME", "status": "FINISHED", "description": "When Ryu returns to pay homage to his deceased mentor, Gouken, he is tormented by disturbing memories of his master's killer. In a quest to become a true martial arts master, Ryu sets out to hone his street fighting skills and to deliver himself from the haunting legacy of the Dark Hadou. But the ultimate test of his new power can only be accomplished through one last fateful confrontation with his arch-nemesis, Gouki (Akuma). <br><br>\n(Source: AniDB)", "startDate": {"year": 2005, "month": 10, "day": 25}, "endDate": {"year": 2005, "month": 10, "day": 25}, "season": "FALL", "episodes": 1, "duration": 42, "genres": ["Adventure"], "averageScore": 57, "trending": 0, "popularity": 569, "streamingEpisodes": [], "coverImage": {"large": "https://s3.anilist.co/media/anime/cover/medium/950.jpg", "medium": "https://s3.anilist.co/media/anime/cover/small/950.jpg"}, "bannerImage": null, "isAdult": false, "format": "MOVIE"}, {"id": 951, "title": {"romaji": "Chibi Maruko-chan", "english": null}, "type": "ANIME", "status": "FINISHED", "description": "Momoko Sakura is an elementary school student who likes popular idol Momoe Yamaguchi and mangas. She is often called \"Chibi Maruko-chan\" due to her young age and small size. She lives together with her parents, her grandparents and her elder sister in a little town. In school, she has many friends with whom she studies and plays together everyday, including her close pal, Tama-chan; the student committee members, Maruo-kun and Migiwa-san; and the B-class trio: 'little master' Hanawa-kun, Hamaji-Bu Taro and Sekiguchi-kun. This is a fun-loving and enjoyable anime that portrays the simple things in life. <br><br>\n(Source: ANN)", "startDate": {"year": 1990, "month": 1, "day": 7}, "endDate": {"year": 1992, "month": 9, "day": 27}, "season": "WINTER", "episodes": 142, "duration": 25, "genres": ["Comedy", "Slice of Life"], "averageScore": 65, "trending": 0, "popularity": 450, "streamingEpisodes": [], "coverImage": {"large": "https://s3.anilist.co/media/anime/cover/medium/951.jpg", "medium": "https://s3.anilist.co/media/anime/cover/small/951.jpg"}, "bannerImage": null, "isAdult": false, "format": "TV"}, {"id": 952, "title": {"romaji": "Magical Nyan Nyan Taruto", "english": "Magical Meow Meow Taruto"}, "type": "ANIME", "status": "FINISHED", "description": "Taruto is a little cat who has just moved to a new city with her master's family. Taruto spends her days making friends and exploring her new home town. She also has a knack for getting herself into trouble. And it turns out that Taruto just might be a legendary magical princess. Almost none of Taruto&rsquo;s friends believe that she can use magic or that she&rsquo;s a princess, but Taruto is determined to prove it to them. But Taruto's magic is so unpredictable, you never know what's going to happen when she uses it. <br><br>\n(Source: ANN)", "startDate": {"year": 2001, "month": 7, "day": 5}, "endDate": {"year": 2001, "month": 9, "day": 27}, "season": "SUMMER", "episodes": 12, "duration": 22, "genres": ["Comedy"], "averageScore": 50, "trending": 0, "popularity": 358, "streamingEpisodes": [], "coverImage": {"large": "https://s3.anilist.co/media/anime/cover/medium/952.jpg", "medium": "https://s3.anilist.co/media/anime/cover/small/952.jpg"}, "bannerImage": null, "isAdult": false, "format": "TV"}, {"id": 953, "title": {"romaji": "Jyu Oh Sei", "english": "Jyu-Oh-Sei: Planet of the Beast King"}, "type": "ANIME", "status": "FINISHED", "description": "Thor and his twin brother, Rai, are cast off to a forsaken planet by unknown masked men after witnessing the suspicious death of their parents. Given only a beam knife and a smelly satchel, they wander together in search of civilization on the primarily plant based world. They soon discover the plants have the advantage. Only the strong survive; the ones who throw away their humanity and become the beasts humans once were. <br><br>\n(Source: ANN)", "startDate": {"year": 2006, "month": 4, "day": 14}, "endDate": {"year": 2006, "month": 6, "day": 23}, "season": "SPRING", "episodes": 11, "duration": 22, "genres": ["Action", "Adventure", "Drama", "Mystery", "Sci-Fi"], "averageScore": 67, "trending": 0, "popularity": 3019, "streamingEpisodes": [], "coverImage": {"large": "https://s3.anilist.co/media/anime/cover/medium/953.jpg", "medium": "https://s3.anilist.co/media/anime/cover/small/953.jpg"}, "bannerImage": null, "isAdult": false, "format": "TV"}, {"id": 956, "title": {"romaji": "Daikuu Maryuu Gaiking", "english": null}, "type": "ANIME", "status": "FINISHED", "description": "Earth is still in danger: aliens from planet Zeraz are willing to invade our planet because theirs is being swallowed by a Black Hole. Led by Great Darius and his four generals, they begin seeding death and destruction. When an ESP warrior is killed by aliens, professor Hi-Tech understands the danger and builds the huge Space Dragon (Daiku Maryuu) piloted by Pete, and the gint robot Gaiking whose pilot is Sanshiro Shiwobuki, an ex-baseball player. Daiku Maryuu is a big dragon shaped spaceship and his head is the Gaiking torso. When the Gaiking enters the action, Daiku Maryuu launches other Gaiking's components and then it re-unite neck with tail, becoming unbreakable.<br><br>\nThe story chronicled the battle between the crew of the semi-transformable carrier Daikuu Maryuu and the Super Mecha Gaiking against an invading race of aliens from the planet Zela, whose home planet is facing destruction by a black hole. The robot Gaiking was piloted by a baseball star named Sanshiro Tsuwabuki (Sanshiro's name was changed to Aries Astonopolis for the English version of the show with the carrier being called the \"Great Space Dragon\", a literal translation of \"Daikuu Maryuu\". Gaiking was notable for being one of the few super robot series to take place in real places outside of Japan, and for being the first Super Robot series to have a mobile carrier for the chief robots.<br><br>\n(Source: ANN)", "startDate": {"year": 1976, "month": 4, "day": 1}, "endDate": {"year": 1977, "month": 1, "day": 27}, "season": "SPRING", "episodes": 44, "duration": 23, "genres": ["Adventure", "Mecha", "Sci-Fi"], "averageScore": null, "trending": 0, "popularity": 159, "streamingEpisodes": [], "coverImage": {"large": "https://s3.anilist.co/media/anime/cover/medium/956.jpg", "medium": "https://s3.anilist.co/media/anime/cover/small/956.jpg"}, "bannerImage": null, "isAdult": false, "format": "TV"}, {"id": 957, "title": {"romaji": "Saiunkoku Monogatari", "english": "The Story of Saiunkoku"}, "type": "ANIME", "status": "FINISHED", "description": "Saiunkoku is a world of eight provinces or houses, each named after a different colour. The new Emperor, Shi Ryuuki, has gained for a reputation for being uninterested in courtly matters and for flaunting his love for men. Shuurei, although born of the important Kou family, has difficulty making ends meet. She easily accepts an invitation to be the Emperor's concubine in order to turn him into a good ruler. The mysterious Seiran, a young man who was adopted by her father, goes with her as Ryuuki's bodyguard. Entering the imperial palace revives Shuurei's dream of being a court official, and, together with the many companions she meets along the way, continues moving bravely forward while trying to fend off the Emperor's advances.<br><br>\n(Source: ANN)", "startDate": {"year": 2006, "month": 4, "day": 8}, "endDate": {"year": 2007, "month": 2, "day": 24}, "season": "SPRING", "episodes": 39, "duration": 25, "genres": ["Adventure", "Comedy", "Drama", "Fantasy", "Romance"], "averageScore": 74, "trending": 0, "popularity": 3314, "streamingEpisodes": [], "coverImage": {"large": "https://s3.anilist.co/media/anime/cover/medium/957-U6vtTgjtOEeH.jpg", "medium": "https://s3.anilist.co/media/anime/cover/small/957-U6vtTgjtOEeH.jpg"}, "bannerImage": "https://s3.anilist.co/media/anime/banner/957-32D80KxLXqaD.jpg", "isAdult": false, "format": "TV"}, {"id": 958, "title": {"romaji": "HeatGuy J", "english": "Heat Guy J"}, "type": "ANIME", "status": "FINISHED", "description": "In the city of Judoh, Claire Leonelli has inherited leadership of the Mafia group \"Vampire\" following the death of his father. To keep Claire's and other criminal activities in check, the city's Bureau of Urban Safety has Special Services Division operative Daisuke Aurora and the super android codenamed \"J\" (whose identity is apparently kept in secrecy, as androids are banned in the city). With both of them around, crime now has little room to breathe in Judoh.<br><br>\r\n(Source: ANN)", "startDate": {"year": 2002, "month": 10, "day": 1}, "endDate": {"year": 2003, "month": 3, "day": 25}, "season": "FALL", "episodes": 25, "duration": 24, "genres": ["Action", "Adventure", "Mecha", "Sci-Fi"], "averageScore": 62, "trending": 0, "popularity": 977, "streamingEpisodes": [], "coverImage": {"large": "https://s3.anilist.co/media/anime/cover/medium/958.jpg", "medium": "https://s3.anilist.co/media/anime/cover/small/958.jpg"}, "bannerImage": null, "isAdult": false, "format": "TV"}, {"id": 959, "title": {"romaji": "Shin Chou Kyou Ryo: Condor Hero", "english": "Legend of Condor Hero"}, "type": "ANIME", "status": "FINISHED", "description": "Youka is a young 13-year old boy. One day, his Uncle, Kakusei, has him follow in his steps of martial arts and has him study the art of Zenshinkyou. After being mistreated, Youka runs away Zenshinkyou. He stumbles on a Forbidden Tomb where he finds a beautiful young woman, by the name of Shouryuujo. After a short time, Youka is eventually accepted by Shouryuujo to study the techniques of the Koboha under her, and thus begins their adventure through martial arts and love.<br><br>\n(Source: ANN)", "startDate": {"year": 2001, "month": 4, "day": 11}, "endDate": {"year": 2002, "month": 10, "day": 28}, "season": "SPRING", "episodes": 26, "duration": 24, "genres": ["Adventure", "Drama", "Romance"], "averageScore": 61, "trending": 0, "popularity": 433, "streamingEpisodes": [], "coverImage": {"large": "https://s3.anilist.co/media/anime/cover/medium/959.jpg", "medium": "https://s3.anilist.co/media/anime/cover/small/959.jpg"}, "bannerImage": null, "isAdult": false, "format": "TV"}, {"id": 960, "title": {"romaji": "Shin Chou Kyou Ryo: Condor Hero II", "english": "Legend of the Condor Hero II"}, "type": "ANIME", "status": "FINISHED", "description": "Continuation of Legend of the Condor Hero.", "startDate": {"year": 2005, "month": 1, "day": 30}, "endDate": {"year": 2006, "month": 9, "day": 2}, "season": "WINTER", "episodes": 26, "duration": 20, "genres": ["Adventure", "Drama", "Romance"], "averageScore": 57, "trending": 0, "popularity": 175, "streamingEpisodes": [], "coverImage": {"large": "https://s3.anilist.co/media/anime/cover/medium/960.jpg", "medium": "https://s3.anilist.co/media/anime/cover/small/960.jpg"}, "bannerImage": null, "isAdult": false, "format": "TV"}, {"id": 961, "title": {"romaji": "Virtua Fighter", "english": null}, "type": "ANIME", "status": "FINISHED", "description": "Legends speak of a great constellation of stars, only visible to those who possess true strength. Having lost his ability to see those stars, Akira walks the earth in search of answers. His quest pits him against powerful fighters like the Koenkan and the mysterious Kage Maru, and lands him in the center of an international conspiracy. For the first time on DVD, come the adventures of Akira, Jacky, Sara and Pai. Facing off with the greatest martial artists from all over the world, all the top characters from the best-selling video game are ready for action!<br><br>\nSEASON 1 = EPISODE 1 - 24<br>\nROUND 1 = EPISODE 1 - 12<br>\nROUND 2 = EPISODE 13 - 24<br>\nSEASON 2 = EPISODE 25 - 35<br><br>\n(Source: AniDB)", "startDate": {"year": 1995, "month": 10, "day": 9}, "endDate": {"year": 1996, "month": 6, "day": 27}, "season": "FALL", "episodes": 35, "duration": 20, "genres": ["Action", "Adventure", "Comedy"], "averageScore": 60, "trending": 0, "popularity": 381, "streamingEpisodes": [], "coverImage": {"large": "https://s3.anilist.co/media/anime/cover/medium/961.jpg", "medium": "https://s3.anilist.co/media/anime/cover/small/961.jpg"}, "bannerImage": null, "isAdult": false, "format": "TV"}, {"id": 962, "title": {"romaji": "Aria the Natural", "english": null}, "type": "ANIME", "status": "FINISHED", "description": "Akari Mizunashi continues her training to become a Prima Undine (a professional tour guide gondolier) along with her friends Aika and Alice in the peaceful city of Neo Venezia. Despite the fact that these three girls are from competing companies, they are constantly together, learning more about how to become better tour guides and more about the mysteries of Neo Venezia.<br><br>\nAs the group continues to meet interesting and unforgettable people through their daily routines, they will also come closer to the secrets that make the enigmatic and ever beautiful city of Neo Venezia so warm and alive.<br><br>\nWelcome back to Neo Venezia: the city where miracles can be created by hand.<br><br>\n[Written by MAL Rewrite]", "startDate": {"year": 2006, "month": 4, "day": 3}, "endDate": {"year": 2006, "month": 9, "day": 25}, "season": "SPRING", "episodes": 26, "duration": 24, "genres": ["Fantasy", "Sci-Fi", "Slice of Life"], "averageScore": 81, "trending": 0, "popularity": 5533, "streamingEpisodes": [], "coverImage": {"large": "https://s3.anilist.co/media/anime/cover/medium/962.jpg", "medium": "https://s3.anilist.co/media/anime/cover/small/962.jpg"}, "bannerImage": "https://s3.anilist.co/media/anime/banner/962.jpg", "isAdult": false, "format": "TV"}, {"id": 963, "title": {"romaji": "Love Hina: Motoko no Sentaku, Koi ka Ken... Naku na", "english": "Love Hina: Motoko's Choice, Love or the Sword: Don't Cry"}, "type": "ANIME", "status": "FINISHED", "description": "Out of nowhere, Motoko's sister appears and is ready to pass on the dojo. However, Motoko is still not quite as strong as her sister and when her sister finds out about this, she gives Motoko an ultimatum: Motoko must beat her sister or marry Keitaro! <br>\r\n<br>\r\n(Source: Wikipedia)", "startDate": {"year": 2000, "month": 9, "day": 27}, "endDate": {"year": 2000, "month": 9, "day": 27}, "season": "FALL", "episodes": 1, "duration": 25, "genres": ["Drama", "Romance", "Slice of Life"], "averageScore": 67, "trending": 0, "popularity": 2034, "streamingEpisodes": [], "coverImage": {"large": "https://s3.anilist.co/media/anime/cover/medium/963.jpg", "medium": "https://s3.anilist.co/media/anime/cover/small/963.jpg"}, "bannerImage": "https://s3.anilist.co/media/anime/banner/963-DQhFGBXLD6t6.jpg", "isAdult": false, "format": "SPECIAL"}, {"id": 964, "title": {"romaji": "Smash Hit", "english": null}, "type": "ANIME", "status": "FINISHED", "description": "Mitsuki Ikuta works for the Houchiku Corporation, making movies. To all who know her, she is perceived as being a very infantile woman, still wearing childish fashions. A fan of the detective movie genre, she suddenly finds herself chosen to be the main producer of a new film - but it's a \"hero movie\" (a genre generally considered childish). Determined to succeed, regardless, she takes on the job. <br><br>\n(Source: ANN)", "startDate": {"year": 2004, "month": 3, "day": 9}, "endDate": {"year": 2004, "month": 4, "day": 27}, "season": "SPRING", "episodes": 8, "duration": 13, "genres": ["Comedy", "Ecchi"], "averageScore": 47, "trending": 0, "popularity": 405, "streamingEpisodes": [], "coverImage": {"large": "https://s3.anilist.co/media/anime/cover/medium/964.jpg", "medium": "https://s3.anilist.co/media/anime/cover/small/964.jpg"}, "bannerImage": null, "isAdult": false, "format": "TV_SHORT"}, {"id": 965, "title": {"romaji": "Yoshinaga-san'chi no Gargoyle", "english": "Gargoyle of Yoshinaga House"}, "type": "ANIME", "status": "FINISHED", "description": "When Yoshinaga Futaba wins the first prize in a lottery, the prize turns out to be a stone gargoyle. More surprising yet, the gargoyle turns out to be alive.<br><br>\n(Source: ANN)<br><br>\nBased on the novel by Taguchi Sennendou, illustrated by Hyuuga Yuuni.", "startDate": {"year": 2006, "month": 4, "day": 2}, "endDate": {"year": 2006, "month": 6, "day": 25}, "season": "SPRING", "episodes": 13, "duration": 24, "genres": ["Comedy", "Fantasy"], "averageScore": 55, "trending": 0, "popularity": 339, "streamingEpisodes": [], "coverImage": {"large": "https://s3.anilist.co/media/anime/cover/medium/965.jpg", "medium": "https://s3.anilist.co/media/anime/cover/small/965.jpg"}, "bannerImage": null, "isAdult": false, "format": "TV"}, {"id": 966, "title": {"romaji": "Crayon Shin-chan", "english": "Shin Chan"}, "type": "ANIME", "status": "RELEASING", "description": "Crayon Shin-chan follows the wacky antics and adventures of five-year-old Shinnosuke \"Shin\" Nohara and his parents, neighbors, and friends and is set in Kasukabe, Saitama Prefecture, Japan.<br><br>\nMany of the jokes in the series stem from Shin-chan's occasionally weird, unnatural and inappropriate use of language, as well as from his inappropriate behavior. A typical gag involves Shin-chan confounding his parents by using the wrong phrase for the occasion; for example, saying \"Welcome back!\" instead of \"I am back!\" when he comes home.<br><br>\nDuring the beginning of the series, the TV show was mostly based on the storyline in the original manga. As the show progressed, more and more episodes became anime-original.<br><br>\n(Source: Wikipedia)", "startDate": {"year": 1992, "month": 4, "day": 13}, "endDate": {"year": null, "month": null, "day": null}, "season": "SPRING", "episodes": null, "duration": 21, "genres": ["Comedy", "Ecchi", "Slice of Life"], "averageScore": 72, "trending": 0, "popularity": 2040, "streamingEpisodes": [], "coverImage": {"large": "https://s3.anilist.co/media/anime/cover/medium/966.jpg", "medium": "https://s3.anilist.co/media/anime/cover/small/966.jpg"}, "bannerImage": "https://s3.anilist.co/media/anime/banner/966-mrgCPWaq9Wtp.jpg", "isAdult": false, "format": "TV"}, {"id": 967, "title": {"romaji": "Hokuto no Ken", "english": "Fist of the North Star"}, "type": "ANIME", "status": "FINISHED", "description": "In the post-nuclear apocalyptic future in 199X, the human race has regressed. Weak villagers are reduced to slavery, while genetically enhanced giants rule the world. Gunpowder seems only a distant memory, and the martial arts is the only weapon a man can count on.<br><br>\nTwo schools face one another in the battle for dominion: Hokuto Shinken and Nanto Seiken. The series begins when the Hokuto successor, Kenshiro, travels the desert to confront Shin, a member of the Nanto Roku Seiken, their six ruling stars, who has taken his fiancee Yulia. <br><br>\n(Source: ANN)", "startDate": {"year": 1984, "month": 10, "day": 4}, "endDate": {"year": 1987, "month": 3, "day": 5}, "season": "FALL", "episodes": 109, "duration": 25, "genres": ["Action", "Drama", "Sci-Fi"], "averageScore": 75, "trending": 0, "popularity": 5059, "streamingEpisodes": [{"title": "Episode 1 - God or Devil? The Mightiest Man Appears in Hell", "url": "http://www.crunchyroll.com/fist-of-the-north-star/episode-1-god-or-devil-the-mightiest-man-appears-in-hell-475190"}, {"title": "Episode 2 - The Fist of Lingering Regret and Certain Death!! The Future is Sighted in the Barren Wasteland!!", "url": "http://www.crunchyroll.com/fist-of-the-north-star/episode-2-the-fist-of-lingering-regret-and-certain-death-the-future-is-sighted-in-the-barren-wasteland-475178"}, {"title": "Episode 3 - In the City Without Light, a Lone Fist Burns! The Furious Death by the Five Exploding Fingers", "url": "http://www.crunchyroll.com/fist-of-the-north-star/episode-3-in-the-city-without-light-a-lone-fist-burns-the-furious-death-by-the-five-exploding-fingers-475204"}, {"title": "Episode 4 - Attack the Bloody Cross! The Secret Technique, Death by Soft Strikes", "url": "http://www.crunchyroll.com/fist-of-the-north-star/episode-4-attack-the-bloody-cross-the-secret-technique-death-by-soft-strikes-475186"}, {"title": "Episode 5 - Can the Flames of Love Burn in Hell? You Don't Even Know You're Already Dead!!", "url": "http://www.crunchyroll.com/fist-of-the-north-star/episode-5-can-the-flames-of-love-burn-in-hell-you-dont-even-know-youre-already-dead-475200"}, {"title": "Episode 6 - The Devil's Hit List. Find the Man with the 7 Scars!", "url": "http://www.crunchyroll.com/fist-of-the-north-star/episode-6-the-devils-hit-list-find-the-man-with-the-7-scars-475182"}, {"title": "Episode 7 - Villains! How About Counting Down to Your Own Death?!", "url": "http://www.crunchyroll.com/fist-of-the-north-star/episode-7-villains-how-about-counting-down-to-your-own-death-475184"}, {"title": "Episode 8 - Strike the Hidden Power Point! There's No Requiem for the Wicked", "url": "http://www.crunchyroll.com/fist-of-the-north-star/episode-8-strike-the-hidden-power-point-theres-no-requiem-for-the-wicked-475196"}, {"title": "Episode 9 - Villains! Finish Your Prayers Before You Die!", "url": "http://www.crunchyroll.com/fist-of-the-north-star/episode-9-villains-finish-your-prayers-before-you-die-475188"}, {"title": "Episode 10 - Inverse Raging Fire Punch! There Are Too Many Who Deserve to Die!!", "url": "http://www.crunchyroll.com/fist-of-the-north-star/episode-10-inverse-raging-fire-punch-there-are-too-many-who-deserve-to-die-475198"}, {"title": "Episode 11 - Villains!! Listen to the Blues of Hell!!", "url": "http://www.crunchyroll.com/fist-of-the-north-star/episode-11-villains-listen-to-the-blues-of-hell-475202"}, {"title": "Episode 12 - I Am Death Itself!! I'll Chase You to the Ends of Hell!!", "url": "http://www.crunchyroll.com/fist-of-the-north-star/episode-12-i-am-death-itself-ill-chase-you-to-the-ends-of-hell-475176"}, {"title": "Episode 13 - Arhat Deva Fist! Once Released, There's No Stopping It!!", "url": "http://www.crunchyroll.com/fist-of-the-north-star/episode-13-arhat-deva-fist-once-released-theres-no-stopping-it-475194"}, {"title": "Episode 14 - A Miserable Era! The Good Die So Young!!", "url": "http://www.crunchyroll.com/fist-of-the-north-star/episode-14-a-miserable-era-the-good-die-so-young-475192"}, {"title": "Episode 15 - Try Counting to Three! You're the One To Die!!", "url": "http://www.crunchyroll.com/fist-of-the-north-star/episode-15-try-counting-to-three-youre-the-one-to-die-475180"}, {"title": "Episode 16 - Villains, Want to Try Singing? Hell's Counting Rhyme!!", "url": "http://www.crunchyroll.com/fist-of-the-north-star/episode-16-villains-want-to-try-singing-hells-counting-rhyme-512308"}, {"title": "Episode 17 - A Man Lives to Fight! The Door to the Showdown Opens!", "url": "http://www.crunchyroll.com/fist-of-the-north-star/episode-17-a-man-lives-to-fight-the-door-to-the-showdown-opens-512312"}, {"title": "Episode 18 - Life of Death!? Beyond the Wasteland Lie the First Avenue of Hell!", "url": "http://www.crunchyroll.com/fist-of-the-north-star/episode-18-life-of-death-beyond-the-wasteland-lie-the-first-avenue-of-hell-512314"}, {"title": "Episode 19 - Villains! Have Your One-Way Ticket to Death!", "url": "http://www.crunchyroll.com/fist-of-the-north-star/episode-19-villains-have-your-one-way-ticket-to-death-512322"}, {"title": "Episode 20 - A Nightmare Battle! My Fist is a Million Volts!", "url": "http://www.crunchyroll.com/fist-of-the-north-star/episode-20-a-nightmare-battle-my-fist-is-a-million-volts-512324"}, {"title": "Episode 21 - The Evil Palace Aflame! One Last Step to Shin!", "url": "http://www.crunchyroll.com/fist-of-the-north-star/episode-21-the-evil-palace-aflame-one-last-step-to-shin-512326"}, {"title": "Episode 22 - Conclusion of Part One: Yuria Forever... and Shin!!", "url": "http://www.crunchyroll.com/fist-of-the-north-star/episode-22-conclusion-of-part-one-yuria-forever-and-shin-512328"}], "coverImage": {"large": "https://s3.anilist.co/media/anime/cover/medium/967.jpg", "medium": "https://s3.anilist.co/media/anime/cover/small/967.jpg"}, "bannerImage": "https://s3.anilist.co/media/anime/banner/967-UI1XlX2NS4VO.jpg", "isAdult": false, "format": "TV"}, {"id": 968, "title": {"romaji": "Fighting Beauty Wulong Rebirth", "english": "Fighting Beauty Wulong Rebirth"}, "type": "ANIME", "status": "FINISHED", "description": "Mao Lan continues growing into her path in life through what she learns while fighting. Her grandfather thinks that she has grown complacent and decides to train an adversary for her next Prime Mat appearance. Training with her friends and companions Mao Lan slowly advances through life.<br><br>\n(Source: AniDB)", "startDate": {"year": 2006, "month": 4, "day": 2}, "endDate": {"year": 2006, "month": 10, "day": 1}, "season": "SPRING", "episodes": 25, "duration": 25, "genres": ["Action", "Comedy"], "averageScore": null, "trending": 0, "popularity": 157, "streamingEpisodes": [], "coverImage": {"large": "https://s3.anilist.co/media/anime/cover/medium/968.jpg", "medium": "https://s3.anilist.co/media/anime/cover/small/968.jpg"}, "bannerImage": null, "isAdult": false, "format": "TV"}, {"id": 969, "title": {"romaji": "Tsubasa Chronicle 2nd Season", "english": "Tsubasa Chronicle 2nd Series"}, "type": "ANIME", "status": "FINISHED", "description": "Syaoran, Sakura, Kurogane, Fai and Mokona's journey through to different world's continue as they search for Sakura's feathers. The fated journey slowly becomes more complicated for our travelers, as they find themselves diving deeper into more dangerous worlds. Takes place immediately after the first season. Based on the manga by CLAMP.", "startDate": {"year": 2006, "month": 4, "day": 29}, "endDate": {"year": 2006, "month": 11, "day": 4}, "season": "SPRING", "episodes": 26, "duration": 25, "genres": ["Adventure", "Drama", "Fantasy", "Mystery", "Romance"], "averageScore": 71, "trending": 0, "popularity": 4465, "streamingEpisodes": [], "coverImage": {"large": "https://s3.anilist.co/media/anime/cover/medium/969.jpg", "medium": "https://s3.anilist.co/media/anime/cover/small/969.jpg"}, "bannerImage": "https://s3.anilist.co/media/anime/banner/969-7KwFv390S5LO.jpg", "isAdult": false, "format": "TV"}, {"id": 970, "title": {"romaji": "Yokoyama Mitsuteru Sangokushi", "english": null}, "type": "ANIME", "status": "FINISHED", "description": "Around 1800 years ago in China, the ruling power of the Han dynasty became weakened and the flames of war spread throughout the land. <br><br>\nLiu Bei was a young, poor straw-mat seller from the countryside of Hebai Hsing. After pledging eternal brotherhood with the two heroes, Guan Yu and Zhang Fei, Liu began building his idea of a righteous kingdom that would aid citizens who suffered from persecution. <br><br>\n(Source: AniDB)", "startDate": {"year": 1991, "month": 10, "day": 18}, "endDate": {"year": 1992, "month": 9, "day": 25}, "season": "FALL", "episodes": 47, "duration": 23, "genres": ["Adventure"], "averageScore": 61, "trending": 0, "popularity": 384, "streamingEpisodes": [], "coverImage": {"large": "https://s3.anilist.co/media/anime/cover/medium/970-doUTAQp8zx9m.png", "medium": "https://s3.anilist.co/media/anime/cover/small/970-doUTAQp8zx9m.png"}, "bannerImage": null, "isAdult": false, "format": "TV"}, {"id": 971, "title": {"romaji": "Astro Boy (2003)", "english": null}, "type": "ANIME", "status": "FINISHED", "description": "Astro is a robotic boy that posses super human powers and an artificial intelligence system that is unparalleled to any robot. His creator, Dr. Tenma, created him to replace his late son, Tovio. Dr. Tenma soon destroys his laboratory, after the creation of Astro, and shuts down Astro. Soon after, Dr. O'Shay, the head of the Ministry of Science revives Astro, and tries to give him a normal life as a 6th grade student that helps the police agency keep renegade robots and bigot humans from causing harm. Astro faces extreme racism for being a robot, and he must discover the truth about his creator Dr. Tenma. <br><br>\n(Source: ANN)", "startDate": {"year": 2003, "month": 4, "day": 6}, "endDate": {"year": 2004, "month": 3, "day": 28}, "season": "SPRING", "episodes": 50, "duration": 24, "genres": ["Action", "Adventure", "Mecha", "Sci-Fi"], "averageScore": 64, "trending": 0, "popularity": 974, "streamingEpisodes": [], "coverImage": {"large": "https://s3.anilist.co/media/anime/cover/medium/971.jpg", "medium": "https://s3.anilist.co/media/anime/cover/small/971.jpg"}, "bannerImage": "https://s3.anilist.co/media/anime/banner/971-WjQ8lXLMGiRs.jpg", "isAdult": false, "format": "TV"}, {"id": 972, "title": {"romaji": "Bible Black Gaiden", "english": "Bible Black Origins"}, "type": "ANIME", "status": "FINISHED", "description": "Twelve years prior to it's discovery by Minase, the origins of the magic book with dark,sensuous powers is revealed. Initially owned by a female student, Takashiro, who, along with other curious students form the first magic club on campus. The club begins to use the erotic spells to carry out favors for fellow students, and vengeance. After underestimating the powers behind the book, Takashiro is taken out of the picture, as a new leader guides the club towards a darker course, one that will force school newcomer Kitami to make a dire choice. <br>", "startDate": {"year": 2002, "month": 5, "day": 25}, "endDate": {"year": 2002, "month": 8, "day": 25}, "season": "SPRING", "episodes": 2, "duration": 30, "genres": ["Hentai", "Supernatural"], "averageScore": 59, "trending": 0, "popularity": 1057, "streamingEpisodes": [], "coverImage": {"large": "https://s3.anilist.co/media/anime/cover/medium/972.jpg", "medium": "https://s3.anilist.co/media/anime/cover/small/972.jpg"}, "bannerImage": null, "isAdult": true, "format": "OVA"}, {"id": 974, "title": {"romaji": "Dead Leaves", "english": "Dead Leaves"}, "type": "ANIME", "status": "FINISHED", "description": "Pandy and Retro awaken naked on Earth with no recollection of their past. They embark on a devastating crime spree in search of food, clothing and transportation, but are captured by authorities and sent to the infamous lunar penitentiary named Dead Leaves. While incarcerated, they quickly discover that Dead Leaves is also a top-secret cloning facility, occupied by villainous guards and deformed genetic experiments. Ultra-manic chaos and hyper-violent bedlam ensue as they organize a prison break with the aid of their fellow mutant inmates. ", "startDate": {"year": 2004, "month": 1, "day": 16}, "endDate": {"year": 2004, "month": 1, "day": 16}, "season": "WINTER", "episodes": 1, "duration": 48, "genres": ["Action", "Adventure", "Comedy", "Psychological", "Sci-Fi"], "averageScore": 67, "trending": 0, "popularity": 4874, "streamingEpisodes": [], "coverImage": {"large": "https://s3.anilist.co/media/anime/cover/medium/974.jpg", "medium": "https://s3.anilist.co/media/anime/cover/small/974.jpg"}, "bannerImage": "https://s3.anilist.co/media/anime/banner/974-jODBbQJ98y5I.png", "isAdult": false, "format": "OVA"}, {"id": 975, "title": {"romaji": "Yokohama Kaidashi Kikou", "english": null}, "type": "ANIME", "status": "FINISHED", "description": "This is not so much a story as it is a slice of life. Or rather, it is a look into portions of the life of a girl named Alpha, together with the people around her. Alpha runs a little cafe on the outskirts of Yokohama. There are almost no customers, but Alpha does not mind at all since she has the occasional company of the old man who runs the gasoline stand down the road, as well as that of his grandson Takahiro. This is a Yokohama of the future, when the sea covers most of the land and roads have disappeared under sand or water. Alpha is in fact a robot, looking after the cafe during her owner's indefinite leave of absence.<br><br>\n(Source: AniDB)", "startDate": {"year": 1998, "month": 5, "day": 21}, "endDate": {"year": 1998, "month": 12, "day": 2}, "season": "SPRING", "episodes": 2, "duration": 29, "genres": ["Sci-Fi", "Slice of Life"], "averageScore": 70, "trending": 0, "popularity": 2718, "streamingEpisodes": [], "coverImage": {"large": "https://s3.anilist.co/media/anime/cover/medium/975-EDNYnBJCctSD.jpg", "medium": "https://s3.anilist.co/media/anime/cover/small/975-EDNYnBJCctSD.jpg"}, "bannerImage": "https://s3.anilist.co/media/anime/banner/975-6Fcen4DGT5vD.jpg", "isAdult": false, "format": "OVA"}, {"id": 976, "title": {"romaji": "Yokohama Kaidashi Kikou: Quiet Country Cafe", "english": null}, "type": "ANIME", "status": "FINISHED", "description": "In the near-future Japan, global warming has brought the large city Yokohama underwater, and only the hills remain above the ocean surface. What used to be one of the largest cities in Japan now feels like a small town. Basically, the existence of the island country itself has been threatened. However, there is no feeling of desperation, devastation, nor hopelessness. People are enjoying laid-back lives, and they seem to appreciate each other's company, enjoying the quiet and peaceful time together.<br><br>\nThis is especially so with Alpha, a carefree young woman who runs a cafe, named Cafe Alpha. She enjoys her life immersing herself in the beautiful nature all around her. There is nothing more precious to her than spending quality time with her kind friends. Oh, the fulfillment and the joy she finds in life... it all indicates her to be a compassionate human being, but she is not quite a human. She is actually a type A7M2 robot.<br><br>\nOne day, upon hearing a radio forecast warning an approaching typhoon, her old friend who lives close by invites her to the gas station he runs, worried that her old cafe may not withstand the typhoon. Indeed, the passing of typhoon leaves Alpha with her cafe severely damaged. That's when she decides to go on a journey to raise money to rebuild her cafe, and also to see the outside world away from her friends and the comfort of a peaceful life.<br><br>\n(Source: AniDB)", "startDate": {"year": 2002, "month": 12, "day": 18}, "endDate": {"year": 2003, "month": 3, "day": 5}, "season": "WINTER", "episodes": 2, "duration": 32, "genres": ["Drama", "Sci-Fi", "Slice of Life"], "averageScore": 68, "trending": 0, "popularity": 1544, "streamingEpisodes": [], "coverImage": {"large": "https://s3.anilist.co/media/anime/cover/medium/976-8VNEt6I2kF17.png", "medium": "https://s3.anilist.co/media/anime/cover/small/976-8VNEt6I2kF17.png"}, "bannerImage": "https://s3.anilist.co/media/anime/banner/976-56IqngfsWf5w.jpg", "isAdult": false, "format": "OVA"}, {"id": 977, "title": {"romaji": "Ginga Teikoku no Metsubou Gaiden: Aoki Ookami Tachi no Densetsu", "english": "The Legend of the Blue Wolves"}, "type": "ANIME", "status": "CANCELLED", "description": " In 2199 A.D. overpopulation has forced the human kind to adapt in other planets. For almost 100 years the human race has thrived and lived happily in their new home. However everything ended the day humans took over Pluto; to the humans unfortunately fate a new race was discovered known as the apocalypse, a creature that uses the human brain as its source of knowledge and energy for their own mechanical bodies. Now the humans must fight in order to survive. As a last resort the humans send off trained soldiers in order to reestablish Pluto and get rid of this new threat to mankind. At the base lieutenant Jonathan Tyberius and Leonard Schteinberg the main characters fall in love after many tragic events, however the two new lovers were forced to go on their own separate ways because of the dreadful war&hellip; <br><br>\n(Source: ANN)", "startDate": {"year": 1996, "month": 12, "day": 18}, "endDate": {"year": 1996, "month": 12, "day": 18}, "season": "WINTER", "episodes": 1, "duration": 46, "genres": ["Action", "Mecha", "Sci-Fi", "Hentai"], "averageScore": 46, "trending": 0, "popularity": 319, "streamingEpisodes": [], "coverImage": {"large": "https://s3.anilist.co/media/anime/cover/medium/977.jpg", "medium": "https://s3.anilist.co/media/anime/cover/small/977.jpg"}, "bannerImage": null, "isAdult": true, "format": "OVA"}, {"id": 978, "title": {"romaji": "Change!! Getter Robo: Sekai Saigo no Hi", "english": "Getter Robo: Armageddon"}, "type": "ANIME", "status": "FINISHED", "description": "Sent to jail after being accused of murdering Getter Robo creator Dr. Saotome, Ryoma Nagare must once again team up with his former comrades and pilot Getter Robo when Saotome returns from the dead and threatens humanity by unleashing his greatest creation - the Shin Dragon. Their efforts, however, are in vain as they fail to stop a nuclear warhead from hitting Shin Dragon, resulting in a massive Getter Ray contamination that wipes out 99% of the planet's population. Thirteen years after this great catastrophe, mankind continues to fight for survival against the Invaders. Out of the remains of the nuclear blast comes Shin Getter, piloted by the artificial human Go. With remnants of the Japanese military by his side, Go - along with co-pilots Kei and Gai - must use Shin Getter to exterminate the Invaders once and for all.<br><br>\n(Source: ANN)", "startDate": {"year": 1998, "month": 8, "day": 25}, "endDate": {"year": 1999, "month": 5, "day": 25}, "season": "SUMMER", "episodes": 13, "duration": 25, "genres": ["Action", "Adventure", "Horror", "Mecha", "Sci-Fi"], "averageScore": 70, "trending": 0, "popularity": 1025, "streamingEpisodes": [], "coverImage": {"large": "https://s3.anilist.co/media/anime/cover/medium/978.jpg", "medium": "https://s3.anilist.co/media/anime/cover/small/978.jpg"}, "bannerImage": "https://s3.anilist.co/media/anime/banner/978-Eh5jBmAncg3i.jpg", "isAdult": false, "format": "OVA"}, {"id": 979, "title": {"romaji": "Street Fighter Zero: The Animation", "english": null}, "type": "ANIME", "status": "FINISHED", "description": "Ryu, the current Street Fighter champion, must overcome the power of the \"Dark Hadou\" which consumed Akuma, the brother of his sensei, Gouken. Plus, he deals with the unexpected arrival of Shun, a young boy who proclaims to be his long-lost brother. <br><br>\n(Source: ANN)", "startDate": {"year": 1999, "month": 12, "day": 22}, "endDate": {"year": 1999, "month": 12, "day": 22}, "season": "WINTER", "episodes": 1, "duration": 94, "genres": ["Action", "Drama"], "averageScore": 59, "trending": 0, "popularity": 662, "streamingEpisodes": [], "coverImage": {"large": "https://s3.anilist.co/media/anime/cover/medium/979.jpg", "medium": "https://s3.anilist.co/media/anime/cover/small/979.jpg"}, "bannerImage": null, "isAdult": false, "format": "MOVIE"}, {"id": 980, "title": {"romaji": "Ground Defence Mao-chan", "english": "Ground Defense Force Mao-chan"}, "type": "ANIME", "status": "FINISHED", "description": "Mao Onigawara is a happy 8-year-old grade-schooler and the granddaughter of Chief of Staff of Ground Defense Force. Equipped with her cloverleaf-shaped badge which enables her to transform (but gives her no special power whatsoever), Mao and her best friends (granddaughters of Chief of Staff of Air and Marine Defense Force, respectively) will defend Japan against the invasion from \"cute aliens,\" who are way too cute to be dealt with regular armed forces.<br><br>\n(Source: ANN)", "startDate": {"year": 2002, "month": 7, "day": 3}, "endDate": {"year": 2002, "month": 12, "day": 25}, "season": "SUMMER", "episodes": 26, "duration": 12, "genres": ["Comedy", "Sci-Fi"], "averageScore": 52, "trending": 0, "popularity": 382, "streamingEpisodes": [], "coverImage": {"large": "https://s3.anilist.co/media/anime/cover/medium/980.jpg", "medium": "https://s3.anilist.co/media/anime/cover/small/980.jpg"}, "bannerImage": null, "isAdult": false, "format": "TV_SHORT"}, {"id": 981, "title": {"romaji": "Ichigo 100% OVA", "english": "Ichigo 100% Original DVD Animation"}, "type": "ANIME", "status": "FINISHED", "description": "Further continuation from the Ichigo 100% TV series. Four episodes in length, comprised mostly of side-story elements such as a Spring Festival featuring Cosplay, Junpei's adventure to return a notebook to Yui's friend who atteneds the All-Girl Oumi Academy, summer work at Sawayaka to help cover production costs and last, but not least.. the Strawberry 'Pantsu' Invaders. This OVA features two new characters. <br><br>\n(Note: Best if viewed after the Jump Festa 2004 OVA, or in other words.. \"last\", but could be substituted and watched prior to the Jump Festa OVA.)", "startDate": {"year": 2005, "month": 6, "day": 20}, "endDate": {"year": 2005, "month": 10, "day": 31}, "season": "SUMMER", "episodes": 4, "duration": 29, "genres": ["Comedy", "Ecchi", "Romance"], "averageScore": 64, "trending": 0, "popularity": 1358, "streamingEpisodes": [], "coverImage": {"large": "https://s3.anilist.co/media/anime/cover/medium/981.jpg", "medium": "https://s3.anilist.co/media/anime/cover/small/981.jpg"}, "bannerImage": null, "isAdult": false, "format": "OVA"}, {"id": 982, "title": {"romaji": "Cosplay Complex", "english": null}, "type": "ANIME", "status": "FINISHED", "description": "Meet Chako and her friends from the Cosplay Association at East Oizuki Academy! They're the hottest new cosplay team in Japan...fresh from a winning streak of local battles, they're set to sweep the Cosplay World Series!<br><br>\nYeah, right.<br><br>\nIn reality, Chako and her friends are barely able to keep their club alive at all. Feeble club membership and a lack of sponsorship might be the end of their cosplay dreams before they can even start. But don't you dare underestimate this group of spunky girls! They'll survive a barrage of pervy newcomers, cosplay rivalries, costume disasters and dating mishaps in order to reach their ultimate goal of competing in the World Series. The clothing flies as the girls suit up (and strip down) for Cosplay Complex!<br><br>\n(Source: DVD Back Cover)", "startDate": {"year": 2002, "month": 5, "day": 25}, "endDate": {"year": 2002, "month": 10, "day": 26}, "season": "SPRING", "episodes": 3, "duration": 29, "genres": ["Comedy", "Ecchi"], "averageScore": 52, "trending": 0, "popularity": 689, "streamingEpisodes": [], "coverImage": {"large": "https://s3.anilist.co/media/anime/cover/medium/982.jpg", "medium": "https://s3.anilist.co/media/anime/cover/small/982.jpg"}, "bannerImage": null, "isAdult": false, "format": "OVA"}, {"id": 983, "title": {"romaji": "Cosplay Complex: Extra Identification", "english": null}, "type": "ANIME", "status": "FINISHED", "description": "The Extra Identification episode will allow you to match the different costumes in the series to the anime series they are from.", "startDate": {"year": 2004, "month": 7, "day": 3}, "endDate": {"year": 2004, "month": 7, "day": 3}, "season": "SUMMER", "episodes": 1, "duration": 5, "genres": ["Comedy"], "averageScore": 48, "trending": 0, "popularity": 177, "streamingEpisodes": [], "coverImage": {"large": "https://s3.anilist.co/media/anime/cover/medium/983.jpg", "medium": "https://s3.anilist.co/media/anime/cover/small/983.jpg"}, "bannerImage": null, "isAdult": false, "format": "OVA"}, {"id": 984, "title": {"romaji": "Dragon Ball Z: Saiya-jin Zetsumetsu Keikaku", "english": "Dragon Ball Z: Plan to Destroy the Saiyans"}, "type": "ANIME", "status": "FINISHED", "description": "Dr. Raichii is the only Tsufurujin (the race eradicated by the Saiyajin many years ago) thought to have survived. He now is going to take revenge on the only surviving Saiyajin still alive, Goku and Vegita. He uses machines that emit destron, a gas that will destroy all life on Earth. Now the the Z warriors only have 72 hours to find and destroy Dr. Raichii.<br><br>\n(Source: ANN)", "startDate": {"year": 1993, "month": 7, "day": 23}, "endDate": {"year": 1993, "month": 7, "day": 23}, "season": "SUMMER", "episodes": 2, "duration": 30, "genres": ["Adventure", "Comedy", "Sci-Fi"], "averageScore": 63, "trending": 0, "popularity": 2062, "streamingEpisodes": [], "coverImage": {"large": "https://s3.anilist.co/media/anime/cover/medium/984.jpg", "medium": "https://s3.anilist.co/media/anime/cover/small/984.jpg"}, "bannerImage": null, "isAdult": false, "format": "OVA"}, {"id": 985, "title": {"romaji": "Dragon Ball Z Special 2: Zetsubou e no Hankou!! Nokosareta Chousenshi - Gohan to Trunks", "english": "Dragon Ball Z Special 2: The History of Trunks"}, "type": "ANIME", "status": "FINISHED", "description": "It has been thirteen years since the Androids began their killing rampage and Son Gohan is the only person fighting back. He takes Bulma's son Trunks as a student and even gives his own life to save Trunks's. Now Trunks must figure out a way to change this apocalyptic future. <br><br>\n(Source: ANN) ", "startDate": {"year": 1993, "month": 2, "day": 24}, "endDate": {"year": 1993, "month": 2, "day": 24}, "season": "WINTER", "episodes": 1, "duration": 48, "genres": ["Adventure", "Drama", "Fantasy"], "averageScore": 73, "trending": 0, "popularity": 4057, "streamingEpisodes": [], "coverImage": {"large": "https://s3.anilist.co/media/anime/cover/medium/nx985-5AKFy3HpX0uo.jpg", "medium": "https://s3.anilist.co/media/anime/cover/small/nx985-5AKFy3HpX0uo.jpg"}, "bannerImage": "https://s3.anilist.co/media/anime/banner/985-r1rIB9NU3Osf.jpg", "isAdult": false, "format": "SPECIAL"}, {"id": 986, "title": {"romaji": "Dragon Ball Z Special 1: Tatta Hitori no Saishuu Kessen - Freezer ni Idonda Z Senshi Son Goku no Chi", "english": "Dragon Ball Z Special 1: Bardock \u2013 The Father of Goku"}, "type": "ANIME", "status": "FINISHED", "description": "Bardock, Son Goku's father, is a low-ranking Saiyan soldier who was given the power to see into the future by the last remaining alien on a planet he just destroyed. He witnesses the destruction of his race and must now do his best to stop Frieza's impending massacre.<br><br>\r\n(Source: ANN)", "startDate": {"year": 1990, "month": 10, "day": 17}, "endDate": {"year": 1990, "month": 10, "day": 17}, "season": "FALL", "episodes": 1, "duration": 47, "genres": ["Adventure", "Comedy", "Sci-Fi"], "averageScore": 71, "trending": 0, "popularity": 4259, "streamingEpisodes": [], "coverImage": {"large": "https://s3.anilist.co/media/anime/cover/medium/nx986-AaMvLpNQrRzu.jpg", "medium": "https://s3.anilist.co/media/anime/cover/small/nx986-AaMvLpNQrRzu.jpg"}, "bannerImage": "https://s3.anilist.co/media/anime/banner/986-lVmHB2yywXfk.jpg", "isAdult": false, "format": "SPECIAL"}, {"id": 987, "title": {"romaji": "Dragon Ball GT: Goku Gaiden! Yuuki no Akashi wa Suushinchuu", "english": "Dragon Ball GT: A Hero's Legacy"}, "type": "ANIME", "status": "FINISHED", "description": "Years after the end of the Dragonball GT, the story continues in this special with Son Goku's now eldery granddaughter Pan, and a new generation of super saiyajins, the great-great-grandsons of Goku and Vegeta<br>\n100 years after the end of DBGT, all the heroes of Earth have died...except for Pan, the granddaughter of Son Goku. Pan has a grandchild named Goku Jr. However, he does not have the bravery of his great-great-grandfather. Pan suffurs a heart attack, and Goku Jr. believes that he might be able to save her with the power of the 4 star Dragon Ball. Along with the school bully, he tries to find the ball...and unleashes his hidden bravery and power.<br><br>\n(Source: ANN)", "startDate": {"year": 1997, "month": 3, "day": 26}, "endDate": {"year": 1997, "month": 3, "day": 26}, "season": "SPRING", "episodes": 1, "duration": 44, "genres": ["Action", "Adventure", "Comedy"], "averageScore": 60, "trending": 0, "popularity": 3009, "streamingEpisodes": [], "coverImage": {"large": "https://s3.anilist.co/media/anime/cover/medium/987.jpg", "medium": "https://s3.anilist.co/media/anime/cover/small/987.jpg"}, "bannerImage": "https://s3.anilist.co/media/anime/banner/987-57qmENKgk4XU.jpg", "isAdult": false, "format": "SPECIAL"}, {"id": 988, "title": {"romaji": "Shinshaku Sengoku Eiyuu Densetsu: Sanada Juu Yuushi The Animation", "english": null}, "type": "ANIME", "status": "FINISHED", "description": "In the Fifth Year of the Keicho era, the Tokugawa clan sought to solidify their control of Japan. Hidetada Tokugawa has come to the doorsteps of Ueda Castle with the intentions of having the Sanada clan open its doors to him. But the Sanada and their retainers have other plans...<br><br>\n(Source: ANN)", "startDate": {"year": 2005, "month": 5, "day": 7}, "endDate": {"year": 2005, "month": 7, "day": 23}, "season": "SPRING", "episodes": 12, "duration": 26, "genres": ["Action", "Comedy"], "averageScore": null, "trending": 0, "popularity": 102, "streamingEpisodes": [], "coverImage": {"large": "https://s3.anilist.co/media/anime/cover/medium/988.jpg", "medium": "https://s3.anilist.co/media/anime/cover/small/988.jpg"}, "bannerImage": null, "isAdult": false, "format": "TV"}, {"id": 989, "title": {"romaji": "Shinshaku Sengoku Eiyuu Densetsu: Sanada Juu Yuushi", "english": null}, "type": "ANIME", "status": "FINISHED", "description": "In the Fifth Year of the Keicho era, the Tokugawa clan sought to solidify their control of Japan. Hidetada Tokugawa has come to the doorsteps of Ueda Castle with the intentions of having the Sanada clan open its doors to him. But the Sanada and their retainers have other plans... <br><br>\n(Source: ANN)", "startDate": {"year": 2005, "month": 1, "day": 29}, "endDate": {"year": 2005, "month": 1, "day": 29}, "season": "WINTER", "episodes": 1, "duration": 51, "genres": [], "averageScore": null, "trending": 0, "popularity": 59, "streamingEpisodes": [], "coverImage": {"large": "https://s3.anilist.co/media/anime/cover/medium/989.jpg", "medium": "https://s3.anilist.co/media/anime/cover/small/989.jpg"}, "bannerImage": null, "isAdult": false, "format": "SPECIAL"}, {"id": 990, "title": {"romaji": "Kamisama Kazoku", "english": "God Family"}, "type": "ANIME", "status": "FINISHED", "description": "Samatarou is not just an average high-school boy, the truth is that he is the son of a god, his mother is a goddess and his sisters are candidates to become goddesses. They are living in the human world, because they want their boy learn about the human customs and the habits of the creatures that they are protecting, so that in this way Samatarou will become a better god. Tenko is a angel assigned to look after Samatarou. She's born the same day, same year as Samatarou and have been close friends ever since. Life seems normal but things start to change with the appearance of a transfer student named Kumiko. Samatarou falls in love with her and from now on, things will be a lot more different for him. His decision of making her fall in love with him without using his powers will put him in trouble. <br>", "startDate": {"year": 2006, "month": 5, "day": 18}, "endDate": {"year": 2006, "month": 8, "day": 10}, "season": "SPRING", "episodes": 13, "duration": 25, "genres": ["Comedy", "Drama", "Fantasy", "Romance"], "averageScore": 67, "trending": 0, "popularity": 2460, "streamingEpisodes": [], "coverImage": {"large": "https://s3.anilist.co/media/anime/cover/medium/990.jpg", "medium": "https://s3.anilist.co/media/anime/cover/small/990.jpg"}, "bannerImage": null, "isAdult": false, "format": "TV"}, {"id": 991, "title": {"romaji": "Usagi-chan de Cue!!", "english": null}, "type": "ANIME", "status": "FINISHED", "description": "Mikami Inaba was fighting a person from another school on her school's rooftop. As they fought, her friend Haru appeared. Seeing Mikami distracted, the man charged at her, causing both of them to break the nearby rabbit cages &amp; fall off the roof. As Mikami fell, she desperately grabbed the rabbit. Suddenly, a flash or pink light appeared. Mikami fused with the rabbit, and gained another personality, called Mimika. Now, Mikami only appears when various people threaten her and her friends. Otherwise, she takes on the form of Mimika.<br><br>\n(Source: ANN)", "startDate": {"year": 2001, "month": 11, "day": 9}, "endDate": {"year": 2002, "month": 4, "day": 26}, "season": "FALL", "episodes": 3, "duration": 30, "genres": ["Action", "Comedy", "Ecchi", "Romance"], "averageScore": 49, "trending": 0, "popularity": 362, "streamingEpisodes": [], "coverImage": {"large": "https://s3.anilist.co/media/anime/cover/medium/991.jpg", "medium": "https://s3.anilist.co/media/anime/cover/small/991.jpg"}, "bannerImage": null, "isAdult": false, "format": "OVA"}, {"id": 992, "title": {"romaji": "Dual Parallel! Trouble Adventures", "english": "Dual! Parallel Trouble Adventure"}, "type": "ANIME", "status": "FINISHED", "description": "Kazuki Yotsuga is your regular average nerd in high-school, except he isn't smart. He has this website which relates to his visions that only he can see. His vision's are about robots who keep fighting each other battle after battle. One day he is sent to a, \"parallel world\" where these visions exist and he joins a company to fight back against the devious RaRa, who want to take over the world. <br><br>\n(Source: ANN)", "startDate": {"year": 1999, "month": 4, "day": 8}, "endDate": {"year": 1999, "month": 7, "day": 1}, "season": "SPRING", "episodes": 13, "duration": 25, "genres": ["Action", "Comedy", "Mecha", "Sci-Fi"], "averageScore": 63, "trending": 0, "popularity": 892, "streamingEpisodes": [], "coverImage": {"large": "https://s3.anilist.co/media/anime/cover/medium/992.jpg", "medium": "https://s3.anilist.co/media/anime/cover/small/992.jpg"}, "bannerImage": null, "isAdult": false, "format": "TV"}, {"id": 993, "title": {"romaji": "Dual Parallel! Trouble Adventures Special", "english": null}, "type": "ANIME", "status": "FINISHED", "description": "Peace has been brought to both earths, and everyone is living out their lives as normal citizens. But how normal could life be for war hero Kazuki living with five beautiful women under the same roof... Apparently, he doesn't need to wait long to find out. An ancient artifact that is the key to their adventures in the parallel universes forces Kazuki to hop in the saddle yet again, but this time it's outer space or bust. <br><br>\n(Source: ANN)", "startDate": {"year": 1999, "month": 12, "day": 22}, "endDate": {"year": 1999, "month": 12, "day": 22}, "season": "WINTER", "episodes": 1, "duration": 29, "genres": ["Comedy", "Drama", "Mecha", "Romance", "Sci-Fi"], "averageScore": 59, "trending": 0, "popularity": 306, "streamingEpisodes": [], "coverImage": {"large": "https://s3.anilist.co/media/anime/cover/medium/993.jpg", "medium": "https://s3.anilist.co/media/anime/cover/small/993.jpg"}, "bannerImage": null, "isAdult": false, "format": "SPECIAL"}, {"id": 994, "title": {"romaji": "Sin in the Rain", "english": null}, "type": "ANIME", "status": "FINISHED", "description": "It is raining in the Tokyo at night. A woman is wandering soaked to the skin. Her name is Kimura Yu. She had a trauma that her parents were killed, and she experienced another tragedy that her reliable councilor, Kanzaki, was killed miserably. The person who suddenly appears in the rain and saves Yu is a detective, Takamizawa Kyosuke.", "startDate": {"year": 2006, "month": 3, "day": 24}, "endDate": {"year": 2006, "month": 3, "day": 24}, "season": "SPRING", "episodes": 1, "duration": 22, "genres": ["Mystery"], "averageScore": 43, "trending": 0, "popularity": 195, "streamingEpisodes": [], "coverImage": {"large": "https://s3.anilist.co/media/anime/cover/medium/994.jpg", "medium": "https://s3.anilist.co/media/anime/cover/small/994.jpg"}, "bannerImage": null, "isAdult": false, "format": "OVA"}]}}}