{"data": {"Page": {"pageInfo": {"total": 12298, "hasNextPage": true}, "media": [{"id": 102674, "title": {"romaji": "Megazone 23 SIN", "english": null}, "type": "ANIME", "status": "NOT_YET_RELEASED", "description": "Remake of Megazone 23", "startDate": {"year": null, "month": null, "day": null}, "endDate": {"year": null, "month": null, "day": null}, "season": null, "episodes": null, "duration": null, "genres": ["Mecha", "Action", "Sci-Fi"], "averageScore": null, "trending": 0, "popularity": 15, "streamingEpisodes": [], "coverImage": {"large": "https://s3.anilist.co/media/anime/cover/medium/102674-RaZZEyERZWmK.png", "medium": "https://s3.anilist.co/media/anime/cover/small/102674-RaZZEyERZWmK.png"}, "bannerImage": null, "isAdult": false, "format": "TV"}, {"id": 102675, "title": {"romaji": "Megazone 23 XI", "english": null}, "type": "ANIME", "status": "NOT_YET_RELEASED", "description": "The new project's story is set aboard the Megazone 11, a different space colony ship fleet from the Megazone 23 in the 1985 original video anime. Megazone 11's master ships are designed as realistic simulations of Earth cities such as Tokyo, and there is also a satellite ship that is designed to resemble a smaller Japanese provincial city around the year 2020.", "startDate": {"year": null, "month": null, "day": null}, "endDate": {"year": null, "month": null, "day": null}, "season": null, "episodes": null, "duration": null, "genres": ["Action", "Mecha", "Sci-Fi"], "averageScore": null, "trending": 0, "popularity": 13, "streamingEpisodes": [], "coverImage": {"large": "https://s3.anilist.co/media/anime/cover/medium/102675-Vg3TLuszNvmr.png", "medium": "https://s3.anilist.co/media/anime/cover/small/102675-Vg3TLuszNvmr.png"}, "bannerImage": "https://s3.anilist.co/media/anime/banner/102675-2ALS31jG72zs.jpg", "isAdult": false, "format": "TV"}, {"id": 102676, "title": {"romaji": "Insomniac", "english": null}, "type": "ANIME", "status": "FINISHED", "description": "Music video made by Ryo Okawara. Music by ALT.", "startDate": {"year": 2008, "month": null, "day": null}, "endDate": {"year": 2008, "month": null, "day": null}, "season": null, "episodes": 1, "duration": 2, "genres": ["Music"], "averageScore": null, "trending": 0, "popularity": 14, "streamingEpisodes": [], "coverImage": {"large": "https://s3.anilist.co/media/anime/cover/medium/102676-8pWGuAF6Q6C7.jpg", "medium": "https://s3.anilist.co/media/anime/cover/small/102676-8pWGuAF6Q6C7.jpg"}, "bannerImage": null, "isAdult": false, "format": "MUSIC"}, {"id": 102677, "title": {"romaji": "Still", "english": null}, "type": "ANIME", "status": "FINISHED", "description": "Official music video for the song <i>Still</i> by the fictional band Irodorimidori.<br><br>\n\nIt is the 18th song in the franchise.", "startDate": {"year": 2017, "month": 7, "day": 3}, "endDate": {"year": 2017, "month": 7, "day": 3}, "season": null, "episodes": 1, "duration": 4, "genres": ["Music"], "averageScore": null, "trending": 0, "popularity": 53, "streamingEpisodes": [], "coverImage": {"large": "https://s3.anilist.co/media/anime/cover/medium/nx102677-EtHHRvd1xI2K.jpg", "medium": "https://s3.anilist.co/media/anime/cover/small/nx102677-EtHHRvd1xI2K.jpg"}, "bannerImage": null, "isAdult": false, "format": "MUSIC"}, {"id": 102678, "title": {"romaji": "Xing You Ji", "english": "Rainbow Sea"}, "type": "ANIME", "status": "FINISHED", "description": "In an era where everyone is free to travel in space, there still exists an area in the universe where all lives and hopes are forbidden - the black hole. This ruthless star devours anything that comes in close contact, whether it is life, substance, or even light. The most avid adventurers don't dare to even mention going there, because of the risk. Until one day, a man in fiery red clothing declared to the whole universe: \"In the deepest part of black hole, lies a mysterious place called Rainbow Sea. A place full of precious stones, rivers of gold and rainbow covered skies. Anyone who gets there gets all their wishes granted.\" This declaration ignited the enthusiasm of the whole universe, attracting people from everywhere. They followed the man in red into the black hole, and ultimately no one came back. The adventurers that vanished with the man in red were called the descendants of the loathful \"Red Devil\" and Rainbow Sea was then considered as history's biggest lie ever.\n<br><br>\nTen years later, the son of Mailin, Maidang, is a teenager who grew up on Earth. In order to fulfill his promise with his dad, he was determined to set off in search of rumored Rainbow Sea. Thanks to the rainbow stone, left by his dad, he obtained himself a magical ability: the ability to fight using cooking techniques. Eventually he destroyed the no-fly facility set up by the Evil Galactic Eye organization on Earth. Along his journey, he picked up strange traveler who who claims to be a king - A rabbit named Gudong.\n<br><br>\n(Source: MAL)", "startDate": {"year": 2011, "month": 10, "day": 30}, "endDate": {"year": null, "month": null, "day": null}, "season": null, "episodes": 26, "duration": 12, "genres": ["Adventure", "Fantasy", "Sci-Fi"], "averageScore": null, "trending": 0, "popularity": 24, "streamingEpisodes": [], "coverImage": {"large": "https://s3.anilist.co/media/anime/cover/medium/nx102678-Q9D49muxxSof.jpg", "medium": "https://s3.anilist.co/media/anime/cover/small/nx102678-Q9D49muxxSof.jpg"}, "bannerImage": null, "isAdult": false, "format": "TV_SHORT"}, {"id": 102679, "title": {"romaji": "Xing You Ji: Fengbao Famila", "english": "Rainbow Sea 2nd Season"}, "type": "ANIME", "status": "RELEASING", "description": "The second season of Xing You Ji", "startDate": {"year": 2017, "month": 8, "day": 11}, "endDate": {"year": null, "month": null, "day": null}, "season": null, "episodes": null, "duration": 70, "genres": ["Sci-Fi", "Adventure", "Fantasy"], "averageScore": null, "trending": 0, "popularity": 16, "streamingEpisodes": [], "coverImage": {"large": "https://s3.anilist.co/media/anime/cover/medium/102679-E5QU77TPhqn6.jpg", "medium": "https://s3.anilist.co/media/anime/cover/small/102679-E5QU77TPhqn6.jpg"}, "bannerImage": null, "isAdult": false, "format": "ONA"}, {"id": 102680, "title": {"romaji": "Watashi ni Tenshi ga Maiorita!", "english": "Watashi ni Tenshi ga Maiorita!"}, "type": "ANIME", "status": "NOT_YET_RELEASED", "description": "The four-panel comedy manga's story centers on Miyako Hoshino, a shy college student and otaku. Miyako's younger sister Hinata, who is a fifth grader, has a classmate and friend named Hana. When they meet, Miyako falls for Hana at first sight. \n<br><br>\n(Source: ANN)", "startDate": {"year": 2019, "month": 1, "day": null}, "endDate": {"year": null, "month": null, "day": null}, "season": "WINTER", "episodes": null, "duration": null, "genres": ["Comedy"], "averageScore": null, "trending": 0, "popularity": 178, "streamingEpisodes": [], "coverImage": {"large": "https://s3.anilist.co/media/anime/cover/medium/nx102680-lbNTS26wBVYB.jpg", "medium": "https://s3.anilist.co/media/anime/cover/small/nx102680-lbNTS26wBVYB.jpg"}, "bannerImage": null, "isAdult": false, "format": "TV"}, {"id": 102681, "title": {"romaji": "Tuzki: Love Assassin", "english": null}, "type": "ANIME", "status": "FINISHED", "description": "A darkly cute tale of foiled romance and contract assassinations starring Tuzki (\u5154\u65af\u57fa).<br>\n<br>\n(Source: AniDB)", "startDate": {"year": 2014, "month": 2, "day": 12}, "endDate": {"year": 2014, "month": 2, "day": 12}, "season": null, "episodes": 1, "duration": 2, "genres": ["Comedy", "Romance"], "averageScore": null, "trending": 0, "popularity": 42, "streamingEpisodes": [], "coverImage": {"large": "https://s3.anilist.co/media/anime/cover/medium/102681-hkXrzof91Nld.jpg", "medium": "https://s3.anilist.co/media/anime/cover/small/102681-hkXrzof91Nld.jpg"}, "bannerImage": null, "isAdult": false, "format": "ONA"}, {"id": 102682, "title": {"romaji": "Red Colored Bridge", "english": null}, "type": "ANIME", "status": "FINISHED", "description": "Experimental animation by Keiichi Tanaami", "startDate": {"year": 2012, "month": null, "day": null}, "endDate": {"year": 2012, "month": null, "day": null}, "season": null, "episodes": 1, "duration": 5, "genres": ["Psychological"], "averageScore": null, "trending": 0, "popularity": 56, "streamingEpisodes": [], "coverImage": {"large": "https://s3.anilist.co/media/anime/cover/medium/102682-OiuXINpKdbae.jpg", "medium": "https://s3.anilist.co/media/anime/cover/small/102682-OiuXINpKdbae.jpg"}, "bannerImage": null, "isAdult": false, "format": "MOVIE"}, {"id": 102683, "title": {"romaji": "Madonna (Movie)", "english": null}, "type": "ANIME", "status": "FINISHED", "description": "An experimental Film by Tanaami Keiichi", "startDate": {"year": 2005, "month": null, "day": null}, "endDate": {"year": 2005, "month": null, "day": null}, "season": null, "episodes": 1, "duration": 4, "genres": [], "averageScore": null, "trending": 0, "popularity": 61, "streamingEpisodes": [], "coverImage": {"large": "https://s3.anilist.co/media/anime/cover/medium/nx102683-tD7pG6tEWKs0.jpg", "medium": "https://s3.anilist.co/media/anime/cover/small/nx102683-tD7pG6tEWKs0.jpg"}, "bannerImage": null, "isAdult": false, "format": "MOVIE"}, {"id": 102684, "title": {"romaji": "The Harmonic Gleam Vibration", "english": null}, "type": "ANIME", "status": "FINISHED", "description": "A short experimental animation by Keiichi Tanaami.", "startDate": {"year": 2005, "month": null, "day": null}, "endDate": {"year": 2005, "month": null, "day": null}, "season": null, "episodes": 1, "duration": 10, "genres": [], "averageScore": null, "trending": 0, "popularity": 26, "streamingEpisodes": [], "coverImage": {"large": "https://s3.anilist.co/media/anime/cover/medium/102684-VqUDncfHO8GT.jpg", "medium": "https://s3.anilist.co/media/anime/cover/small/102684-VqUDncfHO8GT.jpg"}, "bannerImage": null, "isAdult": false, "format": "MOVIE"}, {"id": 102685, "title": {"romaji": "Yume 10 Yoru", "english": "Ten Nights' Dreams"}, "type": "ANIME", "status": "FINISHED", "description": "Film by Keiichi Tanaami", "startDate": {"year": 2004, "month": null, "day": null}, "endDate": {"year": 2004, "month": null, "day": null}, "season": null, "episodes": 1, "duration": 6, "genres": [], "averageScore": null, "trending": 0, "popularity": 58, "streamingEpisodes": [], "coverImage": {"large": "https://s3.anilist.co/media/anime/cover/medium/nx102685-TLuElpIhVGLx.jpg", "medium": "https://s3.anilist.co/media/anime/cover/small/nx102685-TLuElpIhVGLx.jpg"}, "bannerImage": null, "isAdult": false, "format": "MOVIE"}, {"id": 102686, "title": {"romaji": "Tanaami Keiichi no Shouzou", "english": "A Portrait of Keiichi Tanaami"}, "type": "ANIME", "status": "FINISHED", "description": "A short psychedelic video done by renowned postwar pop artist Keiichi Tanaami", "startDate": {"year": 2003, "month": null, "day": null}, "endDate": {"year": 2003, "month": null, "day": null}, "season": null, "episodes": 1, "duration": 3, "genres": [], "averageScore": null, "trending": 0, "popularity": 23, "streamingEpisodes": [], "coverImage": {"large": "https://s3.anilist.co/media/anime/cover/medium/102686-FDeg0fdaQDq1.jpg", "medium": "https://s3.anilist.co/media/anime/cover/small/102686-FDeg0fdaQDq1.jpg"}, "bannerImage": null, "isAdult": false, "format": "MOVIE"}, {"id": 102687, "title": {"romaji": "Yodomi no Sakagi", "english": "Crazy little Thing"}, "type": "ANIME", "status": "FINISHED", "description": "The two of them, all alone at home. All alone with her father's corpse. Memories, ideals, and reality all sink beneath the muck. Everyone is alone. Everyone is in solitude.\n<br><br>\n(Source: Geidai Animation)", "startDate": {"year": 2014, "month": null, "day": null}, "endDate": {"year": 2014, "month": null, "day": null}, "season": null, "episodes": 1, "duration": 10, "genres": ["Drama"], "averageScore": null, "trending": 0, "popularity": 47, "streamingEpisodes": [], "coverImage": {"large": "https://s3.anilist.co/media/anime/cover/medium/nx102687-034XCGw3RMpf.jpg", "medium": "https://s3.anilist.co/media/anime/cover/small/nx102687-034XCGw3RMpf.jpg"}, "bannerImage": null, "isAdult": false, "format": "SPECIAL"}, {"id": 102688, "title": {"romaji": "Ying Xiong Bie Nao", "english": "Heroes Don't Bi-B"}, "type": "ANIME", "status": "FINISHED", "description": "The series takes place on a parallel world filled with superhumans. Allegiances are formed between heroes and villains.\n<br><br>\n(Source: MAL)", "startDate": {"year": 2015, "month": 7, "day": 1}, "endDate": {"year": 2015, "month": 11, "day": 4}, "season": null, "episodes": 13, "duration": 12, "genres": ["Action", "Fantasy"], "averageScore": null, "trending": 0, "popularity": 13, "streamingEpisodes": [], "coverImage": {"large": "https://s3.anilist.co/media/anime/cover/medium/102688-dNDmGkIe2Ojc.jpg", "medium": "https://s3.anilist.co/media/anime/cover/small/102688-dNDmGkIe2Ojc.jpg"}, "bannerImage": null, "isAdult": false, "format": "ONA"}, {"id": 102689, "title": {"romaji": "Chao Shen Youxi", "english": null}, "type": "ANIME", "status": "FINISHED", "description": "Three young friends skipped class and went to an Internet Cafe to play games but were caught by a female class monitor. One returns home, but the other two choose to purchase a mysterious game CD from the sexy female shopkeeper. When they start playing, they suddenly get transported to the game world.\n<br><br>\n(Source: MAL)", "startDate": {"year": 2013, "month": 11, "day": 15}, "endDate": {"year": 2015, "month": 3, "day": 20}, "season": null, "episodes": 25, "duration": 8, "genres": ["Action", "Fantasy"], "averageScore": null, "trending": 0, "popularity": 9, "streamingEpisodes": [], "coverImage": {"large": "https://s3.anilist.co/media/anime/cover/medium/102689-hRgHY2XBngGi.jpg", "medium": "https://s3.anilist.co/media/anime/cover/small/102689-hRgHY2XBngGi.jpg"}, "bannerImage": null, "isAdult": false, "format": "ONA"}, {"id": 102690, "title": {"romaji": "Run & Roll", "english": null}, "type": "ANIME", "status": "FINISHED", "description": "Run & Roll is a campaign film created by Keiichi Tanaami for the Kyoto Marathon by CW-X.\n<br><br>\n(Source: MAL)", "startDate": {"year": 2013, "month": null, "day": null}, "endDate": {"year": 2013, "month": null, "day": null}, "season": null, "episodes": 1, "duration": 1, "genres": [], "averageScore": null, "trending": 0, "popularity": 21, "streamingEpisodes": [], "coverImage": {"large": "https://s3.anilist.co/media/anime/cover/medium/102690-iQxHcMDdxs87.jpg", "medium": "https://s3.anilist.co/media/anime/cover/small/102690-iQxHcMDdxs87.jpg"}, "bannerImage": null, "isAdult": false, "format": "MOVIE"}, {"id": 102691, "title": {"romaji": "Tatamp", "english": null}, "type": "ANIME", "status": "FINISHED", "description": "Mirai Mizue continues his experimentation with music and movement in his latest \"cell animation,\" Tatamp. Not to be confused with the animation technique of \"cel animation,\" Mizue\u2019s unique style of \"cell animation\" is hand-drawn and colored on paper then scanned onto the computer for editing. The name refers to the fact that the creatures that he draws resemble amoeba and other minute organic creatures one might find under the lens of a microscope.\n<br><br>\n(Source: Nishikataeiga Reviews)", "startDate": {"year": 2011, "month": null, "day": null}, "endDate": {"year": 2011, "month": null, "day": null}, "season": null, "episodes": 1, "duration": 6, "genres": ["Music"], "averageScore": null, "trending": 0, "popularity": 27, "streamingEpisodes": [], "coverImage": {"large": "https://s3.anilist.co/media/anime/cover/medium/102691-FCcAHhPjAE0W.jpg", "medium": "https://s3.anilist.co/media/anime/cover/small/102691-FCcAHhPjAE0W.jpg"}, "bannerImage": null, "isAdult": false, "format": "MOVIE"}, {"id": 102692, "title": {"romaji": "A Play", "english": null}, "type": "ANIME", "status": "FINISHED", "description": "Music Video for the group ALT, made by Satoshi Murai.", "startDate": {"year": 2011, "month": null, "day": null}, "endDate": {"year": 2011, "month": null, "day": null}, "season": null, "episodes": 1, "duration": 6, "genres": ["Music"], "averageScore": null, "trending": 0, "popularity": 22, "streamingEpisodes": [], "coverImage": {"large": "https://s3.anilist.co/media/anime/cover/medium/nx102692-1ec0J5vVmrQ5.jpg", "medium": "https://s3.anilist.co/media/anime/cover/small/nx102692-1ec0J5vVmrQ5.jpg"}, "bannerImage": null, "isAdult": false, "format": "MUSIC"}, {"id": 102693, "title": {"romaji": "Venus", "english": null}, "type": "ANIME", "status": "FINISHED", "description": "Film by Takashi Ito.", "startDate": {"year": 1990, "month": null, "day": null}, "endDate": {"year": 1990, "month": null, "day": null}, "season": null, "episodes": 1, "duration": 5, "genres": [], "averageScore": null, "trending": 0, "popularity": 15, "streamingEpisodes": [], "coverImage": {"large": "https://s3.anilist.co/media/anime/cover/medium/102693-OvdC3FniVifq.jpg", "medium": "https://s3.anilist.co/media/anime/cover/small/102693-OvdC3FniVifq.jpg"}, "bannerImage": null, "isAdult": false, "format": "MOVIE"}, {"id": 102694, "title": {"romaji": "Memory of Red", "english": null}, "type": "ANIME", "status": "FINISHED", "description": "A short animation by Nobuhiro Aihara", "startDate": {"year": 2004, "month": null, "day": null}, "endDate": {"year": 2004, "month": null, "day": null}, "season": null, "episodes": 1, "duration": 3, "genres": [], "averageScore": null, "trending": 0, "popularity": 43, "streamingEpisodes": [], "coverImage": {"large": "https://s3.anilist.co/media/anime/cover/medium/102694-OW7EOwGvyRLI.jpg", "medium": "https://s3.anilist.co/media/anime/cover/small/102694-OW7EOwGvyRLI.jpg"}, "bannerImage": null, "isAdult": false, "format": "MOVIE"}, {"id": 102695, "title": {"romaji": "Koto no Shidai", "english": "The State of Things"}, "type": "ANIME", "status": "FINISHED", "description": "Official music video for Tamaki Roy's song Koto no Shidai", "startDate": {"year": 2017, "month": 7, "day": 13}, "endDate": {"year": 2017, "month": 7, "day": 13}, "season": null, "episodes": 1, "duration": 3, "genres": ["Music"], "averageScore": null, "trending": 0, "popularity": 14, "streamingEpisodes": [], "coverImage": {"large": "https://s3.anilist.co/media/anime/cover/medium/102695-UOP7ZfYIwZ9h.png", "medium": "https://s3.anilist.co/media/anime/cover/small/102695-UOP7ZfYIwZ9h.png"}, "bannerImage": "https://s3.anilist.co/media/anime/banner/102695-j1B4me99cOpb.jpg", "isAdult": false, "format": "MUSIC"}, {"id": 102696, "title": {"romaji": "Lulin Da Maoxian Zhi Tangguo Shijie", "english": "Jungle Master 2: Candy Planet"}, "type": "ANIME", "status": "FINISHED", "description": "Rainie and her friends soar into a sugar rush of adventure to save their pals on Candy Planet. \n<br><br>\n(Source: IMDB)", "startDate": {"year": 2016, "month": 5, "day": 27}, "endDate": {"year": 2016, "month": 5, "day": 27}, "season": null, "episodes": 1, "duration": 73, "genres": ["Adventure", "Fantasy"], "averageScore": null, "trending": 0, "popularity": 5, "streamingEpisodes": [], "coverImage": {"large": "https://s3.anilist.co/media/anime/cover/medium/102696-qWbiRy9DPoLs.jpg", "medium": "https://s3.anilist.co/media/anime/cover/small/102696-qWbiRy9DPoLs.jpg"}, "bannerImage": null, "isAdult": false, "format": "MOVIE"}, {"id": 102697, "title": {"romaji": "Lulin Da Maoxian", "english": "Jungle Master"}, "type": "ANIME", "status": "FINISHED", "description": "When a girl named Rainie runs away from home after her mom forgot about her birthday, she is magically transported from the big city to an enchanted jungle in an unfamiliar land where she meets Blue. With the help of Blue's grandfather and their newfound friend Mulla, they embark on an epic adventure to help Blue become the leader he is destined to be and save the rainforest from the villainous Boss Cain.\n<br><br>\n(Source: Wikipedia)", "startDate": {"year": 2013, "month": 1, "day": 13}, "endDate": {"year": 2013, "month": 1, "day": 13}, "season": null, "episodes": 1, "duration": 82, "genres": [], "averageScore": null, "trending": 0, "popularity": 6, "streamingEpisodes": [], "coverImage": {"large": "https://s3.anilist.co/media/anime/cover/medium/102697-6ybYEHHiC99I.jpg", "medium": "https://s3.anilist.co/media/anime/cover/small/102697-6ybYEHHiC99I.jpg"}, "bannerImage": null, "isAdult": false, "format": "MOVIE"}, {"id": 102698, "title": {"romaji": "It Seems like a Frog", "english": null}, "type": "ANIME", "status": "FINISHED", "description": "Official music video for Nisshoku Natsuko's song It Seems like a Frog.", "startDate": {"year": 2016, "month": 8, "day": 31}, "endDate": {"year": 2016, "month": 8, "day": 31}, "season": null, "episodes": 1, "duration": 1, "genres": ["Music"], "averageScore": null, "trending": 0, "popularity": 16, "streamingEpisodes": [], "coverImage": {"large": "https://s3.anilist.co/media/anime/cover/medium/102698-1E9mhTDKyNKl.jpg", "medium": "https://s3.anilist.co/media/anime/cover/small/102698-1E9mhTDKyNKl.jpg"}, "bannerImage": null, "isAdult": false, "format": "MUSIC"}, {"id": 102699, "title": {"romaji": "Abstract feat. Alkama", "english": null}, "type": "ANIME", "status": "FINISHED", "description": "Abstract stop-motion short film using \"lightning doodles\" by Tochka.\n<br><br>\nIt won 1st place in the Evoke 2017 Animation Competition.\n<br><br>\n(Source: MAL)", "startDate": {"year": 2017, "month": 8, "day": 19}, "endDate": {"year": 2017, "month": 8, "day": 19}, "season": "SUMMER", "episodes": 1, "duration": 2, "genres": [], "averageScore": null, "trending": 0, "popularity": 39, "streamingEpisodes": [], "coverImage": {"large": "https://s3.anilist.co/media/anime/cover/medium/102699-iF4mbXTCfp8J.jpg", "medium": "https://s3.anilist.co/media/anime/cover/small/102699-iF4mbXTCfp8J.jpg"}, "bannerImage": null, "isAdult": false, "format": "MOVIE"}, {"id": 102700, "title": {"romaji": "Ki de Tsukurou", "english": null}, "type": "ANIME", "status": "FINISHED", "description": "A stop-motion animation created using wood from all 47 prefectures of japan. It was commissioned by the Japanese Ministry of Agriculture, Forestry, and Fisheries (MAFF) and aims to show the importance of wood construction and long-term sustainability.\n<br><br>\n(Source: official Youtube Channel, edited)", "startDate": {"year": 2013, "month": 11, "day": 27}, "endDate": {"year": 2013, "month": 11, "day": 27}, "season": null, "episodes": 1, "duration": 1, "genres": ["Slice of Life"], "averageScore": null, "trending": 0, "popularity": 10, "streamingEpisodes": [], "coverImage": {"large": "https://s3.anilist.co/media/anime/cover/medium/nx102700-uB9L27LtHEQT.jpg", "medium": "https://s3.anilist.co/media/anime/cover/small/nx102700-uB9L27LtHEQT.jpg"}, "bannerImage": null, "isAdult": false, "format": "ONA"}, {"id": 102701, "title": {"romaji": "Life: Jinsei no Taisetsu na Toki ni...", "english": null}, "type": "ANIME", "status": "FINISHED", "description": "A paper stop-motion commercial for D-Mail, a live-event gift company with roses for anniversaries, cards, picture frames, incense for condolences, etc. With products available to celebrate weddings, births, first day of school ceremonies and graduation.\n<br><br>", "startDate": {"year": 2013, "month": 3, "day": 28}, "endDate": {"year": 2013, "month": 3, "day": 28}, "season": null, "episodes": 1, "duration": 3, "genres": ["Slice of Life"], "averageScore": null, "trending": 0, "popularity": 11, "streamingEpisodes": [], "coverImage": {"large": "https://s3.anilist.co/media/anime/cover/medium/nx102701-NDqDbL5amKQG.jpg", "medium": "https://s3.anilist.co/media/anime/cover/small/nx102701-NDqDbL5amKQG.jpg"}, "bannerImage": null, "isAdult": false, "format": "ONA"}, {"id": 102702, "title": {"romaji": "Boku wa Shitteru yo.", "english": null}, "type": "ANIME", "status": "FINISHED", "description": "A web anime created for the Dotwan dog food company. The episode illustrates the daily life of a family and their dog.\n<br><br>\n(Source: MAL)", "startDate": {"year": 2017, "month": 6, "day": 21}, "endDate": {"year": 2017, "month": 6, "day": 21}, "season": "WINTER", "episodes": 1, "duration": 3, "genres": ["Slice of Life"], "averageScore": null, "trending": 0, "popularity": 10, "streamingEpisodes": [], "coverImage": {"large": "https://s3.anilist.co/media/anime/cover/medium/102702-qAa7xTMG9u0u.jpg", "medium": "https://s3.anilist.co/media/anime/cover/small/102702-qAa7xTMG9u0u.jpg"}, "bannerImage": null, "isAdult": false, "format": "ONA"}, {"id": 102703, "title": {"romaji": "Popful Mail", "english": null}, "type": "ANIME", "status": "FINISHED", "description": "Promotion music video created to pitch a full OVA, to no avail.\n<br><br>\nMusic sung by Megumi Hayashibara and based on the Nihon Falcom video game.\n<br><br>\n(Source: MAL)", "startDate": {"year": 1994, "month": null, "day": null}, "endDate": {"year": 1994, "month": null, "day": null}, "season": null, "episodes": 1, "duration": 5, "genres": ["Comedy", "Fantasy", "Music"], "averageScore": null, "trending": 0, "popularity": 21, "streamingEpisodes": [], "coverImage": {"large": "https://s3.anilist.co/media/anime/cover/medium/nx102703-MKdP74Nbe1Qo.png", "medium": "https://s3.anilist.co/media/anime/cover/small/nx102703-MKdP74Nbe1Qo.png"}, "bannerImage": null, "isAdult": false, "format": "MUSIC"}, {"id": 102704, "title": {"romaji": "Kirakira", "english": null}, "type": "ANIME", "status": "FINISHED", "description": "Official music video of Kirakira from Azuma Hitomi", "startDate": {"year": 2011, "month": 8, "day": 23}, "endDate": {"year": 2011, "month": 8, "day": 23}, "season": null, "episodes": 1, "duration": 4, "genres": ["Music"], "averageScore": null, "trending": 0, "popularity": 7, "streamingEpisodes": [], "coverImage": {"large": "https://s3.anilist.co/media/anime/cover/medium/102704-teNZnm4Q3Sjs.jpg", "medium": "https://s3.anilist.co/media/anime/cover/small/102704-teNZnm4Q3Sjs.jpg"}, "bannerImage": null, "isAdult": false, "format": "MUSIC"}, {"id": 102705, "title": {"romaji": "Why Re-Mix 2002", "english": null}, "type": "ANIME", "status": "FINISHED", "description": "An alternative Version of Tanaami Keiichi's Why from 1975", "startDate": {"year": 2002, "month": null, "day": null}, "endDate": {"year": 2002, "month": null, "day": null}, "season": null, "episodes": 1, "duration": 3, "genres": [], "averageScore": null, "trending": 0, "popularity": 27, "streamingEpisodes": [], "coverImage": {"large": "https://s3.anilist.co/media/anime/cover/medium/nx102705-znDPLEA8AubB.jpg", "medium": "https://s3.anilist.co/media/anime/cover/small/nx102705-znDPLEA8AubB.jpg"}, "bannerImage": null, "isAdult": false, "format": "MOVIE"}, {"id": 102706, "title": {"romaji": "Why", "english": null}, "type": "ANIME", "status": "FINISHED", "description": "Short by Keiichi Tanaami", "startDate": {"year": 1975, "month": null, "day": null}, "endDate": {"year": 1975, "month": null, "day": null}, "season": null, "episodes": 1, "duration": 10, "genres": [], "averageScore": null, "trending": 0, "popularity": 30, "streamingEpisodes": [], "coverImage": {"large": "https://s3.anilist.co/media/anime/cover/medium/102706-f4xfIyhn2i1X.jpg", "medium": "https://s3.anilist.co/media/anime/cover/small/102706-f4xfIyhn2i1X.jpg"}, "bannerImage": null, "isAdult": false, "format": "MOVIE"}, {"id": 102707, "title": {"romaji": "Balloon", "english": null}, "type": "ANIME", "status": "FINISHED", "description": "A short animation by Yutaro Kubo.", "startDate": {"year": 2013, "month": null, "day": null}, "endDate": {"year": 2013, "month": null, "day": null}, "season": null, "episodes": 1, "duration": 1, "genres": [], "averageScore": null, "trending": 0, "popularity": 44, "streamingEpisodes": [], "coverImage": {"large": "https://s3.anilist.co/media/anime/cover/medium/102707-p6aRl1Hr3XNI.jpg", "medium": "https://s3.anilist.co/media/anime/cover/small/102707-p6aRl1Hr3XNI.jpg"}, "bannerImage": null, "isAdult": false, "format": "ONA"}, {"id": 102708, "title": {"romaji": "Crazy Monkey", "english": null}, "type": "ANIME", "status": "FINISHED", "description": "Jackie Chan's 1979 film The Fearless Hyena opened in Japan a year later under the name Crazy Monkey accompanied with an independent original animated piece by Monkey Punch set to the insert song Monkey Man featuring characters that look similar to the cast of Lupin Sansei.\n<br><br>\n(Source: AniDB)", "startDate": {"year": 1980, "month": 4, "day": 19}, "endDate": {"year": 1980, "month": 4, "day": 19}, "season": null, "episodes": 1, "duration": 1, "genres": ["Ecchi"], "averageScore": null, "trending": 0, "popularity": 21, "streamingEpisodes": [], "coverImage": {"large": "https://s3.anilist.co/media/anime/cover/medium/102708-ddzqovGvo2rp.jpg", "medium": "https://s3.anilist.co/media/anime/cover/small/102708-ddzqovGvo2rp.jpg"}, "bannerImage": null, "isAdult": false, "format": "MOVIE"}, {"id": 102709, "title": {"romaji": "Vivi", "english": null}, "type": "ANIME", "status": "FINISHED", "description": "A song from a concept album about an imaginary town that is built on top of a catfish. All of the songs are stories that happen in the town. The idea of having a miniature town was one of Yonezu's first when planning the album, and he created characters and stories for the people who lived in the town. Yonezu considers the lyrics of \"vivi\" to be the closest to his own feelings.\n<br><br>\n(Source: Wikipedia)", "startDate": {"year": 2012, "month": 3, "day": 15}, "endDate": {"year": 2012, "month": 3, "day": 15}, "season": null, "episodes": 1, "duration": 4, "genres": ["Adventure", "Music", "Drama"], "averageScore": null, "trending": 0, "popularity": 48, "streamingEpisodes": [], "coverImage": {"large": "https://s3.anilist.co/media/anime/cover/medium/102709-rbxJTLJ1TXwI.jpg", "medium": "https://s3.anilist.co/media/anime/cover/small/102709-rbxJTLJ1TXwI.jpg"}, "bannerImage": null, "isAdult": false, "format": "MUSIC"}, {"id": 102710, "title": {"romaji": "Kairaku no Sono", "english": "The GArden of Pleasure"}, "type": "ANIME", "status": "FINISHED", "description": "A study for the relation between movements and music. \n<br><br>\n(Source: Official website)", "startDate": {"year": 2008, "month": null, "day": null}, "endDate": {"year": 2008, "month": null, "day": null}, "season": null, "episodes": 1, "duration": 2, "genres": ["Music"], "averageScore": null, "trending": 0, "popularity": 31, "streamingEpisodes": [], "coverImage": {"large": "https://s3.anilist.co/media/anime/cover/medium/102710-dVayaOkzATwa.png", "medium": "https://s3.anilist.co/media/anime/cover/small/102710-dVayaOkzATwa.png"}, "bannerImage": null, "isAdult": false, "format": "MOVIE"}, {"id": 102711, "title": {"romaji": "Embah", "english": null}, "type": "ANIME", "status": "FINISHED", "description": "Girl who watches something in glass. Young person who looks into in from the outside to house. Bear that held fishbowl. \n<br><br>\n(Source: Taro Shinkai)", "startDate": {"year": 2010, "month": null, "day": null}, "endDate": {"year": 2010, "month": null, "day": null}, "season": null, "episodes": 1, "duration": 8, "genres": [], "averageScore": null, "trending": 0, "popularity": 35, "streamingEpisodes": [], "coverImage": {"large": "https://s3.anilist.co/media/anime/cover/medium/102711-s0pK7Lxcm85T.png", "medium": "https://s3.anilist.co/media/anime/cover/small/102711-s0pK7Lxcm85T.png"}, "bannerImage": null, "isAdult": false, "format": "ONA"}, {"id": 102712, "title": {"romaji": "DPR Special Movie", "english": null}, "type": "ANIME", "status": "FINISHED", "description": "An anime made for JAXA (Japan Aerospace Exploration Agency) and NASA (National Aeronautics and Space Administration) that promotes the GPM/DPR (Global Precipitation Measurement/Dual-frequency Precipitation Radar) space mission.\n<br><br>\n(source: MAL)", "startDate": {"year": 2013, "month": 10, "day": 17}, "endDate": {"year": 2013, "month": 10, "day": 17}, "season": null, "episodes": 1, "duration": 6, "genres": ["Slice of Life"], "averageScore": null, "trending": 0, "popularity": 71, "streamingEpisodes": [], "coverImage": {"large": "https://s3.anilist.co/media/anime/cover/medium/102712-WAVKilAiAPD7.jpg", "medium": "https://s3.anilist.co/media/anime/cover/small/102712-WAVKilAiAPD7.jpg"}, "bannerImage": null, "isAdult": false, "format": "SPECIAL"}, {"id": 102713, "title": {"romaji": "Xiao Yeyou", "english": "Little Yeyos"}, "type": "ANIME", "status": "FINISHED", "description": "Little Yeyos are seven little spirits living in the mythological Chinese spirit world who wander about only at night. The little intern is always the one who gets ignored and taunted, including today, when he gets kicked out of bed by the female Yeyo to turn off the alarm clock. But the discovery of a mysterious dot of light changes things...if only for a little while. <br><br> (Source: Official Youtube page)", "startDate": {"year": 2014, "month": 3, "day": 12}, "endDate": {"year": 2014, "month": 3, "day": 12}, "season": null, "episodes": 1, "duration": 3, "genres": ["Comedy", "Fantasy"], "averageScore": null, "trending": 0, "popularity": 16, "streamingEpisodes": [], "coverImage": {"large": "https://s3.anilist.co/media/anime/cover/medium/nx102713-qcqeNWH63eYg.jpg", "medium": "https://s3.anilist.co/media/anime/cover/small/nx102713-qcqeNWH63eYg.jpg"}, "bannerImage": null, "isAdult": false, "format": "ONA"}, {"id": 102714, "title": {"romaji": "STAR BEAT!: Hoshi no Kodou", "english": null}, "type": "ANIME", "status": "FINISHED", "description": "Animated music video for <i>STAR BEAT! ~Hoshi no Kodou~</i>, the second single of Bushiroad's BanG Dream! project band Poppin' Party.", "startDate": {"year": 2016, "month": 8, "day": 3}, "endDate": {"year": 2016, "month": 8, "day": 3}, "season": "SUMMER", "episodes": 1, "duration": 6, "genres": ["Music"], "averageScore": 54, "trending": 0, "popularity": 148, "streamingEpisodes": [], "coverImage": {"large": "https://s3.anilist.co/media/anime/cover/medium/102714-JiRBap1JBKR7.jpg", "medium": "https://s3.anilist.co/media/anime/cover/small/102714-JiRBap1JBKR7.jpg"}, "bannerImage": null, "isAdult": false, "format": "MUSIC"}, {"id": 102715, "title": {"romaji": "Futon", "english": null}, "type": "ANIME", "status": "FINISHED", "description": "A futon, a traditional Japanese mattress, as seen by Yoriko Mizushiri, becomes the vehicle of dream fantasies combining the most pleasant sensations such as the morning coffee, the warmth of bedding and a soft rice carpet under one\u2019s feet. Lazy stretching serves as a start of sensuous, sleepy gymnastics. With a fluid movement, the passive body will turn once again from the left to the right of the mattress to dive into the fantasies of even deeper unconsciousness a little while later.\n<br><br>\n(Source: Krakow Film Festival)", "startDate": {"year": 2012, "month": null, "day": null}, "endDate": {"year": 2012, "month": null, "day": null}, "season": null, "episodes": 1, "duration": 6, "genres": [], "averageScore": null, "trending": 0, "popularity": 40, "streamingEpisodes": [], "coverImage": {"large": "https://s3.anilist.co/media/anime/cover/medium/102715-PomLhq4tJr7M.jpg", "medium": "https://s3.anilist.co/media/anime/cover/small/102715-PomLhq4tJr7M.jpg"}, "bannerImage": null, "isAdult": false, "format": "MOVIE"}, {"id": 102716, "title": {"romaji": "Witch Craft Works Specials", "english": null}, "type": "ANIME", "status": "FINISHED", "description": "Specials included in Blu-rays/DVDs of Witch Craft Works.", "startDate": {"year": 2014, "month": 3, "day": 26}, "endDate": {"year": 2014, "month": 8, "day": 27}, "season": "SPRING", "episodes": 6, "duration": 5, "genres": ["Comedy", "Fantasy"], "averageScore": 55, "trending": 0, "popularity": 298, "streamingEpisodes": [], "coverImage": {"large": "https://s3.anilist.co/media/anime/cover/medium/102716-71WbZU4Ip8Le.jpg", "medium": "https://s3.anilist.co/media/anime/cover/small/102716-71WbZU4Ip8Le.jpg"}, "bannerImage": null, "isAdult": false, "format": "SPECIAL"}, {"id": 102717, "title": {"romaji": "Touhou Niji Sousaku Doujin Anime: Musou Kakyou Special", "english": "Touhou Unofficial Doujin Anime: A Summer Day's Dream Episode 2.5"}, "type": "ANIME", "status": "FINISHED", "description": "Episode 2.5 of \"A Summer Day's Dream\" series of anime shorts based on the Touhou Project shooter game series.", "startDate": {"year": 2014, "month": 5, "day": 14}, "endDate": {"year": 2014, "month": 5, "day": 14}, "season": "SPRING", "episodes": 1, "duration": 11, "genres": ["Fantasy"], "averageScore": 61, "trending": 0, "popularity": 308, "streamingEpisodes": [], "coverImage": {"large": "https://s3.anilist.co/media/anime/cover/medium/102717-BnEfuaWmaFht.jpg", "medium": "https://s3.anilist.co/media/anime/cover/small/102717-BnEfuaWmaFht.jpg"}, "bannerImage": null, "isAdult": false, "format": "OVA"}, {"id": 102718, "title": {"romaji": "DEEP BLUE SONG", "english": "DEEP BLUE SONG"}, "type": "ANIME", "status": "FINISHED", "description": "A sequel to DEEP BLUE TOWN.", "startDate": {"year": 2017, "month": 8, "day": 24}, "endDate": {"year": 2017, "month": 8, "day": 24}, "season": null, "episodes": 1, "duration": 7, "genres": ["Adventure", "Fantasy", "Music", "Slice of Life"], "averageScore": null, "trending": 0, "popularity": 14, "streamingEpisodes": [], "coverImage": {"large": "https://s3.anilist.co/media/anime/cover/medium/102718-jcHLdQZNzG0K.jpg", "medium": "https://s3.anilist.co/media/anime/cover/small/102718-jcHLdQZNzG0K.jpg"}, "bannerImage": null, "isAdult": false, "format": "MUSIC"}, {"id": 102719, "title": {"romaji": "DEEP BLUE TOWN he Oideyo", "english": "DEEP BLUE TOWN"}, "type": "ANIME", "status": "FINISHED", "description": "An animated music video by iMarine Project and produced by Sanyo. Animation features Marine-chan and several other characters from the Umi Monogatari a pachinko game manufactured by Sanyo Bussan.", "startDate": {"year": 2017, "month": 7, "day": 16}, "endDate": {"year": 2017, "month": 7, "day": 16}, "season": null, "episodes": 1, "duration": 9, "genres": ["Adventure", "Fantasy", "Music", "Slice of Life"], "averageScore": null, "trending": 0, "popularity": 10, "streamingEpisodes": [], "coverImage": {"large": "https://s3.anilist.co/media/anime/cover/medium/nx102719-a1WU8X0MsvCl.jpg", "medium": "https://s3.anilist.co/media/anime/cover/small/nx102719-a1WU8X0MsvCl.jpg"}, "bannerImage": null, "isAdult": false, "format": "MUSIC"}, {"id": 102720, "title": {"romaji": "Marine Dreamin'", "english": "Marine Dreamin'"}, "type": "ANIME", "status": "FINISHED", "description": "A music video for the song \"Marine Dreamin'\", a part of the iMarine project which stars Umi Monogatari's Marin.<br>\nThe entry includes the 2017 version, with a new animation.", "startDate": {"year": 2015, "month": 4, "day": 24}, "endDate": {"year": 2017, "month": 4, "day": 28}, "season": null, "episodes": 2, "duration": 4, "genres": ["Music"], "averageScore": null, "trending": 0, "popularity": 38, "streamingEpisodes": [], "coverImage": {"large": "https://s3.anilist.co/media/anime/cover/medium/nx102720-4BMqf1aij2hf.jpg", "medium": "https://s3.anilist.co/media/anime/cover/small/nx102720-4BMqf1aij2hf.jpg"}, "bannerImage": null, "isAdult": false, "format": "MUSIC"}, {"id": 102721, "title": {"romaji": "Dive to Blue", "english": "Dive to Blue"}, "type": "ANIME", "status": "FINISHED", "description": "A music video for the song \"Dive to Blue\" by Umi Monogatari Marin.", "startDate": {"year": 2016, "month": 7, "day": 17}, "endDate": {"year": 2016, "month": 7, "day": 17}, "season": null, "episodes": 1, "duration": 5, "genres": ["Music"], "averageScore": null, "trending": 0, "popularity": 24, "streamingEpisodes": [], "coverImage": {"large": "https://s3.anilist.co/media/anime/cover/medium/102721-rg8HMnrN71Rf.png", "medium": "https://s3.anilist.co/media/anime/cover/small/102721-rg8HMnrN71Rf.png"}, "bannerImage": "https://s3.anilist.co/media/anime/banner/102721-cbUnn70HXs6c.jpg", "isAdult": false, "format": "MUSIC"}, {"id": 102722, "title": {"romaji": "Marine Bloomin'", "english": "Marine Bloomin'"}, "type": "ANIME", "status": "FINISHED", "description": "A music video for the song \"Marine Bloomin'\", a part of the iMarine project which stars Umi Monogatari's Marin.", "startDate": {"year": 2016, "month": 3, "day": 24}, "endDate": {"year": 2016, "month": 3, "day": 24}, "season": null, "episodes": 1, "duration": 3, "genres": ["Music"], "averageScore": null, "trending": 0, "popularity": 43, "streamingEpisodes": [], "coverImage": {"large": "https://s3.anilist.co/media/anime/cover/medium/102722-lxojpxeohJu9.png", "medium": "https://s3.anilist.co/media/anime/cover/small/102722-lxojpxeohJu9.png"}, "bannerImage": "https://s3.anilist.co/media/anime/banner/102722-cYHWUSZ2S8lC.jpg", "isAdult": false, "format": "MUSIC"}, {"id": 102723, "title": {"romaji": "Cinderella Girls Gekijou: 5 Shuunen Kinen Short Anime", "english": null}, "type": "ANIME", "status": "FINISHED", "description": "This short commemorates the 5th anniversary of The iDOLM@STER Cinderella Girls game featuring the cast as they will be shown in the Cinderella Girls Gekijou anime coming out in 2017. The girls contemplate half a decade passing and worry about aging and their progress as idols.", "startDate": {"year": 2016, "month": 11, "day": 28}, "endDate": {"year": 2016, "month": 11, "day": 28}, "season": "FALL", "episodes": 1, "duration": 3, "genres": ["Comedy"], "averageScore": null, "trending": 0, "popularity": 105, "streamingEpisodes": [], "coverImage": {"large": "https://s3.anilist.co/media/anime/cover/medium/102723-iAvFNnfrznqJ.jpg", "medium": "https://s3.anilist.co/media/anime/cover/small/102723-iAvFNnfrznqJ.jpg"}, "bannerImage": null, "isAdult": false, "format": "ONA"}]}}}