{"data": {"Page": {"pageInfo": {"total": 12297, "hasNextPage": true}, "media": [{"id": 586, "title": {"romaji": "Ayakashi: Japanese Classic Horror", "english": "Ayakashi: Samurai Horror Tales"}, "type": "ANIME", "status": "FINISHED", "description": "A collection of three classic Japanese horror stories: \"Yotsuya Kaidan,\" the story of a wife betrayed by her husband who seeks vengeance even in death. \"Tenshu Monogatari,\" the story of forbidden love between a goddess and a human, and \"Bakeneko,\" the story of a mysterious cat monster with a vendetta against a certain family. ", "startDate": {"year": 2006, "month": 1, "day": 13}, "endDate": {"year": 2006, "month": 3, "day": 24}, "season": "WINTER", "episodes": 11, "duration": 23, "genres": ["Fantasy", "Horror"], "averageScore": 69, "trending": 0, "popularity": 3557, "streamingEpisodes": [], "coverImage": {"large": "https://s3.anilist.co/media/anime/cover/medium/586.jpg", "medium": "https://s3.anilist.co/media/anime/cover/small/586.jpg"}, "bannerImage": null, "isAdult": false, "format": "TV"}, {"id": 587, "title": {"romaji": "Hanbun no Tsuki ga Noboru Sora", "english": "Looking up at the Half-Moon"}, "type": "ANIME", "status": "FINISHED", "description": "After contracting hepatitis A, Ezaki Yuuichi has been confined to a hospital away from his friends and family, much to his displeasure. To relieve his boredom, he has taken to sneaking out of the hospital, usually putting himself on the receiving end of a beating from his nurse. Upon meeting a girl his age also staying in the hospital, he is immediately captivated by her beauty. Akiba Rika's personality is not quite as captivating as her beauty however. In fact, she is rather selfish, moody, and bossy. But as the two spend more time with each other, they become closer, sharing the ordinary joys and trials of a budding teenage romance, even when darkened with impending tragedy - for Rika's condition does not leave her much longer to live.<br><br>\n[Written by MAL Rewrite]", "startDate": {"year": 2006, "month": 1, "day": 13}, "endDate": {"year": 2006, "month": 2, "day": 24}, "season": "WINTER", "episodes": 6, "duration": 24, "genres": ["Comedy", "Drama", "Romance"], "averageScore": 71, "trending": 0, "popularity": 5498, "streamingEpisodes": [{"title": "Episode 1 - Akiko, The Girl, and Ryunosuke Akutagawa", "url": "http://www.crunchyroll.com/looking-up-at-the-half-moon/episode-1-akiko-the-girl-and-ryunosuke-akutagawa-720145"}, {"title": "Episode 2 - The Inheritance of the Tada Collection", "url": "http://www.crunchyroll.com/looking-up-at-the-half-moon/episode-2-the-inheritance-of-the-tada-collection-720147"}, {"title": "Episode 3 - The Demise of the Ezaki Collection, And Then\u2026", "url": "http://www.crunchyroll.com/looking-up-at-the-half-moon/episode-3-the-demise-of-the-ezaki-collection-and-then-720149"}, {"title": "Episode 4 - School Life for a Day", "url": "http://www.crunchyroll.com/looking-up-at-the-half-moon/episode-4-school-life-for-a-day-720151"}, {"title": "Episode 5 - The Halted Minute", "url": "http://www.crunchyroll.com/looking-up-at-the-half-moon/episode-5-the-halted-minute-720153"}, {"title": "Episode 6 - Our Own Two Hands", "url": "http://www.crunchyroll.com/looking-up-at-the-half-moon/episode-6-our-own-two-hands-720155"}], "coverImage": {"large": "https://s3.anilist.co/media/anime/cover/medium/587.jpg", "medium": "https://s3.anilist.co/media/anime/cover/small/587.jpg"}, "bannerImage": null, "isAdult": false, "format": "TV"}, {"id": 588, "title": {"romaji": "Itsudatte My Santa!", "english": "My Santa"}, "type": "ANIME", "status": "FINISHED", "description": "Mai, a Santa in training, appears in front of an unlucky boy named Santa on Christmas Eve, promising him that she will make him happy for one night. ", "startDate": {"year": 2005, "month": 12, "day": 7}, "endDate": {"year": 2005, "month": 12, "day": 7}, "season": "WINTER", "episodes": 2, "duration": 30, "genres": ["Comedy", "Ecchi", "Fantasy", "Romance"], "averageScore": 52, "trending": 0, "popularity": 826, "streamingEpisodes": [], "coverImage": {"large": "https://s3.anilist.co/media/anime/cover/medium/588.jpg", "medium": "https://s3.anilist.co/media/anime/cover/small/588.jpg"}, "bannerImage": null, "isAdult": false, "format": "OVA"}, {"id": 589, "title": {"romaji": "Ginga Nagareboshi Gin", "english": null}, "type": "ANIME", "status": "FINISHED", "description": "Gin is a silver Tora-ge named after his coat color. Shortly after being born, he watches his father, Riki, get killed by Akakabuto, a bear that terrorizes everything in its path. Being the third-generation of bear-dogs to try to stand up against Akakabuto, he ventures out to find wild dogs to join him in his fight.", "startDate": {"year": 1986, "month": 4, "day": 7}, "endDate": {"year": 1986, "month": 8, "day": 22}, "season": "SPRING", "episodes": 21, "duration": 23, "genres": ["Adventure", "Drama"], "averageScore": 70, "trending": 0, "popularity": 1120, "streamingEpisodes": [], "coverImage": {"large": "https://s3.anilist.co/media/anime/cover/medium/589.jpg", "medium": "https://s3.anilist.co/media/anime/cover/small/589.jpg"}, "bannerImage": "https://s3.anilist.co/media/anime/banner/589-jnS0fgM9qY5Q.jpg", "isAdult": false, "format": "TV"}, {"id": 590, "title": {"romaji": "Kage kara Mamoru!", "english": "Protect from the Shadows!"}, "type": "ANIME", "status": "FINISHED", "description": "Kagemori Mamoru is a dowdy boy whose hair is disheveled and who wears thick glasses, but he is actually the son of a ninja family. They have protected their neighbors, the Konnyaku family, secretly for 400 years. Mamoru has personally protected their daughter, Konnyaku Yuuna, since they were in kindergarten. When Yuuna is in trouble, Mamoru puts on ninja suit and turns into a competent ninja to help her.", "startDate": {"year": 2006, "month": 1, "day": 8}, "endDate": {"year": 2006, "month": 3, "day": 26}, "season": "WINTER", "episodes": 12, "duration": 24, "genres": ["Comedy", "Romance"], "averageScore": 60, "trending": 0, "popularity": 1280, "streamingEpisodes": [], "coverImage": {"large": "https://s3.anilist.co/media/anime/cover/medium/590.jpg", "medium": "https://s3.anilist.co/media/anime/cover/small/590.jpg"}, "bannerImage": null, "isAdult": false, "format": "TV"}, {"id": 591, "title": {"romaji": "Amaenaide yo!!", "english": "Ah My Buddha!!"}, "type": "ANIME", "status": "FINISHED", "description": "Satonaka Ikkou, a 16 year old boy, is a first year trainee at the Saienji Buddhist Temple. He was sent there by his parents to be trained by his grandmother, the Saienji Priestess. At the temple he finds himself surrounded by beautiful female priestesses-in-training. Upon seeing a girl naked, Ikko has the ability to turn into a super-monk, performing massive exorcisms for the good of the temple.<br><br>\n(Source: ANN)<br>", "startDate": {"year": 2005, "month": 7, "day": 1}, "endDate": {"year": 2005, "month": 9, "day": 16}, "season": "SUMMER", "episodes": 12, "duration": 24, "genres": ["Comedy", "Ecchi", "Romance", "Supernatural"], "averageScore": 60, "trending": 0, "popularity": 3048, "streamingEpisodes": [], "coverImage": {"large": "https://s3.anilist.co/media/anime/cover/medium/591.jpg", "medium": "https://s3.anilist.co/media/anime/cover/small/591.jpg"}, "bannerImage": null, "isAdult": false, "format": "TV"}, {"id": 592, "title": {"romaji": "PopoloCrois", "english": null}, "type": "ANIME", "status": "FINISHED", "description": "Pinon, the boy who flows within his body, the blood of the three races (the Dragons, the fairies and the humans), is actually the son of the Courageous One, Pietro. Pinon's encounter with a mysterious animal, Pap, opens up the door to an adventurous journey. He befriends Luna and Marco on the way. However, when he learns that his adventure will determine the fate of PoPoLoCrois, Pinon hardens his heart and leaves his friends. Unknown to him, this is an introductory chapter to a new adventure and Pinon will realise that he must resolve the bigger crisis present in PoPoLoCrois. <br><br>\n(Source: ANN)", "startDate": {"year": 2003, "month": 10, "day": 5}, "endDate": {"year": 2004, "month": 3, "day": 28}, "season": "FALL", "episodes": 26, "duration": 23, "genres": ["Adventure", "Fantasy"], "averageScore": null, "trending": 0, "popularity": 122, "streamingEpisodes": [], "coverImage": {"large": "https://s3.anilist.co/media/anime/cover/medium/592.jpg", "medium": "https://s3.anilist.co/media/anime/cover/small/592.jpg"}, "bannerImage": null, "isAdult": false, "format": "TV"}, {"id": 593, "title": {"romaji": "Mugen no Ryvius", "english": "Infinite Ryvius"}, "type": "ANIME", "status": "FINISHED", "description": " The year is AD 2225. Kouji Aiba and Aoi Housen are serving as astronauts in-training in Liebe Delta which is located on the edge of the Geduld Sea. When saboteurs with unknown intents suddenly strike during a routine dive procedure, the space station plummets into the Geduld, a plasma field that links all the planets like a nervous system and crushes any ship that strays too far into it. With all the adults onboard killed, the young astronauts will have to survive this long journey home in midst of the growing tension amongst each other. Meanwhile the organizers of the sabotage look on and prepare to attack once more. <br>", "startDate": {"year": 1999, "month": 10, "day": 6}, "endDate": {"year": 2000, "month": 3, "day": 29}, "season": "FALL", "episodes": 26, "duration": 23, "genres": ["Drama", "Mecha", "Psychological", "Sci-Fi"], "averageScore": 71, "trending": 0, "popularity": 3140, "streamingEpisodes": [], "coverImage": {"large": "https://s3.anilist.co/media/anime/cover/medium/593.jpg", "medium": "https://s3.anilist.co/media/anime/cover/small/593.jpg"}, "bannerImage": "https://s3.anilist.co/media/anime/banner/593-mrkLRYywc0LU.jpg", "isAdult": false, "format": "TV"}, {"id": 594, "title": {"romaji": "Naruto: Takigakure no Shitou - Ore ga Eiyuu Dattebayo!", "english": "Naruto: The Lost Story - Mission: Protect the Waterfall Village"}, "type": "ANIME", "status": "FINISHED", "description": "A routine rank-C mission turned into a full-blown battle as the Hidden Fall village is attacked by enemy ninjas. Now Naruto, Sasuke and Sakura must help the leader of the Hidden Fall, Shibuki, protect his village and show him what being a hero is all about. <br><br>\n(Source: ANN)", "startDate": {"year": 2003, "month": 12, "day": 20}, "endDate": {"year": 2003, "month": 12, "day": 20}, "season": "WINTER", "episodes": 1, "duration": 40, "genres": ["Action", "Adventure", "Comedy"], "averageScore": 62, "trending": 0, "popularity": 3450, "streamingEpisodes": [], "coverImage": {"large": "https://s3.anilist.co/media/anime/cover/medium/594.jpg", "medium": "https://s3.anilist.co/media/anime/cover/small/594.jpg"}, "bannerImage": null, "isAdult": false, "format": "SPECIAL"}, {"id": 595, "title": {"romaji": "X OVA", "english": null}, "type": "ANIME", "status": "FINISHED", "description": "In this prequel to the \"X\" TV series, a beautiful, young, bedridden dreamgazer named Kakyou remembers the life and death of a remarkable young woman whom he met in dreams. He also recounts his dreams of a tragic future in which the fate of the Earth will be decided.<br><br>\n(Source: ANN)", "startDate": {"year": 2001, "month": 8, "day": 25}, "endDate": {"year": 2001, "month": 8, "day": 25}, "season": "SUMMER", "episodes": 1, "duration": 22, "genres": ["Drama", "Fantasy", "Mystery", "Romance", "Supernatural"], "averageScore": 62, "trending": 0, "popularity": 696, "streamingEpisodes": [], "coverImage": {"large": "https://s3.anilist.co/media/anime/cover/medium/595.jpg", "medium": "https://s3.anilist.co/media/anime/cover/small/595.jpg"}, "bannerImage": null, "isAdult": false, "format": "OVA"}, {"id": 596, "title": {"romaji": "Chobits: Chibits - Sumomo, Kotoko Todokeru", "english": null}, "type": "ANIME", "status": "FINISHED", "description": "When Hideki Motosuwa leaves his apartment and accidentally forgets his wallet, Chii takes the wallet and follows him, leaving Sumomo and Kotoko alone in the apartment. It doesn\u2019t take long time until Sumomo discovers that Chii forgot her panties, so Sumomo and Kotoko sets out on an adventurous trip to return the panties to Chii.<br><br>\r\n(Source: ANN)", "startDate": {"year": 2003, "month": 6, "day": 27}, "endDate": {"year": 2003, "month": 6, "day": 27}, "season": "SUMMER", "episodes": 1, "duration": 6, "genres": ["Comedy", "Romance"], "averageScore": 65, "trending": 0, "popularity": 2525, "streamingEpisodes": [], "coverImage": {"large": "https://s3.anilist.co/media/anime/cover/medium/596.jpg", "medium": "https://s3.anilist.co/media/anime/cover/small/596.jpg"}, "bannerImage": null, "isAdult": false, "format": "SPECIAL"}, {"id": 597, "title": {"romaji": "Neko no Ongaeshi", "english": "The Cat Returns"}, "type": "ANIME", "status": "FINISHED", "description": "The Cat Returns is something of a loose spin-off of \"Whisper of the Heart\" as it features two characters from that film: Muta (the cat from \"Whisper\") and the Baron (the cat statue from \"Whisper\"). There is no other connection between the two movies and this is not a sequel. The story is based on Neko no Danshaku (Baron of Cat) by Hiiragi Aoi. <br><br>\nThe main character of the story, Haru, is a clueless, ordinary 17-year-old girl. She has no special abilities and neither is she an extraordinary beauty. When faced with reality, she is unable to make decisions for herself, thus often sways to others' opinions to avoid challenge. One day, Haru saves the life of a cat without considering her own safety. The cat turns out to be the Cat Prince from the Kingdom of Cats, however as a result, Haru is trapped in the world of cats. Can Baron and Muta rescue Haru who has wandered into the world of cats? <br><br>\n(Source: AniDB, edited)", "startDate": {"year": 2002, "month": 7, "day": 20}, "endDate": {"year": 2002, "month": 7, "day": 20}, "season": "SUMMER", "episodes": 1, "duration": 75, "genres": ["Adventure", "Drama", "Fantasy"], "averageScore": 75, "trending": 0, "popularity": 8254, "streamingEpisodes": [], "coverImage": {"large": "https://s3.anilist.co/media/anime/cover/medium/597.jpg", "medium": "https://s3.anilist.co/media/anime/cover/small/597.jpg"}, "bannerImage": "https://s3.anilist.co/media/anime/banner/597-nTMnq104EwyB.jpg", "isAdult": false, "format": "MOVIE"}, {"id": 598, "title": {"romaji": "Jinzou Ningen Kikaider: The Animation", "english": "Android Kikaider"}, "type": "ANIME", "status": "FINISHED", "description": "The genius robotics professor, Dr. Komyoji has created Jiro (who has the ability to transform into Kikaider) &ndash; a humanoid robot tasked with the protection of Dr. Komyoji&rsquo;s son, Masaru, and daughter, Mitsuko. Gifted with a conscience circuit, which has the power to simulate real emotions that helps to distinguish between &ldquo;right and wrong&rdquo;, Jiro must protect Mitsuko and Masaru from the evil Dr. Gil who wants Jiro to join his army and aid in his goal of world domination.<br><br>\n(Source: ANN) <br><br>\nThe series is initially a darker version of the original live action tokusatsu show Jinzou Ningen Kikaida, creating or expanding many emotional conflicts within Kikaida and other characters which was not present in the original Kikaida story.  ", "startDate": {"year": 2000, "month": 10, "day": 16}, "endDate": {"year": 2001, "month": 1, "day": 8}, "season": "FALL", "episodes": 13, "duration": 23, "genres": ["Action", "Adventure", "Drama", "Mecha", "Sci-Fi"], "averageScore": 60, "trending": 0, "popularity": 509, "streamingEpisodes": [], "coverImage": {"large": "https://s3.anilist.co/media/anime/cover/medium/598.jpg", "medium": "https://s3.anilist.co/media/anime/cover/small/598.jpg"}, "bannerImage": null, "isAdult": false, "format": "TV"}, {"id": 599, "title": {"romaji": "Yuugen Kaisha", "english": "Phantom Quest Corp."}, "type": "ANIME", "status": "FINISHED", "description": "In a country where companies are categorized into many subdivisions and corporations, only one of them is a ghost corp - the Phantom quest corp. When otherworldly supernatural phenomenon threatens the city and its populace, Ayaka Kisaragi and her employees are on the job to fight any and all supernatural menace. <br><br>\n(Source: ANN)", "startDate": {"year": 1994, "month": 8, "day": 25}, "endDate": {"year": 1995, "month": 2, "day": 25}, "season": "SUMMER", "episodes": 4, "duration": 30, "genres": ["Adventure", "Comedy", "Supernatural"], "averageScore": 53, "trending": 0, "popularity": 320, "streamingEpisodes": [], "coverImage": {"large": "https://s3.anilist.co/media/anime/cover/medium/599.jpg", "medium": "https://s3.anilist.co/media/anime/cover/small/599.jpg"}, "bannerImage": null, "isAdult": false, "format": "OVA"}, {"id": 600, "title": {"romaji": "Legend of Duo", "english": null}, "type": "ANIME", "status": "FINISHED", "description": "In 2000s, human beings have lost their purana, which are essential for living thing. It means that the human species is goinig to die. However, there is a vampire who saves human beings from extinction by revealing the secret of purana. In a mythical era, there was a god who was punished eternally because he had brought the fire to the human beings. Like him, the vampire will be punished because he breaks the taboo to tell the secret of purana to human beings. That vampire is named Duo, and the vampire who punish him is Zieg. They used to be good friends... ", "startDate": {"year": 2005, "month": 4, "day": 21}, "endDate": {"year": 2005, "month": 6, "day": 27}, "season": "SPRING", "episodes": 12, "duration": 5, "genres": ["Drama", "Supernatural"], "averageScore": 37, "trending": 0, "popularity": 518, "streamingEpisodes": [], "coverImage": {"large": "https://s3.anilist.co/media/anime/cover/medium/600.jpg", "medium": "https://s3.anilist.co/media/anime/cover/small/600.jpg"}, "bannerImage": null, "isAdult": false, "format": "TV_SHORT"}, {"id": 601, "title": {"romaji": "Nekojiru-sou", "english": "Cat Soup"}, "type": "ANIME", "status": "FINISHED", "description": "Cat Soup is an extremely difficult film to describe, due to its awesome surrealism and almost nonexistant dialogue. It is more a work of art than an anime. There are many underlying themes, such as the transcience of man's existence, but it can be enjoyed without understanding any of them. The plot, though simple, isn't necessarily understandable without being explained. The main character, a cat named Nyatto, embarks upon a journey to save his sister's soul, which was ripped in two when Nyatto tried to save her from Death. She trails after him, brain-dead. They encounter many brilliant, mind-bending situations, beginning with a disturbing magic show.<br><br>\n(Source: ANN)", "startDate": {"year": 2001, "month": 2, "day": 21}, "endDate": {"year": 2001, "month": 2, "day": 21}, "season": "WINTER", "episodes": 1, "duration": 32, "genres": ["Comedy", "Psychological"], "averageScore": 68, "trending": 0, "popularity": 4194, "streamingEpisodes": [], "coverImage": {"large": "https://s3.anilist.co/media/anime/cover/medium/601-WFonsDkcbW1z.jpg", "medium": "https://s3.anilist.co/media/anime/cover/small/601-WFonsDkcbW1z.jpg"}, "bannerImage": "https://s3.anilist.co/media/anime/banner/601-jTlPnUQJXdey.jpg", "isAdult": false, "format": "OVA"}, {"id": 602, "title": {"romaji": "KO Seiki Beast Sanjuushi", "english": "KO Century Beast Warriors"}, "type": "ANIME", "status": "FINISHED", "description": "The series is set in the distant future in which the Earth is split in two. The southern hemisphere is placed in another dimension while the inhabitants of the northern hemisphere are able to morph into beast-like humanoids. Eventually the humans of the southern hemisphere, led by Uranus, attack the Beasts.<br><br>\nThe Three Beasts, Wan Derbard (Wan Dabadadatta) of the Tiger Tribe, Bud Mint (Baado Mint) of the Bird Tribe, and Mei Mer (Mei Mah) of the Mermaid Tribe, are taken prisoner along with Mei Mer's companion Tuttle Millen (Mekka Mannen, also of the Mermaid tribe), but manage to escape thanks to a little girl named Yuuni Charm Password. Together they seek Gaia, which they believe to be a fabulous treasure, but they are pursued by Uranus's minions : V-Darn the vicious mage-knight, V-Sion the warrior woman and Akumako, V-Darn's sadistic imp-like partner.<br><br>\n(Source: Wikipedia)", "startDate": {"year": 1992, "month": 5, "day": 2}, "endDate": {"year": 1993, "month": 11, "day": 21}, "season": "SPRING", "episodes": 7, "duration": 29, "genres": ["Adventure", "Comedy", "Fantasy", "Mecha", "Supernatural"], "averageScore": 51, "trending": 0, "popularity": 169, "streamingEpisodes": [], "coverImage": {"large": "https://s3.anilist.co/media/anime/cover/medium/602.jpg", "medium": "https://s3.anilist.co/media/anime/cover/small/602.jpg"}, "bannerImage": null, "isAdult": false, "format": "OVA"}, {"id": 603, "title": {"romaji": "Futari wa Precure", "english": "Pretty Cure"}, "type": "ANIME", "status": "FINISHED", "description": "Nagisa Misumi and Honoka Yukishiro couldn't be more different. Nagisa is sporty and Honoka bookish, and while they attend the same school, they have very little in common - until one day, a shower of shooting stars brings two very unlikely visitors into their lives: Mipple and Mepple, refugees from the Garden of Light, which has been conquered by Darkness. Endowed with new and startling powers, Nagisa and Honoka become Cure Black and Cure White, magical defenders of the light - together, they are Pretty Cure. <br><br>\n(Source: ANN)", "startDate": {"year": 2004, "month": 2, "day": 1}, "endDate": {"year": 2005, "month": 1, "day": 30}, "season": "WINTER", "episodes": 49, "duration": 24, "genres": ["Adventure", "Comedy", "Fantasy", "Mahou Shoujo"], "averageScore": 66, "trending": 1, "popularity": 2470, "streamingEpisodes": [{"title": "Episode 1 - You Want Us to Transform? No Way!", "url": "http://www.crunchyroll.com/pretty-cure/episode-1-you-want-us-to-transform-no-way-479224"}, {"title": "Episode 2 - Give Me a Break! A City Targetted By Darkness", "url": "http://www.crunchyroll.com/pretty-cure/episode-2-give-me-a-break-a-city-targetted-by-darkness-479268"}, {"title": "Episode 3 - Beware of the Cute Student Teacher", "url": "http://www.crunchyroll.com/pretty-cure/episode-3-beware-of-the-cute-student-teacher-479262"}, {"title": "Episode 4 - A Miracle? The Art Museum Comes to Life!", "url": "http://www.crunchyroll.com/pretty-cure/episode-4-a-miracle-the-art-museum-comes-to-life-479296"}, {"title": "Episode 5 - Serious Trouble! A Desperate Pisard", "url": "http://www.crunchyroll.com/pretty-cure/episode-5-serious-trouble-a-desperate-pisard-479288"}, {"title": "Episode 6 - A New Darkness! The Bear in the Dangerous Forest", "url": "http://www.crunchyroll.com/pretty-cure/episode-6-a-new-darkness-the-bear-in-the-dangerous-forest-479294"}, {"title": "Episode 7 - A Bitter Lacrosse Battle! A Maiden\u2019s Heart is So Delicate", "url": "http://www.crunchyroll.com/pretty-cure/episode-7-a-bitter-lacrosse-battle-a-maidens-heart-is-so-delicate-479286"}, {"title": "Episode 8 - The End of Pretty Cure! Isn\u2019t It Too Soon for That!?", "url": "http://www.crunchyroll.com/pretty-cure/episode-8-the-end-of-pretty-cure-isnt-it-too-soon-for-that-479282"}, {"title": "Episode 9 - Give Him Back! The Great Mepo Mepo Strategy", "url": "http://www.crunchyroll.com/pretty-cure/episode-9-give-him-back-the-great-mepo-mepo-strategy-479278"}, {"title": "Episode 10 - Honoka Explodes! A Wonderful Birthday", "url": "http://www.crunchyroll.com/pretty-cure/episode-10-honoka-explodes-a-wonderful-birthday-479272"}, {"title": "Episode 11 - Save Ryota! Gekidrago Panic", "url": "http://www.crunchyroll.com/pretty-cure/episode-11-save-ryota-gekidrago-panic-479266"}, {"title": "Episode 12 - The Evil Flower! Poisonny Appears", "url": "http://www.crunchyroll.com/pretty-cure/episode-12-the-evil-flower-poisonny-appears-479260"}, {"title": "Episode 13 - Beware! The Young Transfer Student", "url": "http://www.crunchyroll.com/pretty-cure/episode-13-beware-the-young-transfer-student-479292"}, {"title": "Episode 14 - Are You Kidding? Pretty Cure Imposters Go Wild", "url": "http://www.crunchyroll.com/pretty-cure/episode-14-are-you-kidding-pretty-cure-imposters-go-wild-479284"}, {"title": "Episode 15 - A Really Dangerous Family Vacation", "url": "http://www.crunchyroll.com/pretty-cure/episode-15-a-really-dangerous-family-vacation-479280"}, {"title": "Episode 16 - Full Throttle Stress! It's Hard Being a Superstar", "url": "http://www.crunchyroll.com/pretty-cure/episode-16-full-throttle-stress-its-hard-being-a-superstar-479276"}, {"title": "Episode 17 - Capture His Heart! Heart-Throbbing Farm Work", "url": "http://www.crunchyroll.com/pretty-cure/episode-17-capture-his-heart-heart-throbbing-farm-work-479274"}, {"title": "Episode 18 - Heart-Throbbing! Mid-Term Tests are a Love Labyrinth", "url": "http://www.crunchyroll.com/pretty-cure/episode-18-heart-throbbing-mid-term-tests-are-a-love-labyrinth-479270"}, {"title": "Episode 19 - Too Scary! Dotsuku Zone's Final Trump Card", "url": "http://www.crunchyroll.com/pretty-cure/episode-19-too-scary-dotsuku-zones-final-trump-card-479264"}, {"title": "Episode 20 - Which is the Real One? There Are Two Honokas", "url": "http://www.crunchyroll.com/pretty-cure/episode-20-which-is-the-real-one-there-are-two-honokas-479290"}, {"title": "Episode 21 - A Shocking Date! The Truth About Kiriya", "url": "http://www.crunchyroll.com/pretty-cure/episode-21-a-shocking-date-the-truth-about-kiriya-511482"}, {"title": "Episode 22 - You're Kidding! Chutaro's Going to be a Mom!?", "url": "http://www.crunchyroll.com/pretty-cure/episode-22-youre-kidding-chutaros-going-to-be-a-mom-511484"}, {"title": "Episode 23 - Danger! The Summer Training Camp Nightmare", "url": "http://www.crunchyroll.com/pretty-cure/episode-23-danger-the-summer-training-camp-nightmare-511486"}, {"title": "Episode 24 - The Showdown! Pretty Cure Vs. Ilkubo", "url": "http://www.crunchyroll.com/pretty-cure/episode-24-the-showdown-pretty-cure-vs-ilkubo-511488"}, {"title": "Episode 25 - Let's Go to the Field of Light Popo! Us, Too!?", "url": "http://www.crunchyroll.com/pretty-cure/episode-25-lets-go-to-the-field-of-light-popo-us-too-511490"}, {"title": "Episode 26 - Goodbye Mepple and Mipple!? No Way!", "url": "http://www.crunchyroll.com/pretty-cure/episode-26-goodbye-mepple-and-mipple-no-way-511492"}, {"title": "Episode 27 - A New Darkness Closes In! Save the Lost Pollun", "url": "http://www.crunchyroll.com/pretty-cure/episode-27-a-new-darkness-closes-in-save-the-lost-pollun-511494"}, {"title": "Episode 28 - Regine Appears! We've Had Enough of the Already", "url": "http://www.crunchyroll.com/pretty-cure/episode-28-regine-appears-weve-had-enough-of-the-already-511496"}, {"title": "Episode 29 - Stormy Summer Festival! The Thunder God is Super Scary!?", "url": "http://www.crunchyroll.com/pretty-cure/episode-29-stormy-summer-festival-the-thunder-god-is-super-scary-511498"}, {"title": "Episode 30 - Explosive! Pretty Cure Rainbow Storm", "url": "http://www.crunchyroll.com/pretty-cure/episode-30-explosive-pretty-cure-rainbow-storm-511500"}, {"title": "Episode 31 - Did He Really Run Away? Where in the World is Pollun!?", "url": "http://www.crunchyroll.com/pretty-cure/episode-31-did-he-really-run-away-where-in-the-world-is-pollun-511502"}, {"title": "Episode 32 - Cheer Pollun Up! Special Carnival", "url": "http://www.crunchyroll.com/pretty-cure/episode-32-cheer-pollun-up-special-carnival-511504"}, {"title": "Episode 33 - Get the Victory! Find the Path of Light with Your Heart", "url": "http://www.crunchyroll.com/pretty-cure/episode-33-get-the-victory-find-the-path-of-light-with-your-heart-511506"}, {"title": "Episode 34 - Nagisa Breaks Away! The Blazing 'Gachinko' Relay", "url": "http://www.crunchyroll.com/pretty-cure/episode-34-nagisa-breaks-away-the-blazing-gachinko-relay-511508"}, {"title": "Episode 35 - Is This a Date? Tumultous Happy Birthday", "url": "http://www.crunchyroll.com/pretty-cure/episode-35-is-this-a-date-tumultous-happy-birthday-511510"}, {"title": "Episode 36 - Reach for Freedom! Stone Keeper's Desperate Great Escape", "url": "http://www.crunchyroll.com/pretty-cure/episode-36-reach-for-freedom-stone-keepers-desperate-great-escape-511512"}, {"title": "Episode 37 - First Stage Performance!! Don't Lose, Romeo and Juliet", "url": "http://www.crunchyroll.com/pretty-cure/episode-37-first-stage-performance-dont-lose-romeo-and-juliet-511460"}, {"title": "Episode 38 - It takes Guts! Ryota's Great Errand Strategy", "url": "http://www.crunchyroll.com/pretty-cure/episode-38-it-takes-guts-ryotas-great-errand-strategy-511462"}, {"title": "Episode 39 - Glittering Tears! Pouring Sweat! A Chaotic Wedding", "url": "http://www.crunchyroll.com/pretty-cure/episode-39-glittering-tears-pouring-sweat-a-chaotic-wedding-511464"}, {"title": "Episode 40 - Invitation to a Dream World!? One-Night Journey into Darkness", "url": "http://www.crunchyroll.com/pretty-cure/episode-40-invitation-to-a-dream-world-one-night-journey-into-darkness-511466"}, {"title": "Episode 41 - We Won't Lose!! Blow the Power of Darkness Away!", "url": "http://www.crunchyroll.com/pretty-cure/episode-41-we-wont-lose-blow-the-power-of-darkness-away-511468"}, {"title": "Episode 42 - We are One! Nagisa and Honoka's Powerful Bond", "url": "http://www.crunchyroll.com/pretty-cure/episode-42-we-are-one-nagisa-and-honokas-powerful-bond-511470"}, {"title": "Episode 43 - Extremely Shaken Up! My Feelings for Fuji P", "url": "http://www.crunchyroll.com/pretty-cure/episode-43-extremely-shaken-up-my-feelings-for-fuji-p-511472"}, {"title": "Episode 44 - I Couldn't Be Happier!? Nagisa's White Christmas", "url": "http://www.crunchyroll.com/pretty-cure/episode-44-i-couldnt-be-happier-nagisas-white-christmas-511474"}, {"title": "Episode 45 - Sing, Sakura Class! The Choir Shows Courage", "url": "http://www.crunchyroll.com/pretty-cure/episode-45-sing-sakura-class-the-choir-shows-courage-511476"}, {"title": "Episode 46 - It's the Pits! Has the Power of the Stones Been Stolen", "url": "http://www.crunchyroll.com/pretty-cure/episode-46-its-the-pits-has-the-power-of-the-stones-been-stolen-511478"}, {"title": "Episode 47 - The Most Powerful Warrior Appears! No Way!", "url": "http://www.crunchyroll.com/pretty-cure/episode-47-the-most-powerful-warrior-appears-no-way-528620"}, {"title": "Episode 48 - The Greatest Final Battle! Pretty Cure's Last Day!!", "url": "http://www.crunchyroll.com/pretty-cure/episode-48-the-greatest-final-battle-pretty-cures-last-day-528622"}, {"title": "Episode 49 - Believe in the Future! Believe in Tomorrow! We Won't Let You Say Goodbye!!", "url": "http://www.crunchyroll.com/pretty-cure/episode-49-believe-in-the-future-believe-in-tomorrow-we-wont-let-you-say-goodbye-528624"}], "coverImage": {"large": "https://s3.anilist.co/media/anime/cover/medium/603-Bc7PzXVuJIwS.jpg", "medium": "https://s3.anilist.co/media/anime/cover/small/603-Bc7PzXVuJIwS.jpg"}, "bannerImage": "https://s3.anilist.co/media/anime/banner/603-4sJk75xG99MG.png", "isAdult": false, "format": "TV"}, {"id": 604, "title": {"romaji": "Mahou no Stage Fancy Lala", "english": "Fancy Lala"}, "type": "ANIME", "status": "FINISHED", "description": "Miho Shinohara is a care-free third-grader and an aspiring manga artist. One day, she encounters Mogu and Pigu - two lost fairies disguised as stuffed animals. In exchange for staying at her home until they find a way to return to their own world, the fairies give Miho a special sketch pad and pencil that enable her to magical create real objects from what she draws. With the pen, Miho can also transform into Lala, a beautiful teenage girl created from her manga art. As Lala, she is discovered by a talent agency, and so begins her adventures from an ordinary school girl to a model to an idol singer. <br><br>\n(Source: ANN)", "startDate": {"year": 1998, "month": 4, "day": 5}, "endDate": {"year": 1998, "month": 9, "day": 27}, "season": "SPRING", "episodes": 26, "duration": 24, "genres": ["Comedy", "Drama", "Music", "Romance", "Mahou Shoujo"], "averageScore": 63, "trending": 0, "popularity": 759, "streamingEpisodes": [], "coverImage": {"large": "https://s3.anilist.co/media/anime/cover/medium/604-u1k4f7LfDFw2.png", "medium": "https://s3.anilist.co/media/anime/cover/small/604-u1k4f7LfDFw2.png"}, "bannerImage": "https://s3.anilist.co/media/anime/banner/604-cee08l8c3h4v.jpg", "isAdult": false, "format": "TV"}, {"id": 605, "title": {"romaji": "Tenshi ni Narumon!", "english": "I'm Gonna Be an Angel!"}, "type": "ANIME", "status": "FINISHED", "description": "Yuusuke Kamoshita who is living alone until one day he stumbles across a naked girl in a forest, a very energetic girl named Noelle, then after she knows him better, she wanted to become his angel.. <br>\nNoelle and her entire family proceed to move into Yuusuke's very large home and disrupt his life. But as their life goes on, Silky and her minions interfere as the series goes on.", "startDate": {"year": 1999, "month": 4, "day": 7}, "endDate": {"year": 1999, "month": 9, "day": 29}, "season": "SPRING", "episodes": 26, "duration": 23, "genres": ["Comedy", "Fantasy", "Romance"], "averageScore": 56, "trending": 0, "popularity": 417, "streamingEpisodes": [], "coverImage": {"large": "https://s3.anilist.co/media/anime/cover/medium/605.jpg", "medium": "https://s3.anilist.co/media/anime/cover/small/605.jpg"}, "bannerImage": null, "isAdult": false, "format": "TV"}, {"id": 606, "title": {"romaji": "Kazemakase Tsukikage Ran", "english": "Carried by the Wind: Tsukikage Ran"}, "type": "ANIME", "status": "FINISHED", "description": "In the Edo or Tokugawa period (1600-1868), Ran, a female wandering samurai whose skill with the katana is only matched by her taste for sake (rice wine), is joined by a chinese martial artist who calls herself Lady Meow of the Iron Cat Fist. Tsukikage Ran has individual episodes that are just short stories of their adventures.", "startDate": {"year": 2000, "month": 1, "day": 26}, "endDate": {"year": 2000, "month": 4, "day": 19}, "season": "WINTER", "episodes": 13, "duration": 24, "genres": ["Adventure", "Comedy"], "averageScore": 63, "trending": 0, "popularity": 897, "streamingEpisodes": [], "coverImage": {"large": "https://s3.anilist.co/media/anime/cover/medium/606.jpg", "medium": "https://s3.anilist.co/media/anime/cover/small/606.jpg"}, "bannerImage": null, "isAdult": false, "format": "TV"}, {"id": 607, "title": {"romaji": "Otogi-jushi Akazukin", "english": "Fairy Musketeers"}, "type": "ANIME", "status": "FINISHED", "description": "Long, long ago, there existed a world of magic and science. God, afraid of man's potential, split the world in to the world of science, Elde, and the world of magic, Fandavale. One day in Fandavale, a terrible witch named Cendrillon (Cinderella) revives. Cendrillon plots to rule both worlds, and searches for the \"key\" which holds tremendous power.<br><br>\nA young boy from Elde by the name of S&#333;ta meets a mysterious girl from Fandavale, Akazukin, and her talking wolf companion, Val. S&#333;ta learns that he is the key Cendrillon is searching for. Now it is up to Akazukin, Val, and the other Fairy Musketeers to protect S&#333;ta from Cendrillon and her Nightmarelians who wish to obtain the power he mysteriously possesses.", "startDate": {"year": 2006, "month": 7, "day": 1}, "endDate": {"year": 2007, "month": 3, "day": 31}, "season": "SUMMER", "episodes": 39, "duration": 24, "genres": ["Adventure", "Comedy", "Fantasy"], "averageScore": 57, "trending": 0, "popularity": 477, "streamingEpisodes": [{"title": "Episode 1 - Akazukin Finally Comes", "url": "http://www.crunchyroll.com/fairy-musketeers/episode-1-akazukin-finally-comes-510412"}, {"title": "Episode 2 - Magic Girl Snow White", "url": "http://www.crunchyroll.com/fairy-musketeers/episode-2-magic-girl-snow-white-510434"}, {"title": "Episode 3 - The Interesting Transfer Student", "url": "http://www.crunchyroll.com/fairy-musketeers/episode-3-the-interesting-transfer-student-510456"}, {"title": "Episode 4 - Gretel's Trap", "url": "http://www.crunchyroll.com/fairy-musketeers/episode-4-gretels-trap-510458"}, {"title": "Episode 5 - The Awakening of Thorn Princess", "url": "http://www.crunchyroll.com/fairy-musketeers/episode-5-the-awakening-of-thorn-princess-510460"}, {"title": "Episode 6 - Sorry, Ringo", "url": "http://www.crunchyroll.com/fairy-musketeers/episode-6-sorry-ringo-510462"}, {"title": "Episode 7 - Our Journey", "url": "http://www.crunchyroll.com/fairy-musketeers/episode-7-our-journey-510464"}, {"title": "Episode 8 - The Man With A Flute In His Heart", "url": "http://www.crunchyroll.com/fairy-musketeers/episode-8-the-man-with-a-flute-in-his-heart-510466"}, {"title": "Episode 9 - Magic Hater Hans", "url": "http://www.crunchyroll.com/fairy-musketeers/episode-9-magic-hater-hans-510468"}, {"title": "Episode 10 - A Friend For A Thousand Years", "url": "http://www.crunchyroll.com/fairy-musketeers/episode-10-a-friend-for-a-thousand-years-510390"}, {"title": "Episode 11 - Souta And The Magician In Love", "url": "http://www.crunchyroll.com/fairy-musketeers/episode-11-souta-and-the-magician-in-love-510392"}, {"title": "Episode 12 - Secret Of The Cellar", "url": "http://www.crunchyroll.com/fairy-musketeers/episode-12-secret-of-the-cellar-510394"}, {"title": "Episode 13 - Salamandra Village", "url": "http://www.crunchyroll.com/fairy-musketeers/episode-13-salamandra-village-510396"}, {"title": "Episode 14 - The Okashi Forest's Memories", "url": "http://www.crunchyroll.com/fairy-musketeers/episode-14-the-okashi-forests-memories-510398"}, {"title": "Episode 15 - Trude's Maze", "url": "http://www.crunchyroll.com/fairy-musketeers/episode-15-trudes-maze-510400"}, {"title": "Episode 16 - The Princess of Thorns And Clover", "url": "http://www.crunchyroll.com/fairy-musketeers/episode-16-the-princess-of-thorns-and-clover-510402"}, {"title": "Episode 17 - The City Where Ash Falls", "url": "http://www.crunchyroll.com/fairy-musketeers/episode-17-the-city-where-ash-falls-510406"}, {"title": "Episode 18 - The Three Singing Musketeers", "url": "http://www.crunchyroll.com/fairy-musketeers/episode-18-the-three-singing-musketeers-510408"}, {"title": "Episode 19 - Moonlight ~Juusui~", "url": "http://www.crunchyroll.com/fairy-musketeers/episode-19-moonlight-juusui-510410"}, {"title": "Episode 20 - Princess Akazukin", "url": "http://www.crunchyroll.com/fairy-musketeers/episode-20-princess-akazukin-510414"}, {"title": "Episode 21 - Fernando's Present", "url": "http://www.crunchyroll.com/fairy-musketeers/episode-21-fernandos-present-510416"}, {"title": "Episode 22 - The Bride Rapunzel", "url": "http://www.crunchyroll.com/fairy-musketeers/episode-22-the-bride-rapunzel-510418"}, {"title": "Episode 23 - Glass Slippers", "url": "http://www.crunchyroll.com/fairy-musketeers/episode-23-glass-slippers-510420"}, {"title": "Episode 24 - Souta's Mother", "url": "http://www.crunchyroll.com/fairy-musketeers/episode-24-soutas-mother-510422"}, {"title": "Episode 25 - The Tiny Princess", "url": "http://www.crunchyroll.com/fairy-musketeers/episode-25-the-tiny-princess-510424"}, {"title": "Episode 26 - Akazukin Vs. Snow White", "url": "http://www.crunchyroll.com/fairy-musketeers/episode-26-akazukin-vs-snow-white-510426"}, {"title": "Episode 27 - The Magic Castle", "url": "http://www.crunchyroll.com/fairy-musketeers/episode-27-the-magic-castle-510428"}, {"title": "Episode 28 - The Dwarf's Flowerpot", "url": "http://www.crunchyroll.com/fairy-musketeers/episode-28-the-dwarfs-flowerpot-510430"}, {"title": "Episode 29 - Lonely Gretel", "url": "http://www.crunchyroll.com/fairy-musketeers/episode-29-lonely-gretel-510432"}, {"title": "Episode 30 - Wiese Forest's Memories", "url": "http://www.crunchyroll.com/fairy-musketeers/episode-30-wiese-forests-memories-510436"}, {"title": "Episode 31 - Their Bond", "url": "http://www.crunchyroll.com/fairy-musketeers/episode-31-their-bond-510438"}, {"title": "Episode 32 - Eternally Bremen", "url": "http://www.crunchyroll.com/fairy-musketeers/episode-32-eternally-bremen-510440"}, {"title": "Episode 33 - The Symbol of Friendship", "url": "http://www.crunchyroll.com/fairy-musketeers/episode-33-the-symbol-of-friendship-510442"}, {"title": "Episode 34 - Hansel and Gretel", "url": "http://www.crunchyroll.com/fairy-musketeers/episode-34-hansel-and-gretel-510444"}, {"title": "Episode 35 - To The Sealed Land", "url": "http://www.crunchyroll.com/fairy-musketeers/episode-35-to-the-sealed-land-510446"}, {"title": "Episode 36 - The Key's Power", "url": "http://www.crunchyroll.com/fairy-musketeers/episode-36-the-keys-power-510448"}, {"title": "Episode 37 - The Story of Two Worlds", "url": "http://www.crunchyroll.com/fairy-musketeers/episode-37-the-story-of-two-worlds-510450"}, {"title": "Episode 38 - Door to the Future", "url": "http://www.crunchyroll.com/fairy-musketeers/episode-38-door-to-the-future-510452"}, {"title": "Episode 39 - Good Bye Akazukin", "url": "http://www.crunchyroll.com/fairy-musketeers/episode-39-good-bye-akazukin-510454"}], "coverImage": {"large": "https://s3.anilist.co/media/anime/cover/medium/607.jpg", "medium": "https://s3.anilist.co/media/anime/cover/small/607.jpg"}, "bannerImage": null, "isAdult": false, "format": "TV"}, {"id": 608, "title": {"romaji": "Sakura Taisen: Katsudou Shashin", "english": "Sakura Wars : The Movie"}, "type": "ANIME", "status": "FINISHED", "description": "Since a new branch of division to New York has been created, Ohgami has now been assigned to the Paris Division. Now the Flower Division must be able to survive on their own, with the help of their new American-cultured leader. <br><br>\n(Source: ANN)", "startDate": {"year": 2001, "month": 12, "day": 22}, "endDate": {"year": 2001, "month": 12, "day": 22}, "season": "WINTER", "episodes": 1, "duration": 85, "genres": ["Adventure", "Mecha", "Sci-Fi"], "averageScore": 56, "trending": 0, "popularity": 329, "streamingEpisodes": [], "coverImage": {"large": "https://s3.anilist.co/media/anime/cover/medium/608.jpg", "medium": "https://s3.anilist.co/media/anime/cover/small/608.jpg"}, "bannerImage": null, "isAdult": false, "format": "MOVIE"}, {"id": 609, "title": {"romaji": "Saikano: Another Love Song", "english": "Saikano: Another Love Song"}, "type": "ANIME", "status": "FINISHED", "description": "In the sky over Hakata city, fighter planes were flying and bombers are dropping bombs one after another. It became a sea of flames around Fukuoka Dome. At that time, a light appeared in the sky. In the shower of missiles, it intercepted enemy planes by its energy cannon. It was another &ldquo;Ultimate Weapon&rdquo;.<br><br>\nIn the meantime, Chise was suffered from the fact that she&rsquo;d been turned into a weapon against her will, and she was thinking about Shuji. However, the army continued sending her to the battle fields.<br><br>\nWhether another ultimate weapon is an enemy or a friend?<br><br>\nThis OVA will reveal another truth that wasn&rsquo;t described in TV series. <br><br>\n(Source: AnimeNfo)", "startDate": {"year": 2005, "month": 8, "day": 5}, "endDate": {"year": 2005, "month": 9, "day": 9}, "season": "SUMMER", "episodes": 2, "duration": 32, "genres": ["Drama", "Romance", "Sci-Fi"], "averageScore": 66, "trending": 0, "popularity": 1047, "streamingEpisodes": [], "coverImage": {"large": "https://s3.anilist.co/media/anime/cover/medium/609.jpg", "medium": "https://s3.anilist.co/media/anime/cover/small/609.jpg"}, "bannerImage": null, "isAdult": false, "format": "OVA"}, {"id": 610, "title": {"romaji": "Popotan", "english": null}, "type": "ANIME", "status": "FINISHED", "description": "Beautiful sisters Ai, Mai, Mii, their android maid Mea and slippery pet ferret Unagi make an amazing journey together through time and space without ever leaving their beloved mansion behind! Following the clues of the strange dandelion-like \"Popotan,\" the girls are theoretically seeking the person who has the answers to their most personal questions, but they seem to have more than enough time to take side trips, meet new friends, visit hot springs and occasionally operate the X-mas shop they keep in the house along the way!<br><br>\nYet, the girls' ultimate destiny holds more than a few surprises of its own, and not every moment is filled with hilarity, as moving through time means having to leave friends behind as well.<br><br>\n(Source: RightStuf)", "startDate": {"year": 2003, "month": 3, "day": 18}, "endDate": {"year": 2003, "month": 10, "day": 3}, "season": "SPRING", "episodes": 12, "duration": 24, "genres": ["Comedy", "Drama", "Supernatural"], "averageScore": 56, "trending": 0, "popularity": 1462, "streamingEpisodes": [], "coverImage": {"large": "https://s3.anilist.co/media/anime/cover/medium/610.jpg", "medium": "https://s3.anilist.co/media/anime/cover/small/610.jpg"}, "bannerImage": "https://s3.anilist.co/media/anime/banner/610-wej4UMHdSxc2.jpg", "isAdult": false, "format": "TV"}, {"id": 611, "title": {"romaji": "Platonic Chain", "english": null}, "type": "ANIME", "status": "FINISHED", "description": " In the near future, technology has made a few leaps and bounds, and videophones and constant wireless internet access are available to everyone. However, it would seen that the government has been careless and a skilled hacker was able to break into the national information archive. Using the data held there he creates the Platonic Chain website for people to discover information about themselves and their friends. Words start to spread quickly that there is a site that enables you to look up anything. Coincidentally, three young girls, Hitomi, Rika, and Kanae, are able to access the site.<br><br>\n(Source: ANN)", "startDate": {"year": 2002, "month": 4, "day": 10}, "endDate": {"year": 2003, "month": 3, "day": 28}, "season": "SPRING", "episodes": 24, "duration": 6, "genres": ["Drama", "Fantasy", "Romance"], "averageScore": null, "trending": 0, "popularity": 155, "streamingEpisodes": [], "coverImage": {"large": "https://s3.anilist.co/media/anime/cover/medium/611.jpg", "medium": "https://s3.anilist.co/media/anime/cover/small/611.jpg"}, "bannerImage": null, "isAdult": false, "format": "TV_SHORT"}, {"id": 612, "title": {"romaji": "PetoPeto-san", "english": null}, "type": "ANIME", "status": "FINISHED", "description": "In a Japan not quite like our own, the \"youkai\" (supernatural creatures) have started living together with humans. Now, in an ordinary school, all sorts of \"monsters\" attend regular classes. A human boy, Oohashi Shingo, finds himself attracted to one of these creatures, a \"petopeto\" called Fujimura Hatoko. Petoko, as she is called, is a minor monster, with only the power to stick to something she adores. Like Shingo.... <br><br>\n(Source: ANN)", "startDate": {"year": 2005, "month": 7, "day": 9}, "endDate": {"year": 2005, "month": 10, "day": 1}, "season": "SUMMER", "episodes": 13, "duration": 25, "genres": ["Comedy", "Fantasy", "Romance"], "averageScore": 55, "trending": 0, "popularity": 422, "streamingEpisodes": [], "coverImage": {"large": "https://s3.anilist.co/media/anime/cover/medium/612.jpg", "medium": "https://s3.anilist.co/media/anime/cover/small/612.jpg"}, "bannerImage": null, "isAdult": false, "format": "TV"}, {"id": 613, "title": {"romaji": "Onmyou Tai Senki", "english": null}, "type": "ANIME", "status": "FINISHED", "description": "All his life, Riku Tachibana has been raised by his grandfather. For some reason, the old man has always been fond of strange hand gestures, and they've rubbed off on Riku, who performs them almost subconsciously, to his classmates' great amusement. One day, however, it suddenly becomes clear to Riku what his grandfather has been surreptitiously teaching him. And the teachings could mean the difference between life and death for Riku. <br><br>\n(Source: ANN)", "startDate": {"year": 2004, "month": 11, "day": 30}, "endDate": {"year": 2005, "month": 11, "day": 29}, "season": "FALL", "episodes": 52, "duration": 23, "genres": ["Adventure", "Fantasy", "Supernatural"], "averageScore": 55, "trending": 0, "popularity": 284, "streamingEpisodes": [], "coverImage": {"large": "https://s3.anilist.co/media/anime/cover/medium/613.jpg", "medium": "https://s3.anilist.co/media/anime/cover/small/613.jpg"}, "bannerImage": null, "isAdult": false, "format": "TV"}, {"id": 614, "title": {"romaji": "Okusama wa Mahou Shoujo", "english": "Madam is a Magical Girl"}, "type": "ANIME", "status": "FINISHED", "description": "Ureshiko Asaba, 26 years old, married. Few people know the fact that she is a magical girl named \"Agnes\", and she is actually the guardian of the town where she lives. One day she meets Sayaka Kurenai, aka \"Cruje\", another magical girl appointed by the magic realm as the legitimate sucessor to her position, but Agnes is reluctant in letting her assume because she knows that Cruje has orders to erase the whole place, including its human inhabitants with the purpose of creating a new one. To complicate matters, Ureshiko must deal with the growing distance between her and her husband, Tamotsu, her crescent feelings for Tatsumi Kagura, a young man who is now living as a tenant in her home, and the fact that in the moment she ever kisses a common human, she would lose her powers forever. <br><br>\n(Source: ANN)", "startDate": {"year": 2005, "month": 7, "day": 4}, "endDate": {"year": 2005, "month": 9, "day": 26}, "season": "SUMMER", "episodes": 13, "duration": 24, "genres": ["Romance"], "averageScore": 55, "trending": 0, "popularity": 673, "streamingEpisodes": [], "coverImage": {"large": "https://s3.anilist.co/media/anime/cover/medium/614.jpg", "medium": "https://s3.anilist.co/media/anime/cover/small/614.jpg"}, "bannerImage": "https://s3.anilist.co/media/anime/banner/614-X4HC2MxsO4Mx.jpg", "isAdult": false, "format": "TV"}, {"id": 615, "title": {"romaji": "Nurse Witch Komugi-chan", "english": null}, "type": "ANIME", "status": "FINISHED", "description": "Ungrar, the King of Viruses, has escaped from his prison cell in Vaccine World. Maya, the Goddess of Vaccine World sends Mugimaru down to Earth to find a human to accept the powers of Vaccine World and become the Magical Nurse. He finds the best (and the only willing) person for the job when he meets Komugi Nakahara. Komugi is a playful, lazy, and easily distracted (typical) teenager whose dream is to become a cosplay idol. Balancing her career with the Kiri-Pro Promotion Company and her new job battling Ungrar's loyal henchman, the Magical Maid Koyori, Komugi delights audiences in this parody anime series. <br><br>\n(Source: ANN)", "startDate": {"year": 2002, "month": 8, "day": 23}, "endDate": {"year": 2004, "month": 4, "day": 2}, "season": "SUMMER", "episodes": 5, "duration": 24, "genres": ["Comedy", "Mahou Shoujo"], "averageScore": 61, "trending": 0, "popularity": 1263, "streamingEpisodes": [], "coverImage": {"large": "https://s3.anilist.co/media/anime/cover/medium/615.jpg", "medium": "https://s3.anilist.co/media/anime/cover/small/615.jpg"}, "bannerImage": "https://s3.anilist.co/media/anime/banner/615-GFMS1AIzygUe.jpg", "isAdult": false, "format": "OVA"}, {"id": 616, "title": {"romaji": "Nurse Angel Ririka SOS", "english": null}, "type": "ANIME", "status": "FINISHED", "description": "The Evil Forces of Dark Joker are closing in on our planet after having destroyed the beautiful planet of Queen Earth. Now, 10 year old Moriya Ririka, with the help of her childhood friend Seiya and the mysterious Kanon, must transform into the Nurse Angel and find the elusive Flower of Life, the only way to defeat the evil forces. The Flower of Life, that once bloomed all over the Earth, is where no one thought it ever would be. And Ririka must make the hardest decision of her life in order to acquire it and rid the universe of evil once and for all. <br><br>\n(Source: ANN)", "startDate": {"year": 1995, "month": 7, "day": 7}, "endDate": {"year": 1996, "month": 3, "day": 29}, "season": "SUMMER", "episodes": 35, "duration": 24, "genres": ["Drama", "Fantasy"], "averageScore": 54, "trending": 0, "popularity": 247, "streamingEpisodes": [], "coverImage": {"large": "https://s3.anilist.co/media/anime/cover/medium/616.jpg", "medium": "https://s3.anilist.co/media/anime/cover/small/616.jpg"}, "bannerImage": null, "isAdult": false, "format": "TV"}, {"id": 617, "title": {"romaji": "Juubee Ninpuuchou", "english": "Ninja Scroll"}, "type": "ANIME", "status": "FINISHED", "description": "Jubei Kibagami has always been the master dealer of death, but in rescuing a ninja woman from a monster he sets loose a chain of events that puts death in his own veins and sends them on a nightmarish odyssey through a surreal and devil infested ancient Japan. How do demonic possessions, an annihilated village and a man Jubei thought safely buried in his past all connect? If Jubei can't piece the blood-soaked clues together, his only consolation will be that he won't live to regret it for very long! Prepare your mind and steel your gut for the insanely gore-packed orgy of violence that still stands alone and unchallenged as the ultimate anime action feature.<br>\n<br>\n(Source: Sentai Filmworks)", "startDate": {"year": 1993, "month": 6, "day": 5}, "endDate": {"year": 1993, "month": 6, "day": 5}, "season": "SUMMER", "episodes": 1, "duration": 94, "genres": ["Adventure", "Fantasy", "Horror", "Romance"], "averageScore": 71, "trending": 0, "popularity": 4724, "streamingEpisodes": [], "coverImage": {"large": "https://s3.anilist.co/media/anime/cover/medium/617-hJ6BSuzWLWKT.jpg", "medium": "https://s3.anilist.co/media/anime/cover/small/617-hJ6BSuzWLWKT.jpg"}, "bannerImage": "https://s3.anilist.co/media/anime/banner/617-eL7kKCrbKf9D.jpg", "isAdult": false, "format": "MOVIE"}, {"id": 618, "title": {"romaji": "Juubee Ninpuuchou: Ryuuhougyoku-hen", "english": "Ninja Scroll: The Series"}, "type": "ANIME", "status": "FINISHED", "description": "Fourteen years after defeating the immortal warrior Himuro Genma and thwarting the Shogun of the Dark's evil plans, Kibagami Jubei continues to roam all over Japan as a masterless swordsman. During his journey, he meets Shigure, a priestess who has never seen the world outside her village. But when a group of demons destroys the village and kills everyone, Jubei becomes a prime target after acquiring the Dragon Jewel - a stone with an unknown origin. Meanwhile, Shigure - along with the monk Dakuan and a young thief named Tsubute - travels to the village of Yagyu. And with two demon clans now hunting down Shigure, Dakuan must once again acquire the services of Jubei to protect the Priestess of Light. <br><br>\n(Source: ANN)", "startDate": {"year": 2003, "month": 4, "day": 15}, "endDate": {"year": 2003, "month": 7, "day": 15}, "season": "SPRING", "episodes": 13, "duration": 24, "genres": ["Adventure", "Horror", "Supernatural"], "averageScore": 60, "trending": 0, "popularity": 1363, "streamingEpisodes": [], "coverImage": {"large": "https://s3.anilist.co/media/anime/cover/medium/618.jpg", "medium": "https://s3.anilist.co/media/anime/cover/small/618.jpg"}, "bannerImage": "https://s3.anilist.co/media/anime/banner/618-enQbEdtOuQ8h.jpg", "isAdult": false, "format": "TV"}, {"id": 619, "title": {"romaji": "Ninja Ryuukenden", "english": "Ninja Ryuukenden"}, "type": "ANIME", "status": "FINISHED", "description": "On a dark, late night in New York City, Ryu is chased and attacked by assassins. After disposing of them, he finds an I.D. card for the Friedman Company. The next day, it is announced that Dr. Ned Friedman has discovered a cure for cancer. But after providing no information at his press conference, a reporter named Sarah decides to investigate with the help of her friends Robert and Jeff. When passing by Dr. Friedman's house one day, Ryu hears the voice of a young girl calling for help. When Sarah and her entourage investigate the house as well, they run into their colleague, Ryu. Upon that, they discover Dr. Friedman has been conducting experiments on live humans using biotechnology, and that it may have something to do with the power of the Evil Gods, whom Ryu had defeated in the past. But when Ryu's friend, Irene, is kidnapped, he must dawn his role as a Dragon Ninja once again to defeat this new enemy and save her. <br><br>\n(Source: ANN)", "startDate": {"year": 1991, "month": 11, "day": 22}, "endDate": {"year": 1991, "month": 11, "day": 22}, "season": "FALL", "episodes": 1, "duration": 45, "genres": ["Adventure", "Drama", "Sci-Fi"], "averageScore": 49, "trending": 0, "popularity": 228, "streamingEpisodes": [], "coverImage": {"large": "https://s3.anilist.co/media/anime/cover/medium/619.jpg", "medium": "https://s3.anilist.co/media/anime/cover/small/619.jpg"}, "bannerImage": null, "isAdult": false, "format": "OVA"}, {"id": 620, "title": {"romaji": "Mermaid Forest", "english": null}, "type": "ANIME", "status": "FINISHED", "description": "According to an ancient legend, mermaid's flesh can grant immortality if eaten. 500 years ago, Yuta unknowingly ate a piece of mermaid's flesh. For centuries, he travels across Japan, hoping to find a mermaid, thinking she may be able to make him a normal human again. When he finally finds one, he discovers that she and her companions have been raising a girl to be their food so they can eat her and take on her youthful looks. That is how mermaids stay young. Yuta kills the mermaids and rescues her, but she has already eaten some of the mermaid's flesh. Although he had to kill the mermaids, Yuta isn't too disappointed. Yuta's once lonely existence is now over, as he has found a companion in Mana. And Mana, who had been trapped in a small hut her whole life, finds delight in even the simplest of things. Together, Yuta and Mana attempt to seek out more mermaids, trying to become normal humans again. <br><br>\n(Source: ANN)", "startDate": {"year": 2003, "month": 10, "day": 5}, "endDate": {"year": 2003, "month": 12, "day": 21}, "season": "FALL", "episodes": 13, "duration": 24, "genres": ["Drama", "Fantasy", "Horror", "Mystery"], "averageScore": 63, "trending": 0, "popularity": 1254, "streamingEpisodes": [], "coverImage": {"large": "https://s3.anilist.co/media/anime/cover/medium/620.jpg", "medium": "https://s3.anilist.co/media/anime/cover/small/620.jpg"}, "bannerImage": null, "isAdult": false, "format": "TV"}, {"id": 621, "title": {"romaji": "Night Walker: Mayonaka no Tantei", "english": "Nightwalker: The Midnight Detective"}, "type": "ANIME", "status": "FINISHED", "description": "Shido Tatsuhiko is not only a private eye... he is also a vampire with no real memory of his past. Joined by Yayoi Matsunaga, a female government agent, Riho Yamazaki, an orphaned teenage girl working as his girl Friday and Guni, a little green imp, Shido must face demonic creatures known as Nightbreed. Meanwhile, Cain, the vampire who made him what he is now, is seeking him...<br><br>\n(Source: ANN)", "startDate": {"year": 1998, "month": 7, "day": 8}, "endDate": {"year": 1998, "month": 9, "day": 23}, "season": "SUMMER", "episodes": 12, "duration": 25, "genres": ["Action", "Comedy", "Horror", "Mystery"], "averageScore": 60, "trending": 0, "popularity": 810, "streamingEpisodes": [], "coverImage": {"large": "https://s3.anilist.co/media/anime/cover/medium/621.jpg", "medium": "https://s3.anilist.co/media/anime/cover/small/621.jpg"}, "bannerImage": null, "isAdult": false, "format": "TV"}, {"id": 622, "title": {"romaji": "Natsuiro no Sunadokei", "english": "Sandglass of Summer Colors"}, "type": "ANIME", "status": "FINISHED", "description": "Makimura Koutarou has made up his mind: during the summer vacation, he is going to confess his love to the seemingly unapproachable Serizawa Kaho. Yet, on the night before, he has a run-in with a strange girl - an encounter which propels him into the future. There, he learns that not only has Kaho-chan become his girlfriend, but she has also died in a tragic accident. Returning to his own time, Koutarou sets out to change the future and save his love.<br><br>\n(Source: ANN)", "startDate": {"year": 2004, "month": 5, "day": 21}, "endDate": {"year": 2004, "month": 7, "day": 23}, "season": "SPRING", "episodes": 2, "duration": 30, "genres": ["Comedy", "Drama", "Romance", "Sci-Fi"], "averageScore": 58, "trending": 0, "popularity": 560, "streamingEpisodes": [], "coverImage": {"large": "https://s3.anilist.co/media/anime/cover/medium/622.jpg", "medium": "https://s3.anilist.co/media/anime/cover/small/622.jpg"}, "bannerImage": null, "isAdult": false, "format": "OVA"}, {"id": 623, "title": {"romaji": "Nana 7 of 7", "english": null}, "type": "ANIME", "status": "FINISHED", "description": "Nana Suzuki winds up being split into seven copies of herself. Besides the original Nana, there's also a smart Nana, a happy Nana, an angry Nana, a sensitive Nana, a sad Nana, and a slow Nana. <br><br>\n(Source: ANN)", "startDate": {"year": 2002, "month": 1, "day": 10}, "endDate": {"year": 2002, "month": 6, "day": 27}, "season": "WINTER", "episodes": 26, "duration": 24, "genres": ["Adventure", "Comedy", "Romance"], "averageScore": 54, "trending": 0, "popularity": 418, "streamingEpisodes": [], "coverImage": {"large": "https://s3.anilist.co/media/anime/cover/medium/623.jpg", "medium": "https://s3.anilist.co/media/anime/cover/small/623.jpg"}, "bannerImage": null, "isAdult": false, "format": "TV"}, {"id": 624, "title": {"romaji": "Mouse", "english": null}, "type": "ANIME", "status": "FINISHED", "description": " Teacher Sorata Muon carries on his family's centuries-old old tradition of being the master thief Mouse who can steal anything after properly alerting authorities of his intentions so they can be there yet fail to stop him. He is assistedby 3 nubile female assistants who also use the teaching cover and who, in typical Satoru Akahori, favor tight/skimpy/bondage outfits over their ample curves as they constantly pursue Sorata much more than he pursues them, although the girls do get some attention from their master. Not only is Mouse pursued by the girls &amp; the local law enforcement authorities, there is also a secret art protection society employing the services of a former ally of Sorata's after his pretty little hide, all in 15 minute episodes. <br><br>\n(Source: ANN)", "startDate": {"year": 2003, "month": 1, "day": 5}, "endDate": {"year": 2003, "month": 3, "day": 26}, "season": "WINTER", "episodes": 12, "duration": 14, "genres": ["Adventure", "Comedy", "Ecchi"], "averageScore": 51, "trending": 0, "popularity": 881, "streamingEpisodes": [], "coverImage": {"large": "https://s3.anilist.co/media/anime/cover/medium/624.jpg", "medium": "https://s3.anilist.co/media/anime/cover/small/624.jpg"}, "bannerImage": null, "isAdult": false, "format": "TV_SHORT"}, {"id": 625, "title": {"romaji": "Moekan The Animation", "english": null}, "type": "ANIME", "status": "FINISHED", "description": "An anarchistic country that is said to dominate the world exists on a vast island known as Moekko Island. This is where the final works of AC Company's android combat maids (resembling beautiful young girls) are done, also where these maids get there communication training. A new maid is to come to the island to be trained, Rinia, she is a young looking girl, who has lost her all of her memories, she tries very hard to impress the owner at Moekko island, but just ends up making a lot of trouble around the mansion. Takahiro, the owner of Moekko island, a depressive young man who has also lost his memories is seen as a very unhappy person who thinks Rinia will only be trouble around the mansion. As time passes, Takahiro slowly grows attached to Rinia's attempted ways of helping and so starts a beautiful relationship among the quiet island. <br><br>\n(Source: ANN)", "startDate": {"year": 2003, "month": 12, "day": 19}, "endDate": {"year": 2004, "month": 7, "day": 23}, "season": "WINTER", "episodes": 3, "duration": 30, "genres": ["Comedy", "Romance"], "averageScore": 43, "trending": 0, "popularity": 174, "streamingEpisodes": [], "coverImage": {"large": "https://s3.anilist.co/media/anime/cover/medium/625.jpg", "medium": "https://s3.anilist.co/media/anime/cover/small/625.jpg"}, "bannerImage": null, "isAdult": false, "format": "OVA"}, {"id": 626, "title": {"romaji": "Mamotte Shugogetten!", "english": "Protect Me"}, "type": "ANIME", "status": "FINISHED", "description": "Tasuke Shichiri is the envy of his friends because since his parents are always traveling he can do as he pleases. It's a surprise present from his father that keeps him from being lonely: an odd ring known as the shitenrin. From it comes a moon goddess named Shaorin, dedicated to protecting her \"master\" -- no matter how much of a mess she makes doing it!", "startDate": {"year": 1998, "month": 10, "day": 17}, "endDate": {"year": 1999, "month": 4, "day": 3}, "season": "FALL", "episodes": 22, "duration": 24, "genres": ["Comedy", "Romance"], "averageScore": 56, "trending": 0, "popularity": 412, "streamingEpisodes": [], "coverImage": {"large": "https://s3.anilist.co/media/anime/cover/medium/626.jpg", "medium": "https://s3.anilist.co/media/anime/cover/small/626.jpg"}, "bannerImage": null, "isAdult": false, "format": "TV"}, {"id": 627, "title": {"romaji": "Major S1", "english": null}, "type": "ANIME", "status": "FINISHED", "description": "Honda Shigeharu is a Major League batter on the rise. His son Goro is a Little League pitcher who one day hopes to follow in his father's footsteps. Hoshino Momoko  is Goro's schoolteacher, and the first woman Shigeharu has been interested in since the death of Goro's mother. The destines of these three individuals will become intertwined as father and son experience both heartbreak and triumph on the baseball diamond. But when an unspeakable tragedy visits the family, it will take everything they have to pick up the pieces and reclaim their dreams.<br><br>\n(Source: ANN)<br>", "startDate": {"year": 2004, "month": 11, "day": 13}, "endDate": {"year": 2005, "month": 5, "day": 21}, "season": "FALL", "episodes": 26, "duration": 25, "genres": ["Comedy", "Drama", "Sports"], "averageScore": 80, "trending": 0, "popularity": 4226, "streamingEpisodes": [], "coverImage": {"large": "https://s3.anilist.co/media/anime/cover/medium/627.jpg", "medium": "https://s3.anilist.co/media/anime/cover/small/627.jpg"}, "bannerImage": null, "isAdult": false, "format": "TV"}, {"id": 629, "title": {"romaji": "Mahou Tsukai Tai! OVA", "english": null}, "type": "ANIME", "status": "FINISHED", "description": "One sunny day invaders came from space. They weren't little green men or funny girls wearing school uniforms, though. They were ugly robots which defeated the UN forces in seconds. After that the invaders(known as \"eyeballs\") roamed around and observed human society. In fact, they were peaceful unless attacked. They were polite and followed all the traffic laws, too. Still, they were aliens and the people of Earth wanted them to go home. The Kitanohashi High School Magic Club took it on themselves to defeat these foul robots and free the world. <br><br>\n(Source: ANN)", "startDate": {"year": 1996, "month": 5, "day": 25}, "endDate": {"year": 1997, "month": 10, "day": 25}, "season": "SPRING", "episodes": 6, "duration": 28, "genres": ["Comedy", "Fantasy", "Romance", "Sci-Fi"], "averageScore": 64, "trending": 0, "popularity": 603, "streamingEpisodes": [], "coverImage": {"large": "https://s3.anilist.co/media/anime/cover/medium/629.jpg", "medium": "https://s3.anilist.co/media/anime/cover/small/629.jpg"}, "bannerImage": null, "isAdult": false, "format": "OVA"}, {"id": 630, "title": {"romaji": "Mahou Tsukai Tai!", "english": null}, "type": "ANIME", "status": "FINISHED", "description": "The aliens have been defeated, and the Bell has been transformed into a gigantic cherry tree. Now, the brave Magic User's Club must reconvene to deal with a new problem. Apparently, some inconsiderate persons left a skyscraper sized cherry tree in the middle of Tokyo, and it's become a major inconvenience to everyone in the city. Even though they have no idea who could have done such a thing, the Club feels strangely responsible and springs into action. Meanwhile, a mysterious person is spying on the magic club in the form of a small boy. <br><br>\n(Source: ANN)", "startDate": {"year": 1999, "month": 7, "day": 7}, "endDate": {"year": 1999, "month": 10, "day": 6}, "season": "SUMMER", "episodes": 13, "duration": 24, "genres": ["Comedy", "Romance", "Sci-Fi"], "averageScore": 59, "trending": 0, "popularity": 689, "streamingEpisodes": [], "coverImage": {"large": "https://s3.anilist.co/media/anime/cover/medium/630.jpg", "medium": "https://s3.anilist.co/media/anime/cover/small/630.jpg"}, "bannerImage": null, "isAdult": false, "format": "TV"}, {"id": 631, "title": {"romaji": "Mahoromatic Natsu no TV Special", "english": "Mahoromatic Summer Special"}, "type": "ANIME", "status": "FINISHED", "description": "It's another normal day in the Misato residence when Mahoro finds yet another pornographic magazine in Suguru's room. This prompts her and Minawa to make a pact with Chizuko, Rin, Miyuki and Miss Shikijo to search and confiscate all of the perverted stash in the house. Suguru, Kiyomi and Toshiya must do whatever it takes to protect their treasure from the girls. <br><br>\r\n(Source: ANN)", "startDate": {"year": 2003, "month": 8, "day": 15}, "endDate": {"year": 2003, "month": 8, "day": 15}, "season": "SUMMER", "episodes": 1, "duration": 23, "genres": ["Comedy", "Romance", "Sci-Fi"], "averageScore": 65, "trending": 0, "popularity": 703, "streamingEpisodes": [], "coverImage": {"large": "https://s3.anilist.co/media/anime/cover/medium/631.jpg", "medium": "https://s3.anilist.co/media/anime/cover/small/631.jpg"}, "bannerImage": null, "isAdult": false, "format": "SPECIAL"}, {"id": 632, "title": {"romaji": "Mahoromatic: Saimatsu Special", "english": "Mahoromatic End Year Special"}, "type": "ANIME", "status": "FINISHED", "description": "Recap episode.", "startDate": {"year": 2001, "month": 12, "day": 14}, "endDate": {"year": 2001, "month": 12, "day": 14}, "season": "WINTER", "episodes": 1, "duration": 24, "genres": ["Comedy", "Romance", "Sci-Fi"], "averageScore": 60, "trending": 0, "popularity": 412, "streamingEpisodes": [], "coverImage": {"large": "https://s3.anilist.co/media/anime/cover/medium/632.jpg", "medium": "https://s3.anilist.co/media/anime/cover/small/632.jpg"}, "bannerImage": null, "isAdult": false, "format": "SPECIAL"}, {"id": 633, "title": {"romaji": "Legend of Basara", "english": null}, "type": "ANIME", "status": "FINISHED", "description": "In a small village, twins are born: a boy, Tatara, and a girl, Sarasa. The prophet Nagi declares that Tatara is the chosen one who will free Japan from the tyrannical rule of the King and his four sons. But when the ruthless Red King slays Tatara, Sarasa must take on her brother's name and responsibilities and embark on a quest to free Japan and deliver vengeance to the Red King. <br><br>\n(Source: ANN)", "startDate": {"year": 1998, "month": 4, "day": 3}, "endDate": {"year": 1998, "month": 6, "day": 26}, "season": "SPRING", "episodes": 13, "duration": 24, "genres": ["Adventure", "Drama", "Romance", "Sci-Fi"], "averageScore": 59, "trending": 0, "popularity": 513, "streamingEpisodes": [], "coverImage": {"large": "https://s3.anilist.co/media/anime/cover/medium/633.jpg", "medium": "https://s3.anilist.co/media/anime/cover/small/633.jpg"}, "bannerImage": "https://s3.anilist.co/media/anime/banner/633-wqKMJwGhle5N.jpg", "isAdult": false, "format": "TV"}, {"id": 634, "title": {"romaji": "Koi Kaze", "english": null}, "type": "ANIME", "status": "FINISHED", "description": "Saeki Koushirou works as a wedding planner, but his own love life is a shambles. His background makes it difficult for him to commit himself wholeheartedly to love. The child of a divorced couple, he lives with his father. He has a mother and a sister, but he has not seen them in years. After being dumped by his girlfriend, a chance encounter with a female high school student shakes Koushirou's calm and awakens new feelings in him - but he learns that the girl is in fact his sister, who will now be staying with his father and him. Yet, the feelings in Koushirou's heart... <br><br>\n(Source: ANN)", "startDate": {"year": 2004, "month": 4, "day": 2}, "endDate": {"year": 2004, "month": 6, "day": 18}, "season": "SPRING", "episodes": 13, "duration": 24, "genres": ["Drama", "Psychological", "Romance"], "averageScore": 69, "trending": 0, "popularity": 5473, "streamingEpisodes": [], "coverImage": {"large": "https://s3.anilist.co/media/anime/cover/medium/634.jpg", "medium": "https://s3.anilist.co/media/anime/cover/small/634.jpg"}, "bannerImage": null, "isAdult": false, "format": "TV"}, {"id": 635, "title": {"romaji": "Juubei-chan: Lovely Gantai no Himitsu", "english": "Jubei-chan the Ninja Girl: Secret of the Lovely Eyepatch"}, "type": "ANIME", "status": "FINISHED", "description": "Jiyu Nanohana is an ordinary schoolgirl until she runs across a scatterbrained 300 year old samurai who tells her that she is the reincarnation of Yagyu Jubei. With the help of the \"Lovely Eyepatch\" she transforms into the legendary swordsman whenever she needs to use his awesome fighting ability, which she needs to do quite often as a rival clan is dead set on conquering Yagyu to satisfy an old family grudge.<br><br>\r\n(Source: ANN)<br>", "startDate": {"year": 1999, "month": 4, "day": 6}, "endDate": {"year": 1999, "month": 6, "day": 29}, "season": "SPRING", "episodes": 13, "duration": 25, "genres": ["Action", "Adventure", "Comedy", "Drama"], "averageScore": 59, "trending": 0, "popularity": 892, "streamingEpisodes": [{"title": "Episode 1 - The Birth of Yagyu Jubei II", "url": "http://www.crunchyroll.com/jubei-chan-the-ninja-girl/episode-1-the-birth-of-yagyu-jubei-ii-643037"}, {"title": "Episode 2 - Falling in Love with the Enemy", "url": "http://www.crunchyroll.com/jubei-chan-the-ninja-girl/episode-2-falling-in-love-with-the-enemy-643039"}, {"title": "Episode 3 - Men's Hearts Were Swaying", "url": "http://www.crunchyroll.com/jubei-chan-the-ninja-girl/episode-3-mens-hearts-were-swaying-643041"}, {"title": "Episode 4 - The Road of No Return", "url": "http://www.crunchyroll.com/jubei-chan-the-ninja-girl/episode-4-the-road-of-no-return-643043"}, {"title": "Episode 5 - The Enemy Brought a Memory with Them", "url": "http://www.crunchyroll.com/jubei-chan-the-ninja-girl/episode-5-the-enemy-brought-a-memory-with-them-643045"}, {"title": "Episode 6 - My Next Enemy is Yesterday's Ally", "url": "http://www.crunchyroll.com/jubei-chan-the-ninja-girl/episode-6-my-next-enemy-is-yesterdays-ally-643047"}, {"title": "Episode 7 - She had Grasped the Secret Before She Knew It!", "url": "http://www.crunchyroll.com/jubei-chan-the-ninja-girl/episode-7-she-had-grasped-the-secret-before-she-knew-it-643049"}, {"title": "Episode 8 - I Attached This Thing to My Head", "url": "http://www.crunchyroll.com/jubei-chan-the-ninja-girl/episode-8-i-attached-this-thing-to-my-head-643051"}, {"title": "Episode 9 - Dad's Premonition of Love", "url": "http://www.crunchyroll.com/jubei-chan-the-ninja-girl/episode-9-dads-premonition-of-love-643053"}, {"title": "Episode 10 - This is Where to Make the Effort", "url": "http://www.crunchyroll.com/jubei-chan-the-ninja-girl/episode-10-this-is-where-to-make-the-effort-643055"}, {"title": "Episode 11 - But the Path Curves Ahead", "url": "http://www.crunchyroll.com/jubei-chan-the-ninja-girl/episode-11-but-the-path-curves-ahead-643057"}, {"title": "Episode 12 - I Had Met a Daughter That I Never Knew", "url": "http://www.crunchyroll.com/jubei-chan-the-ninja-girl/episode-12-i-had-met-a-daughter-that-i-never-knew-643059"}, {"title": "Episode 13 - Night Gave Way to a Brand New Day", "url": "http://www.crunchyroll.com/jubei-chan-the-ninja-girl/episode-13-night-gave-way-to-a-brand-new-day-643061"}], "coverImage": {"large": "https://s3.anilist.co/media/anime/cover/medium/635.jpg", "medium": "https://s3.anilist.co/media/anime/cover/small/635.jpg"}, "bannerImage": null, "isAdult": false, "format": "TV"}, {"id": 636, "title": {"romaji": "Juubei-chan 2: Siberia Yagyuu no Gyakushuu", "english": "Jubei Chan the Ninja Girl 2: The Counterattack of Siberia Yagyu"}, "type": "ANIME", "status": "FINISHED", "description": "Three hundred years ago, in the frigid land of Siberia, Jubei Yagyu engaged in a fierce battle with Kitaretsusai of the Northern Yagyu clan. The duel was costly, as his daughter Freesia was frozen in suspended animation. As a result of global warming in the present day, Freesia breaks free from her icy grave and moves to Japan as a middle school transfer student, where she befriends Jiyuu Nanohana. Little does Jiyuu know that Freesia is targeting her to acquire the coveted Lovely Eye Patch, which Freesia believes is rightfully hers.<br><br>\r\n(Source: ANN)<br>", "startDate": {"year": 2004, "month": 1, "day": 8}, "endDate": {"year": 2004, "month": 4, "day": 1}, "season": "WINTER", "episodes": 13, "duration": 25, "genres": ["Adventure", "Comedy", "Drama"], "averageScore": 61, "trending": 0, "popularity": 499, "streamingEpisodes": [], "coverImage": {"large": "https://s3.anilist.co/media/anime/cover/medium/636.jpg", "medium": "https://s3.anilist.co/media/anime/cover/small/636.jpg"}, "bannerImage": null, "isAdult": false, "format": "TV"}]}}}