{"data": {"Page": {"pageInfo": {"total": 12298, "hasNextPage": true}, "media": [{"id": 102156, "title": {"romaji": "Xia Lan", "english": null}, "type": "ANIME", "status": "FINISHED", "description": "When Nian Chi was a young child, his elder sister was kidnapped in front of him, while he could do nothing but watch, a thing that has tormented him for all these years. Now 10 years later, he's dead set on going to rescue his sister, and sets out.", "startDate": {"year": 2012, "month": 1, "day": 29}, "endDate": {"year": 2016, "month": 7, "day": 15}, "season": null, "episodes": 156, "duration": 25, "genres": ["Action", "Adventure", "Drama", "Fantasy", "Supernatural"], "averageScore": null, "trending": 0, "popularity": 12, "streamingEpisodes": [], "coverImage": {"large": "https://s3.anilist.co/media/anime/cover/medium/nx102156-9Q2mVWogjOwe.jpg", "medium": "https://s3.anilist.co/media/anime/cover/small/nx102156-9Q2mVWogjOwe.jpg"}, "bannerImage": "https://s3.anilist.co/media/anime/banner/102156-HqU6U9lQxw3L.jpg", "isAdult": false, "format": "TV"}, {"id": 102157, "title": {"romaji": "Thunder", "english": null}, "type": "ANIME", "status": "FINISHED", "description": "A woman\u2019s face disappearing behind, and emerging from, a pair of hands. Flashing lights. An empty building full of dark hallways. Designs drawn in the air with light and long-exposure cinematography.\n<br><br>\n(Source: TMDB)", "startDate": {"year": 1982, "month": null, "day": null}, "endDate": {"year": 1982, "month": null, "day": null}, "season": null, "episodes": 1, "duration": 5, "genres": [], "averageScore": null, "trending": 0, "popularity": 39, "streamingEpisodes": [], "coverImage": {"large": "https://s3.anilist.co/media/anime/cover/medium/102157-142CrZTYQU0s.jpg", "medium": "https://s3.anilist.co/media/anime/cover/small/102157-142CrZTYQU0s.jpg"}, "bannerImage": null, "isAdult": false, "format": "MOVIE"}, {"id": 102158, "title": {"romaji": "A Smart Experiment", "english": null}, "type": "ANIME", "status": "FINISHED", "description": "Bonus short included on the \"Atsushi Wada Works 2002-2010\" DVD", "startDate": {"year": 2006, "month": null, "day": null}, "endDate": {"year": 2006, "month": null, "day": null}, "season": null, "episodes": 1, "duration": 3, "genres": [], "averageScore": null, "trending": 0, "popularity": 23, "streamingEpisodes": [], "coverImage": {"large": "https://s3.anilist.co/media/anime/cover/medium/102158-9g2iOeRgriJX.jpg", "medium": "https://s3.anilist.co/media/anime/cover/small/102158-9g2iOeRgriJX.jpg"}, "bannerImage": null, "isAdult": false, "format": "SPECIAL"}, {"id": 102159, "title": {"romaji": "Xiyouji zhi Dasheng Guilai", "english": "Monkey King: Hero Is Back"}, "type": "ANIME", "status": "FINISHED", "description": "Legend tells of the all-powerful Monkey King, who was unmatched in combat, and walked freely through Heaven, Earth, and Hell. \n\nAfter breaking some of the most important rules set by the Gods, he is imprisoned in an ice cage under the mountains, bound by the only powers able to control him. \n\nWithout the great Monkey King, darkness falls across China. While fleeing from the monsters that have attacked his village, a small boy hides in the mountains as his only place of safety, and finds a strange icy pillar bound in chains. He touches the ice, breaking the spell, and begins the events of the movie Monkey King: Hero is Back.", "startDate": {"year": 2015, "month": 7, "day": 10}, "endDate": {"year": 2015, "month": 7, "day": 10}, "season": "SUMMER", "episodes": 1, "duration": 94, "genres": ["Adventure", "Supernatural", "Fantasy"], "averageScore": null, "trending": 0, "popularity": 73, "streamingEpisodes": [], "coverImage": {"large": "https://s3.anilist.co/media/anime/cover/medium/nx102159-A0qVU5AlZL11.jpg", "medium": "https://s3.anilist.co/media/anime/cover/small/nx102159-A0qVU5AlZL11.jpg"}, "bannerImage": null, "isAdult": false, "format": "MOVIE"}, {"id": 102160, "title": {"romaji": "Curly", "english": null}, "type": "ANIME", "status": "FINISHED", "description": "The place is Kyoto, Japan.\nThe bride has a mishap just before the wedding ceremony.\nHer father and mother get into a panic, her younger sister runs around, and her pet just sits still.\nThis is a story of a family.\n<br><br>\n(Source: Official Youtube channel)", "startDate": {"year": 2014, "month": 10, "day": 14}, "endDate": {"year": 2014, "month": 10, "day": 14}, "season": "FALL", "episodes": 1, "duration": 3, "genres": ["Comedy"], "averageScore": null, "trending": 0, "popularity": 17, "streamingEpisodes": [], "coverImage": {"large": "https://s3.anilist.co/media/anime/cover/medium/102160-bkpO2FkKUGnj.jpg", "medium": "https://s3.anilist.co/media/anime/cover/small/102160-bkpO2FkKUGnj.jpg"}, "bannerImage": null, "isAdult": false, "format": "ONA"}, {"id": 102161, "title": {"romaji": "Fly", "english": null}, "type": "ANIME", "status": "FINISHED", "description": "A fantasy-like short where 3 humanoids meet a mystical cube in a chamber and develop different ways of flight.", "startDate": {"year": 2012, "month": 2, "day": 22}, "endDate": {"year": 2012, "month": 2, "day": 21}, "season": null, "episodes": 1, "duration": 1, "genres": ["Fantasy"], "averageScore": null, "trending": 0, "popularity": 26, "streamingEpisodes": [], "coverImage": {"large": "https://s3.anilist.co/media/anime/cover/medium/nx102161-biaIabGRrvRf.png", "medium": "https://s3.anilist.co/media/anime/cover/small/nx102161-biaIabGRrvRf.png"}, "bannerImage": null, "isAdult": false, "format": "ONA"}, {"id": 102162, "title": {"romaji": "My Home", "english": null}, "type": "ANIME", "status": "FINISHED", "description": "Three men build their dream home from scraps for fun only to have it taken away.\n<br><br>\n(source: MAL)", "startDate": {"year": 2009, "month": 2, "day": 17}, "endDate": {"year": 2009, "month": 2, "day": 17}, "season": null, "episodes": 1, "duration": 5, "genres": ["Slice of Life"], "averageScore": null, "trending": 0, "popularity": 25, "streamingEpisodes": [], "coverImage": {"large": "https://s3.anilist.co/media/anime/cover/medium/nx102162-2W3woLKLcVfo.png", "medium": "https://s3.anilist.co/media/anime/cover/small/nx102162-2W3woLKLcVfo.png"}, "bannerImage": null, "isAdult": false, "format": "ONA"}, {"id": 102163, "title": {"romaji": "Interior", "english": null}, "type": "ANIME", "status": "FINISHED", "description": "Centers around the unprofitable artist Sam, the unprofitable playwright Borman, and their friend Greg. The one thing they all have in common is that they are poor. The three decide to enter a contest to earn money \u2014 but since they cannot afford to mail their entries, they decide to take the long trip to the competition site to bring their entries in person.\n<br><br>\n(Source: ANN)", "startDate": {"year": 2011, "month": null, "day": null}, "endDate": {"year": 2011, "month": null, "day": null}, "season": null, "episodes": 1, "duration": 4, "genres": ["Adventure", "Comedy"], "averageScore": null, "trending": 0, "popularity": 11, "streamingEpisodes": [], "coverImage": {"large": "https://s3.anilist.co/media/anime/cover/medium/102163-pPWHl5kOqjoz.jpg", "medium": "https://s3.anilist.co/media/anime/cover/small/102163-pPWHl5kOqjoz.jpg"}, "bannerImage": null, "isAdult": false, "format": "ONA"}, {"id": 102164, "title": {"romaji": "Mang Huang Ji", "english": "The Legend of Jade Sword"}, "type": "ANIME", "status": "FINISHED", "description": "Fate had never been kind to Ji Ning. Wracked by illnesses and infirm his entire life on Earth, Ning knew early on that he would die as a teenager. What he didn\u2019t know was that there really was such a thing as life after death, and that the universe was a far larger place than he thought. A lucky twist of fate (one of the few in Ning\u2019s life) meant that Ning was reborn into a world of Immortals and monsters, of Ki Refiners and powerful Fiendgods, a world where Dynasties lasted for millions of years. A world which is both greater and yet also smaller than he ever could imagine. He would have the opportunity to join them, and in this life, Ning swore to himself, he would never let himself be weak again! The Era he was born into was a Desolate one, but Ning would make it his era.\n<br><br>\n(Source: Novel Update)", "startDate": {"year": 2015, "month": 4, "day": 4}, "endDate": {"year": 2015, "month": 8, "day": 8}, "season": "SPRING", "episodes": 19, "duration": 12, "genres": ["Action", "Adventure", "Fantasy"], "averageScore": null, "trending": 0, "popularity": 20, "streamingEpisodes": [], "coverImage": {"large": "https://s3.anilist.co/media/anime/cover/medium/102164-MXpDY2lOmJZd.jpg", "medium": "https://s3.anilist.co/media/anime/cover/small/102164-MXpDY2lOmJZd.jpg"}, "bannerImage": null, "isAdult": false, "format": "ONA"}, {"id": 102165, "title": {"romaji": "Ze Tian Ji 2nd Season", "english": null}, "type": "ANIME", "status": "FINISHED", "description": "The second season of Ze Tian Ji", "startDate": {"year": 2016, "month": 7, "day": 20}, "endDate": {"year": 2016, "month": 10, "day": 5}, "season": "SUMMER", "episodes": 12, "duration": 15, "genres": ["Action", "Adventure", "Fantasy"], "averageScore": null, "trending": 0, "popularity": 47, "streamingEpisodes": [], "coverImage": {"large": "https://s3.anilist.co/media/anime/cover/medium/nx102165-Pwi7f6ZQtjxD.jpg", "medium": "https://s3.anilist.co/media/anime/cover/small/nx102165-Pwi7f6ZQtjxD.jpg"}, "bannerImage": null, "isAdult": false, "format": "ONA"}, {"id": 102166, "title": {"romaji": "Ze Tian Ji 3rd Season", "english": null}, "type": "ANIME", "status": "FINISHED", "description": "The third season of Ze Tian Ji", "startDate": {"year": 2017, "month": 7, "day": 26}, "endDate": {"year": 2017, "month": 10, "day": 11}, "season": "SUMMER", "episodes": 12, "duration": 20, "genres": ["Action", "Adventure", "Fantasy"], "averageScore": null, "trending": 0, "popularity": 44, "streamingEpisodes": [], "coverImage": {"large": "https://s3.anilist.co/media/anime/cover/medium/nx102166-z322d85QarOo.jpg", "medium": "https://s3.anilist.co/media/anime/cover/small/nx102166-z322d85QarOo.jpg"}, "bannerImage": null, "isAdult": false, "format": "ONA"}, {"id": 102167, "title": {"romaji": "Yuri!!! on Ice Special", "english": null}, "type": "ANIME", "status": "FINISHED", "description": "A special included with the 6th DVD/BD volume of Yuri!!! on ICE. It focuses on the \"Welcome to The Madness\" exhibition routine performed by Yuri Plisetsky.\n<br><br>\n(Source: MAL)", "startDate": {"year": 2017, "month": 5, "day": 26}, "endDate": {"year": 2017, "month": 5, "day": 26}, "season": "SPRING", "episodes": 1, "duration": 3, "genres": ["Music", "Sports"], "averageScore": 70, "trending": 0, "popularity": 1242, "streamingEpisodes": [], "coverImage": {"large": "https://s3.anilist.co/media/anime/cover/medium/102167-Pw1emJfPpOj3.jpg", "medium": "https://s3.anilist.co/media/anime/cover/small/102167-Pw1emJfPpOj3.jpg"}, "bannerImage": "https://s3.anilist.co/media/anime/banner/102167-ob6TYzMhZZpm.jpg", "isAdult": false, "format": "SPECIAL"}, {"id": 102168, "title": {"romaji": "Fushigi na Somera-chan Special", "english": null}, "type": "ANIME", "status": "FINISHED", "description": "Unaired episode included in BD/DVD sets.\n\n(Source: MAL)", "startDate": {"year": 2015, "month": 12, "day": 26}, "endDate": {"year": 2015, "month": 12, "day": 26}, "season": "FALL", "episodes": 1, "duration": 10, "genres": ["Comedy", "Slice of Life"], "averageScore": null, "trending": 0, "popularity": 70, "streamingEpisodes": [], "coverImage": {"large": "https://s3.anilist.co/media/anime/cover/medium/nx102168-PsKZfEeI0zol.jpg", "medium": "https://s3.anilist.co/media/anime/cover/small/nx102168-PsKZfEeI0zol.jpg"}, "bannerImage": null, "isAdult": false, "format": "SPECIAL"}, {"id": 102233, "title": {"romaji": "Tu Xia Zhi Qing Li Chuanshuo", "english": "Legend of a Rabbit: The Martial of Fire"}, "type": "ANIME", "status": "FINISHED", "description": "It\u2019s been couples of years since Tu defeated Slash. More than a hero, Tu is regarded as the protector of the village defeating bandits and upholding justice. However, with no real foundation in Kung Fu, Tu has to start from zero in order to harness the Kung Fu skills which he inherited from the Grandmaster. One day, Tu rescues an old injured warrior who finally turns out to be the evil Zhan. Zhan plans to take over the world of Martial Art by acquiring a precious gem from the real successor Lan of Huo Clan. Upon confrontation, Tu fails to save Lan and the Martial of Fire. The reality hits him and Tu realizes he\u2019s just a lucky rabbit who happens to inherit the Grandmaster\u2019s Kung Fu. Therefore, Tu restarts to practicing Kung Fu as much encouragement from Penny and Biggie. As time goes by, Tu\u2019s able to get on his feet and join his fellow warriors, Penny and Biggie, to stop Zhan\u2019s evil plan, while Zhan is getting closer to his goal. Finally, Tu defeats against evil Zhan by holding the True Harmony of the Martial of Fire & Water.\n<br><br>\n(Source: GSC Movies)", "startDate": {"year": 2015, "month": 2, "day": 21}, "endDate": {"year": 2015, "month": 2, "day": 21}, "season": "WINTER", "episodes": 1, "duration": 90, "genres": ["Action", "Adventure", "Comedy"], "averageScore": null, "trending": 0, "popularity": 7, "streamingEpisodes": [], "coverImage": {"large": "https://s3.anilist.co/media/anime/cover/medium/102233-OwqmOaMaWNpv.jpg", "medium": "https://s3.anilist.co/media/anime/cover/small/102233-OwqmOaMaWNpv.jpg"}, "bannerImage": null, "isAdult": false, "format": "MOVIE"}, {"id": 102234, "title": {"romaji": "Tu Xia Chuanqi", "english": "Legend of Kung Fu Rabbit"}, "type": "ANIME", "status": "FINISHED", "description": "Fu, a dopey rabbit, is telepathically given the ultimate kung fu power after rescuing Shifu, a martial arts master, from a fatal attack with the promise that he, Fu, would return the martial arts academy tablet to his, Shifu's daughter, Penny. While on his journey to the academy thieves ambush Fu and unbeknownst to him he is rescued by Penny. As they become traveling companions they arrive at the academy only to learn it has been taken over by the evil Slash. As Penny takes Slash on in a kung fu showdown to get back her father's academy Fu will reveal his power and take Slash down while fulfilling his promise.\n<br><br>\n(Source: Official YouTube)", "startDate": {"year": 2011, "month": 7, "day": 11}, "endDate": {"year": 2011, "month": 7, "day": 11}, "season": null, "episodes": 1, "duration": 89, "genres": ["Action", "Adventure", "Comedy"], "averageScore": null, "trending": 0, "popularity": 8, "streamingEpisodes": [], "coverImage": {"large": "https://s3.anilist.co/media/anime/cover/medium/102234-nEnfg2IQnRVX.jpg", "medium": "https://s3.anilist.co/media/anime/cover/small/102234-nEnfg2IQnRVX.jpg"}, "bannerImage": null, "isAdult": false, "format": "MOVIE"}, {"id": 102235, "title": {"romaji": "Kuro", "english": null}, "type": "ANIME", "status": "FINISHED", "description": "A music video for the song by Mimori Yusa that was featured on NHK's Minna no Uta program.", "startDate": {"year": 2005, "month": null, "day": null}, "endDate": {"year": 2005, "month": null, "day": null}, "season": null, "episodes": 1, "duration": 4, "genres": ["Music"], "averageScore": null, "trending": 0, "popularity": 16, "streamingEpisodes": [], "coverImage": {"large": "https://s3.anilist.co/media/anime/cover/medium/102235-biSdDteR9dUZ.jpg", "medium": "https://s3.anilist.co/media/anime/cover/small/102235-biSdDteR9dUZ.jpg"}, "bannerImage": null, "isAdult": false, "format": "MUSIC"}, {"id": 102236, "title": {"romaji": "Shen Po", "english": "Zinba"}, "type": "ANIME", "status": "FINISHED", "description": "The juvenile Kan from the earth is summoned to the Kingdom of Toria , where he encounters attack from the giant creature Zinba, and he's rescued by the linker Shibuki and Uranus. Later, he accidentally gets on the linker squad DUX truck to the maze valley, finding in a cave a golden Zinba.\n<br><br>\n(Source: Lookus English YT Channel, edited)", "startDate": {"year": 2013, "month": 8, "day": 26}, "endDate": {"year": 2014, "month": null, "day": null}, "season": null, "episodes": 52, "duration": 23, "genres": ["Action", "Adventure", "Comedy"], "averageScore": null, "trending": 0, "popularity": 25, "streamingEpisodes": [], "coverImage": {"large": "https://s3.anilist.co/media/anime/cover/medium/nx102236-nk6PnsNbq0QX.jpg", "medium": "https://s3.anilist.co/media/anime/cover/small/nx102236-nk6PnsNbq0QX.jpg"}, "bannerImage": null, "isAdult": false, "format": "TV"}, {"id": 102237, "title": {"romaji": "Tao Hua Yuan Ji", "english": null}, "type": "ANIME", "status": "FINISHED", "description": "The 3D CG short film with its unique visual style, which tranquilly depicts Peach Blossom Valley (known to the western culture as Shangri-La), the earthly paradise, in Dong Jin people's mind and their desire to return to happy and harmonic life.\n\nCG Animation Short Film \"The Legend of Shangri-La\" is adapted from the poem of the same title by the famous poet Tao Yuan Ming of Dong Jin Dynasty over 1000 years ago. By applying Chinese traditional painting techniques and papercutting to CG, IDMT created this unique animation film with the style and movement of Shan-Xi shadow puppet show.\n<br><br>\n(Source: Official site)", "startDate": {"year": 2006, "month": null, "day": null}, "endDate": {"year": 2006, "month": null, "day": null}, "season": null, "episodes": 1, "duration": 14, "genres": ["Fantasy"], "averageScore": null, "trending": 0, "popularity": 23, "streamingEpisodes": [], "coverImage": {"large": "https://s3.anilist.co/media/anime/cover/medium/nx102237-1K5ce1oldcV4.jpg", "medium": "https://s3.anilist.co/media/anime/cover/small/nx102237-1K5ce1oldcV4.jpg"}, "bannerImage": "https://s3.anilist.co/media/anime/banner/102237-eO0GpAxBPnth.png", "isAdult": false, "format": "MOVIE"}, {"id": 102238, "title": {"romaji": "Portrait", "english": null}, "type": "ANIME", "status": "FINISHED", "description": "short by Furukawa Taku", "startDate": {"year": 1983, "month": null, "day": null}, "endDate": {"year": 1983, "month": null, "day": null}, "season": null, "episodes": 1, "duration": 4, "genres": [], "averageScore": null, "trending": 0, "popularity": 21, "streamingEpisodes": [], "coverImage": {"large": "https://s3.anilist.co/media/anime/cover/medium/102238-kvFwNpB6FXAY.jpg", "medium": "https://s3.anilist.co/media/anime/cover/small/102238-kvFwNpB6FXAY.jpg"}, "bannerImage": null, "isAdult": false, "format": "MOVIE"}, {"id": 102239, "title": {"romaji": "Moon Festa", "english": null}, "type": "ANIME", "status": "FINISHED", "description": "A fantasy world that unfolds during a moonlit night.\nThe song was composed by Kajiura Yuki and sung by Kalafina for NHK's Minna no Uta program \n<br><br>\n(source:MAL)", "startDate": {"year": 2012, "month": null, "day": null}, "endDate": {"year": 2012, "month": null, "day": null}, "season": null, "episodes": 1, "duration": 2, "genres": ["Music"], "averageScore": null, "trending": 0, "popularity": 12, "streamingEpisodes": [], "coverImage": {"large": "https://s3.anilist.co/media/anime/cover/medium/102239-2uo7MkGIMGAW.jpg", "medium": "https://s3.anilist.co/media/anime/cover/small/102239-2uo7MkGIMGAW.jpg"}, "bannerImage": null, "isAdult": false, "format": "MUSIC"}, {"id": 102288, "title": {"romaji": "To The Moon", "english": "To The Moon"}, "type": "ANIME", "status": "NOT_YET_RELEASED", "description": "A story-driven experience about two doctors traversing backwards through a dying man's memories to artificially fulfill his last wish. \n<br><br>\n(Source: Steam)", "startDate": {"year": null, "month": null, "day": null}, "endDate": {"year": null, "month": null, "day": null}, "season": null, "episodes": 1, "duration": null, "genres": ["Romance", "Sci-Fi"], "averageScore": null, "trending": 0, "popularity": 236, "streamingEpisodes": [], "coverImage": {"large": "https://s3.anilist.co/media/anime/cover/medium/default.jpg", "medium": "https://s3.anilist.co/media/anime/cover/small/default.jpg"}, "bannerImage": "https://s3.anilist.co/media/anime/banner/102288-elfyquvASV68.jpg", "isAdult": false, "format": "MOVIE"}, {"id": 102289, "title": {"romaji": "Nami", "english": "Nami"}, "type": "ANIME", "status": "FINISHED", "description": "An early work of Kei Oyama, co-directed by Go Shimada, Izu Satoh, and Izumi Kojima.", "startDate": {"year": 2000, "month": null, "day": null}, "endDate": {"year": 2000, "month": null, "day": null}, "season": null, "episodes": 1, "duration": 3, "genres": ["Horror", "Psychological", "Supernatural"], "averageScore": 22, "trending": 0, "popularity": 552, "streamingEpisodes": [], "coverImage": {"large": "https://s3.anilist.co/media/anime/cover/medium/102289-e06pFvbx6dxS.jpg", "medium": "https://s3.anilist.co/media/anime/cover/small/102289-e06pFvbx6dxS.jpg"}, "bannerImage": "https://s3.anilist.co/media/anime/banner/102289-Gbi7EpZiDkc3.jpg", "isAdult": false, "format": "ONA"}, {"id": 102290, "title": {"romaji": "Trip Trek (2010)", "english": "Trip Trek (2010)"}, "type": "ANIME", "status": "FINISHED", "description": "More short stories featuring Zocco and Minime. The series received the first airing starting November 10, 2010.", "startDate": {"year": 2010, "month": 11, "day": 10}, "endDate": {"year": 2011, "month": 1, "day": 26}, "season": null, "episodes": 3, "duration": 7, "genres": [], "averageScore": null, "trending": 0, "popularity": 8, "streamingEpisodes": [], "coverImage": {"large": "https://s3.anilist.co/media/anime/cover/medium/102290-AmOSTE1p2yIj.jpg", "medium": "https://s3.anilist.co/media/anime/cover/small/102290-AmOSTE1p2yIj.jpg"}, "bannerImage": null, "isAdult": false, "format": "ONA"}, {"id": 102291, "title": {"romaji": "Trip Trek (2013)", "english": "Trip Trek (2013)"}, "type": "ANIME", "status": "FINISHED", "description": "On June 10, 2013 five episodes were released on YouTube.", "startDate": {"year": 2013, "month": 6, "day": 13}, "endDate": {"year": 2013, "month": 6, "day": 13}, "season": null, "episodes": 5, "duration": 7, "genres": [], "averageScore": null, "trending": 0, "popularity": 2, "streamingEpisodes": [], "coverImage": {"large": "https://s3.anilist.co/media/anime/cover/medium/102291-TfglNmXEDwWM.jpg", "medium": "https://s3.anilist.co/media/anime/cover/small/102291-TfglNmXEDwWM.jpg"}, "bannerImage": null, "isAdult": false, "format": "ONA"}, {"id": 102292, "title": {"romaji": "Youkai Shoujo", "english": "Youkai Shoujo"}, "type": "ANIME", "status": "FINISHED", "description": "Short animation from Miyo Sato", "startDate": {"year": 2010, "month": null, "day": null}, "endDate": {"year": 2010, "month": null, "day": null}, "season": null, "episodes": 1, "duration": 2, "genres": ["Music"], "averageScore": null, "trending": 0, "popularity": 5, "streamingEpisodes": [], "coverImage": {"large": "https://s3.anilist.co/media/anime/cover/medium/nx102292-1o5v5OHaI127.jpg", "medium": "https://s3.anilist.co/media/anime/cover/small/nx102292-1o5v5OHaI127.jpg"}, "bannerImage": null, "isAdult": false, "format": "MUSIC"}, {"id": 102293, "title": {"romaji": "Answer (2016)", "english": "Answer (2016)"}, "type": "ANIME", "status": "FINISHED", "description": "Music video for the opening theme from 3-gatsu no Lion, containing new animation.", "startDate": {"year": 2016, "month": 12, "day": 21}, "endDate": {"year": 2016, "month": 12, "day": 21}, "season": null, "episodes": 1, "duration": 5, "genres": ["Music"], "averageScore": 67, "trending": 0, "popularity": 403, "streamingEpisodes": [], "coverImage": {"large": "https://s3.anilist.co/media/anime/cover/medium/102293-cH0Sb94ujwFY.jpg", "medium": "https://s3.anilist.co/media/anime/cover/small/102293-cH0Sb94ujwFY.jpg"}, "bannerImage": null, "isAdult": false, "format": "MUSIC"}, {"id": 102294, "title": {"romaji": "Lao Fu Zi Shui Hu Chuan", "english": null}, "type": "ANIME", "status": "FINISHED", "description": "Old Master Q and gang travels to the past. \n<br><br>\n(source: MAL)", "startDate": {"year": 1982, "month": 7, "day": 10}, "endDate": {"year": 1982, "month": 7, "day": 10}, "season": null, "episodes": 1, "duration": 72, "genres": ["Comedy", "Adventure"], "averageScore": null, "trending": 0, "popularity": 14, "streamingEpisodes": [], "coverImage": {"large": "https://s3.anilist.co/media/anime/cover/medium/102294-HWcq8O5Wv0ak.jpg", "medium": "https://s3.anilist.co/media/anime/cover/small/102294-HWcq8O5Wv0ak.jpg"}, "bannerImage": null, "isAdult": false, "format": "MOVIE"}, {"id": 102295, "title": {"romaji": "Shan T Lao Fu Zi", "english": "Old Master Q & \"San-T\""}, "type": "ANIME", "status": "FINISHED", "description": "Third animated movie of Old Master Q. Old Man Q, Big Potato and Mr. Chin work at a lunapark and encounter a series of unlucky events. To acquire the land of the lunapark, the director of the Landlord Company threatens to demolish the lunapark with a bomb. By a chance, Old Man Q meets an alien called Shan T and they become friends. Shan T then helps Old Man Q to fight against Landlord Company henchmen. \n\n(Source: BakaBt, translated and edited from movie.mtime.com)", "startDate": {"year": 1983, "month": 8, "day": 4}, "endDate": {"year": 1983, "month": 8, "day": 4}, "season": null, "episodes": 1, "duration": 72, "genres": ["Action", "Comedy"], "averageScore": null, "trending": 0, "popularity": 13, "streamingEpisodes": [], "coverImage": {"large": "https://s3.anilist.co/media/anime/cover/medium/102295-i8vZkmCadvWe.jpg", "medium": "https://s3.anilist.co/media/anime/cover/small/102295-i8vZkmCadvWe.jpg"}, "bannerImage": null, "isAdult": false, "format": "MOVIE"}, {"id": 102296, "title": {"romaji": "Lao Fu Zi Fan Dou Zhen Tan", "english": "Master Q: Incredible Pet Detective"}, "type": "ANIME", "status": "FINISHED", "description": "Fourth Old Master Q animated movie.", "startDate": {"year": 2003, "month": 12, "day": 20}, "endDate": {"year": 2003, "month": 12, "day": 20}, "season": null, "episodes": 1, "duration": 80, "genres": ["Comedy"], "averageScore": null, "trending": 0, "popularity": 6, "streamingEpisodes": [], "coverImage": {"large": "https://s3.anilist.co/media/anime/cover/medium/102296-G7IY73Nwa2Qw.jpg", "medium": "https://s3.anilist.co/media/anime/cover/small/102296-G7IY73Nwa2Qw.jpg"}, "bannerImage": null, "isAdult": false, "format": "MOVIE"}, {"id": 102297, "title": {"romaji": "Lao Fu Zi Zhi Xiao Shui Hu Chuan Qi", "english": "Old Master Q and Little Ocean Tiger"}, "type": "ANIME", "status": "FINISHED", "description": "Fifth Old Master Q animated movie. (source:MAL)", "startDate": {"year": 2011, "month": 1, "day": 27}, "endDate": {"year": 2011, "month": 1, "day": 27}, "season": null, "episodes": 1, "duration": 86, "genres": ["Comedy"], "averageScore": null, "trending": 0, "popularity": 9, "streamingEpisodes": [], "coverImage": {"large": "https://s3.anilist.co/media/anime/cover/medium/102297-x3xIJnqkK1JB.jpg", "medium": "https://s3.anilist.co/media/anime/cover/small/102297-x3xIJnqkK1JB.jpg"}, "bannerImage": null, "isAdult": false, "format": "MOVIE"}, {"id": 102298, "title": {"romaji": "Hong Ling Jin Xia", "english": "The Red"}, "type": "ANIME", "status": "FINISHED", "description": "Short Chinese animation \n<br><br>\n(Soucre: MAL)", "startDate": {"year": 2010, "month": 9, "day": 27}, "endDate": {"year": 2010, "month": 9, "day": 27}, "season": null, "episodes": 1, "duration": 4, "genres": ["Action"], "averageScore": null, "trending": 0, "popularity": 23, "streamingEpisodes": [], "coverImage": {"large": "https://s3.anilist.co/media/anime/cover/medium/102298-SUMoWUUwkB75.jpg", "medium": "https://s3.anilist.co/media/anime/cover/small/102298-SUMoWUUwkB75.jpg"}, "bannerImage": "https://s3.anilist.co/media/anime/banner/102298-btE0TuGqG30K.jpg", "isAdult": false, "format": "ONA"}, {"id": 102299, "title": {"romaji": "Monotonous Purgatory", "english": null}, "type": "ANIME", "status": "FINISHED", "description": "Animated with oil on glass music video by Shiroki Saori for the song Monotonous Purgatory by Matryoshka from their album Laideronnette. \n<br><br>\n(Source: MAL)", "startDate": {"year": 2012, "month": 10, "day": 26}, "endDate": {"year": 2012, "month": 10, "day": 26}, "season": null, "episodes": 1, "duration": 6, "genres": ["Music"], "averageScore": 49, "trending": 0, "popularity": 97, "streamingEpisodes": [], "coverImage": {"large": "https://s3.anilist.co/media/anime/cover/medium/102299-e67ItGaURjTQ.jpg", "medium": "https://s3.anilist.co/media/anime/cover/small/102299-e67ItGaURjTQ.jpg"}, "bannerImage": "https://s3.anilist.co/media/anime/banner/102299-lBAhG0ZVzdhQ.jpg", "isAdult": false, "format": "MUSIC"}, {"id": 102300, "title": {"romaji": "Yakusoku", "english": "Promise"}, "type": "ANIME", "status": "FINISHED", "description": "A short animation by Taku Furukawa.", "startDate": {"year": 2009, "month": null, "day": null}, "endDate": {"year": 2009, "month": null, "day": null}, "season": null, "episodes": 1, "duration": 2, "genres": [], "averageScore": null, "trending": 0, "popularity": 21, "streamingEpisodes": [], "coverImage": {"large": "https://s3.anilist.co/media/anime/cover/medium/102300-62Qo5UpihHpX.jpg", "medium": "https://s3.anilist.co/media/anime/cover/small/102300-62Qo5UpihHpX.jpg"}, "bannerImage": null, "isAdult": false, "format": "MOVIE"}, {"id": 102301, "title": {"romaji": "Fen Qing", "english": "Burn This Love"}, "type": "ANIME", "status": "FINISHED", "description": "The official music video for \"Burn this Love\" by Jeff Cheung, the ending of Qin's Moon season 5. (source: MAL)", "startDate": {"year": 2015, "month": null, "day": null}, "endDate": {"year": 2015, "month": null, "day": null}, "season": null, "episodes": 1, "duration": 4, "genres": ["Music"], "averageScore": null, "trending": 0, "popularity": 13, "streamingEpisodes": [], "coverImage": {"large": "https://s3.anilist.co/media/anime/cover/medium/nx102301-YG9jqNFh0zi9.png", "medium": "https://s3.anilist.co/media/anime/cover/small/nx102301-YG9jqNFh0zi9.png"}, "bannerImage": "https://s3.anilist.co/media/anime/banner/102301-E8BF8na8euhC.png", "isAdult": false, "format": "MUSIC"}, {"id": 102302, "title": {"romaji": "Rakugaki Picasso", "english": null}, "type": "ANIME", "status": "FINISHED", "description": "Music video for the song \"Rakugaki Picasso\" by 40mP. Collaboration with Pentel Inc. \n<br><br>\n(Source: MAL)", "startDate": {"year": 2014, "month": 4, "day": 16}, "endDate": {"year": 2014, "month": 4, "day": 16}, "season": null, "episodes": 1, "duration": 4, "genres": ["Music"], "averageScore": null, "trending": 0, "popularity": 45, "streamingEpisodes": [], "coverImage": {"large": "https://s3.anilist.co/media/anime/cover/medium/102302-5E04g5NxNu9n.jpg", "medium": "https://s3.anilist.co/media/anime/cover/small/102302-5E04g5NxNu9n.jpg"}, "bannerImage": null, "isAdult": false, "format": "MUSIC"}, {"id": 102303, "title": {"romaji": "Samurai (2011)", "english": null}, "type": "ANIME", "status": "FINISHED", "description": "A music video for the Sakamoto Kyouju (\u30b5\u30ab\u30e2\u30c8\u6559\u6388) song \"Samurai\". \n<br><br>\n(Source: MAL)", "startDate": {"year": 2011, "month": 2, "day": 23}, "endDate": {"year": 2011, "month": 2, "day": 23}, "season": null, "episodes": 1, "duration": 4, "genres": ["Music"], "averageScore": null, "trending": 0, "popularity": 16, "streamingEpisodes": [], "coverImage": {"large": "https://s3.anilist.co/media/anime/cover/medium/nx102303-UPuME3vNaqnq.jpg", "medium": "https://s3.anilist.co/media/anime/cover/small/nx102303-UPuME3vNaqnq.jpg"}, "bannerImage": null, "isAdult": false, "format": "MUSIC"}, {"id": 102304, "title": {"romaji": "Yi Wan Nian Yi Hou", "english": "10000 Years Later"}, "type": "ANIME", "status": "FINISHED", "description": "Hundreds of thousands of years after the collapse of civilization, the world is a post-tech wasteland, and is inhabited by humanoid tribes. The Peace held between them is threatened by the return of Wushen, an evil shape-shifting ghost of modern technology. Wushen threatens to enslave the world population. Zhuma, a ten-year-old girl is the heroine of the story, accompanied by Zhanggong, her lion-like Tibetan Mastiff dog. Chosen, and helped by a ethereal goddess she must assemble a band of allies from the surviving tribes to fight Wushen, and stop him from gaining control over an ancient power.\n\n(Source: IMDb)", "startDate": {"year": 2015, "month": 3, "day": 27}, "endDate": {"year": 2015, "month": 3, "day": 27}, "season": "WINTER", "episodes": 1, "duration": 96, "genres": ["Fantasy"], "averageScore": null, "trending": 0, "popularity": 31, "streamingEpisodes": [], "coverImage": {"large": "https://s3.anilist.co/media/anime/cover/medium/nx102304-amI7nLiTsOxG.jpg", "medium": "https://s3.anilist.co/media/anime/cover/small/nx102304-amI7nLiTsOxG.jpg"}, "bannerImage": null, "isAdult": false, "format": "MOVIE"}, {"id": 102305, "title": {"romaji": "Yuuki no Baton", "english": null}, "type": "ANIME", "status": "FINISHED", "description": "Short  music video made for Yuuki Yuuna wa Yuusha de Aru character song \"Yuuki no Baton.\",", "startDate": {"year": 2016, "month": 3, "day": 2}, "endDate": {"year": 2016, "month": 3, "day": 2}, "season": null, "episodes": 1, "duration": 2, "genres": ["Music", "Mahou Shoujo"], "averageScore": 53, "trending": 0, "popularity": 166, "streamingEpisodes": [], "coverImage": {"large": "https://s3.anilist.co/media/anime/cover/medium/102305-wbe0WGRaFKYN.jpg", "medium": "https://s3.anilist.co/media/anime/cover/small/102305-wbe0WGRaFKYN.jpg"}, "bannerImage": null, "isAdult": false, "format": "MUSIC"}, {"id": 102306, "title": {"romaji": "Human Gift", "english": null}, "type": "ANIME", "status": "FINISHED", "description": "Official music video for Human Gift by the band LITE for their 2006 album \"filmlets\". \n<br><br>\n(Source: MAL)", "startDate": {"year": 2009, "month": 3, "day": 2}, "endDate": {"year": 2009, "month": 3, "day": 2}, "season": null, "episodes": 1, "duration": 3, "genres": ["Music"], "averageScore": null, "trending": 0, "popularity": 13, "streamingEpisodes": [], "coverImage": {"large": "https://s3.anilist.co/media/anime/cover/medium/102306-NIYLwwyttxZb.jpg", "medium": "https://s3.anilist.co/media/anime/cover/small/102306-NIYLwwyttxZb.jpg"}, "bannerImage": null, "isAdult": false, "format": "MUSIC"}, {"id": 102309, "title": {"romaji": "Megalo Box Specials", "english": "MEGALOBOX Specials"}, "type": "ANIME", "status": "RELEASING", "description": "Shorts included with the Blu-ray releases.", "startDate": {"year": 2018, "month": 7, "day": 27}, "endDate": {"year": 2018, "month": 11, "day": 22}, "season": "SUMMER", "episodes": null, "duration": null, "genres": ["Action", "Drama", "Slice of Life", "Sports"], "averageScore": null, "trending": 0, "popularity": 906, "streamingEpisodes": [], "coverImage": {"large": "https://s3.anilist.co/media/anime/cover/medium/nx102309-Oqt0sXQoJwN4.jpg", "medium": "https://s3.anilist.co/media/anime/cover/small/nx102309-Oqt0sXQoJwN4.jpg"}, "bannerImage": null, "isAdult": false, "format": "SPECIAL"}, {"id": 102313, "title": {"romaji": "Hasande Ageru\u2661", "english": null}, "type": "ANIME", "status": "RELEASING", "description": "<b>Episode 1</b><br>\n<br>\n<i>Ora Ora na Shinjou</i><br>\n\"Go buy me lunch at the bakery!\" She yelled at her classmate. Sheepishly he agreed but said she was being a bit harsh and his classmate agreed. Little did everyone know that this was just an excuse for them to meet up in the bathroom for extracuricular activities and so that he would stop masturbating in the classroom...<br>\n<br>\n<i>Amatou Date</i><br>\nMy girlfriend has a sweet tooth...and after she has her fill she tries to use me as a tool to burn off calories...by having sex... I'm starting to get a little worn out from the constant daily sessions...<br>\n<br>\n<b>Episode 2</b><br>\n<br>\n<i>High Jump!</i><br>\nShe was part of the track and field team and was working hard practicing for the tournament coming up. But all she could think about was her crush and fellow teammate Makiyama. She touched herself thinking about him every night, imagining herself with him. One day he caught her while she couldn't resist the urge of doing lewd things...<br>\n<br>\n<i>Sports Club no Mikako-san</i><br>\nHe was a salaryman who decided the best way to keep his body active was to join a local swimming center. Someone had been stealing men's underwear and he just so happened to walk in on her as she was doing it...his swim coach! She said she'll do anything as long as he didn't tell anyone...<br>\n<br>\n(Source: hanime.tv and edited)", "startDate": {"year": 2018, "month": 8, "day": 24}, "endDate": {"year": null, "month": null, "day": null}, "season": "SUMMER", "episodes": null, "duration": 21, "genres": ["Hentai", "Romance"], "averageScore": null, "trending": 0, "popularity": 74, "streamingEpisodes": [], "coverImage": {"large": "https://s3.anilist.co/media/anime/cover/medium/nx102313-Mdhro8KWLNpK.jpg", "medium": "https://s3.anilist.co/media/anime/cover/small/nx102313-Mdhro8KWLNpK.jpg"}, "bannerImage": null, "isAdult": true, "format": "OVA"}, {"id": 102314, "title": {"romaji": "Beachside Lover", "english": "Beachside Lover"}, "type": "ANIME", "status": "FINISHED", "description": "Official music video for The Hotpantz's song Beachside Lover", "startDate": {"year": 2016, "month": 9, "day": 5}, "endDate": {"year": 2016, "month": 9, "day": 5}, "season": null, "episodes": 1, "duration": 3, "genres": [], "averageScore": null, "trending": 0, "popularity": 14, "streamingEpisodes": [], "coverImage": {"large": "https://s3.anilist.co/media/anime/cover/medium/102314-3Cqk04KmqGKw.jpg", "medium": "https://s3.anilist.co/media/anime/cover/small/102314-3Cqk04KmqGKw.jpg"}, "bannerImage": null, "isAdult": false, "format": "MUSIC"}, {"id": 102315, "title": {"romaji": "Chuumon no Ooi Ryouriten (1993)", "english": null}, "type": "ANIME", "status": "FINISHED", "description": "Two gentlemen from the city go out hunting. After getting lost on a mountain road they found a cheap restaurant. But everything is not as it seems.\n<br><br>\n(Source: MyAnimeList)", "startDate": {"year": 1993, "month": 8, "day": 3}, "endDate": {"year": 1993, "month": 8, "day": 3}, "season": null, "episodes": 1, "duration": 21, "genres": ["Horror", "Supernatural", "Fantasy"], "averageScore": null, "trending": 0, "popularity": 52, "streamingEpisodes": [], "coverImage": {"large": "https://s3.anilist.co/media/anime/cover/medium/102315-8ZffGJ9fBMV3.jpg", "medium": "https://s3.anilist.co/media/anime/cover/small/102315-8ZffGJ9fBMV3.jpg"}, "bannerImage": null, "isAdult": false, "format": "MOVIE"}, {"id": 102316, "title": {"romaji": "Shaonian Jinyiwei", "english": null}, "type": "ANIME", "status": "FINISHED", "description": "In Ming dynasty, legend goes that there is an ancient deity's book covering a wide range of technical issues, including the unique method of manufacturing the weapons of deity, which has the power to destroy everything. He who gets that book rules the entire nation. Reportedly, in ancient times, deity made the royal family keep the book, as a sign of acknowledging their ruler-ship.\n\nHowever, in Yuan dynasty, the Mongolians invaded the central plain and ruled the nation. There was chaos everywhere and the book which was supposed to be enshrined in the Imperial Palace was somehow missing and reappeared in the outlaw societies, luring lots of forces to fight for it.\n\nWhen Han people regained the ruler-ship in Ming dynasty, though the deity's book was found back and enshrined in the Imperial Palace again, those outlaw forces already knew that the book was more than just a legend! It did exist! So they plotted to steal it out. There are there most famous robbers in the outlaw societies: Hell-fire monk, Hua Daochang the thousand-face fox and Duan Yun in white.\n\nOne day, on the ghost festival, they sneaked into the Imperial Palace, trying to steal the most precious treasure, competing for the title of \"the most famous robber.\" At last, the hell-fire monk stole the deity's book.\n\nThe emperor founded the Imperial Guards to serve as his personal bodyguards and imperial secret polices and spies, among whom, there was a young and inexperienced guard\u2014Yuan Xiaotang\uff0cthe hero of this animation. The emperor demanded the Imperial Guards catch the three robbers and find back the book. That's how the story begun!\n<br><br>\n(Source: CA Fansub)", "startDate": {"year": 2017, "month": 2, "day": 9}, "endDate": {"year": 2017, "month": 5, "day": 4}, "season": "WINTER", "episodes": 13, "duration": 18, "genres": ["Adventure", "Mystery", "Romance"], "averageScore": null, "trending": 0, "popularity": 19, "streamingEpisodes": [], "coverImage": {"large": "https://s3.anilist.co/media/anime/cover/medium/102316-Mx85fiM4b3Gv.png", "medium": "https://s3.anilist.co/media/anime/cover/small/102316-Mx85fiM4b3Gv.png"}, "bannerImage": "https://s3.anilist.co/media/anime/banner/102316-iJpi3srOd7D9.jpg", "isAdult": false, "format": "ONA"}, {"id": 102337, "title": {"romaji": "Hacka Doll", "english": "Hacka Doll"}, "type": "ANIME", "status": "FINISHED", "description": "In the year 2xxx, development of information are going so fast, humans being are drowning in the sea information. This leads to a situation where people can not find the necessary information. The only hope to solve this problem is the navigator program, Hacka Doll.", "startDate": {"year": 2014, "month": 9, "day": 15}, "endDate": {"year": 2014, "month": 9, "day": 18}, "season": null, "episodes": 2, "duration": 2, "genres": ["Fantasy"], "averageScore": null, "trending": 0, "popularity": 72, "streamingEpisodes": [], "coverImage": {"large": "https://s3.anilist.co/media/anime/cover/medium/102337-mf8hAQvCh3Fl.jpg", "medium": "https://s3.anilist.co/media/anime/cover/small/102337-mf8hAQvCh3Fl.jpg"}, "bannerImage": null, "isAdult": false, "format": "SPECIAL"}, {"id": 102346, "title": {"romaji": "K SEVEN STORIES: SIDE:BLUE ~Tenrou no Gotoku~", "english": null}, "type": "ANIME", "status": "FINISHED", "description": "The second movie in the new K project.", "startDate": {"year": 2018, "month": 8, "day": 4}, "endDate": {"year": 2018, "month": 8, "day": 4}, "season": "SUMMER", "episodes": 1, "duration": null, "genres": ["Action", "Supernatural"], "averageScore": null, "trending": 0, "popularity": 813, "streamingEpisodes": [], "coverImage": {"large": "https://s3.anilist.co/media/anime/cover/medium/nx102346-YFyy8AMU1NJG.png", "medium": "https://s3.anilist.co/media/anime/cover/small/nx102346-YFyy8AMU1NJG.png"}, "bannerImage": null, "isAdult": false, "format": "MOVIE"}, {"id": 102347, "title": {"romaji": "K SEVEN STORIES: SIDE:GREEN ~Uwagaki Sekai~", "english": null}, "type": "ANIME", "status": "FINISHED", "description": "The third movie in the new K project.", "startDate": {"year": 2018, "month": 9, "day": 1}, "endDate": {"year": 2018, "month": 9, "day": 1}, "season": "SUMMER", "episodes": 1, "duration": null, "genres": ["Action", "Supernatural"], "averageScore": null, "trending": 0, "popularity": 661, "streamingEpisodes": [], "coverImage": {"large": "https://s3.anilist.co/media/anime/cover/medium/nx102347-kkAYTDEPz7Cs.png", "medium": "https://s3.anilist.co/media/anime/cover/small/nx102347-kkAYTDEPz7Cs.png"}, "bannerImage": null, "isAdult": false, "format": "MOVIE"}, {"id": 102348, "title": {"romaji": "K SEVEN STORIES: Lost Small World ~Ori no Mukou ni~", "english": null}, "type": "ANIME", "status": "FINISHED", "description": "The fourth movie in the new K project.", "startDate": {"year": 2018, "month": 10, "day": 6}, "endDate": {"year": 2018, "month": 10, "day": 6}, "season": "FALL", "episodes": 1, "duration": null, "genres": ["Action", "Supernatural"], "averageScore": null, "trending": 0, "popularity": 586, "streamingEpisodes": [], "coverImage": {"large": "https://s3.anilist.co/media/anime/cover/medium/nx102348-yD9RgSLSMmnG.png", "medium": "https://s3.anilist.co/media/anime/cover/small/nx102348-yD9RgSLSMmnG.png"}, "bannerImage": null, "isAdult": false, "format": "MOVIE"}, {"id": 102349, "title": {"romaji": "K SEVEN STORIES: Memory of Red ~BURN~", "english": null}, "type": "ANIME", "status": "NOT_YET_RELEASED", "description": "The fifth movie in the new K project.", "startDate": {"year": 2018, "month": 11, "day": 3}, "endDate": {"year": 2018, "month": 11, "day": 3}, "season": "FALL", "episodes": 1, "duration": null, "genres": ["Action", "Supernatural"], "averageScore": null, "trending": 0, "popularity": 600, "streamingEpisodes": [], "coverImage": {"large": "https://s3.anilist.co/media/anime/cover/medium/nx102349-L7zcFKKRmwr1.jpg", "medium": "https://s3.anilist.co/media/anime/cover/small/nx102349-L7zcFKKRmwr1.jpg"}, "bannerImage": null, "isAdult": false, "format": "MOVIE"}, {"id": 102350, "title": {"romaji": "K SEVEN STORIES: Circle Vision ~Nameless Song~", "english": null}, "type": "ANIME", "status": "NOT_YET_RELEASED", "description": "The sixth movie in the new K project.", "startDate": {"year": 2018, "month": 12, "day": 1}, "endDate": {"year": 2018, "month": 12, "day": 1}, "season": "FALL", "episodes": 1, "duration": null, "genres": ["Action", "Supernatural"], "averageScore": null, "trending": 0, "popularity": 570, "streamingEpisodes": [], "coverImage": {"large": "https://s3.anilist.co/media/anime/cover/medium/nx102350-549LtWfADQXv.jpg", "medium": "https://s3.anilist.co/media/anime/cover/small/nx102350-549LtWfADQXv.jpg"}, "bannerImage": null, "isAdult": false, "format": "MOVIE"}]}}}