{"data": {"Page": {"pageInfo": {"total": 12298, "hasNextPage": true}, "media": [{"id": 102351, "title": {"romaji": "Tokyo Ghoul:re 2", "english": "Tokyo Ghoul:re 2"}, "type": "ANIME", "status": "RELEASING", "description": "The second cour of <i>Tokyo Ghoul:re</i>.<br><br>\n\n<i>The first episode was distributed online via GYAO! on September 29, 2018. TV broadcast began on October 9, 2018.</i>", "startDate": {"year": 2018, "month": 10, "day": 9}, "endDate": {"year": 2018, "month": 12, "day": 25}, "season": "FALL", "episodes": 12, "duration": 24, "genres": ["Action", "Horror", "Mystery", "Psychological", "Supernatural"], "averageScore": 64, "trending": 7, "popularity": 9019, "streamingEpisodes": [], "coverImage": {"large": "https://s3.anilist.co/media/anime/cover/medium/nx102351-EEctxek5sEkC.png", "medium": "https://s3.anilist.co/media/anime/cover/small/nx102351-EEctxek5sEkC.png"}, "bannerImage": null, "isAdult": false, "format": "TV"}, {"id": 102352, "title": {"romaji": "Super Dragon Ball Heroes", "english": "Super Dragon Ball Heroes"}, "type": "ANIME", "status": "RELEASING", "description": "The July 2018 issue of Shueisha's V Jump magazine revealed that the Dragon Ball Heroes game series will get a promotional anime this summer. The anime will depict the story's \"Prison Planet\" arc from Super Dragon Ball Heroes: Universe Mission. The anime's \"first episode\" will get an advance screening at the \"Super Dragon Ball Heroes Universe Tour 2018\" tournament event for the game at Aeon Lake Town in Saitama prefecture on July 1.\n<br><br>\n(Source: ANN)", "startDate": {"year": 2018, "month": 7, "day": 1}, "endDate": {"year": null, "month": null, "day": null}, "season": null, "episodes": null, "duration": null, "genres": ["Action", "Adventure"], "averageScore": 54, "trending": 0, "popularity": 1487, "streamingEpisodes": [], "coverImage": {"large": "https://s3.anilist.co/media/anime/cover/medium/nx102352-yOyvGWru8XJf.jpg", "medium": "https://s3.anilist.co/media/anime/cover/small/nx102352-yOyvGWru8XJf.jpg"}, "bannerImage": null, "isAdult": false, "format": "ONA"}, {"id": 102353, "title": {"romaji": "GODZILLA: Hoshi wo Kuu Mono", "english": "Godzilla: Eater of Stars"}, "type": "ANIME", "status": "NOT_YET_RELEASED", "description": "The third movie in Polygon's Godzilla series.", "startDate": {"year": 2018, "month": 11, "day": 9}, "endDate": {"year": 2018, "month": 11, "day": 9}, "season": "FALL", "episodes": 1, "duration": null, "genres": ["Action", "Sci-Fi"], "averageScore": null, "trending": 0, "popularity": 742, "streamingEpisodes": [], "coverImage": {"large": "https://s3.anilist.co/media/anime/cover/medium/nx102353-nHmDh1zvjISZ.jpg", "medium": "https://s3.anilist.co/media/anime/cover/small/nx102353-nHmDh1zvjISZ.jpg"}, "bannerImage": null, "isAdult": false, "format": "MOVIE"}, {"id": 102355, "title": {"romaji": "Congming de Yixiu Zhi Fan Dou Gongzhu", "english": null}, "type": "ANIME", "status": "FINISHED", "description": "A Chinese film version of the original Japanese Ikkyuu-san anime.", "startDate": {"year": 2014, "month": 4, "day": 30}, "endDate": {"year": 2014, "month": 4, "day": 30}, "season": "SPRING", "episodes": 1, "duration": 81, "genres": ["Comedy"], "averageScore": null, "trending": 0, "popularity": 10, "streamingEpisodes": [], "coverImage": {"large": "https://s3.anilist.co/media/anime/cover/medium/102355-0WTF07fsB4IU.jpg", "medium": "https://s3.anilist.co/media/anime/cover/small/102355-0WTF07fsB4IU.jpg"}, "bannerImage": null, "isAdult": false, "format": "MOVIE"}, {"id": 102357, "title": {"romaji": "Swimming", "english": null}, "type": "ANIME", "status": "FINISHED", "description": "The short animation evokes all the awkwardness of a school swimming class. A chubby young boy, steps up reluctantly for his turn, after watching the sporty prowess of his peers.\n<br><br>\n(source: Official website)", "startDate": {"year": 2008, "month": null, "day": null}, "endDate": {"year": 2008, "month": null, "day": null}, "season": null, "episodes": 1, "duration": 4, "genres": [], "averageScore": null, "trending": 0, "popularity": 18, "streamingEpisodes": [], "coverImage": {"large": "https://s3.anilist.co/media/anime/cover/medium/nx102357-r5D5z03ulfh9.jpg", "medium": "https://s3.anilist.co/media/anime/cover/small/nx102357-r5D5z03ulfh9.jpg"}, "bannerImage": null, "isAdult": false, "format": "MOVIE"}, {"id": 102358, "title": {"romaji": "Sanuki Eiga-sai Opening Eizou", "english": null}, "type": "ANIME", "status": "FINISHED", "description": "Sanuki Film Festival in 2015 and 2016 had opening animations to officially launch the beginning of the festival.\n<br><br>\n(Source: MAL)", "startDate": {"year": 2015, "month": 2, "day": 13}, "endDate": {"year": 2016, "month": 2, "day": 11}, "season": "WINTER", "episodes": 2, "duration": 1, "genres": ["Music"], "averageScore": null, "trending": 0, "popularity": 10, "streamingEpisodes": [], "coverImage": {"large": "https://s3.anilist.co/media/anime/cover/medium/nx102358-voPt2Al9jZZn.jpg", "medium": "https://s3.anilist.co/media/anime/cover/small/nx102358-voPt2Al9jZZn.jpg"}, "bannerImage": null, "isAdult": false, "format": "MOVIE"}, {"id": 102359, "title": {"romaji": "Count Down", "english": null}, "type": "ANIME", "status": "FINISHED", "description": "A promotional video of the exhibition 'ArtPath 2011' by Tokyo University of the Arts Musical Creativity and the Environment. The excitement before ArtPath starts.\n<br><br>\n(Source: Official website)", "startDate": {"year": 2011, "month": null, "day": null}, "endDate": {"year": 2011, "month": null, "day": null}, "season": null, "episodes": 1, "duration": 1, "genres": [], "averageScore": null, "trending": 0, "popularity": 39, "streamingEpisodes": [], "coverImage": {"large": "https://s3.anilist.co/media/anime/cover/medium/102359-h45GVuZu2kVH.jpg", "medium": "https://s3.anilist.co/media/anime/cover/small/102359-h45GVuZu2kVH.jpg"}, "bannerImage": null, "isAdult": false, "format": "MOVIE"}, {"id": 102360, "title": {"romaji": "Petting a Dog", "english": null}, "type": "ANIME", "status": "FINISHED", "description": "Short animation by Masaki Okuda", "startDate": {"year": 2013, "month": 7, "day": 15}, "endDate": {"year": 2013, "month": 7, "day": 15}, "season": null, "episodes": 1, "duration": 1, "genres": ["Slice of Life"], "averageScore": 33, "trending": 0, "popularity": 96, "streamingEpisodes": [], "coverImage": {"large": "https://s3.anilist.co/media/anime/cover/medium/102360-YKdR27KZ38ZH.jpg", "medium": "https://s3.anilist.co/media/anime/cover/small/102360-YKdR27KZ38ZH.jpg"}, "bannerImage": null, "isAdult": false, "format": "ONA"}, {"id": 102361, "title": {"romaji": "Cabbage UFO", "english": "Cabbage UFO"}, "type": "ANIME", "status": "FINISHED", "description": "Music video for the song by Kumi Konno featured on NHK's Minna no Uta program. \n<br><br>\n(Source: MAL)", "startDate": {"year": 1984, "month": 6, "day": 2}, "endDate": {"year": 1984, "month": 6, "day": 2}, "season": null, "episodes": 1, "duration": 2, "genres": ["Music"], "averageScore": null, "trending": 0, "popularity": 16, "streamingEpisodes": [], "coverImage": {"large": "https://s3.anilist.co/media/anime/cover/medium/102361-eap0SgEGlYe2.png", "medium": "https://s3.anilist.co/media/anime/cover/small/102361-eap0SgEGlYe2.png"}, "bannerImage": null, "isAdult": false, "format": "MUSIC"}, {"id": 102362, "title": {"romaji": "World Calling", "english": null}, "type": "ANIME", "status": "FINISHED", "description": "Music video from the IA x JIN project.", "startDate": {"year": 2012, "month": 11, "day": 2}, "endDate": {"year": 2012, "month": 11, "day": 2}, "season": null, "episodes": 1, "duration": 3, "genres": ["Music"], "averageScore": 49, "trending": 0, "popularity": 81, "streamingEpisodes": [], "coverImage": {"large": "https://s3.anilist.co/media/anime/cover/medium/102362-BahQG8fZdFHD.jpg", "medium": "https://s3.anilist.co/media/anime/cover/small/102362-BahQG8fZdFHD.jpg"}, "bannerImage": null, "isAdult": false, "format": "MUSIC"}, {"id": 102363, "title": {"romaji": "Aki no Puzzle", "english": "Puzzle of Autumn"}, "type": "ANIME", "status": "FINISHED", "description": "A short 6-minute movie, containing flashing lights with images and drawings presented to the viewer.\n<br><br>\n(Source: MAL)", "startDate": {"year": 2003, "month": null, "day": null}, "endDate": {"year": 2003, "month": null, "day": null}, "season": null, "episodes": 1, "duration": 6, "genres": [], "averageScore": 28, "trending": 0, "popularity": 86, "streamingEpisodes": [], "coverImage": {"large": "https://s3.anilist.co/media/anime/cover/medium/nx102363-FMMrFmqQkoLu.jpg", "medium": "https://s3.anilist.co/media/anime/cover/small/nx102363-FMMrFmqQkoLu.jpg"}, "bannerImage": null, "isAdult": false, "format": "MOVIE"}, {"id": 102364, "title": {"romaji": "Shunga", "english": null}, "type": "ANIME", "status": "FINISHED", "description": "Short Movie by Keiichi Tanaami", "startDate": {"year": 2009, "month": null, "day": null}, "endDate": {"year": 2009, "month": null, "day": null}, "season": null, "episodes": 1, "duration": 4, "genres": [], "averageScore": null, "trending": 0, "popularity": 47, "streamingEpisodes": [], "coverImage": {"large": "https://s3.anilist.co/media/anime/cover/medium/102364-uw3rqsuo2cBw.jpg", "medium": "https://s3.anilist.co/media/anime/cover/small/102364-uw3rqsuo2cBw.jpg"}, "bannerImage": null, "isAdult": false, "format": "MOVIE"}, {"id": 102365, "title": {"romaji": "Bbororo Geugjangpan Super Sseolmae Daemoheom", "english": "Pororo: The Racing Adventure"}, "type": "ANIME", "status": "FINISHED", "description": "Pororo and the gang entry a sleigh racing contest after getting guidance under a 'champion'. Turns out the champion was a liar and now the gang has to fight tooth and nail to win first place in order to keep their pride after talking big.", "startDate": {"year": 2013, "month": 1, "day": 23}, "endDate": {"year": 2013, "month": 1, "day": 23}, "season": null, "episodes": 1, "duration": 76, "genres": [], "averageScore": null, "trending": 0, "popularity": 6, "streamingEpisodes": [], "coverImage": {"large": "https://s3.anilist.co/media/anime/cover/medium/102365-gKCdzAom6ev9.jpg", "medium": "https://s3.anilist.co/media/anime/cover/small/102365-gKCdzAom6ev9.jpg"}, "bannerImage": null, "isAdult": false, "format": "MOVIE"}, {"id": 102366, "title": {"romaji": "Yoligongju Loopy", "english": "Loopy, the Cooking Princess"}, "type": "ANIME", "status": "FINISHED", "description": "A spin-off Pororo series focusing around food, predominantly kimchi incorporated food. Loopy was the cooking expert in the original series so she explains the food and science by magically transforming into a Cooking Princess.\n<br><br>\n(Source: MAL)", "startDate": {"year": 2012, "month": null, "day": null}, "endDate": {"year": 2012, "month": null, "day": null}, "season": null, "episodes": 6, "duration": 5, "genres": [], "averageScore": null, "trending": 0, "popularity": 5, "streamingEpisodes": [], "coverImage": {"large": "https://s3.anilist.co/media/anime/cover/medium/nx102366-8zP5JtSauuTZ.jpg", "medium": "https://s3.anilist.co/media/anime/cover/small/nx102366-8zP5JtSauuTZ.jpg"}, "bannerImage": null, "isAdult": false, "format": "TV_SHORT"}, {"id": 102367, "title": {"romaji": "Bbororo Hanguk-e Wass-eoyo", "english": "Pororo Goes to Korea"}, "type": "ANIME", "status": "FINISHED", "description": "Korean Culture and Information Service, Ministry of Culture, Sports and Tourism commissioned a Pororo short to promote Korean travel to English speaking youths across the world and to domestic youths to explore their own country.\n\nThe is the first Pororo work to feature humans. The story is split into 4 chunks for the single episode.", "startDate": {"year": 2013, "month": 3, "day": 7}, "endDate": {"year": 2013, "month": 3, "day": 7}, "season": null, "episodes": 1, "duration": 14, "genres": ["Adventure"], "averageScore": null, "trending": 0, "popularity": 7, "streamingEpisodes": [], "coverImage": {"large": "https://s3.anilist.co/media/anime/cover/medium/nx102367-ztbGuV9FkAA7.jpg", "medium": "https://s3.anilist.co/media/anime/cover/small/nx102367-ztbGuV9FkAA7.jpg"}, "bannerImage": null, "isAdult": false, "format": "ONA"}, {"id": 102368, "title": {"romaji": "Bbororo-wa Noraehaeyo", "english": "Sing-A-Long with Pororo"}, "type": "ANIME", "status": "FINISHED", "description": "Sing-A-Long with Pororo and his friends. The series features both stage singing and in-story singing similar to that of Disney films.", "startDate": {"year": 2006, "month": null, "day": null}, "endDate": {"year": 2006, "month": null, "day": null}, "season": null, "episodes": 14, "duration": 3, "genres": ["Music"], "averageScore": null, "trending": 0, "popularity": 5, "streamingEpisodes": [], "coverImage": {"large": "https://s3.anilist.co/media/anime/cover/medium/102368-s5oj3tzaoVRM.jpg", "medium": "https://s3.anilist.co/media/anime/cover/small/102368-s5oj3tzaoVRM.jpg"}, "bannerImage": null, "isAdult": false, "format": "TV_SHORT"}, {"id": 102369, "title": {"romaji": "Bbororo's English Show", "english": "Pororo's English Show"}, "type": "ANIME", "status": "FINISHED", "description": "A musical style season like Pororo-wa Noraehaeyo but the cast speaks entirely English with the original English dub cast as a way to teach English to native Korean Children.", "startDate": {"year": 2013, "month": null, "day": null}, "endDate": {"year": 2013, "month": null, "day": null}, "season": null, "episodes": 13, "duration": 5, "genres": ["Music"], "averageScore": null, "trending": 0, "popularity": 4, "streamingEpisodes": [], "coverImage": {"large": "https://s3.anilist.co/media/anime/cover/medium/nx102369-ZDBGc37qvncl.jpg", "medium": "https://s3.anilist.co/media/anime/cover/small/nx102369-ZDBGc37qvncl.jpg"}, "bannerImage": null, "isAdult": false, "format": "TV_SHORT"}, {"id": 102370, "title": {"romaji": "Bborongbborong Bbororo 6", "english": "Bborongbborong Bbororo"}, "type": "ANIME", "status": "FINISHED", "description": "The sixth season of Pororo, many episodes take place in the Summer Islands.", "startDate": {"year": 2016, "month": 3, "day": 2}, "endDate": {"year": 2016, "month": 5, "day": 26}, "season": null, "episodes": 26, "duration": 11, "genres": [], "averageScore": null, "trending": 0, "popularity": 4, "streamingEpisodes": [], "coverImage": {"large": "https://s3.anilist.co/media/anime/cover/medium/102370-bLmSLsRhGP1F.jpg", "medium": "https://s3.anilist.co/media/anime/cover/small/102370-bLmSLsRhGP1F.jpg"}, "bannerImage": null, "isAdult": false, "format": "TV_SHORT"}, {"id": 102371, "title": {"romaji": "Bborongbborong Bbororo 5", "english": "Pororo the Little Penguin 5"}, "type": "ANIME", "status": "FINISHED", "description": "The fifth season of Pororo with a focus more on racing", "startDate": {"year": 2014, "month": 2, "day": 24}, "endDate": {"year": 2014, "month": 5, "day": 20}, "season": null, "episodes": 26, "duration": 11, "genres": [], "averageScore": null, "trending": 0, "popularity": 4, "streamingEpisodes": [], "coverImage": {"large": "https://s3.anilist.co/media/anime/cover/medium/nx102371-wb45xf65Dplm.jpg", "medium": "https://s3.anilist.co/media/anime/cover/small/nx102371-wb45xf65Dplm.jpg"}, "bannerImage": null, "isAdult": false, "format": "TV_SHORT"}, {"id": 102372, "title": {"romaji": "Bborongbborong Bbororo 4", "english": "Pororo the Little Penguin 4"}, "type": "ANIME", "status": "FINISHED", "description": "A direct continuation of the previous season where an anthropomorphic car gets separated from his home and arrive in Pororo's village and beings to live there.", "startDate": {"year": 2012, "month": 2, "day": 29}, "endDate": {"year": 2012, "month": 5, "day": 24}, "season": null, "episodes": 26, "duration": 11, "genres": [], "averageScore": null, "trending": 0, "popularity": 5, "streamingEpisodes": [], "coverImage": {"large": "https://s3.anilist.co/media/anime/cover/medium/102372-IiOoHcecb7QZ.jpg", "medium": "https://s3.anilist.co/media/anime/cover/small/102372-IiOoHcecb7QZ.jpg"}, "bannerImage": null, "isAdult": false, "format": "TV_SHORT"}, {"id": 102373, "title": {"romaji": "Bborongbborong Bbororo 3", "english": "Pororo the Little Penguin 3"}, "type": "ANIME", "status": "FINISHED", "description": "A direct continuation of the second season. This time there are aliens and a robot friend that hangs out with the gang.", "startDate": {"year": 2009, "month": 5, "day": 4}, "endDate": {"year": 2009, "month": 10, "day": 27}, "season": null, "episodes": 52, "duration": 5, "genres": ["Sci-Fi"], "averageScore": null, "trending": 0, "popularity": 4, "streamingEpisodes": [], "coverImage": {"large": "https://s3.anilist.co/media/anime/cover/medium/102373-LQeXHkQW1m24.jpg", "medium": "https://s3.anilist.co/media/anime/cover/small/102373-LQeXHkQW1m24.jpg"}, "bannerImage": null, "isAdult": false, "format": "TV_SHORT"}, {"id": 102374, "title": {"romaji": "Bborongbborong Bbororo 2", "english": "Pororo the Little Penguin 2"}, "type": "ANIME", "status": "FINISHED", "description": "A direct continuation of the previous season that starts with the introduction of a new character called Petty who is a female penguin.", "startDate": {"year": 2005, "month": 12, "day": 3}, "endDate": {"year": 2006, "month": 5, "day": 28}, "season": null, "episodes": 52, "duration": 5, "genres": [], "averageScore": null, "trending": 0, "popularity": 8, "streamingEpisodes": [], "coverImage": {"large": "https://s3.anilist.co/media/anime/cover/medium/102374-tyHNLtkJjiDt.jpg", "medium": "https://s3.anilist.co/media/anime/cover/small/102374-tyHNLtkJjiDt.jpg"}, "bannerImage": null, "isAdult": false, "format": "TV_SHORT"}, {"id": 102375, "title": {"romaji": "Magical Music Train", "english": null}, "type": "ANIME", "status": "FINISHED", "description": "A music video for Rag Fair's song \"Magical Music Train.\"", "startDate": {"year": 2009, "month": 8, "day": 6}, "endDate": {"year": 2009, "month": 8, "day": 6}, "season": null, "episodes": 1, "duration": 1, "genres": ["Music"], "averageScore": null, "trending": 0, "popularity": 16, "streamingEpisodes": [], "coverImage": {"large": "https://s3.anilist.co/media/anime/cover/medium/102375-r26qVV9uBPeh.jpg", "medium": "https://s3.anilist.co/media/anime/cover/small/102375-r26qVV9uBPeh.jpg"}, "bannerImage": null, "isAdult": false, "format": "MUSIC"}, {"id": 102376, "title": {"romaji": "Junlin Chengxia", "english": null}, "type": "ANIME", "status": "FINISHED", "description": "In a day like any other, Cao Xiao Man's brother, Xiao Bei, is stabbed by a man after defending a mysterious girl. Due to the incident, and to buy medicine for his brother, Cao Xiao Man decides to earn money in a rather strange way: cross-dressing as a girl and seducing men. When he arrives to his client's house everything seems to go as planned, but the client soon discovers that Cao Xiao Man is, in fact, a boy. He decides to put Cao Xiao Man in a game where he is turned into a girl. In order for Cao Xiao Man to go back to being a boy he needs to complete the game and find the 7 Loyalties located all over the country.\n<br><br>\n(Source: YouTube)", "startDate": {"year": 2016, "month": 11, "day": 5}, "endDate": {"year": 2016, "month": 12, "day": 29}, "season": null, "episodes": 13, "duration": 14, "genres": ["Comedy", "Fantasy"], "averageScore": null, "trending": 0, "popularity": 21, "streamingEpisodes": [], "coverImage": {"large": "https://s3.anilist.co/media/anime/cover/medium/102376-5zYF6z4CKpff.jpg", "medium": "https://s3.anilist.co/media/anime/cover/small/102376-5zYF6z4CKpff.jpg"}, "bannerImage": null, "isAdult": false, "format": "ONA"}, {"id": 102377, "title": {"romaji": "Two Tea Two", "english": null}, "type": "ANIME", "status": "FINISHED", "description": "The woman does the decision to coexist with the past.\nReturning to one person was not an answer. It is a new image.\n<br><br>\n(Source: Official YouTube channel)", "startDate": {"year": 2010, "month": null, "day": null}, "endDate": {"year": 2010, "month": null, "day": null}, "season": null, "episodes": 1, "duration": 3, "genres": [], "averageScore": null, "trending": 0, "popularity": 14, "streamingEpisodes": [], "coverImage": {"large": "https://s3.anilist.co/media/anime/cover/medium/nx102377-mftNUkmD6LcU.jpg", "medium": "https://s3.anilist.co/media/anime/cover/small/nx102377-mftNUkmD6LcU.jpg"}, "bannerImage": null, "isAdult": false, "format": "MOVIE"}, {"id": 102378, "title": {"romaji": "Punpun Polka", "english": null}, "type": "ANIME", "status": "FINISHED", "description": "A music video for the song \"Punpun Polka\" by Hiroshi Ashino that was featured on NHK's Minna no Uta program.", "startDate": {"year": 1961, "month": null, "day": null}, "endDate": {"year": 1961, "month": null, "day": null}, "season": null, "episodes": 1, "duration": 1, "genres": ["Music"], "averageScore": null, "trending": 0, "popularity": 23, "streamingEpisodes": [], "coverImage": {"large": "https://s3.anilist.co/media/anime/cover/medium/102378-Z6YE7dfq9r98.jpg", "medium": "https://s3.anilist.co/media/anime/cover/small/102378-Z6YE7dfq9r98.jpg"}, "bannerImage": null, "isAdult": false, "format": "MUSIC"}, {"id": 102379, "title": {"romaji": "Pride", "english": null}, "type": "ANIME", "status": "FINISHED", "description": "An Isuzu (truck company) commissioned short from Tekken about a freight truck driver who takes pride in his work.", "startDate": {"year": 2015, "month": 10, "day": 29}, "endDate": {"year": 2015, "month": 10, "day": 29}, "season": "FALL", "episodes": 1, "duration": 2, "genres": ["Slice of Life"], "averageScore": null, "trending": 0, "popularity": 23, "streamingEpisodes": [], "coverImage": {"large": "https://s3.anilist.co/media/anime/cover/medium/102379-R0hyzlrQnIfN.jpg", "medium": "https://s3.anilist.co/media/anime/cover/small/102379-R0hyzlrQnIfN.jpg"}, "bannerImage": null, "isAdult": false, "format": "ONA"}, {"id": 102380, "title": {"romaji": "Robber's Company", "english": null}, "type": "ANIME", "status": "FINISHED", "description": "The stage is Tokyo. One girl wants to be a fashion designer. She gets a job officially selling suits, but main business is robbing banks. Her name is Funny. Is Funny able to follow her dream be a fashion designer even though she might get caught in the factions and bonds of the company?!\n<br><br>\n(Source: Official site)", "startDate": {"year": 2016, "month": 6, "day": 30}, "endDate": {"year": 2017, "month": 8, "day": 2}, "season": "SUMMER", "episodes": 6, "duration": 5, "genres": ["Comedy"], "averageScore": null, "trending": 0, "popularity": 6, "streamingEpisodes": [], "coverImage": {"large": "https://s3.anilist.co/media/anime/cover/medium/nx102380-jNpNFUdBesb6.jpg", "medium": "https://s3.anilist.co/media/anime/cover/small/nx102380-jNpNFUdBesb6.jpg"}, "bannerImage": "https://s3.anilist.co/media/anime/banner/102380-vndea13e4rky.jpg", "isAdult": false, "format": "ONA"}, {"id": 102381, "title": {"romaji": "Shen Ming Zhi Zhou", "english": null}, "type": "ANIME", "status": "FINISHED", "description": "The series takes place in ancient times, where people worship totems and several unique tribes exist. The highly respected Totem Warriors have utmost faith in their beliefs and protect their tribes. The protagonist, though not initially set to becomes a Totem Warrior, is eventually placed on that path. And thus, his adventure begins.\n<br><br>\n(Source: MAL)", "startDate": {"year": 2015, "month": 12, "day": 2}, "endDate": {"year": 2016, "month": 5, "day": 11}, "season": null, "episodes": 12, "duration": 15, "genres": ["Adventure", "Fantasy"], "averageScore": null, "trending": 0, "popularity": 18, "streamingEpisodes": [], "coverImage": {"large": "https://s3.anilist.co/media/anime/cover/medium/102381-JSRiroO02IxD.jpg", "medium": "https://s3.anilist.co/media/anime/cover/small/102381-JSRiroO02IxD.jpg"}, "bannerImage": "https://s3.anilist.co/media/anime/banner/102381-mW9ZJbIAvVCH.jpg", "isAdult": false, "format": "ONA"}, {"id": 102382, "title": {"romaji": "Endless Summer", "english": null}, "type": "ANIME", "status": "FINISHED", "description": "A music video for Vampillia's song \"Endless Summer.\"", "startDate": {"year": 2013, "month": 9, "day": 2}, "endDate": {"year": 2013, "month": 9, "day": 2}, "season": null, "episodes": 1, "duration": 4, "genres": [], "averageScore": null, "trending": 0, "popularity": 22, "streamingEpisodes": [], "coverImage": {"large": "https://s3.anilist.co/media/anime/cover/medium/102382-bob3cCckCi3m.jpg", "medium": "https://s3.anilist.co/media/anime/cover/small/102382-bob3cCckCi3m.jpg"}, "bannerImage": "https://s3.anilist.co/media/anime/banner/102382-S4VivRi5BU7G.jpg", "isAdult": false, "format": "MUSIC"}, {"id": 102383, "title": {"romaji": "Youtai Nuhai Zai Shanghai 2: Xianglian Mima", "english": "A Jewish Girl in Shanghai Part 2: The Mystery of the Necklace"}, "type": "ANIME", "status": "FINISHED", "description": "The second Youtai Nuhai Zai Shanghai film which expands the back story of Rina and Michalli. It focuses on what happened to their parents fleeing and how the two children ended up in Shanghai as the Nazis try to hunt them down. \n<br><br>\n(Source: MAL)", "startDate": {"year": 2015, "month": 8, "day": 28}, "endDate": {"year": 2015, "month": 8, "day": 28}, "season": null, "episodes": 1, "duration": 83, "genres": ["Drama"], "averageScore": null, "trending": 0, "popularity": 6, "streamingEpisodes": [], "coverImage": {"large": "https://s3.anilist.co/media/anime/cover/medium/102383-5x69vMprqYza.jpg", "medium": "https://s3.anilist.co/media/anime/cover/small/102383-5x69vMprqYza.jpg"}, "bannerImage": null, "isAdult": false, "format": "MOVIE"}, {"id": 102384, "title": {"romaji": "Youtai Nuhai Zai Shanghai", "english": "A Jewish Girl in Shanghai"}, "type": "ANIME", "status": "FINISHED", "description": "Set mainly in and around the Shanghai Ghetto in Japanese-occupied Shanghai during the Second World War, the film tells the story of three children. \n\nRina and her younger brother Mishalli are Jewish refugees who escaped Europe but are without their parents. A-Gen is a Chinese boy who meets Rina and helps her and her brother to survive. \n\nThe children form strong friendships and have adventures as they try and fend off the Japanese army occupying the city, and their allies, the Nazis. In the background, the Second Sino-Japanese War takes place, while the children must face the uncertainty that concerns the fate of Rina and Mishalli's parents in Europe. \n<br><br>\n(Source: AniDB)", "startDate": {"year": 2010, "month": null, "day": null}, "endDate": {"year": 2010, "month": null, "day": null}, "season": null, "episodes": 1, "duration": 80, "genres": [], "averageScore": null, "trending": 0, "popularity": 17, "streamingEpisodes": [], "coverImage": {"large": "https://s3.anilist.co/media/anime/cover/medium/102384-pofeWrd8Y9iq.jpg", "medium": "https://s3.anilist.co/media/anime/cover/small/102384-pofeWrd8Y9iq.jpg"}, "bannerImage": null, "isAdult": false, "format": "MOVIE"}, {"id": 102385, "title": {"romaji": "Hu Li Zhi Sheng", "english": "Voice of Fox"}, "type": "ANIME", "status": "RELEASING", "description": "A poor but talented high school boy named Hu Li (whose name is pronounced very similarly to the term for \"fox\" in Chinese). He is a \"ghost\" singer/songwriter for the popular and narcissistic boy idol Kong Que (pronounced very similarly to \"peacock\" in Chinese), who is very handsome but can barely sing. Hu always wear a fox mask to hide his large facial scar caused by a traffic accident. He also uses a screen name \"Mr. Fox\" to publish his music online.\n<br><br>\n(Source: ANN)", "startDate": {"year": 2018, "month": 10, "day": 5}, "endDate": {"year": null, "month": null, "day": null}, "season": "FALL", "episodes": null, "duration": null, "genres": ["Music"], "averageScore": null, "trending": 2, "popularity": 590, "streamingEpisodes": [{"title": "Episode 1 - False Voice", "url": "http://www.crunchyroll.com/voice-of-fox/episode-1-false-voice-778037"}], "coverImage": {"large": "https://s3.anilist.co/media/anime/cover/medium/nx102385-rcLILtdlVwH8.jpg", "medium": "https://s3.anilist.co/media/anime/cover/small/nx102385-rcLILtdlVwH8.jpg"}, "bannerImage": null, "isAdult": false, "format": "TV"}, {"id": 102386, "title": {"romaji": "Instant Music", "english": null}, "type": "ANIME", "status": "FINISHED", "description": "Music video for the song \u2018Instant Music\u2019, from the album \u2018Runners High\u2019 by The Pillows", "startDate": {"year": 1998, "month": 11, "day": 27}, "endDate": {"year": 1998, "month": 11, "day": 27}, "season": null, "episodes": 1, "duration": 3, "genres": ["Music"], "averageScore": null, "trending": 0, "popularity": 39, "streamingEpisodes": [], "coverImage": {"large": "https://s3.anilist.co/media/anime/cover/medium/102386-FxrBi7YincxK.jpg", "medium": "https://s3.anilist.co/media/anime/cover/small/102386-FxrBi7YincxK.jpg"}, "bannerImage": null, "isAdult": false, "format": "MUSIC"}, {"id": 102387, "title": {"romaji": "Scrap Diary", "english": null}, "type": "ANIME", "status": "FINISHED", "description": "An abstract work by Keichii Tanaami", "startDate": {"year": 2002, "month": null, "day": null}, "endDate": {"year": 2002, "month": null, "day": null}, "season": null, "episodes": 1, "duration": 4, "genres": [], "averageScore": 32, "trending": 0, "popularity": 77, "streamingEpisodes": [], "coverImage": {"large": "https://s3.anilist.co/media/anime/cover/medium/102387-ooPVZVSCWflE.png", "medium": "https://s3.anilist.co/media/anime/cover/small/102387-ooPVZVSCWflE.png"}, "bannerImage": null, "isAdult": false, "format": "MOVIE"}, {"id": 102388, "title": {"romaji": "Walking Man", "english": null}, "type": "ANIME", "status": "FINISHED", "description": "Film by Tanaami Keiichi", "startDate": {"year": 2002, "month": null, "day": null}, "endDate": {"year": 2002, "month": null, "day": null}, "season": null, "episodes": 1, "duration": 6, "genres": [], "averageScore": null, "trending": 0, "popularity": 48, "streamingEpisodes": [], "coverImage": {"large": "https://s3.anilist.co/media/anime/cover/medium/102388-BZMKMonVG13p.png", "medium": "https://s3.anilist.co/media/anime/cover/small/102388-BZMKMonVG13p.png"}, "bannerImage": null, "isAdult": false, "format": "MOVIE"}, {"id": 102389, "title": {"romaji": "Fetish Doll", "english": null}, "type": "ANIME", "status": "FINISHED", "description": "Sequel to Keiichi Tanaami's Walking Man", "startDate": {"year": 2003, "month": null, "day": null}, "endDate": {"year": 2003, "month": null, "day": null}, "season": null, "episodes": 1, "duration": 4, "genres": [], "averageScore": 31, "trending": 0, "popularity": 96, "streamingEpisodes": [], "coverImage": {"large": "https://s3.anilist.co/media/anime/cover/medium/102389-QpjFtJ7xbjmr.jpg", "medium": "https://s3.anilist.co/media/anime/cover/small/102389-QpjFtJ7xbjmr.jpg"}, "bannerImage": null, "isAdult": false, "format": "MOVIE"}, {"id": 102390, "title": {"romaji": "Goldfish Fetish", "english": null}, "type": "ANIME", "status": "FINISHED", "description": "Short by Tanaami Keiichi", "startDate": {"year": 2002, "month": null, "day": null}, "endDate": {"year": 2002, "month": null, "day": null}, "season": null, "episodes": 1, "duration": 7, "genres": [], "averageScore": null, "trending": 0, "popularity": 39, "streamingEpisodes": [], "coverImage": {"large": "https://s3.anilist.co/media/anime/cover/medium/102390-lb1rg7kTw8eg.jpg", "medium": "https://s3.anilist.co/media/anime/cover/small/102390-lb1rg7kTw8eg.jpg"}, "bannerImage": null, "isAdult": false, "format": "MOVIE"}, {"id": 102391, "title": {"romaji": "Chirico", "english": null}, "type": "ANIME", "status": "FINISHED", "description": "Short Animation by Keiichi Tanaami", "startDate": {"year": 2008, "month": null, "day": null}, "endDate": {"year": 2008, "month": null, "day": null}, "season": null, "episodes": 1, "duration": 4, "genres": [], "averageScore": null, "trending": 0, "popularity": 43, "streamingEpisodes": [], "coverImage": {"large": "https://s3.anilist.co/media/anime/cover/medium/nx102391-UhloNfxB6PqI.jpg", "medium": "https://s3.anilist.co/media/anime/cover/small/nx102391-UhloNfxB6PqI.jpg"}, "bannerImage": null, "isAdult": false, "format": "MOVIE"}, {"id": 102392, "title": {"romaji": "Jiaoao de Jiangjun", "english": null}, "type": "ANIME", "status": "FINISHED", "description": "After a victorious military campaign, a general returns home to glory and prosperity. The king rewards him and claims that all enemies will be intimidated by the general. From then on, the general no longer practices martial arts. He eats, drinks, lives the glamorous life, and doesn't bother anymore with sharpening his weapons. When the enemy one day returns, his own arrogance leads to his defeat and eventually to the downfall of the whole nation.\n<br><br>\n(Source: Wikipedia)", "startDate": {"year": 1956, "month": null, "day": null}, "endDate": {"year": 1956, "month": null, "day": null}, "season": null, "episodes": 1, "duration": 24, "genres": ["Drama"], "averageScore": null, "trending": 0, "popularity": 29, "streamingEpisodes": [], "coverImage": {"large": "https://s3.anilist.co/media/anime/cover/medium/102392-xFoLn1aQW96k.jpg", "medium": "https://s3.anilist.co/media/anime/cover/small/102392-xFoLn1aQW96k.jpg"}, "bannerImage": null, "isAdult": false, "format": "MOVIE"}, {"id": 102393, "title": {"romaji": "Ki Renka", "english": "Oni Love Song"}, "type": "ANIME", "status": "FINISHED", "description": "Independent animation by Hayashi Seiichi.", "startDate": {"year": 1971, "month": null, "day": null}, "endDate": {"year": 1971, "month": null, "day": null}, "season": null, "episodes": 1, "duration": 4, "genres": ["Drama"], "averageScore": null, "trending": 0, "popularity": 16, "streamingEpisodes": [], "coverImage": {"large": "https://s3.anilist.co/media/anime/cover/medium/nx102393-5FSCxmwu8JV1.jpg", "medium": "https://s3.anilist.co/media/anime/cover/small/nx102393-5FSCxmwu8JV1.jpg"}, "bannerImage": null, "isAdult": false, "format": "MOVIE"}, {"id": 102394, "title": {"romaji": "Cocktail Prince: Shaking Night!!", "english": null}, "type": "ANIME", "status": "FINISHED", "description": "New animated music video for the mobile game Cocktail Prince.", "startDate": {"year": 2018, "month": 2, "day": 8}, "endDate": {"year": 2018, "month": 2, "day": 8}, "season": "WINTER", "episodes": 1, "duration": 2, "genres": ["Music"], "averageScore": null, "trending": 0, "popularity": 32, "streamingEpisodes": [], "coverImage": {"large": "https://s3.anilist.co/media/anime/cover/medium/nx102394-mN3qlkq8bVQS.jpg", "medium": "https://s3.anilist.co/media/anime/cover/small/nx102394-mN3qlkq8bVQS.jpg"}, "bannerImage": null, "isAdult": false, "format": "MUSIC"}, {"id": 102395, "title": {"romaji": "Cocktail Prince: Making Love!!", "english": null}, "type": "ANIME", "status": "FINISHED", "description": "An animated music video of the song Making Love!!. The Cocktail Prince mobile game reimagines various alcoholic beverages as human males.", "startDate": {"year": 2016, "month": 7, "day": 21}, "endDate": {"year": 2016, "month": 7, "day": 21}, "season": "SUMMER", "episodes": 1, "duration": 2, "genres": ["Music"], "averageScore": null, "trending": 0, "popularity": 31, "streamingEpisodes": [], "coverImage": {"large": "https://s3.anilist.co/media/anime/cover/medium/nx102395-kbDH2HsSKMlC.jpg", "medium": "https://s3.anilist.co/media/anime/cover/small/nx102395-kbDH2HsSKMlC.jpg"}, "bannerImage": null, "isAdult": false, "format": "MUSIC"}, {"id": 102396, "title": {"romaji": "Qingwa Wangguo: Zhi Bingdong Da Maoxian", "english": "Arctic Adventure: On Frozen Pond"}, "type": "ANIME", "status": "FINISHED", "description": "For centuries, the Crystal Frog has protected the Frog Kingdom with its magic. When One-Eye plots to steal the artifact and rule the land, the Frog King asks Freddy and the Frog Princess to undertake a bold journey through forest, desert, river rapids, and icy caverns. But as the protectors arrive, it becomes clear that One-Eye may have led them into a trap.\n<br><br>\n(Source: Redbox)", "startDate": {"year": 2016, "month": 2, "day": 19}, "endDate": {"year": 2016, "month": 2, "day": 19}, "season": null, "episodes": 1, "duration": 87, "genres": ["Adventure"], "averageScore": null, "trending": 0, "popularity": 4, "streamingEpisodes": [], "coverImage": {"large": "https://s3.anilist.co/media/anime/cover/medium/102396-e7xdRVF3glju.jpg", "medium": "https://s3.anilist.co/media/anime/cover/small/102396-e7xdRVF3glju.jpg"}, "bannerImage": null, "isAdult": false, "format": "MOVIE"}, {"id": 102397, "title": {"romaji": "Qingwa Wangguo", "english": "Frog Kingdom"}, "type": "ANIME", "status": "FINISHED", "description": "When the Frog King announces that the winner of the Froglympics will win the hand of his daughter, Princess Froglegs, in marriage, she runs away. Disguised as a commoner, Princess Froglegs befriends street vendor, Freddie, and begins training with him for the games--determined that she will win and thwart her Father's plans of marriage. Meanwhile, the villainous Serpent has ideas of his own to ruin the Froglympics and take over the kingdom. With a little luck, and a little help from their trusty Sidekick, Freddie and Princess Froglegs must save Frog Kingdom from the evil Serpent. \n<br><br>\n(Source: Amazon.com)", "startDate": {"year": 2013, "month": 12, "day": 28}, "endDate": {"year": 2013, "month": 12, "day": 28}, "season": null, "episodes": 1, "duration": 90, "genres": ["Adventure", "Sports"], "averageScore": null, "trending": 0, "popularity": 6, "streamingEpisodes": [], "coverImage": {"large": "https://s3.anilist.co/media/anime/cover/medium/102397-Bfn8N9NeFhPD.jpg", "medium": "https://s3.anilist.co/media/anime/cover/small/102397-Bfn8N9NeFhPD.jpg"}, "bannerImage": null, "isAdult": false, "format": "MOVIE"}, {"id": 102398, "title": {"romaji": "Fire Bird", "english": null}, "type": "ANIME", "status": "FINISHED", "description": "A music video produced by Tezuka Productions for the title track \"Fire Bird\" performed by Miyavi", "startDate": {"year": 2016, "month": 8, "day": 31}, "endDate": {"year": 2016, "month": 8, "day": 31}, "season": null, "episodes": 1, "duration": 3, "genres": ["Music"], "averageScore": null, "trending": 0, "popularity": 24, "streamingEpisodes": [], "coverImage": {"large": "https://s3.anilist.co/media/anime/cover/medium/nx102398-lXZkA7wKYH0V.jpg", "medium": "https://s3.anilist.co/media/anime/cover/small/nx102398-lXZkA7wKYH0V.jpg"}, "bannerImage": null, "isAdult": false, "format": "MUSIC"}, {"id": 102399, "title": {"romaji": "Tokino Kousa", "english": "Shibuya Vernacular"}, "type": "ANIME", "status": "FINISHED", "description": "A four-dimensional short anime will start at the very beginning of Shibuya Crossing, that is, 10,000 years in the past. The anime is part of a collaborative project helmed by Yoshitoshi Shinomiya. It features a hybrid of animation and live-action. The short was screened on Shibuya's Crossing screens and a YouTube-friendly version was posted as well.\n\nThe project also has a crowdfunding campaign to raise 1,800,000 yen (US$16,500) to hold a exhibition of the production materials in Shibuya in mid-August. \n<br><br>\n(Source: ANN)", "startDate": {"year": 2018, "month": 4, "day": 20}, "endDate": {"year": 2018, "month": 4, "day": 20}, "season": "SPRING", "episodes": 1, "duration": 1, "genres": [], "averageScore": null, "trending": 0, "popularity": 64, "streamingEpisodes": [], "coverImage": {"large": "https://s3.anilist.co/media/anime/cover/medium/102399-AyM1dpwO8oCD.jpg", "medium": "https://s3.anilist.co/media/anime/cover/small/102399-AyM1dpwO8oCD.jpg"}, "bannerImage": null, "isAdult": false, "format": "SPECIAL"}, {"id": 102400, "title": {"romaji": "Bai Ye Ling Long", "english": null}, "type": "ANIME", "status": "RELEASING", "description": "Ling Long is a normal girl. She just wants to get through her day without any problems, but makes a mess out of it again. Why? It's because her online friend has suddenly stopped contacting her. As time went on, she became more and more agitated. Her normal life has began to change...", "startDate": {"year": 2018, "month": 6, "day": 6}, "endDate": {"year": null, "month": null, "day": null}, "season": null, "episodes": null, "duration": 15, "genres": ["Romance", "Comedy", "Fantasy"], "averageScore": null, "trending": 0, "popularity": 56, "streamingEpisodes": [], "coverImage": {"large": "https://s3.anilist.co/media/anime/cover/medium/102400-FagOWLAViUlM.jpg", "medium": "https://s3.anilist.co/media/anime/cover/small/102400-FagOWLAViUlM.jpg"}, "bannerImage": null, "isAdult": false, "format": "ONA"}, {"id": 102401, "title": {"romaji": "Outlaw Star Specials", "english": "Outlaw Star Specials"}, "type": "ANIME", "status": "FINISHED", "description": "Unaired episodes of Seihou Bukyou Outlaw Star included in the eighth and twelfth volumes of the VHS.", "startDate": {"year": 1998, "month": 12, "day": 18}, "endDate": {"year": 1999, "month": 4, "day": 25}, "season": null, "episodes": 2, "duration": 25, "genres": ["Action", "Adventure", "Comedy", "Ecchi", "Sci-Fi"], "averageScore": 61, "trending": 0, "popularity": 239, "streamingEpisodes": [], "coverImage": {"large": "https://s3.anilist.co/media/anime/cover/medium/102401-jEm4DO4QlH32.jpg", "medium": "https://s3.anilist.co/media/anime/cover/small/102401-jEm4DO4QlH32.jpg"}, "bannerImage": null, "isAdult": false, "format": "SPECIAL"}, {"id": 102402, "title": {"romaji": "Fake Style II", "english": null}, "type": "ANIME", "status": "FINISHED", "description": "A music video for Fake Type.'s song Fake Style II.", "startDate": {"year": 2014, "month": 8, "day": 1}, "endDate": {"year": 2014, "month": 8, "day": 1}, "season": null, "episodes": 1, "duration": 3, "genres": ["Music"], "averageScore": null, "trending": 0, "popularity": 23, "streamingEpisodes": [], "coverImage": {"large": "https://s3.anilist.co/media/anime/cover/medium/nx102402-vTgnXtJZdojm.jpg", "medium": "https://s3.anilist.co/media/anime/cover/small/nx102402-vTgnXtJZdojm.jpg"}, "bannerImage": null, "isAdult": false, "format": "MUSIC"}]}}}