{"data": {"Page": {"pageInfo": {"total": 12297, "hasNextPage": true}, "media": [{"id": 1921, "title": {"romaji": "Urusei Yatsura Movie 2: Beautiful Dreamer", "english": null}, "type": "ANIME", "status": "FINISHED", "description": "Not all is normal in Tomobiki, even by its standards. The students have been preparing feverishly for the first day of the student fair, which is scheduled to go on the next day. However, problems arise when some begin to notice that the next day simply will not come. As the students begin to try to find the reason for the problem, their beliefs about reality and the world of dreams are challenged.<br><br>\n(Source: ANN)", "startDate": {"year": 1984, "month": 2, "day": 11}, "endDate": {"year": 1984, "month": 2, "day": 11}, "season": "WINTER", "episodes": 1, "duration": 95, "genres": ["Comedy", "Adventure", "Drama", "Romance", "Sci-Fi"], "averageScore": 74, "trending": 1, "popularity": 921, "streamingEpisodes": [], "coverImage": {"large": "https://s3.anilist.co/media/anime/cover/medium/1921-B10LYyF8ZBDK.png", "medium": "https://s3.anilist.co/media/anime/cover/small/1921-B10LYyF8ZBDK.png"}, "bannerImage": "https://s3.anilist.co/media/anime/banner/1921-gAGwBnhbMce1.jpg", "isAdult": false, "format": "MOVIE"}, {"id": 1922, "title": {"romaji": "Urusei Yatsura Movie 3: Remember My Love", "english": null}, "type": "ANIME", "status": "FINISHED", "description": "It seems that when Lum was born, a postal screwup resulted in a witchy friend of the family not getting an invitation to the celebration. The witch put a curse on Lum, that she would never be happy with her True Love. <br><br>\nIn the present, a new Amusement Park has been built in Tomobiki, and opening day finds the whole gang sampling its pleasures. At a magic show, however, Ataru gets turned into a large pink hippo-potamus, FOR REAL! <br><br>\nWhen Lum attempts to track down the magician that transformed her Darling, things start to get very weird, very fast! <br><br>\n(Source: AniDB)", "startDate": {"year": 1985, "month": 1, "day": 26}, "endDate": {"year": 1985, "month": 1, "day": 26}, "season": "WINTER", "episodes": 1, "duration": 95, "genres": ["Comedy", "Action", "Sci-Fi", "Adventure", "Drama", "Romance"], "averageScore": 63, "trending": 1, "popularity": 429, "streamingEpisodes": [], "coverImage": {"large": "https://s3.anilist.co/media/anime/cover/medium/1922-IpKInhYAmvHr.png", "medium": "https://s3.anilist.co/media/anime/cover/small/1922-IpKInhYAmvHr.png"}, "bannerImage": null, "isAdult": false, "format": "MOVIE"}, {"id": 1923, "title": {"romaji": "Urusei Yatsura Movie 4: Lum the Forever", "english": null}, "type": "ANIME", "status": "FINISHED", "description": "Strange things begin happening in Tomobiki Town... <br><br>\r\nWhen a great cherry tree, \"Tarozakura\" is cut down while Lum & Co. are making a movie, Lum loses her horns-and her powers! Thus begins the strangest and most lyrical of the Urusei Yatsura movies...<br><br>\r\n(Source: AniDB)", "startDate": {"year": 1986, "month": 2, "day": 22}, "endDate": {"year": 1986, "month": 2, "day": 22}, "season": "WINTER", "episodes": 1, "duration": 95, "genres": ["Comedy", "Action", "Sci-Fi", "Drama", "Romance", "Adventure"], "averageScore": 60, "trending": 1, "popularity": 409, "streamingEpisodes": [], "coverImage": {"large": "https://s3.anilist.co/media/anime/cover/medium/1923-F2EGuJX0bBJg.png", "medium": "https://s3.anilist.co/media/anime/cover/small/1923-F2EGuJX0bBJg.png"}, "bannerImage": "https://s3.anilist.co/media/anime/banner/1923-C2fFGpXYQF3m.jpg", "isAdult": false, "format": "MOVIE"}, {"id": 1924, "title": {"romaji": "Urusei Yatsura Movie 5: Kanketsuhen", "english": "Urusei Yatsura Movie 5: The Final Chapter"}, "type": "ANIME", "status": "FINISHED", "description": "The Urusei Yatsura story comes to a climax in this animated retelling of the final Manga story (although not the final movie). Lupa, yet another one of Lum's fianc\u00e9s, arrives on the scene, and Lum and Ataru have to repeat their game of tag in order to prevent the Earth from being destroyed.<br><br>\r\nAll Ataru has to do to win is say \"I love you\" the three words he has steadfastly refused to say to Lum. Will he admit his true feelings and save the Earth? Or will his pride doom it to destruction?<br><br>\r\n(Source: AniDB)", "startDate": {"year": 1988, "month": 2, "day": 6}, "endDate": {"year": 1988, "month": 2, "day": 6}, "season": "WINTER", "episodes": 1, "duration": 85, "genres": ["Comedy", "Romance", "Sci-Fi"], "averageScore": 67, "trending": 1, "popularity": 404, "streamingEpisodes": [], "coverImage": {"large": "https://s3.anilist.co/media/anime/cover/medium/1924-UXEJwZ3pQ0sx.png", "medium": "https://s3.anilist.co/media/anime/cover/small/1924-UXEJwZ3pQ0sx.png"}, "bannerImage": null, "isAdult": false, "format": "MOVIE"}, {"id": 1925, "title": {"romaji": "Urusei Yatsura Movie 6: Itsudatte My Darling", "english": "Urusei Yatsura Movie 6: Always My Darling"}, "type": "ANIME", "status": "FINISHED", "description": "Lupica, another one of the legion of space princesses that all seem to have found out about Earth in some tour book, appears and abducts Ataru! <br><br>\r\nBut Lupica isn't after Ataru for his great looks or charming personality (because he doesn't have either). Lupica's goal is the greatest love potion in the galaxy, which she intends to use to induce her sweetheart to tie the knot. To get it, she needs the possessor of the greatest lust in the universe...<br><br>\r\n(Source: AniDB)", "startDate": {"year": 1991, "month": 8, "day": 18}, "endDate": {"year": 1991, "month": 8, "day": 18}, "season": "SUMMER", "episodes": 1, "duration": 77, "genres": ["Comedy", "Adventure", "Romance", "Sci-Fi", "Action", "Drama"], "averageScore": 61, "trending": 1, "popularity": 402, "streamingEpisodes": [], "coverImage": {"large": "https://s3.anilist.co/media/anime/cover/medium/1925-UFMlks2laN4Q.png", "medium": "https://s3.anilist.co/media/anime/cover/small/1925-UFMlks2laN4Q.png"}, "bannerImage": null, "isAdult": false, "format": "MOVIE"}, {"id": 1926, "title": {"romaji": "Binchou-tan Jishu Seisaku Movie: Aozora ni Wasure Mono", "english": null}, "type": "ANIME", "status": "FINISHED", "description": "A 4 minute music video showing the life of Binchou-tan. <br><br>\n(Source: ANN)", "startDate": {"year": 2005, "month": 8, "day": 14}, "endDate": {"year": 2005, "month": 8, "day": 14}, "season": "SUMMER", "episodes": 1, "duration": 4, "genres": ["Music", "Slice of Life"], "averageScore": 53, "trending": 0, "popularity": 238, "streamingEpisodes": [], "coverImage": {"large": "https://s3.anilist.co/media/anime/cover/medium/1926.jpg", "medium": "https://s3.anilist.co/media/anime/cover/small/1926.jpg"}, "bannerImage": null, "isAdult": false, "format": "MUSIC"}, {"id": 1927, "title": {"romaji": "Gakuen Tokusou Hikaruon", "english": "Campus Special Investigator Hikaruon"}, "type": "ANIME", "status": "FINISHED", "description": "Hikaru is at first sight a student like others but actually it is a super hero defending the Earth of the demons. He has a powerful super bike and a combat suit.  Inspired by the classic Space Sheriff (Uchuu Keiji) trilogy of the Metal Heroes Tokusatsu franchise, namely Space Sheriff's Gavan and Sharivan. <br><br>\n(Source: AniDB)", "startDate": {"year": 1987, "month": 1, "day": 28}, "endDate": {"year": 1987, "month": 1, "day": 28}, "season": "WINTER", "episodes": 1, "duration": 30, "genres": ["Action"], "averageScore": 50, "trending": 0, "popularity": 193, "streamingEpisodes": [], "coverImage": {"large": "https://s3.anilist.co/media/anime/cover/medium/1927.jpg", "medium": "https://s3.anilist.co/media/anime/cover/small/1927.jpg"}, "bannerImage": null, "isAdult": false, "format": "OVA"}, {"id": 1928, "title": {"romaji": "Early Reins", "english": "Early Reins"}, "type": "ANIME", "status": "FINISHED", "description": "Early Reins features six beautiful women on a train en route to Sunshine Hill in the early 1800s. When the train is highjacked by robbers and the soldiers on board are caught unawares, another surprise is in store: these lovely ladies can fight! The heroine emerges as Margarette, a young woman determined to become a sheriff although she is somewhat lacking in experience. She gains plenty on this trip, however, and the ragtag team of Western warriors joins forces with another passenger, Spencer, to fight some nefarious bandits and guide the train to safety. <br><br>\n(Source: AniDB)", "startDate": {"year": 2003, "month": 2, "day": 14}, "endDate": {"year": 2003, "month": 2, "day": 14}, "season": "WINTER", "episodes": 1, "duration": 44, "genres": ["Action", "Adventure"], "averageScore": 51, "trending": 0, "popularity": 232, "streamingEpisodes": [], "coverImage": {"large": "https://s3.anilist.co/media/anime/cover/medium/1928.jpg", "medium": "https://s3.anilist.co/media/anime/cover/small/1928.jpg"}, "bannerImage": null, "isAdult": false, "format": "OVA"}, {"id": 1929, "title": {"romaji": "Futari wa Precure: Max Heart", "english": "Pretty Cure Max Heart"}, "type": "ANIME", "status": "FINISHED", "description": "Shortly after the fall of the Wicked King, the Queen of the Garden of Light lost her memory and came to Earth, in the form of a 12-year-old girl named Hikari Kujou. Now, she - with the help of Nagisa and Honoka, endowed with new costumes and powers - must find the 12 Heartiels, which hold the key to restoring the Queen's lost memories. For together once again, they are Pretty Cure. <br><br>\n(Source: AniDB)", "startDate": {"year": 2005, "month": 2, "day": 6}, "endDate": {"year": 2006, "month": 1, "day": 29}, "season": "WINTER", "episodes": 47, "duration": 25, "genres": ["Mahou Shoujo"], "averageScore": 63, "trending": 0, "popularity": 998, "streamingEpisodes": [], "coverImage": {"large": "https://s3.anilist.co/media/anime/cover/medium/1929-bdOxTOmtEPYF.png", "medium": "https://s3.anilist.co/media/anime/cover/small/1929-bdOxTOmtEPYF.png"}, "bannerImage": null, "isAdult": false, "format": "TV"}, {"id": 1930, "title": {"romaji": "Futari wa Precure: Max Heart Movie 1", "english": null}, "type": "ANIME", "status": "FINISHED", "description": "The Courageous Warriors of the Garden of Hope have summoned Nagisa, Honoka, and Hikari to protect their kingdom from a witch who plans to steal the Diamond Line, which is a set of jewelry the queen of the Garden of Hope wears to a ceremony every year to replenish the water of the kingdom. The witch plans to resurrect the Dark Lord and if she does so, not only will the Garden of Hope be destroyed, but other kingdoms in the galaxies, including the Garden of Rainbows and the Garden of Light. <br><br>\n(Source: ANN)", "startDate": {"year": 2005, "month": 4, "day": 16}, "endDate": {"year": 2005, "month": 4, "day": 16}, "season": "SPRING", "episodes": 1, "duration": 70, "genres": ["Mahou Shoujo"], "averageScore": 61, "trending": 0, "popularity": 466, "streamingEpisodes": [], "coverImage": {"large": "https://s3.anilist.co/media/anime/cover/medium/1930.jpg", "medium": "https://s3.anilist.co/media/anime/cover/small/1930.jpg"}, "bannerImage": null, "isAdult": false, "format": "MOVIE"}, {"id": 1931, "title": {"romaji": "Futari wa Precure: Max Heart Movie 2 - Yukizora no Tomodachi", "english": null}, "type": "ANIME", "status": "FINISHED", "description": "On his way to visit the Queen of the Garden of Light, the Sage of the Garden of Clouds accidentally drops the egg of the Houhou. The egg lands in the Garden of Rainbows, where it is found by Hikari, attracting the attention of a powerful pair of servants of the Dark Lord.<br><br>\n(Source: AniDB)", "startDate": {"year": 2005, "month": 12, "day": 10}, "endDate": {"year": 2005, "month": 12, "day": 10}, "season": "WINTER", "episodes": 1, "duration": 71, "genres": ["Mahou Shoujo"], "averageScore": 63, "trending": 0, "popularity": 429, "streamingEpisodes": [], "coverImage": {"large": "https://s3.anilist.co/media/anime/cover/medium/1931.jpg", "medium": "https://s3.anilist.co/media/anime/cover/small/1931.jpg"}, "bannerImage": null, "isAdult": false, "format": "MOVIE"}, {"id": 1932, "title": {"romaji": "Yes! Precure 5", "english": "Yes! Pretty Cure 5"}, "type": "ANIME", "status": "FINISHED", "description": "Yumehara Nozomi, a regular student, finds a magical book called the Dream Collet in the library and meets Coco and Nuts, two creatures from the Palmier Kingdom. They plead with Nozomi to restore their world, which has been destroyed by an organization called the Nightmares, by completing the Dream Collet and finding the 55 Pinkies to make any wish come true. Meanwhile, the Nightmares are moving into the real world. Once Nozomi agrees to help, Coco and Nuts transform her into the magical girl Cure Dream and turn four fellow students into her Pretty Cure team.<br><br>\n(Source: ANN)", "startDate": {"year": 2007, "month": 2, "day": 4}, "endDate": {"year": 2008, "month": 1, "day": 27}, "season": "WINTER", "episodes": 49, "duration": 24, "genres": ["Fantasy", "Mahou Shoujo"], "averageScore": 64, "trending": 1, "popularity": 905, "streamingEpisodes": [], "coverImage": {"large": "https://s3.anilist.co/media/anime/cover/medium/1932.jpg", "medium": "https://s3.anilist.co/media/anime/cover/small/1932.jpg"}, "bannerImage": "https://s3.anilist.co/media/anime/banner/1932-ptmkySyU0JNM.jpg", "isAdult": false, "format": "TV"}, {"id": 1933, "title": {"romaji": "Growlanser IV: Wayfarer of the Time", "english": "Growlanser IV: Wayfarer of Time"}, "type": "ANIME", "status": "FINISHED", "description": "A promotional ova that came with the PS2 game, Growlanser IV Returns which is an add-on featuring a compilation of three short stories that is told in visual novel style.<br><br>\nSince it is a promotional ova, various main characters from Growlanser I, Growlanser II, and Growlanser III do appear in the ED. Actually, some of the fairies of these main characters do appear in Growlanser IV as that the entire Growlanser story is based on anti-war featuring time freeze, time traveling, and parallel worlds.", "startDate": {"year": 2005, "month": 3, "day": 10}, "endDate": {"year": 2005, "month": 3, "day": 10}, "season": "SPRING", "episodes": 1, "duration": 30, "genres": ["Action"], "averageScore": 46, "trending": 0, "popularity": 105, "streamingEpisodes": [], "coverImage": {"large": "https://s3.anilist.co/media/anime/cover/medium/1933.jpg", "medium": "https://s3.anilist.co/media/anime/cover/small/1933.jpg"}, "bannerImage": "https://s3.anilist.co/media/anime/banner/1933-7GFCQpLeKzDU.jpg", "isAdult": false, "format": "OVA"}, {"id": 1935, "title": {"romaji": "Megazone 23", "english": "Megazone 23"}, "type": "ANIME", "status": "FINISHED", "description": "Motorcycle enthusiast Shogo mistakenly comes into possession of a government prototype bike. Pursued by ruthless goverment agents he plans to save himself by exposing the bike to the public on a live TV show hosted by a popular singing star. But, even the lovely Eve has secrets of her own and the government has much more to hide than just a transforming military motorcycle. As Shogo begins to unravel the mystery of the bike, he discovers a reality-shattering secret about the city and the world he thought he knew.<br><br>\n(Source: ANN)", "startDate": {"year": 1985, "month": 3, "day": 9}, "endDate": {"year": 1989, "month": 12, "day": 22}, "season": "SPRING", "episodes": 4, "duration": 67, "genres": ["Action", "Mecha", "Music", "Mystery", "Romance", "Sci-Fi"], "averageScore": 62, "trending": 0, "popularity": 1157, "streamingEpisodes": [], "coverImage": {"large": "https://s3.anilist.co/media/anime/cover/medium/1935-0WP60xwIzmEc.png", "medium": "https://s3.anilist.co/media/anime/cover/small/1935-0WP60xwIzmEc.png"}, "bannerImage": "https://s3.anilist.co/media/anime/banner/1935-ddvQgQjOTTeJ.jpg", "isAdult": false, "format": "OVA"}, {"id": 1936, "title": {"romaji": "Misutenaide Daisy", "english": "Don't Leave Me Alone"}, "type": "ANIME", "status": "FINISHED", "description": "The story begins when an innocent, but busty, young schoolgirl goes to recover her hat from what she thought was an abandoned house. But within that house, spying on her, is a deranged madman. Seeing her he becomes obsessed with controlling her, owning her, bending her to his every whim. He, and his array of high tech tools, will threaten her with death, mutilation, control, humiliation and the loss of her own will and identity. Terrors biological, chemical and nuclear will come into play in the nightmare that is her new, controlled, life. <br><br>\n(Source: AniDB)", "startDate": {"year": 1997, "month": 7, "day": 2}, "endDate": {"year": 1997, "month": 9, "day": 17}, "season": "SUMMER", "episodes": 12, "duration": 24, "genres": ["Comedy", "Romance", "Sci-Fi"], "averageScore": null, "trending": 0, "popularity": 109, "streamingEpisodes": [], "coverImage": {"large": "https://s3.anilist.co/media/anime/cover/medium/1936.jpg", "medium": "https://s3.anilist.co/media/anime/cover/small/1936.jpg"}, "bannerImage": null, "isAdult": false, "format": "TV"}, {"id": 1937, "title": {"romaji": "Nakoruru: Ano Hito kara no Okurimono", "english": null}, "type": "ANIME", "status": "FINISHED", "description": "Nakoruru, finally returned to her home Kamuikotan after a long, fierce battle, receives a warm welcome from dear friends and the village children. Her spirit is uplifted by her reunion with companions Manari and Yantamuu. But as the trauma of battle falls away, Rela appears and challenges Nakoruru and the shadow of misfortune creeps closer... Nakoruru is a popular Ainu girl from SNK's Samurai Spirits fighting game (PC and Dreamcast), now she has her very own OVA series.<br><br>\n(Source: AniDB)", "startDate": {"year": 2002, "month": 5, "day": 25}, "endDate": {"year": 2002, "month": 5, "day": 25}, "season": "SPRING", "episodes": 1, "duration": 30, "genres": ["Drama", "Fantasy", "Supernatural"], "averageScore": 46, "trending": 0, "popularity": 145, "streamingEpisodes": [], "coverImage": {"large": "https://s3.anilist.co/media/anime/cover/medium/1937.jpg", "medium": "https://s3.anilist.co/media/anime/cover/small/1937.jpg"}, "bannerImage": null, "isAdult": false, "format": "OVA"}, {"id": 1938, "title": {"romaji": "Shin Kaitei Gunkan", "english": "Super Atragon"}, "type": "ANIME", "status": "FINISHED", "description": "Moments after an atomic bomb falls over Hiroshima, a secret Japanese submarine sails into battle against its American counterpart, and both are lost to history. Some fifty years later, a special UN task force sent to investigate unusual phenomena in Antarctica is threatened by a mysterious black cylinder.<br><br>\n(Source: ANN)", "startDate": {"year": 1995, "month": 12, "day": 21}, "endDate": {"year": 1996, "month": 8, "day": 1}, "season": "WINTER", "episodes": 2, "duration": 50, "genres": ["Action", "Adventure", "Fantasy", "Sci-Fi"], "averageScore": null, "trending": 0, "popularity": 129, "streamingEpisodes": [], "coverImage": {"large": "https://s3.anilist.co/media/anime/cover/medium/1938.jpg", "medium": "https://s3.anilist.co/media/anime/cover/small/1938.jpg"}, "bannerImage": null, "isAdult": false, "format": "OVA"}, {"id": 1939, "title": {"romaji": "Kidou Senshi SD Gundam Gaiden", "english": null}, "type": "ANIME", "status": "FINISHED", "description": "In 1990, Bandai produced the 4 episode OVA series SD Gundam Gaiden. Directed by Tetsuro Amino (Macross 7, SD Gundam's Counterattack), this series is set in the medieval fantasy world Suda Doaka. Once again, popular Gundam characters such as Amuro Ray and Char Aznable are featured in the series, along with fantasy-styled versions of well-known mobile suits. <br><br>\nIn this series, the heroic Knight Gundam and his companions must protect Suda Doaka from the evils of Satan Gundam and Sieg Zeon. Much of the series is set in the Kingdom of Lacroa, which is featured in several SD productions, including the 2003 TV series SD Gundam Force. As is the case with all the older SD productions, SD Gundam Gaiden isn't available in the U.S.<br><br>\n(Source: AniDB)", "startDate": {"year": 1990, "month": 4, "day": 25}, "endDate": {"year": 1991, "month": 4, "day": 21}, "season": "SPRING", "episodes": 4, "duration": 30, "genres": ["Adventure", "Comedy", "Fantasy", "Mecha"], "averageScore": 45, "trending": 0, "popularity": 208, "streamingEpisodes": [], "coverImage": {"large": "https://s3.anilist.co/media/anime/cover/medium/1939.jpg", "medium": "https://s3.anilist.co/media/anime/cover/small/1939.jpg"}, "bannerImage": null, "isAdult": false, "format": "OVA"}, {"id": 1940, "title": {"romaji": "Outlanders", "english": null}, "type": "ANIME", "status": "FINISHED", "description": "In the midst of a violent invasion of Earth by unknown alien forces, photojournalist Wakatsuki Tetsuya comes across a scantily-clad alien woman, cutting a swath of death through the Terran ranks with her sword. After a chaotic struggle, Tetsuya is knocked unconscious, only to awaken aboard her starship. To his surprise, she turns out to be Kahm, the invaders' princess - and she has picked Tetsuya for a starring role in her upcoming wedding. As the groom...<br><br>\n(Source: ANN)", "startDate": {"year": 1986, "month": 12, "day": 16}, "endDate": {"year": 1986, "month": 12, "day": 16}, "season": "WINTER", "episodes": 1, "duration": 51, "genres": ["Adventure", "Comedy", "Ecchi", "Sci-Fi"], "averageScore": 49, "trending": 0, "popularity": 410, "streamingEpisodes": [], "coverImage": {"large": "https://s3.anilist.co/media/anime/cover/medium/1940.jpg", "medium": "https://s3.anilist.co/media/anime/cover/small/1940.jpg"}, "bannerImage": null, "isAdult": false, "format": "OVA"}, {"id": 1941, "title": {"romaji": "Moonlight Mile", "english": null}, "type": "ANIME", "status": "FINISHED", "description": "After scaling Mt. Everest, mountain climbing partners Saruwatari Gorou and \"Lostman\" Jack F. Woodbridge see the ISA Space Station, and each vows to make the trek into outerspace. When Helium 3, a new energy source, is discovered on the moon, NASA forms a new project named \"Nexus\" to harness that energy for use on earth. This is the story of the two and the paths they take to see their dream become a reality in the quest to harness the next-generation energy source.<br><br>\n(Source: ANN)", "startDate": {"year": 2007, "month": 2, "day": 4}, "endDate": {"year": 2007, "month": 5, "day": 20}, "season": "WINTER", "episodes": 12, "duration": 24, "genres": ["Adventure", "Drama", "Sci-Fi"], "averageScore": 62, "trending": 0, "popularity": 724, "streamingEpisodes": [], "coverImage": {"large": "https://s3.anilist.co/media/anime/cover/medium/1941.jpg", "medium": "https://s3.anilist.co/media/anime/cover/small/1941.jpg"}, "bannerImage": null, "isAdult": false, "format": "TV"}, {"id": 1942, "title": {"romaji": "Rocket Girls", "english": null}, "type": "ANIME", "status": "FINISHED", "description": "A high school girl Morita Yukari visits Axia of the Solomon Islands in order to look for her father who became lost during his honeymoon trip. There, she meets a man named Nasuda of Solomon Space Agency, and she is hired to work part-time. That job is an astronaut. She is chosen as one of the crews of the first Japanese manned spaceship only because she is little and light. Where is her future going to? <br><br>\n(Source: AnimeNfo)", "startDate": {"year": 2007, "month": 2, "day": 22}, "endDate": {"year": 2007, "month": 5, "day": 18}, "season": "WINTER", "episodes": 12, "duration": 23, "genres": ["Adventure", "Comedy", "Sci-Fi"], "averageScore": 61, "trending": 0, "popularity": 709, "streamingEpisodes": [], "coverImage": {"large": "https://s3.anilist.co/media/anime/cover/medium/1942.jpg", "medium": "https://s3.anilist.co/media/anime/cover/small/1942.jpg"}, "bannerImage": null, "isAdult": false, "format": "TV"}, {"id": 1943, "title": {"romaji": "Paprika", "english": "Paprika"}, "type": "ANIME", "status": "FINISHED", "description": "In the near future, a revolutionary new psychotherapy treatment called PT has been invented. Through a device called the \"DC Mini\" it is able to act as a \"dream detective\" to enter into people's dreams and explore their unconscious thoughts. Before the government can pass a bill authorizing the use of such advanced psychiatric technology, one of the prototypes is stolen, sending the research facility into an uproar. In the wrong hands, the potential misuse of the device could be devastating, allowing the user to completely annihilate a dreamer's personality while they are asleep. Renowned scientist, Dr. Atsuko Chiba, enters the dream world under her exotic alter-ego, code name \"PAPRIKA,\" in an attempt to discover who is behind the plot to undermine the new invention.<br><br>\n(Source: ANN)", "startDate": {"year": 2006, "month": 8, "day": 16}, "endDate": {"year": 2006, "month": 8, "day": 16}, "season": "SUMMER", "episodes": 1, "duration": 90, "genres": ["Fantasy", "Horror", "Mystery", "Psychological", "Sci-Fi", "Thriller"], "averageScore": 78, "trending": 0, "popularity": 18084, "streamingEpisodes": [], "coverImage": {"large": "https://s3.anilist.co/media/anime/cover/medium/1943.jpg", "medium": "https://s3.anilist.co/media/anime/cover/small/1943.jpg"}, "bannerImage": "https://s3.anilist.co/media/anime/banner/1943.jpg", "isAdult": false, "format": "MOVIE"}, {"id": 1944, "title": {"romaji": "Photon", "english": "Photon: The Idiot Adventures"}, "type": "ANIME", "status": "FINISHED", "description": "Photon Earth is a young and gentle boy with superhuman strength and \"Baka\" (meaning \"idiot\" in Japanese) scribbled on his forehead (apparently by his troublemaking friend Aun Freya). One day, he finds himself engaged to the beautiful fugitive pilot Keyne Acqua after writing \"baka\" on her forehead. And that's the least of his worries as he must protect both Aun and Keyne from the evil Papacharino, who seeks to steal the secrets of \"Aho\" (another word for idiot) energy from Keyne's grandfather's ship.<br><br>\n(Source: ANN, modified)", "startDate": {"year": 1997, "month": 11, "day": 21}, "endDate": {"year": 1999, "month": 2, "day": 18}, "season": "FALL", "episodes": 6, "duration": 35, "genres": ["Action", "Adventure", "Comedy", "Drama", "Ecchi", "Mecha"], "averageScore": 62, "trending": 0, "popularity": 769, "streamingEpisodes": [], "coverImage": {"large": "https://s3.anilist.co/media/anime/cover/medium/1944.jpg", "medium": "https://s3.anilist.co/media/anime/cover/small/1944.jpg"}, "bannerImage": null, "isAdult": false, "format": "OVA"}, {"id": 1946, "title": {"romaji": "Ashita no Nadja", "english": "Tomorrow's Nadja"}, "type": "ANIME", "status": "FINISHED", "description": "This story takes place about one hundred years ago. Nadja is a bright, cheerful girl who was raised in an orphanage near London, England. Nadja was entrusted to the orphanage when she was a baby. So she thought her father and mother were dead. But before her thirteenth birthday, she found out that her mother might be alive..<br><br>\nNadja sets out on a journey to find her mother! With all of Europe as the stage, Nadja's exciting adventure begins!<br><br>\n(Source: AniDB)", "startDate": {"year": 2003, "month": 2, "day": 2}, "endDate": {"year": 2004, "month": 1, "day": 25}, "season": "WINTER", "episodes": 50, "duration": 24, "genres": ["Adventure", "Drama", "Romance"], "averageScore": 70, "trending": 0, "popularity": 1542, "streamingEpisodes": [], "coverImage": {"large": "https://s3.anilist.co/media/anime/cover/medium/nx1946-FUZFYCr6Daxf.png", "medium": "https://s3.anilist.co/media/anime/cover/small/nx1946-FUZFYCr6Daxf.png"}, "bannerImage": "https://s3.anilist.co/media/anime/banner/1946-uwfg4bMXy33Y.jpg", "isAdult": false, "format": "TV"}, {"id": 1947, "title": {"romaji": "Kikou Sennyo Rouran", "english": "Strange Steel Fairy Rouran"}, "type": "ANIME", "status": "FINISHED", "description": "When the secret occult society, Shiromorishuua, sends a huge monster to attack Tokyo, ASY, a peace-keeping organization in Japan, retaliates with a Gousen (metal faery). ASY's Gousen annihilates the creature after driving it into open ocean. Although successful, a surprise attack follows. A girl, floating in midair and glowing with radiance, strikes with a beam of light. This girl is \"Rouran.\" She knows neither her identity, her origins, nor why whenever she senses the Gousen or Kyoushi (reanimated corpses) she transforms into an avenging angel. As Rouran worries about her mysterious existence, Tetsuya kindly watches over her in Tokyo Arcadia, a settlement of expatriates and dissidents. <br><br>\n(Source: AniDB)", "startDate": {"year": 2002, "month": 11, "day": 15}, "endDate": {"year": 2003, "month": 5, "day": 30}, "season": "FALL", "episodes": 28, "duration": 12, "genres": ["Action", "Fantasy", "Mecha"], "averageScore": null, "trending": 0, "popularity": 141, "streamingEpisodes": [], "coverImage": {"large": "https://s3.anilist.co/media/anime/cover/medium/1947.jpg", "medium": "https://s3.anilist.co/media/anime/cover/small/1947.jpg"}, "bannerImage": null, "isAdult": false, "format": "TV_SHORT"}, {"id": 1949, "title": {"romaji": "Mahou no Chocolate", "english": null}, "type": "ANIME", "status": "FINISHED", "description": "Mami-chan has a crush on her school's soccer club star, Ishida-senpai, and tries against hope to work up the courage to give him chocolate for Valentine's Day. She learns from her friend Koko-chan of the mysterious Magical Chocolate. Will the magic make Mami's dream come true?<br><br>\n(Source: AnimeNfo)", "startDate": {"year": 2001, "month": 8, "day": 30}, "endDate": {"year": 2001, "month": 8, "day": 30}, "season": "SUMMER", "episodes": 1, "duration": 9, "genres": ["Drama", "Romance"], "averageScore": 46, "trending": 0, "popularity": 241, "streamingEpisodes": [], "coverImage": {"large": "https://s3.anilist.co/media/anime/cover/medium/1949.jpg", "medium": "https://s3.anilist.co/media/anime/cover/small/1949.jpg"}, "bannerImage": null, "isAdult": false, "format": "OVA"}, {"id": 1951, "title": {"romaji": "Neo Tokyo", "english": null}, "type": "ANIME", "status": "FINISHED", "description": "1. Labyrinth Labyrinthos<br>\nA girl and her cat fall through a looking-glass into a dark labyrinth full of strange people.<br><br>\n2. Running Man<br>\nIn the distant future, a tough racer uses his psychokinetic powers against his opponents during his final race. <br><br>\n3. The Order to Stop Construction<br>\nA snooty salaryman is sent by his bosses to the jungle to stop a completely automated construction job, and spends several days there arguing with the robots.<br><br>\n(Source: ANN)", "startDate": {"year": 1989, "month": 4, "day": 15}, "endDate": {"year": 1989, "month": 4, "day": 15}, "season": "SPRING", "episodes": 3, "duration": 16, "genres": ["Adventure", "Fantasy", "Horror", "Sci-Fi", "Supernatural"], "averageScore": 66, "trending": 0, "popularity": 1831, "streamingEpisodes": [], "coverImage": {"large": "https://s3.anilist.co/media/anime/cover/medium/1951.jpg", "medium": "https://s3.anilist.co/media/anime/cover/small/1951.jpg"}, "bannerImage": "https://s3.anilist.co/media/anime/banner/1951-YwXlkI4rKCjI.jpg", "isAdult": false, "format": "MOVIE"}, {"id": 1952, "title": {"romaji": "Vampire Hunter", "english": "Night Warriors: Darkstalkers' Revenge"}, "type": "ANIME", "status": "FINISHED", "description": "The world is a dark, brooding place populated by humans, but ruled in reality by powerful beings known as the Darkstalkers, and there is constant conflict between them as they try to determine who is the most powerful of them all. Zombies, vampires, werewolves - all of them compete in contests of strength and sheer will to attain their own personal goals. <br><br>\nAll of this becomes moot when a race of Aztec robots called the Huitzil decide that humanity isn't worth saving, and start waging war on the world, while in the sky, a solar god from outer space plots the conquest of Earth. And the Darkstalkers must become unwilling allies in order to save the world. <br><br>\n(Source: AnimeNfo)", "startDate": {"year": 1997, "month": 3, "day": 21}, "endDate": {"year": 1998, "month": 3, "day": 27}, "season": "SPRING", "episodes": 4, "duration": 41, "genres": ["Action", "Adventure", "Drama", "Fantasy"], "averageScore": 57, "trending": 0, "popularity": 709, "streamingEpisodes": [], "coverImage": {"large": "https://s3.anilist.co/media/anime/cover/medium/1952.jpg", "medium": "https://s3.anilist.co/media/anime/cover/small/1952.jpg"}, "bannerImage": null, "isAdult": false, "format": "OVA"}, {"id": 1953, "title": {"romaji": "Code Geass: Hangyaku no Lelouch Picture Drama", "english": null}, "type": "ANIME", "status": "FINISHED", "description": "Specials included with the Code Geass anime DVDs. How did Lelouch and Suzaku first meet? What do the girls at Ashford get up to together in the bath? ", "startDate": {"year": 2007, "month": 1, "day": 27}, "endDate": {"year": 2007, "month": 9, "day": 25}, "season": "WINTER", "episodes": 9, "duration": 4, "genres": ["Comedy", "Ecchi", "Slice of Life"], "averageScore": 63, "trending": 1, "popularity": 3075, "streamingEpisodes": [], "coverImage": {"large": "https://s3.anilist.co/media/anime/cover/medium/1953.jpg", "medium": "https://s3.anilist.co/media/anime/cover/small/1953.jpg"}, "bannerImage": null, "isAdult": false, "format": "SPECIAL"}, {"id": 1954, "title": {"romaji": "Magic Knight Rayearth OVA", "english": "Magic Knight Rayearth OVA"}, "type": "ANIME", "status": "FINISHED", "description": "The Earth lies darkened and deserted. Despite the best efforts of the film's heroine, Hikaru, the evil-filled castle of Cephiro has taken over the world and stands in the center of a lifeless Tokyo. Before the ice-witch Alcyone can take her revenge on Hikaru, she is rescued by Lantis, a young man who seals her into a magical maze where she is challenged to prove her powers while her friends are hunted down by Cephiro's warlocks. <br><br>\nFleeing through the silent city, Umi and Fuu must seek out the sleeping Mashin; godlike creatures that will fuse with them to form giant warriors of awesome destructive power. But the Magic Knights are afraid, untrained and alone... will even the Mashin be enough to save them from the evil acts of Cephiro?<br><br>\n(Source: AniDB)", "startDate": {"year": 1997, "month": 7, "day": 25}, "endDate": {"year": 1997, "month": 11, "day": 24}, "season": "SUMMER", "episodes": 3, "duration": 45, "genres": ["Action", "Adventure", "Fantasy"], "averageScore": 63, "trending": 0, "popularity": 724, "streamingEpisodes": [], "coverImage": {"large": "https://s3.anilist.co/media/anime/cover/medium/1954.jpg", "medium": "https://s3.anilist.co/media/anime/cover/small/1954.jpg"}, "bannerImage": null, "isAdult": false, "format": "OVA"}, {"id": 1955, "title": {"romaji": "Kimagure Robot", "english": null}, "type": "ANIME", "status": "FINISHED", "description": "A brilliant, slightly crazy, and extremely eccentric scientist toils away his days in his lab, creating robots to carry out different tasks. A robot to grant three wishes, a robot to help you write your diary, a robot that intentionally misbehaves in order to keep its master from becoming bored&hellip; the robots are each built for a very specific purpose, and can&rsquo;t really do much of anything else. Luckily for mankind, however, these robots are much more useful than they appear to be at first glance&hellip; most of the time, anyway. <br><br>\n(Source: ANN)", "startDate": {"year": 2004, "month": 12, "day": 22}, "endDate": {"year": 2004, "month": 12, "day": 22}, "season": "WINTER", "episodes": 10, "duration": 2, "genres": ["Comedy", "Fantasy", "Sci-Fi"], "averageScore": 48, "trending": 0, "popularity": 191, "streamingEpisodes": [], "coverImage": {"large": "https://s3.anilist.co/media/anime/cover/medium/1955.jpg", "medium": "https://s3.anilist.co/media/anime/cover/small/1955.jpg"}, "bannerImage": null, "isAdult": false, "format": "TV_SHORT"}, {"id": 1956, "title": {"romaji": "Ikkitousen: Dragon Destiny", "english": null}, "type": "ANIME", "status": "FINISHED", "description": "Loosely based on the novel 'Romance of the three kingdoms', modern day Japan sees a similar struggle for power between different rival schools with the three strongest being; Kyosho Academy led by Sousou Moutoku, Nanyo Academy by Sonsaku Hakufu and Ryuubi Gentoku from Seito High School. Together these three tousei, each with their own mangatama, fight for the honour of becoming ikki tousen and fulfilling their fated destiny through battle and conquest.<br><br>\r\n(Source: ANN)", "startDate": {"year": 2007, "month": 2, "day": 26}, "endDate": {"year": 2007, "month": 5, "day": 14}, "season": "WINTER", "episodes": 12, "duration": 24, "genres": ["Action", "Ecchi"], "averageScore": 63, "trending": 0, "popularity": 3145, "streamingEpisodes": [], "coverImage": {"large": "https://s3.anilist.co/media/anime/cover/medium/1956.jpg", "medium": "https://s3.anilist.co/media/anime/cover/small/1956.jpg"}, "bannerImage": null, "isAdult": false, "format": "TV"}, {"id": 1957, "title": {"romaji": "Wedding Peach DX", "english": null}, "type": "ANIME", "status": "FINISHED", "description": "The 1996-1997 anime OVAs of Ai Tenshi Densetsu Wedding Peach, also known as Ai Tenshi Densetsu Wedding Peach DX (Deluxe). These four OVAs were uniquely designed and scripted, and the art style had been changed slightly from the original series as well. Each of these OVAs feature one of the Ai Tenshi along with a season: Wedding Peach--Summer, Angel Salvia--Autumn, Angel Daisy--Winter, Angel Lily--Spring. They are, however, in no way related to each other, except for some indication of previous OVAs by Hinagiku and Yuri. These are the adventures of the four Ai Tenshi, two years after their battle with Reine Devila.<br><br>\n(Source: AniDB)", "startDate": {"year": 1996, "month": 12, "day": 24}, "endDate": {"year": 1997, "month": 7, "day": 25}, "season": "WINTER", "episodes": 4, "duration": 30, "genres": ["Adventure", "Comedy", "Romance"], "averageScore": 56, "trending": 0, "popularity": 239, "streamingEpisodes": [], "coverImage": {"large": "https://s3.anilist.co/media/anime/cover/medium/1957.jpg", "medium": "https://s3.anilist.co/media/anime/cover/small/1957.jpg"}, "bannerImage": null, "isAdult": false, "format": "OVA"}, {"id": 1958, "title": {"romaji": "Wish", "english": null}, "type": "ANIME", "status": "FINISHED", "description": "The third of four animated CLAMP music videos. Others being Clover, CLAMP in Wonderland. This one is based on the manga \"Wish\". <br><br>\n\"Wish\" is about 28-year-old Shuichiro Kudo, a doctor who stumbles across Kohaku, one of God's angels. When he inadvertantly saves her life from one of the devil's servants, Kohaku decides to grant him a wish to repay him for his kindness. However, upon discovering that Shuichiro has no wish, Kohaku devotes herself to him, vowing to serve him until he has a wish that she can grant. However, both discover that there are some wishes that can't be granted by oneself. <br><br>\n(Source: ANN) ", "startDate": {"year": 1997, "month": 12, "day": 17}, "endDate": {"year": 1997, "month": 12, "day": 17}, "season": "WINTER", "episodes": 1, "duration": 5, "genres": ["Music"], "averageScore": 58, "trending": 0, "popularity": 494, "streamingEpisodes": [], "coverImage": {"large": "https://s3.anilist.co/media/anime/cover/medium/1958.jpg", "medium": "https://s3.anilist.co/media/anime/cover/small/1958.jpg"}, "bannerImage": "https://s3.anilist.co/media/anime/banner/1958-onjisCfAYthc.jpg", "isAdult": false, "format": "MUSIC"}, {"id": 1959, "title": {"romaji": "Wild 7", "english": null}, "type": "ANIME", "status": "FINISHED", "description": "An elite police crime fighting team is formed using convicted criminals. Using their first hand knowledge of the criminal mindset, the Wild 7 are first sent after a gang of Bank robbers. Then in Wild Biker Knights they are sent after a huge crime syndicate that has many high powered government officials in its deep pockets.<br><br>\n(Source: ANN)", "startDate": {"year": 1994, "month": 12, "day": 17}, "endDate": {"year": 1995, "month": 2, "day": 21}, "season": "WINTER", "episodes": 2, "duration": 55, "genres": ["Adventure"], "averageScore": null, "trending": 0, "popularity": 163, "streamingEpisodes": [], "coverImage": {"large": "https://s3.anilist.co/media/anime/cover/medium/1959.jpg", "medium": "https://s3.anilist.co/media/anime/cover/small/1959.jpg"}, "bannerImage": null, "isAdult": false, "format": "OVA"}, {"id": 1960, "title": {"romaji": "Sore Ike! Anpanman", "english": null}, "type": "ANIME", "status": "RELEASING", "description": "One night, a Star of Life falls down the chimney of a bakery nestled deep in the forest, causing the dough in the oven to come to life. The dough becomes Anpanman, a superhero made of anpan (a sweet roll with bean jam filling). Together with his friends, Anpanman fights his rival Baikinman and helps the malnourished. <br><br>\n(Source: ANN)", "startDate": {"year": 1988, "month": 10, "day": 3}, "endDate": {"year": null, "month": null, "day": null}, "season": "FALL", "episodes": null, "duration": 24, "genres": ["Comedy", "Fantasy"], "averageScore": null, "trending": 0, "popularity": 100, "streamingEpisodes": [], "coverImage": {"large": "https://s3.anilist.co/media/anime/cover/medium/1960.jpg", "medium": "https://s3.anilist.co/media/anime/cover/small/1960.jpg"}, "bannerImage": null, "isAdult": false, "format": "TV"}, {"id": 1961, "title": {"romaji": "Arashi no Yoru ni", "english": null}, "type": "ANIME", "status": "FINISHED", "description": " A story about a goat and a wolf who become friends in a stormy night, and how they overcome differences and hardships. <br><br>\n(Source: ANN)", "startDate": {"year": 2005, "month": 12, "day": 10}, "endDate": {"year": 2005, "month": 12, "day": 10}, "season": "WINTER", "episodes": 1, "duration": 107, "genres": ["Adventure", "Comedy", "Drama", "Fantasy"], "averageScore": 71, "trending": 0, "popularity": 1171, "streamingEpisodes": [], "coverImage": {"large": "https://s3.anilist.co/media/anime/cover/medium/1961.jpg", "medium": "https://s3.anilist.co/media/anime/cover/small/1961.jpg"}, "bannerImage": "https://s3.anilist.co/media/anime/banner/1961-TGMtOHzyV2vO.jpg", "isAdult": false, "format": "MOVIE"}, {"id": 1962, "title": {"romaji": "The Daichis: Earth Defence Family", "english": null}, "type": "ANIME", "status": "FINISHED", "description": "The Daichis are a family in danger of tearing itself apart. Dissatisfied and money obsessed mom Seiko has served wimpy and otaku dad Mamoru with divorce papers. Daughter Nozomi who has always been saddled with all the housework, feels pained that everyone is using her. The youngest albeit most foul mouthed, Dai is forced to watch all this as everything is going to pieces. However when the Galaxy Federation recruits the Daichis to combat alien threats to the wellbeing of the Earth, it will be a chance for the family to save the world and maybe themselves.<br><br>\n(Source: ANN)", "startDate": {"year": 2001, "month": 1, "day": 9}, "endDate": {"year": 2001, "month": 3, "day": 29}, "season": "WINTER", "episodes": 13, "duration": 23, "genres": ["Action", "Comedy", "Sci-Fi"], "averageScore": null, "trending": 0, "popularity": 115, "streamingEpisodes": [], "coverImage": {"large": "https://s3.anilist.co/media/anime/cover/medium/1962.jpg", "medium": "https://s3.anilist.co/media/anime/cover/small/1962.jpg"}, "bannerImage": null, "isAdult": false, "format": "TV"}, {"id": 1964, "title": {"romaji": "Sakura Taisen: Ecole de Paris", "english": "Sakura Wars: School of Paris"}, "type": "ANIME", "status": "FINISHED", "description": "An unseen evil lurks in the streets of Paris. Unless something is done, the darkness will unleash its destruction and consume all that is good. The City of Love will be lost to her people forever. All hope rests within the hearts of five young ladies. The only problem is, they don't even know it yet. But will an apprenticed nun, a reserved aristocrat, a hardened criminal, a traveling circus emcee and a Japanese girl experiencing loss set aside their unique differences and come together as one for the defense of many. The Paris Fighting Troup is born. <br><br>\n(Source: ANN)", "startDate": {"year": 2003, "month": 3, "day": 19}, "endDate": {"year": 2003, "month": 8, "day": 20}, "season": "SPRING", "episodes": 3, "duration": 25, "genres": ["Action", "Adventure", "Mecha", "Sci-Fi"], "averageScore": 50, "trending": 0, "popularity": 239, "streamingEpisodes": [], "coverImage": {"large": "https://s3.anilist.co/media/anime/cover/medium/1964.jpg", "medium": "https://s3.anilist.co/media/anime/cover/small/1964.jpg"}, "bannerImage": null, "isAdult": false, "format": "OVA"}, {"id": 1965, "title": {"romaji": "Sola", "english": null}, "type": "ANIME", "status": "FINISHED", "description": "Sola's story revolves around Yorito Morimiya, the main protagonist, who is a young boy attending high school. He loves taking pictures of the sky at any time of day and any time of the year. One day, Yorito decides to take a picture of the sunrise overlooking the bay, but is deterred when he meets a strange girl trying to force a vending machine that stole her money to give her what she tried to buy&mdash;a can of tomato juice. Yorito helps her with forcing the machine while attempting to strike up conversation with her, despite it being four in the morning. Yorito tells her why he is here, but by the time he has forced the can out of the machine, the girl has mysteriously vanished.<br><br>\n(Source: Wikipedia)", "startDate": {"year": 2007, "month": 4, "day": 7}, "endDate": {"year": 2007, "month": 6, "day": 30}, "season": "SPRING", "episodes": 13, "duration": 24, "genres": ["Drama", "Romance", "Slice of Life", "Supernatural"], "averageScore": 68, "trending": 0, "popularity": 5343, "streamingEpisodes": [], "coverImage": {"large": "https://s3.anilist.co/media/anime/cover/medium/1965.jpg", "medium": "https://s3.anilist.co/media/anime/cover/small/1965.jpg"}, "bannerImage": "https://s3.anilist.co/media/anime/banner/1965-79LP1GTIN67M.jpg", "isAdult": false, "format": "TV"}, {"id": 1966, "title": {"romaji": "Dark Myth", "english": null}, "type": "ANIME", "status": "FINISHED", "description": "Long ago there were fierce gods of legends who shook the earth to its foundation with their power. There are now prehistoric rivals from the primitive times in Japan, that fought to protect their secrets in the present day. The God of Darkness Susanoah-oh is now sleeping in the shadows of the underworld waiting for his rebirth. However his coming hasn't gone unoticed. There are agents from the Kikuchi Clan (descendants of Japans first inhabitants) who have seen the warning signs of the spreading of darkness's bringing. These investigators are armed with ancient knowledge and artifacts who are willingly prepared to face the God of Darkness. Now they must fight the assembled spirits of hell to find the one young boy who is chosen by fate to grasp the chaotic might of the deadly Gods.<br><br>\n(Source: ANN)", "startDate": {"year": 1990, "month": 1, "day": 26}, "endDate": {"year": 1990, "month": 2, "day": 23}, "season": "WINTER", "episodes": 2, "duration": 50, "genres": ["Fantasy", "Horror", "Mystery", "Psychological", "Supernatural"], "averageScore": 33, "trending": 0, "popularity": 192, "streamingEpisodes": [], "coverImage": {"large": "https://s3.anilist.co/media/anime/cover/medium/1966.jpg", "medium": "https://s3.anilist.co/media/anime/cover/small/1966.jpg"}, "bannerImage": null, "isAdult": false, "format": "OVA"}, {"id": 1967, "title": {"romaji": "Kidou Senshi Z Gundam - Hoshi wo Tsugu Mono", "english": "Mobile Suit Zeta Gundam: A New Translation - Heir to the Stars"}, "type": "ANIME", "status": "FINISHED", "description": "Digitally remastered compilation movies for the Zeta Gundam TV series with some new footage. Part of Gundam's 25th Anniversary celebration. <br><br>\r\n(Source: AniDB)", "startDate": {"year": 2005, "month": 5, "day": 28}, "endDate": {"year": 2005, "month": 5, "day": 28}, "season": "SPRING", "episodes": 1, "duration": 94, "genres": ["Drama", "Mecha", "Sci-Fi"], "averageScore": 65, "trending": 0, "popularity": 835, "streamingEpisodes": [], "coverImage": {"large": "https://s3.anilist.co/media/anime/cover/medium/1967.jpg", "medium": "https://s3.anilist.co/media/anime/cover/small/1967.jpg"}, "bannerImage": null, "isAdult": false, "format": "MOVIE"}, {"id": 1968, "title": {"romaji": "Kidou Senshi Z Gundam \u2161 - Koibitotachi", "english": "Mobile Suit Zeta Gundam: A New Translation II - Lovers"}, "type": "ANIME", "status": "FINISHED", "description": "Second out of three compilation movies for the Zeta Gundam series.<br><br>\r\n(Source: AniDB)", "startDate": {"year": 2005, "month": 10, "day": 29}, "endDate": {"year": 2005, "month": 10, "day": 29}, "season": "FALL", "episodes": 1, "duration": 97, "genres": ["Drama", "Mecha", "Romance", "Sci-Fi"], "averageScore": 64, "trending": 0, "popularity": 747, "streamingEpisodes": [], "coverImage": {"large": "https://s3.anilist.co/media/anime/cover/medium/1968.jpg", "medium": "https://s3.anilist.co/media/anime/cover/small/1968.jpg"}, "bannerImage": null, "isAdult": false, "format": "MOVIE"}, {"id": 1969, "title": {"romaji": "Kidou Senshi Z Gundam III: Hoshi no Kodou wa Ai", "english": "Mobile Suit Zeta Gundam: A New Translation III - Love Is the Pulse of the Stars"}, "type": "ANIME", "status": "FINISHED", "description": "Final of three remastered Zeta Gundam compilation movies.<br><br>\r\n(Source: AniDB)", "startDate": {"year": 2006, "month": 3, "day": 4}, "endDate": {"year": 2006, "month": 3, "day": 4}, "season": "SPRING", "episodes": 1, "duration": 100, "genres": ["Drama", "Mecha", "Sci-Fi"], "averageScore": 65, "trending": 0, "popularity": 736, "streamingEpisodes": [], "coverImage": {"large": "https://s3.anilist.co/media/anime/cover/medium/1969.jpg", "medium": "https://s3.anilist.co/media/anime/cover/small/1969.jpg"}, "bannerImage": null, "isAdult": false, "format": "MOVIE"}, {"id": 1972, "title": {"romaji": "Meitantei Holmes", "english": "Sherlock Hound"}, "type": "ANIME", "status": "FINISHED", "description": "This story takes place at the end of the 19th century in London. A famous dog detective, Sherlock Hound, was relaxing with his pipe... Dr. Watson is, of course, with Sherlock. The night is very foggy. From the light of a street gas lamp, one can only see for a few yards. From the distance, a coach comes dashing towards Baker Street and stops in front of Hound's flat. Someone violently knocks at the door. \"Watson, something's afoot!!\" Hound in his well-known deer stalker hat and Inverness cape, leaves his flat in his prototype Benz with Dr. Watson.<br><br>\n(Source: Crunchyroll)", "startDate": {"year": 1984, "month": 11, "day": 6}, "endDate": {"year": 1985, "month": 5, "day": 21}, "season": "FALL", "episodes": 26, "duration": 25, "genres": ["Adventure", "Comedy", "Mystery"], "averageScore": 63, "trending": 0, "popularity": 589, "streamingEpisodes": [{"title": "Episode 1 - The Four Signatures", "url": "http://www.crunchyroll.com/sherlock-hound/episode-1-the-four-signatures-531184"}, {"title": "Episode 2 - The Crown of Mazalin", "url": "http://www.crunchyroll.com/sherlock-hound/episode-2-the-crown-of-mazalin-531282"}, {"title": "Episode 3 - A Small Client", "url": "http://www.crunchyroll.com/sherlock-hound/episode-3-a-small-client-531254"}, {"title": "Episode 4 - Mrs. Hudson is Taken Hostage", "url": "http://www.crunchyroll.com/sherlock-hound/episode-4-mrs-hudson-is-taken-hostage-531180"}, {"title": "Episode 5 - The Adventure of the Blue Carbuncle", "url": "http://www.crunchyroll.com/sherlock-hound/episode-5-the-adventure-of-the-blue-carbuncle-531252"}, {"title": "Episode 6 - The Green Balloon", "url": "http://www.crunchyroll.com/sherlock-hound/episode-6-the-green-balloon-531256"}, {"title": "Episode 7 - A Sacred Image Disappears", "url": "http://www.crunchyroll.com/sherlock-hound/episode-7-a-sacred-image-disappears-531284"}, {"title": "Episode 8 - The Speckled Band", "url": "http://www.crunchyroll.com/sherlock-hound/episode-8-the-speckled-band-531288"}, {"title": "Episode 9 - Treasure Under the Sea", "url": "http://www.crunchyroll.com/sherlock-hound/episode-9-treasure-under-the-sea-531178"}, {"title": "Episode 10 - The White Cliffs of Dover", "url": "http://www.crunchyroll.com/sherlock-hound/episode-10-the-white-cliffs-of-dover-531320"}, {"title": "Episode 11 - The Sovereign Gold Coins", "url": "http://www.crunchyroll.com/sherlock-hound/episode-11-the-sovereign-gold-coins-531280"}, {"title": "Episode 12 - The Stormy Getaway", "url": "http://www.crunchyroll.com/sherlock-hound/episode-12-the-stormy-getaway-531182"}, {"title": "Episode 13 - The Runaway Freight Car", "url": "http://www.crunchyroll.com/sherlock-hound/episode-13-the-runaway-freight-car-531262"}, {"title": "Episode 14 - The Coral Lobsters", "url": "http://www.crunchyroll.com/sherlock-hound/episode-14-the-coral-lobsters-531260"}, {"title": "Episode 15 - The Golden Statue of the Great Burglar", "url": "http://www.crunchyroll.com/sherlock-hound/episode-15-the-golden-statue-of-the-great-burglar-531266"}, {"title": "Episode 16 - The Secret of the Sacred Cross Sword", "url": "http://www.crunchyroll.com/sherlock-hound/episode-16-the-secret-of-the-sacred-cross-sword-531272"}, {"title": "Episode 17 - The Adventure of the Thames Monster", "url": "http://www.crunchyroll.com/sherlock-hound/episode-17-the-adventure-of-the-thames-monster-531258"}, {"title": "Episode 18 - The Adventure of the Three Students", "url": "http://www.crunchyroll.com/sherlock-hound/episode-18-the-adventure-of-the-three-students-531268"}, {"title": "Episode 19 - The Rosetta Stone", "url": "http://www.crunchyroll.com/sherlock-hound/episode-19-the-rosetta-stone-531270"}, {"title": "Episode 20 - The White Silver Getaway!", "url": "http://www.crunchyroll.com/sherlock-hound/episode-20-the-white-silver-getaway-531264"}, {"title": "Episode 21 - The Disappearance of the Splendid Royal Horse", "url": "http://www.crunchyroll.com/sherlock-hound/episode-21-the-disappearance-of-the-splendid-royal-horse-531312"}, {"title": "Episode 22 - Disturbance, The World Flight Championship!", "url": "http://www.crunchyroll.com/sherlock-hound/episode-22-disturbance-the-world-flight-championship-531310"}, {"title": "Episode 23 - The Secret of the Parrot", "url": "http://www.crunchyroll.com/sherlock-hound/episode-23-the-secret-of-the-parrot-531314"}, {"title": "Episode 24 - The Bell of Big Ben", "url": "http://www.crunchyroll.com/sherlock-hound/episode-24-the-bell-of-big-ben-531308"}, {"title": "Episode 25 - The Priceless French Doll", "url": "http://www.crunchyroll.com/sherlock-hound/episode-25-the-priceless-french-doll-531316"}, {"title": "Episode 26 - The Missing Bride Affair", "url": "http://www.crunchyroll.com/sherlock-hound/episode-26-the-missing-bride-affair-531318"}], "coverImage": {"large": "https://s3.anilist.co/media/anime/cover/medium/1972-nioDyLoatO1P.jpg", "medium": "https://s3.anilist.co/media/anime/cover/small/1972-nioDyLoatO1P.jpg"}, "bannerImage": "https://s3.anilist.co/media/anime/banner/1972-a9MbID3FIWDV.jpg", "isAdult": false, "format": "TV"}, {"id": 1973, "title": {"romaji": "X Densha de Ikou", "english": null}, "type": "ANIME", "status": "FINISHED", "description": "Ishihara Toru is an everyday guy with an on-and-off girlfriend and a position working for a train buff. Things become complicated when a ghostly vehicle dubbed the X Train begins to ride the rails, destroying everything in its path. Somehow, it seems that Toru is connected with the X Train by a strange power, which draws the attention of some very dangerous and power hungry people who would wield it for their own...<br><br>\n(Source: ANN)", "startDate": {"year": 1987, "month": 11, "day": 6}, "endDate": {"year": 1987, "month": 11, "day": 6}, "season": "FALL", "episodes": 1, "duration": 50, "genres": ["Mystery", "Supernatural"], "averageScore": 49, "trending": 0, "popularity": 253, "streamingEpisodes": [], "coverImage": {"large": "https://s3.anilist.co/media/anime/cover/medium/1973.jpg", "medium": "https://s3.anilist.co/media/anime/cover/small/1973.jpg"}, "bannerImage": null, "isAdult": false, "format": "OVA"}, {"id": 1974, "title": {"romaji": "Glass no Kamen (2005)", "english": "Glass Mask (2005)"}, "type": "ANIME", "status": "FINISHED", "description": "Two Girls. One Dream. And the entire world for a stage.<br><br>\nAt 13 years old, Maya Kitajima seems destined to spend the rest of her life toiling in a crowded restaurant alongside her bitter and unstable mother. But when her incredible acting talent is discovered by the legendary diva Chigusa Tsukikage, Maya finds a new future filled with both golden opportunities and terrifying risks. <br><br>\nFor Ayumi Himekawa, success has always been assured, yet she longs to be recognized for her own talents and skills, not her famous parents' connections. <br><br>\nFor both, the ultimate prize is the role of The Crimson Goddess in the play of the same name, a part created by Chigusa. To achieve this goal, both Maya and Ayumi must seek out and conquer every acting challenge, pushing the limits of their talent and endurance to the utmost, until they are worthy of the part&hellip;<br><br>\nBut for one to win, the other must fail! <br><br>\n(Source: Sentai Filmworks)", "startDate": {"year": 2005, "month": 4, "day": 6}, "endDate": {"year": 2006, "month": 3, "day": 29}, "season": "SPRING", "episodes": 51, "duration": 25, "genres": ["Drama"], "averageScore": 73, "trending": 0, "popularity": 1750, "streamingEpisodes": [{"title": "Episode 1 - The Girl of a Thousand Masks", "url": "http://www.crunchyroll.com/glass-mask/episode-1-the-girl-of-a-thousand-masks-522314"}, {"title": "Episode 2 - Vivi`s Mask", "url": "http://www.crunchyroll.com/glass-mask/episode-2-vivis-mask-522316"}, {"title": "Episode 3 - The Bird That Flew Away", "url": "http://www.crunchyroll.com/glass-mask/episode-3-the-bird-that-flew-away-522318"}, {"title": "Episode 4 - Flaming Stairs", "url": "http://www.crunchyroll.com/glass-mask/episode-4-flaming-stairs-522320"}, {"title": "Episode 5 - Restricted Lines", "url": "http://www.crunchyroll.com/glass-mask/episode-5-restricted-lines-522322"}, {"title": "Episode 6 - My Beth", "url": "http://www.crunchyroll.com/glass-mask/episode-6-my-beth-522324"}, {"title": "Episode 7 - Purple Rose", "url": "http://www.crunchyroll.com/glass-mask/episode-7-purple-rose-522326"}, {"title": "Episode 8 - Heading into the Wind", "url": "http://www.crunchyroll.com/glass-mask/episode-8-heading-into-the-wind-522328"}, {"title": "Episode 9 - A New Midori", "url": "http://www.crunchyroll.com/glass-mask/episode-9-a-new-midori-522330"}, {"title": "Episode 10 - \"Takekurabe\" The Two Midoris", "url": "http://www.crunchyroll.com/glass-mask/episode-10-takekurabe-the-two-midoris-522332"}, {"title": "Episode 11 - Spring Storm", "url": "http://www.crunchyroll.com/glass-mask/episode-11-spring-storm-522334"}, {"title": "Episode 12 - Alone on the Stage", "url": "http://www.crunchyroll.com/glass-mask/episode-12-alone-on-the-stage-522336"}, {"title": "Episode 13 - Tomorrow`s Grass", "url": "http://www.crunchyroll.com/glass-mask/episode-13-tomorrows-grass-522338"}, {"title": "Episode 14 - Destined Rivals", "url": "http://www.crunchyroll.com/glass-mask/episode-14-destined-rivals-522340"}, {"title": "Episode 15 - The Trap", "url": "http://www.crunchyroll.com/glass-mask/episode-15-the-trap-522342"}, {"title": "Episode 16 - Stage Storm", "url": "http://www.crunchyroll.com/glass-mask/episode-16-stage-storm-522344"}, {"title": "Episode 17 - Wuthering Heights", "url": "http://www.crunchyroll.com/glass-mask/episode-17-wuthering-heights-522346"}, {"title": "Episode 18 - The Role of a Doll", "url": "http://www.crunchyroll.com/glass-mask/episode-18-the-role-of-a-doll-522348"}, {"title": "Episode 19 - A Mask Fallen", "url": "http://www.crunchyroll.com/glass-mask/episode-19-a-mask-fallen-522350"}, {"title": "Episode 20 - The Switched Script", "url": "http://www.crunchyroll.com/glass-mask/episode-20-the-switched-script-522352"}, {"title": "Episode 21 - Flame Etude", "url": "http://www.crunchyroll.com/glass-mask/episode-21-flame-etude-522354"}, {"title": "Episode 22 - The Miracle Worker: Final Round", "url": "http://www.crunchyroll.com/glass-mask/episode-22-the-miracle-worker-final-round-522356"}, {"title": "Episode 23 - Showdown! The Two Helens", "url": "http://www.crunchyroll.com/glass-mask/episode-23-showdown-the-two-helens-522358"}, {"title": "Episode 24 - Beautiful Maze", "url": "http://www.crunchyroll.com/glass-mask/episode-24-beautiful-maze-522360"}, {"title": "Episode 25 - Heavenly Light", "url": "http://www.crunchyroll.com/glass-mask/episode-25-heavenly-light-522362"}, {"title": "Episode 26 - The Shadows Behind Maya", "url": "http://www.crunchyroll.com/glass-mask/episode-26-the-shadows-behind-maya-522364"}, {"title": "Episode 27 - The Concealed Trap", "url": "http://www.crunchyroll.com/glass-mask/episode-27-the-concealed-trap-522366"}, {"title": "Episode 28 - The Inadequate Actress", "url": "http://www.crunchyroll.com/glass-mask/episode-28-the-inadequate-actress-522368"}, {"title": "Episode 29 - Camilla's Portrait", "url": "http://www.crunchyroll.com/glass-mask/episode-29-camillas-portrait-522370"}, {"title": "Episode 30 - A Million Rainbows", "url": "http://www.crunchyroll.com/glass-mask/episode-30-a-million-rainbows-522372"}, {"title": "Episode 31 - The One-Woman Show", "url": "http://www.crunchyroll.com/glass-mask/episode-31-the-one-woman-show-522374"}, {"title": "Episode 32 - A Midsummer Night's Dream", "url": "http://www.crunchyroll.com/glass-mask/episode-32-a-midsummer-nights-dream-522376"}, {"title": "Episode 33 - The Miracle of the Outdoor Theater", "url": "http://www.crunchyroll.com/glass-mask/episode-33-the-miracle-of-the-outdoor-theater-522378"}, {"title": "Episode 34 - Maya's Challenge", "url": "http://www.crunchyroll.com/glass-mask/episode-34-mayas-challenge-522380"}, {"title": "Episode 35 - Aldis and Orgeld", "url": "http://www.crunchyroll.com/glass-mask/episode-35-aldis-and-orgeld-522382"}, {"title": "Episode 36 - Winter Constellation", "url": "http://www.crunchyroll.com/glass-mask/episode-36-winter-constellation-522384"}, {"title": "Episode 37 - The Two Princesses: Act One", "url": "http://www.crunchyroll.com/glass-mask/episode-37-the-two-princesses-act-one-522386"}, {"title": "Episode 38 - The Two Princesses: Act Two", "url": "http://www.crunchyroll.com/glass-mask/episode-38-the-two-princesses-act-two-522388"}, {"title": "Episode 39 - The Purple Shadow", "url": "http://www.crunchyroll.com/glass-mask/episode-39-the-purple-shadow-522390"}, {"title": "Episode 40 - Jane, the Wolf Girl", "url": "http://www.crunchyroll.com/glass-mask/episode-40-jane-the-wolf-girl-522392"}, {"title": "Episode 41 - Wild Heart", "url": "http://www.crunchyroll.com/glass-mask/episode-41-wild-heart-522394"}, {"title": "Episode 42 - Counting on the Acting Festival", "url": "http://www.crunchyroll.com/glass-mask/episode-42-counting-on-the-acting-festival-522396"}, {"title": "Episode 43 - The Forgotten Wilderness", "url": "http://www.crunchyroll.com/glass-mask/episode-43-the-forgotten-wilderness-522398"}, {"title": "Episode 44 - An Infinite Play", "url": "http://www.crunchyroll.com/glass-mask/episode-44-an-infinite-play-522400"}, {"title": "Episode 45 - Stars of the City", "url": "http://www.crunchyroll.com/glass-mask/episode-45-stars-of-the-city-522402"}, {"title": "Episode 46 - Into the Valley of Plums", "url": "http://www.crunchyroll.com/glass-mask/episode-46-into-the-valley-of-plums-522404"}, {"title": "Episode 47 - The Flames of Love", "url": "http://www.crunchyroll.com/glass-mask/episode-47-the-flames-of-love-522406"}, {"title": "Episode 48 - A Night of Dreams", "url": "http://www.crunchyroll.com/glass-mask/episode-48-a-night-of-dreams-522408"}, {"title": "Episode 49 - The Other Half of My Soul", "url": "http://www.crunchyroll.com/glass-mask/episode-49-the-other-half-of-my-soul-522410"}, {"title": "Episode 50 - The Mask of the Goddess", "url": "http://www.crunchyroll.com/glass-mask/episode-50-the-mask-of-the-goddess-522412"}, {"title": "Episode 51 - The Scarlet Angel", "url": "http://www.crunchyroll.com/glass-mask/episode-51-the-scarlet-angel-522414"}], "coverImage": {"large": "https://s3.anilist.co/media/anime/cover/medium/1974.jpg", "medium": "https://s3.anilist.co/media/anime/cover/small/1974.jpg"}, "bannerImage": "https://s3.anilist.co/media/anime/banner/1974-EoED5nTiTHZA.jpg", "isAdult": false, "format": "TV"}, {"id": 1975, "title": {"romaji": "Tri-Zenon", "english": "Invincible King Tri-Zenon"}, "type": "ANIME", "status": "FINISHED", "description": "During the Edo Period, 3 mysterious space capsules were sent down to earth. Fear that it might bring chaos to the earth, the humans at that time buried these 3 objects down beneath the ground and entrusted a piece of descriptive map to the Kamui family. Today, these 3 objects were awaken one by one. The first to awaken, Tri-Zenon, one of the Zenon Guardians is now driven by the descendant of the Kamui family, Akira Kamui, his brother Ai Kamui and his friend Kanna. Aliens who descend to earth with a purpose will now have to face Tri-Zenon.", "startDate": {"year": 2000, "month": 10, "day": 14}, "endDate": {"year": 2001, "month": 3, "day": 17}, "season": "FALL", "episodes": 22, "duration": 25, "genres": ["Mecha", "Sci-Fi"], "averageScore": null, "trending": 0, "popularity": 77, "streamingEpisodes": [], "coverImage": {"large": "https://s3.anilist.co/media/anime/cover/medium/1975.jpg", "medium": "https://s3.anilist.co/media/anime/cover/small/1975.jpg"}, "bannerImage": null, "isAdult": false, "format": "TV"}, {"id": 1977, "title": {"romaji": "Hijikata Toshizo: Shiro no Kiseki", "english": null}, "type": "ANIME", "status": "FINISHED", "description": "A biographical sketch of the life and ideals of Hijikata Toshizou, Vice Commander of the Shinsengumi, fighting to uphold the Shogunate during the Meiji revolution. <br><br>\n(Source: ANN)", "startDate": {"year": 2004, "month": 1, "day": 12}, "endDate": {"year": 2004, "month": 1, "day": 12}, "season": "WINTER", "episodes": 1, "duration": 30, "genres": ["Action", "Drama"], "averageScore": 52, "trending": 0, "popularity": 222, "streamingEpisodes": [], "coverImage": {"large": "https://s3.anilist.co/media/anime/cover/medium/1977.jpg", "medium": "https://s3.anilist.co/media/anime/cover/small/1977.jpg"}, "bannerImage": null, "isAdult": false, "format": "OVA"}, {"id": 1978, "title": {"romaji": "Noiseman Sound Insect", "english": null}, "type": "ANIME", "status": "FINISHED", "description": "The film is set in the distant future in a city called Cahmpon. A scientist creates a synthetic life-form called Noiseman, which erases music from the airwaves by turning it into crystals. A group of Biker street kids rebels against this tyranny. <br><br>\n(Source: ANN)", "startDate": {"year": 1997, "month": 11, "day": 22}, "endDate": {"year": 1997, "month": 11, "day": 22}, "season": "FALL", "episodes": 1, "duration": 15, "genres": ["Action", "Fantasy", "Sci-Fi"], "averageScore": 58, "trending": 0, "popularity": 768, "streamingEpisodes": [], "coverImage": {"large": "https://s3.anilist.co/media/anime/cover/medium/1978.jpg", "medium": "https://s3.anilist.co/media/anime/cover/small/1978.jpg"}, "bannerImage": "https://s3.anilist.co/media/anime/banner/1978-dDmbjnd4fbAE.png", "isAdult": false, "format": "MOVIE"}]}}}