{"data": {"Page": {"pageInfo": {"total": 12297, "hasNextPage": true}, "media": [{"id": 1382, "title": {"romaji": "Yuusha-Ou GaoGaiGar Final", "english": "GaoGaiGar Final"}, "type": "ANIME", "status": "FINISHED", "description": "Following Gutsy Galaxy Guard`s victory over the Zonder Empire and the 31 Primevals, a new threat makes their appearance on Earth. GGG - with Guy Shishio and the newly-constructed GaoFighGar - team up with their French counterpart Chasseur to battle the evil organization BioNet. Among Chasseur`s ranks is Renais Cardiff Shishioh - a former BioNet cyborg with the relentless pursuit of destroying those who took away her humanity. But as GGG and Chasseur fight the BioNet, GGG`s bases around the world are suddenly attacked, and the recently-discovered \"Q-Parts\" and the original Gao Machines are stolen by Mamoru Amami, who has been abducted and cloned by an even greater threat known as the \"Eleven Kings of Sol.\" Evicted from Earth by the United Nations, GGG must now travel to the far reaches of the galaxy to battle the Eleven Kings of Sol and save Mamoru before it`s too late.<br><br>\n(Source: ANN)", "startDate": {"year": 2000, "month": 1, "day": 21}, "endDate": {"year": 2003, "month": 3, "day": 21}, "season": "WINTER", "episodes": 8, "duration": 32, "genres": ["Adventure", "Drama", "Mecha", "Sci-Fi"], "averageScore": 73, "trending": 0, "popularity": 591, "streamingEpisodes": [], "coverImage": {"large": "https://s3.anilist.co/media/anime/cover/medium/1382.jpg", "medium": "https://s3.anilist.co/media/anime/cover/small/1382.jpg"}, "bannerImage": null, "isAdult": false, "format": "OVA"}, {"id": 1383, "title": {"romaji": "Yuuwaku Countdown", "english": "Countdown Conjoined"}, "type": "ANIME", "status": "FINISHED", "description": "From famed adult comic artist Hiroyuki Utatane come six of the most erotic, the most exotic, the most unusual and just downright odd stories ever animated.<br><br>\nIn Alimony Hunter we see Jun in an extremely unusual three-for-all in which not everyone is what he (or she!) seems. She also makes an appearance as a teacher in Cherry Lips (under an alias). It all comes to conclusion in Virgin Road, there perhaps too-willing bride is having a last minute fling with her in the back room of the chapel; the groom is also not a stranger to Jun...<br><br>\nThen there's a manly knight who discovers the joys of bondage at the hands of a fair maiden; and a Samurai policewoman forced to tackle a giant walking statue, controlled by a sex-crazed megalomaniac, before it destroys Tokyo.<br>\nCrimson is a bloody story of a man and his blind love slave.<br><br>\n(Source: AniDB)", "startDate": {"year": 1995, "month": 6, "day": 15}, "endDate": {"year": 1995, "month": 11, "day": 22}, "season": "SUMMER", "episodes": 6, "duration": 16, "genres": ["Action", "Comedy", "Fantasy", "Hentai", "Horror", "Mecha"], "averageScore": null, "trending": 0, "popularity": 115, "streamingEpisodes": [], "coverImage": {"large": "https://s3.anilist.co/media/anime/cover/medium/1383.jpg", "medium": "https://s3.anilist.co/media/anime/cover/small/1383.jpg"}, "bannerImage": null, "isAdult": true, "format": "OVA"}, {"id": 1384, "title": {"romaji": "Kyuuketsuhime Miyu", "english": "Vampire Princess Miyu"}, "type": "ANIME", "status": "FINISHED", "description": "A quiet gothic horror story about a vampire girl, Miyu, whose destiny it is to hunt down murderous demons known as Shinma and return them to their land of origin, the Dark. Miyu is pursued by the Spiritualist Himiko, determined to find out who Miyu is and to stop her from sucking the life blood from helpless humans. Each of the four episodes chronicle one of Miyu's encounters with a Shinma and the humans that it is affecting, from the perspective of Himiko's pursuit of Miyu. <br><br>\n(Source: AniDB) ", "startDate": {"year": 1988, "month": 7, "day": 21}, "endDate": {"year": 1989, "month": 4, "day": 21}, "season": "SUMMER", "episodes": 4, "duration": 30, "genres": ["Action", "Drama", "Horror"], "averageScore": 63, "trending": 0, "popularity": 973, "streamingEpisodes": [], "coverImage": {"large": "https://s3.anilist.co/media/anime/cover/medium/1384-bXwsyptvbsOs.png", "medium": "https://s3.anilist.co/media/anime/cover/small/1384-bXwsyptvbsOs.png"}, "bannerImage": "https://s3.anilist.co/media/anime/banner/1384-9NbtS4th2kTC.jpg", "isAdult": false, "format": "OVA"}, {"id": 1385, "title": {"romaji": "Kurohime: Shikkoku no Yakata", "english": "Black Widow"}, "type": "ANIME", "status": "FINISHED", "description": "A camping trip takes a turn for the wild when the group discovers a mystery mansion in the woods. Excitement turns to thrills of terror as people begin to disappear. Too late, they realize they are trapped in the clutches of a mysterious woman. Who is that woman and will the group of campers be able to escape the remote mansion?<br><br>\n(Source: AniDB)", "startDate": {"year": 2002, "month": 5, "day": 31}, "endDate": {"year": 2003, "month": 3, "day": 28}, "season": "SPRING", "episodes": 2, "duration": 30, "genres": ["Hentai"], "averageScore": 51, "trending": 0, "popularity": 192, "streamingEpisodes": [], "coverImage": {"large": "https://s3.anilist.co/media/anime/cover/medium/1385.jpg", "medium": "https://s3.anilist.co/media/anime/cover/small/1385.jpg"}, "bannerImage": null, "isAdult": true, "format": "OVA"}, {"id": 1386, "title": {"romaji": "Blood Royale", "english": null}, "type": "ANIME", "status": "FINISHED", "description": "A perverted pirate sails the seven seas, armed with a torture chamber and his depraved imagination. Nothing is off limits in this bizarre excursion into a world of erotic peril. <br><br>\n(Source: AniDB)", "startDate": {"year": 2002, "month": 8, "day": 30}, "endDate": {"year": 2002, "month": 11, "day": 29}, "season": "SUMMER", "episodes": 2, "duration": 30, "genres": ["Hentai"], "averageScore": 47, "trending": 0, "popularity": 249, "streamingEpisodes": [], "coverImage": {"large": "https://s3.anilist.co/media/anime/cover/medium/1386.jpg", "medium": "https://s3.anilist.co/media/anime/cover/small/1386.jpg"}, "bannerImage": null, "isAdult": true, "format": "OVA"}, {"id": 1387, "title": {"romaji": "Yakin Byoutou", "english": "Night Shift Nurses"}, "type": "ANIME", "status": "FINISHED", "description": "On a forbidden hospital ward, the head doctor performs madly erotic experiments, stripping the nursing staff of their uniforms, inhibitions and self-control... until even he is shocked by what he uncovers!<br><br>\n(Source: AniDB)", "startDate": {"year": 2000, "month": 12, "day": 8}, "endDate": {"year": 2004, "month": 1, "day": 30}, "season": "WINTER", "episodes": 10, "duration": 30, "genres": ["Hentai"], "averageScore": 55, "trending": 0, "popularity": 522, "streamingEpisodes": [], "coverImage": {"large": "https://s3.anilist.co/media/anime/cover/medium/1387.jpg", "medium": "https://s3.anilist.co/media/anime/cover/small/1387.jpg"}, "bannerImage": "https://s3.anilist.co/media/anime/banner/1387-zcYlyqHLJxXW.jpg", "isAdult": true, "format": "OVA"}, {"id": 1388, "title": {"romaji": "Yakin Byoutou Ni", "english": null}, "type": "ANIME", "status": "FINISHED", "description": "An elite doctor Kuwahara couldnt forget his thought toward Nanase Ren, whom he had loved in his youth. Then he changed the hospital to work one after another to look for her, and finally he met her again at the St. Cattleya Hospital. However, her attitude was remote and his love couldnt be fulfilled. To make the matter worse, he received photograph on which Ren was molested. Ren had been turned into a lewd woman by Hirasaka by the woman body experiment when she was at the St. Julianna Hospital. He was disappointed and he lost his mind. Kazama Mana who was a nurse of the gynecology and obstetrics section, loved Kuwahara, and she resembled Ren. Taking advantage of her thoughts, Kuwahara raped her and deprived her virginity shouting the name of Ren.<br><br>\n(Source: AnimeNfo)", "startDate": {"year": 2004, "month": 7, "day": 30}, "endDate": {"year": 2006, "month": 1, "day": 27}, "season": "SUMMER", "episodes": 5, "duration": 30, "genres": ["Hentai"], "averageScore": 51, "trending": 0, "popularity": 279, "streamingEpisodes": [], "coverImage": {"large": "https://s3.anilist.co/media/anime/cover/medium/1388.jpg", "medium": "https://s3.anilist.co/media/anime/cover/small/1388.jpg"}, "bannerImage": "https://s3.anilist.co/media/anime/banner/1388-DO7EARbbtQ4C.jpg", "isAdult": true, "format": "OVA"}, {"id": 1389, "title": {"romaji": "Yakin Byoutou San", "english": "Night Shift Nurses: Experiment"}, "type": "ANIME", "status": "FINISHED", "description": "Sora was lying in front of a hospital. He was seriously injured, and when he was about to die, a nurse, Yagami Yu, helped him. <br>\nHe was sent into an emergency ward, and he met a beautiful woman, Mikage Reika. She was a director of the hospital, and she asked him to become a test subject. Because he didn't have any relatives, he accepted it. Then, Yagami Yu was supposed to take care of him. <br>\nSince that day, his fate had changed a lot.<br><br>\n(Source: AnimeNfo)", "startDate": {"year": 2005, "month": 7, "day": 29}, "endDate": {"year": 2006, "month": 1, "day": 27}, "season": "SUMMER", "episodes": 3, "duration": 30, "genres": ["Hentai"], "averageScore": 51, "trending": 0, "popularity": 278, "streamingEpisodes": [], "coverImage": {"large": "https://s3.anilist.co/media/anime/cover/medium/1389.jpg", "medium": "https://s3.anilist.co/media/anime/cover/small/1389.jpg"}, "bannerImage": "https://s3.anilist.co/media/anime/banner/1389-dlkdsWgndmxN.jpg", "isAdult": true, "format": "OVA"}, {"id": 1390, "title": {"romaji": "Parade Parade", "english": "Parade Parade"}, "type": "ANIME", "status": "FINISHED", "description": "Meet Kaori Shiine.  She's beautiful.  She's talented.   She's a pop idol.  However, she has a secret, one which would destroy her career if it were ever revealed...", "startDate": {"year": 1996, "month": 4, "day": 26}, "endDate": {"year": 1996, "month": 7, "day": 26}, "season": "SPRING", "episodes": 2, "duration": 35, "genres": ["Hentai", "Music"], "averageScore": 50, "trending": 0, "popularity": 142, "streamingEpisodes": [], "coverImage": {"large": "https://s3.anilist.co/media/anime/cover/medium/1390.jpg", "medium": "https://s3.anilist.co/media/anime/cover/small/1390.jpg"}, "bannerImage": null, "isAdult": true, "format": "OVA"}, {"id": 1391, "title": {"romaji": "Future GPX Cyber Formula", "english": null}, "type": "ANIME", "status": "FINISHED", "description": "14-year-old Kazami Hayato is the youngest driver of Cyber Formula, a Grand Prix in which each vehicle is equipped with computers to aid in racing. With the help of Asurada, the most advanced cybernavigation system, and team Sugo, Hayato races to become the winner of the 10th Cyber Formula Grand Prix. Along the way, Hayato will have to learn what it truly means to be a racer and that victory cannot be achieved simply by driving the best machine. In addition, Kazami will have to gain the respect of the veteran racers, thwart those who attempt to steal Asurada, and participate in races outside of Cyber Formula.<br><br>\n(Source: ANN)", "startDate": {"year": 1991, "month": 3, "day": 15}, "endDate": {"year": 1991, "month": 12, "day": 20}, "season": "SPRING", "episodes": 37, "duration": 24, "genres": ["Adventure", "Sci-Fi", "Sports"], "averageScore": 59, "trending": 0, "popularity": 389, "streamingEpisodes": [], "coverImage": {"large": "https://s3.anilist.co/media/anime/cover/medium/1391.jpg", "medium": "https://s3.anilist.co/media/anime/cover/small/1391.jpg"}, "bannerImage": null, "isAdult": false, "format": "TV"}, {"id": 1392, "title": {"romaji": "Future GPX Cyber Formula 11", "english": null}, "type": "ANIME", "status": "FINISHED", "description": "It is now time for the 11th Cyber Formula World Grand Prix. With all the expectations and pressures placed upon him, Hayato Kazami struggles to regain the championship form that he had a year ago. Moreover, Osamu Sugo, aka Knight Schumacher, has reentered the competition, and declared Hayato to be an enemy. Hayato, with the new Super Asurada AKF-11, must now defeat someone he once deeply trusted in order to secure his second championship.<br><br>\r\n(Source: ANN)", "startDate": {"year": 1992, "month": 11, "day": 1}, "endDate": {"year": 1993, "month": 6, "day": 1}, "season": "FALL", "episodes": 6, "duration": 30, "genres": ["Drama", "Sci-Fi", "Sports"], "averageScore": null, "trending": 0, "popularity": 122, "streamingEpisodes": [], "coverImage": {"large": "https://s3.anilist.co/media/anime/cover/medium/1392.jpg", "medium": "https://s3.anilist.co/media/anime/cover/small/1392.jpg"}, "bannerImage": null, "isAdult": false, "format": "OVA"}, {"id": 1393, "title": {"romaji": "Future GPX Cyber Formula Zero", "english": null}, "type": "ANIME", "status": "FINISHED", "description": "A freak accident during the 12th Cyber Formula World Grand Prix causes Hayato Kazami to miss the rest of the season, and critically injures both his body and his will to continue racing. Hayato's longtime friend, Asuka Sugo, helps nurse him back to health, and in return he proposes to her and promises her that he would never race again. But as time goes on, Hayato begins to doubt whether he really wants to retire, and decides to make a comeback after all. And with the 13th Cyber Formula World Grand Prix now underway, he must struggle to regain his racing form; regain the trust of Asuka, whose promise he broke; and thwart the malicious intents of Henri Clayton. All the while, the reason behind Hayato's accident begins to unveil itself: the \"Zero Zone.\"<br><br>\r\n(Source: ANN)", "startDate": {"year": 1994, "month": null, "day": null}, "endDate": {"year": 1995, "month": null, "day": null}, "season": null, "episodes": 8, "duration": 30, "genres": ["Drama", "Sci-Fi", "Sports"], "averageScore": null, "trending": 0, "popularity": 124, "streamingEpisodes": [], "coverImage": {"large": "https://s3.anilist.co/media/anime/cover/medium/1393.jpg", "medium": "https://s3.anilist.co/media/anime/cover/small/1393.jpg"}, "bannerImage": null, "isAdult": false, "format": "OVA"}, {"id": 1394, "title": {"romaji": "Future GPX Cyber Formula Saga", "english": null}, "type": "ANIME", "status": "FINISHED", "description": "After his disappointing loss in the last round of the 14th Cyber Formula World Grand Prix, which causes him the championship, Hayato Kazami decides that he needs a change and switches over to the Sugo Garland SF-03 for the 15th Cyber Formula World Grand Prix while he waits for the newest Asurada design. However, his hope to make up for the past year's letdown is made difficult when Aoi ZIP Formula undergoes a major restructuring and brings in Kyoshiro Nagumo as the new president of the team. The new car that he brought to the team, driven by newcomer Phil Fritz, is seemingly unbeatable...<br><br>\r\n(Source: ANN)", "startDate": {"year": 1996, "month": null, "day": null}, "endDate": {"year": 1997, "month": null, "day": null}, "season": null, "episodes": 8, "duration": 30, "genres": ["Drama", "Sci-Fi", "Sports"], "averageScore": null, "trending": 0, "popularity": 110, "streamingEpisodes": [], "coverImage": {"large": "https://s3.anilist.co/media/anime/cover/medium/1394.jpg", "medium": "https://s3.anilist.co/media/anime/cover/small/1394.jpg"}, "bannerImage": null, "isAdult": false, "format": "OVA"}, {"id": 1395, "title": {"romaji": "Future GPX Cyber Formula Sin", "english": null}, "type": "ANIME", "status": "FINISHED", "description": "After Aoi Zip Formula was banned for one year from Cyber Formula racing due to cheating, Jotaro Kaga, alias Bleed Kaga, returns for the 17th Cyber Formula World Grand Prix. However his old car is no match for the returning champion Hayato Kazami, whose skill has improved tremendously, and his Nu-Asurada AKF-0. An old face, Kyoshiro Nagumo, appears suddenly to him and offers him the Ogre AN-21: a prototype to the Bio-Computer operated Al-Zard series created by the developers of the Asurada, and an ultimate racing machine that only a few can drive. Kaga must now master this car, confront his own inner demons and, most importantly, defeat his longtime rival Hayato in what is possibly Kaga's last and greatest Cyber Formula season.<br><br>\r\n(Source: ANN)", "startDate": {"year": 1998, "month": null, "day": null}, "endDate": {"year": 2000, "month": null, "day": null}, "season": null, "episodes": 5, "duration": 30, "genres": ["Drama", "Sci-Fi", "Sports"], "averageScore": null, "trending": 0, "popularity": 117, "streamingEpisodes": [], "coverImage": {"large": "https://s3.anilist.co/media/anime/cover/medium/1395.jpg", "medium": "https://s3.anilist.co/media/anime/cover/small/1395.jpg"}, "bannerImage": null, "isAdult": false, "format": "OVA"}, {"id": 1396, "title": {"romaji": "Future GPX Cyber Formula: Early Days Renewal", "english": null}, "type": "ANIME", "status": "FINISHED", "description": null, "startDate": {"year": 1996, "month": 4, "day": 1}, "endDate": {"year": 1996, "month": 6, "day": 1}, "season": "SPRING", "episodes": 2, "duration": 58, "genres": ["Drama", "Sci-Fi", "Sports"], "averageScore": null, "trending": 0, "popularity": 39, "streamingEpisodes": [], "coverImage": {"large": "https://s3.anilist.co/media/anime/cover/medium/1396.jpg", "medium": "https://s3.anilist.co/media/anime/cover/small/1396.jpg"}, "bannerImage": null, "isAdult": false, "format": "OVA"}, {"id": 1397, "title": {"romaji": "Macross 7", "english": null}, "type": "ANIME", "status": "FINISHED", "description": "35 years have passed since Lynn Minmay had brought peace between the Zentradi and the humans in the events of Macross. Nekki Basara is a guitarist and a singer of the band Fire Bomber. Living in a less-developed part of the flying colony City 7 which is looking for a habitable planet, he composes and sings songs in the belief that music holds a greater power.<br><br>\nDuring its flight, an unknown alien race appeared and started laying siege upon City 7. However, its attacks are not conventional -- instead of trying to destroy them, they steal what is known as \"spiritia\", rendering victims unresponsive and zombie-like. During these battles, Basara always goes out into the middle of the warzone, singing his songs and expecting friend and foe to listen and be moved by his music.<br><br>\n(Source: ANN)", "startDate": {"year": 1994, "month": 10, "day": 16}, "endDate": {"year": 1995, "month": 9, "day": 24}, "season": "FALL", "episodes": 49, "duration": 25, "genres": ["Action", "Adventure", "Comedy", "Drama", "Mecha", "Music"], "averageScore": 67, "trending": 1, "popularity": 1982, "streamingEpisodes": [], "coverImage": {"large": "https://s3.anilist.co/media/anime/cover/medium/1397-uU81owSzSwIb.png", "medium": "https://s3.anilist.co/media/anime/cover/small/1397-uU81owSzSwIb.png"}, "bannerImage": "https://s3.anilist.co/media/anime/banner/1397-R8KenRg7Qerw.jpg", "isAdult": false, "format": "TV"}, {"id": 1398, "title": {"romaji": "Macross Dynamite 7", "english": null}, "type": "ANIME", "status": "FINISHED", "description": " Less than a year after the events that transpired in the Macross 7 TV series, Basara leaves Fire Bomber and travels to the planet Zola. There, he meets a girl named Elma, who is a big fan of Fire Bomber. It is also on this planet where he must once again use his Spiritia powers; this time, to stop an army of poachers and Elma's father Graham from killing a group of space whales travelling within the planetary system.", "startDate": {"year": 1997, "month": 12, "day": 18}, "endDate": {"year": 1998, "month": 8, "day": 25}, "season": "WINTER", "episodes": 4, "duration": 30, "genres": ["Adventure", "Comedy", "Mecha", "Sci-Fi"], "averageScore": 63, "trending": 0, "popularity": 1031, "streamingEpisodes": [], "coverImage": {"large": "https://s3.anilist.co/media/anime/cover/medium/1398.jpg", "medium": "https://s3.anilist.co/media/anime/cover/small/1398.jpg"}, "bannerImage": null, "isAdult": false, "format": "OVA"}, {"id": 1399, "title": {"romaji": "Macross 7 Encore", "english": null}, "type": "ANIME", "status": "FINISHED", "description": "Three unbroadcasted episodes of the Macross 7 series. In \"Fleet of the Strongest Women,\" the Macross 7 fleet encounters a rogue Meltrandi fleet led by an old rival of Millia. \"On Stage\" focuses on Ray's past as a fighter pilot, how he first met Basara, and how they formed Fire Bomber. In \"Which One Do You Love,\" when Millia falls ill, she feels her life expectancy is running short and attempts to have Mylene engaged to Basara.<br><br>\n(Source: ANN)", "startDate": {"year": 1995, "month": 12, "day": 18}, "endDate": {"year": 1996, "month": 2, "day": 25}, "season": "WINTER", "episodes": 3, "duration": 24, "genres": ["Action", "Comedy", "Drama", "Mecha", "Music", "Sci-Fi"], "averageScore": 64, "trending": 0, "popularity": 715, "streamingEpisodes": [], "coverImage": {"large": "https://s3.anilist.co/media/anime/cover/medium/1399.jpg", "medium": "https://s3.anilist.co/media/anime/cover/small/1399.jpg"}, "bannerImage": null, "isAdult": false, "format": "OVA"}, {"id": 1400, "title": {"romaji": "Macross 7: Ginga ga Ore wo Yonde Iru", "english": "Macross 7: The Galaxy is Calling Me"}, "type": "ANIME", "status": "FINISHED", "description": "While investigating a sound anomaly across the galaxy, Basara crash-lands on a snowy planet and receives an unfriendly welcome from the local residents. On the planet, he befriends Pedro, a four-year-old boy who watches the Galaxy Network and idolizes Fire Bomber. Basara also discovers that the sound he's searching for is generated by Emilia, a lone Meltrandi struggling to make music of her own.<br><br>\n(Source: ANN)", "startDate": {"year": 1995, "month": 9, "day": 30}, "endDate": {"year": 1995, "month": 9, "day": 30}, "season": "FALL", "episodes": 1, "duration": 33, "genres": ["Action", "Adventure", "Comedy", "Drama", "Mecha", "Music"], "averageScore": 63, "trending": 0, "popularity": 715, "streamingEpisodes": [], "coverImage": {"large": "https://s3.anilist.co/media/anime/cover/medium/1400.jpg", "medium": "https://s3.anilist.co/media/anime/cover/small/1400.jpg"}, "bannerImage": null, "isAdult": false, "format": "MOVIE"}, {"id": 1401, "title": {"romaji": "Bible Black: New Testament", "english": "Bible Black: New Testement"}, "type": "ANIME", "status": "FINISHED", "description": "Several years have passed since the Walpugis Night incident and several bizarre serial murder cases have occured in the metropolitan area. Dead bodies of couples are discovered murdered during sexual intercourse. The women didn't have any external injuries, but the men were completely burned and carbonized except one part... their genitals. To solve these bizarre incidents, a special detective team called \"Tokken\" is deployed. Included amongst the members of Tokken is Imari who had experienced the events of Walpugis Night. While investigating the incident, they found a mysterious phrase, \"Spear of Longinus,\" and a strange cult group that is related to the incidents.<br><br>\n(Source: ANN)", "startDate": {"year": 2004, "month": 4, "day": 25}, "endDate": {"year": 2007, "month": 12, "day": 25}, "season": "SPRING", "episodes": 6, "duration": 30, "genres": ["Hentai"], "averageScore": 59, "trending": 0, "popularity": 988, "streamingEpisodes": [], "coverImage": {"large": "https://s3.anilist.co/media/anime/cover/medium/1401.jpg", "medium": "https://s3.anilist.co/media/anime/cover/small/1401.jpg"}, "bannerImage": null, "isAdult": true, "format": "OVA"}, {"id": 1402, "title": {"romaji": "Princess Memory", "english": "Princess Memory"}, "type": "ANIME", "status": "FINISHED", "description": "Collin, a relatively noble but ordinary man - finds himself lured to a cave by a dream in which a beautiful girl named Feelia appeared before him. Even as he was warned off by the elder of his village, he still feels drawn in... and with the arrival of a beautiful adventurer, and just a trace of seduction... in he shall go. <br><br>\nBut what lies in wait? And what of the mysterious girl who appeared to Collin in his dream?<br><br>\n(Source: AniDB)", "startDate": {"year": 2001, "month": 6, "day": 25}, "endDate": {"year": 2001, "month": 9, "day": 25}, "season": "SUMMER", "episodes": 2, "duration": 30, "genres": ["Fantasy", "Hentai", "Romance"], "averageScore": null, "trending": 0, "popularity": 74, "streamingEpisodes": [], "coverImage": {"large": "https://s3.anilist.co/media/anime/cover/medium/1402.jpg", "medium": "https://s3.anilist.co/media/anime/cover/small/1402.jpg"}, "bannerImage": null, "isAdult": true, "format": "OVA"}, {"id": 1403, "title": {"romaji": "Tsumamigui", "english": null}, "type": "ANIME", "status": "FINISHED", "description": "What can a widowed woman do when she gets that itch? Invite a nubile man over to help her decorate! It has been a year since Chiho became a widow and the nights are getting lonely. It&rsquo;s a good thing that her friend Kanae is there to help. Kanae is experienced, she&rsquo;s been married for eight years and she knows just what Chiho needs. A little spice, a little color and some new scenery is what&rsquo;s missing from Chiho&rsquo;s life.<br><br>\n(Source: AniDB)", "startDate": {"year": 2003, "month": 6, "day": 27}, "endDate": {"year": 2003, "month": 11, "day": 28}, "season": "SUMMER", "episodes": 2, "duration": 30, "genres": ["Hentai"], "averageScore": 54, "trending": 0, "popularity": 274, "streamingEpisodes": [], "coverImage": {"large": "https://s3.anilist.co/media/anime/cover/medium/1403.jpg", "medium": "https://s3.anilist.co/media/anime/cover/small/1403.jpg"}, "bannerImage": null, "isAdult": true, "format": "OVA"}, {"id": 1404, "title": {"romaji": "Flutter of Birds: Tori-tachi no Habataki", "english": "Virgin Touch: We'll never feel the same"}, "type": "ANIME", "status": "FINISHED", "description": "Yusaku is heading home for the first time in eight years. He is a medical student about to take on a summer internship in the country working at his uncle's clinic. While on the train, he becomes smitten with a young woman sitting across from him, but is unable to summon the courage to speak to her. When he arrives in his hometown, he is reunited with friends from his childhood, and get introduced to gorgeous nurses, patients, and mysterious young girls. It is only a matter of time before Yusaku runs into the beautiful woman he saw on the train. <br><br>\n(Source: AniDB) ", "startDate": {"year": 2002, "month": 5, "day": 24}, "endDate": {"year": 2002, "month": 8, "day": 23}, "season": "SPRING", "episodes": 2, "duration": 30, "genres": ["Hentai"], "averageScore": null, "trending": 0, "popularity": 107, "streamingEpisodes": [], "coverImage": {"large": "https://s3.anilist.co/media/anime/cover/medium/1404.jpg", "medium": "https://s3.anilist.co/media/anime/cover/small/1404.jpg"}, "bannerImage": null, "isAdult": true, "format": "OVA"}, {"id": 1405, "title": {"romaji": "Tokio Kidou Police", "english": "Tokio Private Police"}, "type": "ANIME", "status": "FINISHED", "description": " A strong and eager, but sexually very inhibited girl joins an elite police team in the future Tokyo. There, one of her colleagues, a beautiful and sexually not a little bit inhibited woman awakens her sexuallity. Tokyo Private Police is in a way a mix of mecha-fights and sexual interaction. <br><br>\n(Source: ANN)", "startDate": {"year": 1997, "month": 7, "day": 21}, "endDate": {"year": 1997, "month": 8, "day": 21}, "season": "SUMMER", "episodes": 2, "duration": 27, "genres": ["Comedy", "Hentai", "Romance"], "averageScore": 49, "trending": 0, "popularity": 125, "streamingEpisodes": [], "coverImage": {"large": "https://s3.anilist.co/media/anime/cover/medium/1405.jpg", "medium": "https://s3.anilist.co/media/anime/cover/small/1405.jpg"}, "bannerImage": null, "isAdult": true, "format": "OVA"}, {"id": 1406, "title": {"romaji": "Gibo", "english": "Stepmother's Sin"}, "type": "ANIME", "status": "FINISHED", "description": "Yusuke's been very naughty. He's seduced his father's fiancee; transforming her into a debased slave to his own twisted desires. But as his hold on her tightens, his sanity slips, and the forbidden family fun descends into a nightmare of lust! Trapped in madness of their own creation, they will pay the ultimate price for a stepmother's sin!<br><br>\n(Source: RightStuf)", "startDate": {"year": 2001, "month": 10, "day": 5}, "endDate": {"year": 2002, "month": 1, "day": 11}, "season": "FALL", "episodes": 2, "duration": 30, "genres": ["Drama", "Hentai", "Romance"], "averageScore": 49, "trending": 0, "popularity": 200, "streamingEpisodes": [], "coverImage": {"large": "https://s3.anilist.co/media/anime/cover/medium/1406.jpg", "medium": "https://s3.anilist.co/media/anime/cover/small/1406.jpg"}, "bannerImage": null, "isAdult": true, "format": "OVA"}, {"id": 1407, "title": {"romaji": "Stainless Night", "english": "Stainless Night"}, "type": "ANIME", "status": "FINISHED", "description": "After ten years of dormancy, Linea awakes from a capsule in the countryside of Japan. Without any memories, she wanders into a small research center staffed by three beautiful women. One of the researchers, Sayako, is entranced by the strange woman and leaves her present lover. Sayako takes Linea to bed, and finds that her abilities are beyond that of any ordinary woman. <br><br>\n(Source: ANN)", "startDate": {"year": 1995, "month": 12, "day": 22}, "endDate": {"year": 1996, "month": 3, "day": 22}, "season": "WINTER", "episodes": 2, "duration": 30, "genres": ["Hentai"], "averageScore": 51, "trending": 0, "popularity": 243, "streamingEpisodes": [], "coverImage": {"large": "https://s3.anilist.co/media/anime/cover/medium/1407.jpg", "medium": "https://s3.anilist.co/media/anime/cover/small/1407.jpg"}, "bannerImage": "https://s3.anilist.co/media/anime/banner/1407-QeMnQUHhf1Pf.jpg", "isAdult": true, "format": "OVA"}, {"id": 1408, "title": {"romaji": "Kao no nai Tsuki", "english": "Moonlight Lady"}, "type": "ANIME", "status": "FINISHED", "description": "Suzuna is the only daughter of the Kuraki family.  She is training hard to become a priestess.  Tomomi bings her to the house of her husband-to-be.  The mansion is under a strange spell, releasing the sexual desires of everyone inside.", "startDate": {"year": 2001, "month": 12, "day": 8}, "endDate": {"year": 2004, "month": 7, "day": 23}, "season": "WINTER", "episodes": 5, "duration": 30, "genres": ["Hentai"], "averageScore": 57, "trending": 0, "popularity": 506, "streamingEpisodes": [], "coverImage": {"large": "https://s3.anilist.co/media/anime/cover/medium/1408.jpg", "medium": "https://s3.anilist.co/media/anime/cover/small/1408.jpg"}, "bannerImage": null, "isAdult": true, "format": "OVA"}, {"id": 1409, "title": {"romaji": "Immortal Grand Prix", "english": null}, "type": "ANIME", "status": "FINISHED", "description": " In the year 2035 Team Suzaku and Team Sledge Mamma are preparing to meet in the final round of the 12th Immortal Grand-1 Prix (IG1 or IGPX). Takeshi leads Team Suzaku, which is made-up of a group of young amateur pilots who must make the most of their limited funds and weaponry in order to prepare for the competition designed for professionals. <br><br>\nThis series served as the pilot to the full IGPX: Immortal Grand Prix, each episode is only 5 mintues or less long.  A key difference between the two is that this series featured combat mecha competition rather than racing mecha. <br><br>", "startDate": {"year": 2003, "month": 9, "day": 15}, "endDate": {"year": 2003, "month": 9, "day": 19}, "season": "FALL", "episodes": 5, "duration": 5, "genres": ["Mecha", "Sci-Fi", "Sports"], "averageScore": 53, "trending": 0, "popularity": 269, "streamingEpisodes": [], "coverImage": {"large": "https://s3.anilist.co/media/anime/cover/medium/1409.jpg", "medium": "https://s3.anilist.co/media/anime/cover/small/1409.jpg"}, "bannerImage": null, "isAdult": false, "format": "TV_SHORT"}, {"id": 1410, "title": {"romaji": "IGPX Immortal Grand Prix 2", "english": null}, "type": "ANIME", "status": "FINISHED", "description": "Team Satomi has just been deemed as the winners for the IG-2 lower league and now join the top IG-1 competition. But it's not going to be easy. Young pilots Takeshi, Liz, Amy, and River are going to have to be a team to be number 1, however one thing leads to another with these four. Most important of all, their opponents overwhelm Team Satomi in every aspect, including strategy and skill, as well as funding. One thing is for sure, this is not going to be an easy year for \"Team Satomi.\" <br>", "startDate": {"year": 2006, "month": 5, "day": 20}, "endDate": {"year": 2006, "month": 8, "day": 26}, "season": "SPRING", "episodes": 13, "duration": 20, "genres": ["Mecha", "Sci-Fi", "Sports"], "averageScore": 65, "trending": 0, "popularity": 612, "streamingEpisodes": [], "coverImage": {"large": "https://s3.anilist.co/media/anime/cover/medium/1410.jpg", "medium": "https://s3.anilist.co/media/anime/cover/small/1410.jpg"}, "bannerImage": null, "isAdult": false, "format": "TV"}, {"id": 1411, "title": {"romaji": "VS Knight Lamune & 40 Fresh", "english": null}, "type": "ANIME", "status": "FINISHED", "description": " To save the galaxy from impending doom, Cacao and Parfait are sent on a mission through time and space to retrieve the Fourth Warrior,Lamunes. Unfortunately, Cacao and Parfait discover Lamunes at the helm of the marauding Giga Genos invasion fleet. World by world, Lamunes is determined to bring the entire galaxy under his tyrannical heel. With the help of a plicky orphan, it's up to Cacao and Parfait to stop Lamunes from taking over the world. <br>", "startDate": {"year": 1997, "month": 5, "day": 21}, "endDate": {"year": 1997, "month": 11, "day": 21}, "season": "SPRING", "episodes": 6, "duration": 30, "genres": ["Adventure", "Comedy", "Mecha", "Sci-Fi"], "averageScore": null, "trending": 0, "popularity": 127, "streamingEpisodes": [], "coverImage": {"large": "https://s3.anilist.co/media/anime/cover/medium/1411.jpg", "medium": "https://s3.anilist.co/media/anime/cover/small/1411.jpg"}, "bannerImage": null, "isAdult": false, "format": "OVA"}, {"id": 1412, "title": {"romaji": "Lupin III", "english": null}, "type": "ANIME", "status": "FINISHED", "description": "Arsene Lupin III is the grandson of the master thief Arsene Lupin. With his cohorts Daisuke Jigen and Goemon Ishikawa XIII and his love interest Fujiko Mine, he pulls off the greatest heists of all time while always escaping the grasp of Inspector Koichi Zenigata.<br><br>\n(Source: ANN)", "startDate": {"year": 1971, "month": 10, "day": 24}, "endDate": {"year": 1972, "month": 3, "day": 26}, "season": "FALL", "episodes": 23, "duration": 25, "genres": ["Adventure", "Comedy"], "averageScore": 72, "trending": 0, "popularity": 4623, "streamingEpisodes": [{"title": "Episode 1 - Is Lupin Burnin\u2026?!", "url": "http://www.crunchyroll.com/lupin-the-third-part-1/episode-1-is-lupin-burnin-681595"}, {"title": "Episode 2 - The Man They Called a Magician", "url": "http://www.crunchyroll.com/lupin-the-third-part-1/episode-2-the-man-they-called-a-magician-681597"}, {"title": "Episode 3 - Farewell My Beloved Witch", "url": "http://www.crunchyroll.com/lupin-the-third-part-1/episode-3-farewell-my-beloved-witch-681599"}, {"title": "Episode 4 - One Chance to Breakout", "url": "http://www.crunchyroll.com/lupin-the-third-part-1/episode-4-one-chance-to-breakout-681601"}, {"title": "Episode 5 - The Coming of Goemon the Thirteenth", "url": "http://www.crunchyroll.com/lupin-the-third-part-1/episode-5-the-coming-of-goemon-the-thirteenth-681603"}, {"title": "Episode 6 - Rainy Afternoons Are Bad", "url": "http://www.crunchyroll.com/lupin-the-third-part-1/episode-6-rainy-afternoons-are-bad-681605"}, {"title": "Episode 7 - A Wolf Calls a Wolf", "url": "http://www.crunchyroll.com/lupin-the-third-part-1/episode-7-a-wolf-calls-a-wolf-681607"}, {"title": "Episode 8 - The All-Together Playing-Card Operation", "url": "http://www.crunchyroll.com/lupin-the-third-part-1/episode-8-the-all-together-playing-card-operation-681609"}, {"title": "Episode 9 - Killer Sings the Blues", "url": "http://www.crunchyroll.com/lupin-the-third-part-1/episode-9-killer-sings-the-blues-681611"}, {"title": "Episode 10 - Hunt Down the Counterfeiter!", "url": "http://www.crunchyroll.com/lupin-the-third-part-1/episode-10-hunt-down-the-counterfeiter-681613"}, {"title": "Episode 11 - When the Seventh Bridge Falls", "url": "http://www.crunchyroll.com/lupin-the-third-part-1/episode-11-when-the-seventh-bridge-falls-681615"}, {"title": "Episode 12 - Who Had the Last Laugh?", "url": "http://www.crunchyroll.com/lupin-the-third-part-1/episode-12-who-had-the-last-laugh-681617"}, {"title": "Episode 13 - Beware the Time Machine!", "url": "http://www.crunchyroll.com/lupin-the-third-part-1/episode-13-beware-the-time-machine-681619"}, {"title": "Episode 14 - The Emerald's Secret", "url": "http://www.crunchyroll.com/lupin-the-third-part-1/episode-14-the-emeralds-secret-681621"}, {"title": "Episode 15 - Let's Catch Lupin and Go to Europe", "url": "http://www.crunchyroll.com/lupin-the-third-part-1/episode-15-lets-catch-lupin-and-go-to-europe-681623"}, {"title": "Episode 16 - Operation Jewel Snatch", "url": "http://www.crunchyroll.com/lupin-the-third-part-1/episode-16-operation-jewel-snatch-681625"}, {"title": "Episode 17 - Lupin Caught in a Trap", "url": "http://www.crunchyroll.com/lupin-the-third-part-1/episode-17-lupin-caught-in-a-trap-681627"}, {"title": "Episode 18 - Keep an Eye On the Beauty Contest", "url": "http://www.crunchyroll.com/lupin-the-third-part-1/episode-18-keep-an-eye-on-the-beauty-contest-681629"}, {"title": "Episode 19 - Which of the Third Generation Will Win!", "url": "http://www.crunchyroll.com/lupin-the-third-part-1/episode-19-which-of-the-third-generation-will-win-681631"}, {"title": "Episode 20 - Catch the Phony Lupin!", "url": "http://www.crunchyroll.com/lupin-the-third-part-1/episode-20-catch-the-phony-lupin-681633"}, {"title": "Episode 21 - Rescue the Tomboy!", "url": "http://www.crunchyroll.com/lupin-the-third-part-1/episode-21-rescue-the-tomboy-681635"}, {"title": "Episode 22 - The First Move Wins Computer Operation!", "url": "http://www.crunchyroll.com/lupin-the-third-part-1/episode-22-the-first-move-wins-computer-operation-681637"}, {"title": "Episode 23 - The Great Gold Showdown!", "url": "http://www.crunchyroll.com/lupin-the-third-part-1/episode-23-the-great-gold-showdown-681639"}], "coverImage": {"large": "https://s3.anilist.co/media/anime/cover/medium/1412.jpg", "medium": "https://s3.anilist.co/media/anime/cover/small/1412.jpg"}, "bannerImage": "https://s3.anilist.co/media/anime/banner/1412-T4oN90wzOLv5.jpg", "isAdult": false, "format": "TV"}, {"id": 1413, "title": {"romaji": "Lupin III: Alcatraz Connection", "english": null}, "type": "ANIME", "status": "FINISHED", "description": "Zenigata arrives on the ship \"Machine Gun Kelly\", a casino on the water owned by the mafia, because Lupin plans on stealing the casino's money. Lupin and his gang manages to break into the ship's vault but was unable to escape with the money due to Zenigata's shooting. However, there was another purpose the ship had, one that Lupin was aware of; to search for a sunken ship filled with gold. Lupin managed to steal this data while he was on the ship, however, now they have to contend with Zenigata, the mafia, and a secret organization whose base is under Alcatraz, as they attempt to uncover the secret behind the organization and the sunken treasure.<br><br>\n(Source: ANN)", "startDate": {"year": 2001, "month": 8, "day": 3}, "endDate": {"year": 2001, "month": 8, "day": 3}, "season": "SUMMER", "episodes": 1, "duration": 90, "genres": ["Adventure", "Comedy"], "averageScore": 64, "trending": 0, "popularity": 493, "streamingEpisodes": [], "coverImage": {"large": "https://s3.anilist.co/media/anime/cover/medium/1413.jpg", "medium": "https://s3.anilist.co/media/anime/cover/small/1413.jpg"}, "bannerImage": null, "isAdult": false, "format": "SPECIAL"}, {"id": 1414, "title": {"romaji": "Lupin III: Angel Tactics", "english": null}, "type": "ANIME", "status": "FINISHED", "description": "Stolen from the famous \"secret\" Air Force base, Area 51, Lupin's most recently stolen treasure holds a secret. Four \"Bloody Angels,\" the toughest women Lupin has ever faced, want the treasure for their own terrorist purposes. Meanwhile Zenigata teams up with a female police officer to hunt Lupin and the terrorists down.<br><br>\n(Source: ANN)", "startDate": {"year": 2005, "month": 7, "day": 22}, "endDate": {"year": 2005, "month": 7, "day": 22}, "season": "SUMMER", "episodes": 1, "duration": 92, "genres": ["Adventure", "Comedy"], "averageScore": 63, "trending": 0, "popularity": 431, "streamingEpisodes": [], "coverImage": {"large": "https://s3.anilist.co/media/anime/cover/medium/1414.jpg", "medium": "https://s3.anilist.co/media/anime/cover/small/1414.jpg"}, "bannerImage": null, "isAdult": false, "format": "SPECIAL"}, {"id": 1415, "title": {"romaji": "Lupin III: Bye Bye Liberty Crisis", "english": "Lupin III: Goodbye Lady Liberty"}, "type": "ANIME", "status": "FINISHED", "description": "In this adventure, Lupin III tries to erase the files about him in the world police network. He finds out about the Ultravirus, a computer virus that controls all others and its location is only known by a little kid. Meanwhile, he steals the Statue of Liberty to look for a diamond the size of a football that is said to be hidden somewhere in it. Apparently, the diamond and the ultravirus are somehow related... <br><br>\n(Source: ANN)", "startDate": {"year": 1989, "month": 4, "day": 1}, "endDate": {"year": 1989, "month": 4, "day": 1}, "season": "SPRING", "episodes": 1, "duration": 97, "genres": ["Adventure", "Comedy"], "averageScore": 61, "trending": 0, "popularity": 506, "streamingEpisodes": [], "coverImage": {"large": "https://s3.anilist.co/media/anime/cover/medium/1415.jpg", "medium": "https://s3.anilist.co/media/anime/cover/small/1415.jpg"}, "bannerImage": null, "isAdult": false, "format": "SPECIAL"}, {"id": 1416, "title": {"romaji": "Lupin III: Dead or Alive", "english": "Lupin III: Dead or Alive"}, "type": "ANIME", "status": "FINISHED", "description": "Lupin, Goemon, and Jigen take a mini-helicopter and head to the mysterious &ldquo;Drifting Island&rdquo; looking for a treasure rumored to be hidden somewhere on it. Through their exploration of the island, the trio encounters the lethal &ldquo;Nanomachine,&rdquo; the island&rsquo;s security system. The trio triggers the alarm, springing &ldquo;the Nanomachine&rdquo; to life. The key to solving the island&rsquo;s mystery lies in the small nation of Zufu. This once prosperous nation is now ruled by the ruthless, knife-collecting, General Headhunter. Fujiko does her usual probing and hacks into General Headhunter&rsquo;s computer hoping to find some crucial information. Zenigata has received a video message from Lupin in which Lupin announces his desire for the priceless treasure. Oleander, a fiery blond officer with some hidden secrets of her own, steps in to help Zenigata. Armed with their newly found information, Lupin, Goemon, Jigen, and Fujiko go back to &ldquo;Drifting Island,&rdquo; but this time they are followed by General Headhunter.<br><br>\n(Source: ANN)", "startDate": {"year": 1996, "month": 4, "day": 20}, "endDate": {"year": 1996, "month": 4, "day": 20}, "season": "SPRING", "episodes": 1, "duration": 97, "genres": ["Adventure", "Comedy"], "averageScore": 65, "trending": 0, "popularity": 611, "streamingEpisodes": [], "coverImage": {"large": "https://s3.anilist.co/media/anime/cover/medium/1416.jpg", "medium": "https://s3.anilist.co/media/anime/cover/small/1416.jpg"}, "bannerImage": "https://s3.anilist.co/media/anime/banner/1416-Xixvg1oVtl6P.jpg", "isAdult": false, "format": "MOVIE"}, {"id": 1417, "title": {"romaji": "Lupin III: Moeyo Zantetsuken!", "english": "Lupin III: Dragon of Doom"}, "type": "ANIME", "status": "FINISHED", "description": "A Hong Kong crime boss contracts Lupin, Fujiko and Jigen to recover a legendary dragon statue that sunk with the Titanic. Unfortunately for them, the dragon is a treasure of Goemon's clan, said to have power exceeding that of his Zantetsuken sword; he resolves to protect the statue at all costs, even if it means killing his old friends. <br><br>\n(Source: ANN)", "startDate": {"year": 1994, "month": 7, "day": 29}, "endDate": {"year": 1994, "month": 7, "day": 29}, "season": "SUMMER", "episodes": 1, "duration": 90, "genres": ["Adventure", "Comedy"], "averageScore": 63, "trending": 0, "popularity": 444, "streamingEpisodes": [], "coverImage": {"large": "https://s3.anilist.co/media/anime/cover/medium/1417.jpg", "medium": "https://s3.anilist.co/media/anime/cover/small/1417.jpg"}, "bannerImage": null, "isAdult": false, "format": "SPECIAL"}, {"id": 1418, "title": {"romaji": "Lupin III: Episode 0 'First Contact'", "english": "Lupin III Episode 0: The First Contact"}, "type": "ANIME", "status": "FINISHED", "description": " Jigen tells the story of the gang's first meeting. Jigen, still a member of the Mafia, is hired to protect an ancient artifact - one that Lupin and Fujiko are both trying to steal. Meanwhile, Inspector Zenigata, then of the Japanese police force, has come to the U.S. on Fujiko's trail, and Ishikawa Goemon is searching for the lost treasure of his clan. <br><br>\n(Source: ANN)", "startDate": {"year": 2002, "month": 7, "day": 26}, "endDate": {"year": 2002, "month": 7, "day": 26}, "season": "SUMMER", "episodes": 1, "duration": 92, "genres": ["Adventure", "Comedy", "Mystery"], "averageScore": 70, "trending": 0, "popularity": 673, "streamingEpisodes": [], "coverImage": {"large": "https://s3.anilist.co/media/anime/cover/medium/1418.jpg", "medium": "https://s3.anilist.co/media/anime/cover/small/1418.jpg"}, "bannerImage": null, "isAdult": false, "format": "SPECIAL"}, {"id": 1419, "title": {"romaji": "Lupin III: Kutabare! Nostradamus", "english": "Lupin III: Farewell to Nostradamus"}, "type": "ANIME", "status": "FINISHED", "description": "After a diamond heist in Brazil, Lupin hides the gem in a doll and boards a plane headed out of the country. While on board, the doll is stolen by a little girl named Julia, whose nanny is none other than Fujiko Mine. Before Lupin can get the doll back, the plane is hijacked and the girl is kidnapped. The kidnappers are after the same thing that Fujiko is after - a book of Nostradamus prophecies hidden in Julia's father's tower. Lupin and the gang join forces to save the girl, get the diamond back, and discover the secrets surrounding the strange book. <br><br>\n(Source: ANN)", "startDate": {"year": 1995, "month": 4, "day": 22}, "endDate": {"year": 1995, "month": 4, "day": 22}, "season": "SPRING", "episodes": 1, "duration": 100, "genres": ["Adventure", "Comedy"], "averageScore": 68, "trending": 0, "popularity": 629, "streamingEpisodes": [], "coverImage": {"large": "https://s3.anilist.co/media/anime/cover/medium/1419.jpg", "medium": "https://s3.anilist.co/media/anime/cover/small/1419.jpg"}, "bannerImage": null, "isAdult": false, "format": "MOVIE"}, {"id": 1420, "title": {"romaji": "Lupin III: Russia yori Ai wo Komete", "english": "Lupin III: From Russia With Love"}, "type": "ANIME", "status": "FINISHED", "description": "This time Lupin is after 500 tons of gold bullion that used to belong to the House of Romanov, the last rulers of the Russian Empire. His only clue is a code in an old book that a cipher machine has broken down to the words \"Bank of Liberty\". As always, whenever Lupin`s involved, the situation gets complicated. This adventure takes him through the USA and Russia, with loads of action and classic Lupin-style escapades along the way. <br><br>\n(Source: AniDB)", "startDate": {"year": 1992, "month": 7, "day": 24}, "endDate": {"year": 1992, "month": 7, "day": 24}, "season": "SUMMER", "episodes": 1, "duration": 90, "genres": ["Action", "Comedy"], "averageScore": 59, "trending": 0, "popularity": 416, "streamingEpisodes": [], "coverImage": {"large": "https://s3.anilist.co/media/anime/cover/medium/1420.jpg", "medium": "https://s3.anilist.co/media/anime/cover/small/1420.jpg"}, "bannerImage": null, "isAdult": false, "format": "SPECIAL"}, {"id": 1421, "title": {"romaji": "Lupin III: Hemmingway Paper no Nazo", "english": "Lupin III: The Hemingway Paper Mystery"}, "type": "ANIME", "status": "FINISHED", "description": "Word is out that the \"Hemingway Papers\", the newly discovered last novel by the great author, tells the hiding place of a buried treasure on a desolate Mediterranean island. Lupin sneaks onto the island where, instead of treasure-hunting, he finds himself embroiled in a violent struggle for power. To Lupin's surprise, his old buddies Jigen and Goemon are also in the fight for their own reasons. Marcus the Merchant of Death also lands on the island accompanied by Fujiko, Lupin's greatest weakness, and followed by the police inspector, who is forever on Lupin's tail. <br><br>\n(Source: ANN)", "startDate": {"year": 1990, "month": 7, "day": 20}, "endDate": {"year": 1990, "month": 7, "day": 20}, "season": "SUMMER", "episodes": 1, "duration": 92, "genres": ["Adventure", "Comedy"], "averageScore": 62, "trending": 0, "popularity": 433, "streamingEpisodes": [], "coverImage": {"large": "https://s3.anilist.co/media/anime/cover/medium/1421.jpg", "medium": "https://s3.anilist.co/media/anime/cover/small/1421.jpg"}, "bannerImage": null, "isAdult": false, "format": "SPECIAL"}, {"id": 1422, "title": {"romaji": "Lupin III: $1 Money Wars", "english": "Lupin III: Missed by a Dollar"}, "type": "ANIME", "status": "FINISHED", "description": "Lupin &amp; co. compete with a greedy bank president and her goons to solve the mystery leading to a broach, a treasure said to be behind the success of history's most powerful rulers. <br><br>\n(Source: ANN)", "startDate": {"year": 2000, "month": 7, "day": 28}, "endDate": {"year": 2000, "month": 7, "day": 28}, "season": "SUMMER", "episodes": 1, "duration": 90, "genres": ["Adventure", "Comedy"], "averageScore": 64, "trending": 0, "popularity": 398, "streamingEpisodes": [], "coverImage": {"large": "https://s3.anilist.co/media/anime/cover/medium/1422.jpg", "medium": "https://s3.anilist.co/media/anime/cover/small/1422.jpg"}, "bannerImage": null, "isAdult": false, "format": "SPECIAL"}, {"id": 1423, "title": {"romaji": "Lupin III: Steal Napoleon's Dictionary", "english": null}, "type": "ANIME", "status": "FINISHED", "description": "Lupin has a lively time of it this time in a classic car race from Madrid to Paris. The race prize is Napoleon`s dictionary, which contains the key to the Treasure of the Empire, something that just about everybody seems to be after. Lupin and his buddies take off after the prize, pursued not only by the perennial Inspector, but also by an army of secret agents from around the world. Classic cars and state-of-the-art weapons heighten the speed and thrills of this adventure. <br><br>\n(Source: AniDB)", "startDate": {"year": 1991, "month": 8, "day": 9}, "endDate": {"year": 1991, "month": 8, "day": 9}, "season": "SUMMER", "episodes": 1, "duration": 90, "genres": ["Adventure", "Comedy"], "averageScore": 60, "trending": 0, "popularity": 393, "streamingEpisodes": [], "coverImage": {"large": "https://s3.anilist.co/media/anime/cover/medium/1423-LRwK6TT3iRMe.png", "medium": "https://s3.anilist.co/media/anime/cover/small/1423-LRwK6TT3iRMe.png"}, "bannerImage": null, "isAdult": false, "format": "SPECIAL"}, {"id": 1424, "title": {"romaji": "Lupin III: Otakara Henkyaku Daisakusen!!", "english": null}, "type": "ANIME", "status": "FINISHED", "description": "After robbing a Moscow casino right under Zenigata's nose, Lupin sets his sights on stealing the Trick Diamond. He and Jigen head to the estate of the recently deceased Mark Williams, another master thief who's had the diamond, as well as other treasures, in his possession for years. However, instead of finding the diamond, Lupin &amp; Jigen find Fujiko, who tells them about Mark's dying wish - Lupin must return all the treasures the old thief stole to their rightful place. If this is done in time, the location of the diamond will be revealed, and Lupin can use it to get the real treasure, hidden in Gaud&iacute;'s Sagrada Familia. Returning the stolen goods isn't easy though, as Zenigata and the casino boss' ruthless gang are on Lupin and friends' tail. <br><br>\n(Source: ANN)", "startDate": {"year": 2003, "month": 8, "day": 1}, "endDate": {"year": 2003, "month": 8, "day": 1}, "season": "SUMMER", "episodes": 1, "duration": 90, "genres": ["Adventure", "Comedy"], "averageScore": 66, "trending": 0, "popularity": 424, "streamingEpisodes": [], "coverImage": {"large": "https://s3.anilist.co/media/anime/cover/medium/1424.jpg", "medium": "https://s3.anilist.co/media/anime/cover/small/1424.jpg"}, "bannerImage": null, "isAdult": false, "format": "SPECIAL"}, {"id": 1425, "title": {"romaji": "Lupin III: Part II", "english": null}, "type": "ANIME", "status": "FINISHED", "description": "Lupin III chronicles the adventures of Arsene Lupin III, the world's greatest thief, and his partners in crime: master marksman Daisuke Jigen, beautiful and scheming Fujiko Mine and stoic samurai Goemon Ishikawa XIII. Lupin and his gang travel around the globe in search of the world's greatest treasures and riches and always keeping one step ahead of the tireless Inspector Zenigata, who has vowed to bring Lupin to justice. <br><br>\n(Source: ANN)", "startDate": {"year": 1977, "month": 10, "day": 3}, "endDate": {"year": 1980, "month": 10, "day": 6}, "season": "FALL", "episodes": 155, "duration": 25, "genres": ["Adventure", "Comedy"], "averageScore": 73, "trending": 1, "popularity": 1644, "streamingEpisodes": [{"title": "Episode 1 - The Return of Lupin the 3rd", "url": "http://www.crunchyroll.com/lupin-the-third-part-2/episode-1-the-return-of-lupin-the-3rd-679325"}, {"title": "Episode 2 - Wads of Bills Blossomed in the Sunset of Rio", "url": "http://www.crunchyroll.com/lupin-the-third-part-2/episode-2-wads-of-bills-blossomed-in-the-sunset-of-rio-679327"}, {"title": "Episode 3 - I Can Hear Nessie's Singing", "url": "http://www.crunchyroll.com/lupin-the-third-part-2/episode-3-i-can-hear-nessies-singing-679329"}, {"title": "Episode 4 - I'll Teach You How to Transport Gold Bars", "url": "http://www.crunchyroll.com/lupin-the-third-part-2/episode-4-ill-teach-you-how-to-transport-gold-bars-679331"}, {"title": "Episode 5 - Will the Leaving Tower of Pisa Be Standing?", "url": "http://www.crunchyroll.com/lupin-the-third-part-2/episode-5-will-the-leaving-tower-of-pisa-be-standing-679333"}, {"title": "Episode 6 - Tutankhamen's 3,000 Year-Old Curse", "url": "http://www.crunchyroll.com/lupin-the-third-part-2/episode-6-tutankhamens-3000-year-old-curse-679335"}, {"title": "Episode 7 - Venetian Super Express", "url": "http://www.crunchyroll.com/lupin-the-third-part-2/episode-7-venetian-super-express-679337"}, {"title": "Episode 8 - Would You Like Ukiyo-e Blues?", "url": "http://www.crunchyroll.com/lupin-the-third-part-2/episode-8-would-you-like-ukiyo-e-blues-679339"}, {"title": "Episode 9 - Steal the File M123", "url": "http://www.crunchyroll.com/lupin-the-third-part-2/episode-9-steal-the-file-m123-679341"}, {"title": "Episode 10 - Bet on the Monaco Grand Prix!", "url": "http://www.crunchyroll.com/lupin-the-third-part-2/episode-10-bet-on-the-monaco-grand-prix-679343"}, {"title": "Episode 11 - A Gift for the President", "url": "http://www.crunchyroll.com/lupin-the-third-part-2/episode-11-a-gift-for-the-president-679345"}, {"title": "Episode 12 - The Great Chase in San Francisco", "url": "http://www.crunchyroll.com/lupin-the-third-part-2/episode-12-the-great-chase-in-san-francisco-679347"}, {"title": "Episode 13 - Curse of the Jumbo Juju", "url": "http://www.crunchyroll.com/lupin-the-third-part-2/episode-13-curse-of-the-jumbo-juju-679349"}, {"title": "Episode 14 - The Case of The Risible Dirigible", "url": "http://www.crunchyroll.com/lupin-the-third-part-2/episode-14-the-case-of-the-risible-dirigible-679351"}, {"title": "Episode 15 - Crude Reproduction, Perfect Frame", "url": "http://www.crunchyroll.com/lupin-the-third-part-2/episode-15-crude-reproduction-perfect-frame-679353"}, {"title": "Episode 16 - Sheik-down", "url": "http://www.crunchyroll.com/lupin-the-third-part-2/episode-16-sheik-down-679355"}, {"title": "Episode 17 - My Birthday Pursuit", "url": "http://www.crunchyroll.com/lupin-the-third-part-2/episode-17-my-birthday-pursuit-679357"}, {"title": "Episode 18 - A Safe Bet", "url": "http://www.crunchyroll.com/lupin-the-third-part-2/episode-18-a-safe-bet-679359"}, {"title": "Episode 19 - Hell Toupee", "url": "http://www.crunchyroll.com/lupin-the-third-part-2/episode-19-hell-toupee-679361"}, {"title": "Episode 20 - The Last Mastery", "url": "http://www.crunchyroll.com/lupin-the-third-part-2/episode-20-the-last-mastery-679363"}, {"title": "Episode 21 - Lupin in Paradise", "url": "http://www.crunchyroll.com/lupin-the-third-part-2/episode-21-lupin-in-paradise-679365"}, {"title": "Episode 22 - Auntie Ballistic", "url": "http://www.crunchyroll.com/lupin-the-third-part-2/episode-22-auntie-ballistic-679367"}, {"title": "Episode 23 - Rats to You", "url": "http://www.crunchyroll.com/lupin-the-third-part-2/episode-23-rats-to-you-679369"}, {"title": "Episode 24 - The Lair of the Land-Shark", "url": "http://www.crunchyroll.com/lupin-the-third-part-2/episode-24-the-lair-of-the-land-shark-679371"}, {"title": "Episode 25 - Shot Through the Heart", "url": "http://www.crunchyroll.com/lupin-the-third-part-2/episode-25-shot-through-the-heart-679373"}, {"title": "Episode 26 - To Be or Nazi Be", "url": "http://www.crunchyroll.com/lupin-the-third-part-2/episode-26-to-be-or-nazi-be-679375"}, {"title": "Episode 27 - The Little Princess of Darkness", "url": "http://www.crunchyroll.com/lupin-the-third-part-2/episode-27-the-little-princess-of-darkness-679377"}, {"title": "Episode 28 - Revenge of La Nerd", "url": "http://www.crunchyroll.com/lupin-the-third-part-2/episode-28-revenge-of-la-nerd-679379"}, {"title": "Episode 29 - Fly Me to the Moon", "url": "http://www.crunchyroll.com/lupin-the-third-part-2/episode-29-fly-me-to-the-moon-679381"}, {"title": "Episode 30 - Morocco Horror Picture Show", "url": "http://www.crunchyroll.com/lupin-the-third-part-2/episode-30-morocco-horror-picture-show-679383"}, {"title": "Episode 31 - Twin Pique", "url": "http://www.crunchyroll.com/lupin-the-third-part-2/episode-31-twin-pique-679385"}, {"title": "Episode 32 - Lupin the Interred", "url": "http://www.crunchyroll.com/lupin-the-third-part-2/episode-32-lupin-the-interred-679387"}, {"title": "Episode 33 - A Rumble Royal", "url": "http://www.crunchyroll.com/lupin-the-third-part-2/episode-33-a-rumble-royal-679389"}, {"title": "Episode 34 - But Your Brother Was Such A Nice Guy", "url": "http://www.crunchyroll.com/lupin-the-third-part-2/episode-34-but-your-brother-was-such-a-nice-guy-679391"}, {"title": "Episode 35 - Gorilla Tactics", "url": "http://www.crunchyroll.com/lupin-the-third-part-2/episode-35-gorilla-tactics-679393"}, {"title": "Episode 36 - The Riddle of Tsukikage Castle", "url": "http://www.crunchyroll.com/lupin-the-third-part-2/episode-36-the-riddle-of-tsukikage-castle-679395"}, {"title": "Episode 37 - Khan Job", "url": "http://www.crunchyroll.com/lupin-the-third-part-2/episode-37-khan-job-679397"}, {"title": "Episode 38 - Happy Betrayals to You", "url": "http://www.crunchyroll.com/lupin-the-third-part-2/episode-38-happy-betrayals-to-you-679399"}, {"title": "Episode 39 - Pretty Cluckin Insane", "url": "http://www.crunchyroll.com/lupin-the-third-part-2/episode-39-pretty-cluckin-insane-679401"}, {"title": "Episode 40 - Payload", "url": "http://www.crunchyroll.com/lupin-the-third-part-2/episode-40-payload-679403"}, {"title": "Episode 41 - Heroes and Vixens", "url": "http://www.crunchyroll.com/lupin-the-third-part-2/episode-41-heroes-and-vixens-679405"}, {"title": "Episode 42 - Cruisin in Drag", "url": "http://www.crunchyroll.com/lupin-the-third-part-2/episode-42-cruisin-in-drag-679407"}, {"title": "Episode 43 - Jumpin the Bones", "url": "http://www.crunchyroll.com/lupin-the-third-part-2/episode-43-jumpin-the-bones-679409"}, {"title": "Episode 44 - Lion, Cheatin' And Stealin", "url": "http://www.crunchyroll.com/lupin-the-third-part-2/episode-44-lion-cheatin-and-stealin-679411"}, {"title": "Episode 45 - Diamonds and Minx", "url": "http://www.crunchyroll.com/lupin-the-third-part-2/episode-45-diamonds-and-minx-679413"}, {"title": "Episode 46 - The Island of Dr. Derange", "url": "http://www.crunchyroll.com/lupin-the-third-part-2/episode-46-the-island-of-dr-derange-679415"}, {"title": "Episode 47 - Crownin' Around", "url": "http://www.crunchyroll.com/lupin-the-third-part-2/episode-47-crownin-around-679417"}, {"title": "Episode 48 - Vault Assault", "url": "http://www.crunchyroll.com/lupin-the-third-part-2/episode-48-vault-assault-679419"}, {"title": "Episode 49 - Snake Charmer", "url": "http://www.crunchyroll.com/lupin-the-third-part-2/episode-49-snake-charmer-679421"}, {"title": "Episode 50 - The Second Time Around, Part One", "url": "http://www.crunchyroll.com/lupin-the-third-part-2/episode-50-the-second-time-around-part-one-679423"}, {"title": "Episode 51 - The Second Time Around, Part Two", "url": "http://www.crunchyroll.com/lupin-the-third-part-2/episode-51-the-second-time-around-part-two-679425"}, {"title": "Episode 52 - Emmanuelle in Bangkok", "url": "http://www.crunchyroll.com/lupin-the-third-part-2/episode-52-emmanuelle-in-bangkok-679427"}, {"title": "Episode 53 - I Melt With You", "url": "http://www.crunchyroll.com/lupin-the-third-part-2/episode-53-i-melt-with-you-679429"}, {"title": "Episode 54 - Mercy Mercy Me", "url": "http://www.crunchyroll.com/lupin-the-third-part-2/episode-54-mercy-mercy-me-679431"}, {"title": "Episode 55 - Kooky Kabuki - Part One", "url": "http://www.crunchyroll.com/lupin-the-third-part-2/episode-55-kooky-kabuki-part-one-679433"}, {"title": "Episode 56 - Kooky Kabuki - Part Two", "url": "http://www.crunchyroll.com/lupin-the-third-part-2/episode-56-kooky-kabuki-part-two-679435"}, {"title": "Episode 57 - Alter-Ego Maniac", "url": "http://www.crunchyroll.com/lupin-the-third-part-2/episode-57-alter-ego-maniac-679437"}, {"title": "Episode 58 - Getting' Jigen With It", "url": "http://www.crunchyroll.com/lupin-the-third-part-2/episode-58-getting-jigen-with-it-679439"}, {"title": "Episode 59 - Madame Prefers Them Hand-Dipped", "url": "http://www.crunchyroll.com/lupin-the-third-part-2/episode-59-madame-prefers-them-hand-dipped-679441"}, {"title": "Episode 60 - Holy Cow", "url": "http://www.crunchyroll.com/lupin-the-third-part-2/episode-60-holy-cow-679443"}, {"title": "Episode 61 - The Yam Is Mightier Than The Sword", "url": "http://www.crunchyroll.com/lupin-the-third-part-2/episode-61-the-yam-is-mightier-than-the-sword-679445"}, {"title": "Episode 62 - Church of the Poison Mind", "url": "http://www.crunchyroll.com/lupin-the-third-part-2/episode-62-church-of-the-poison-mind-679447"}, {"title": "Episode 63 - Charity Begins At Home", "url": "http://www.crunchyroll.com/lupin-the-third-part-2/episode-63-charity-begins-at-home-679449"}, {"title": "Episode 64 - Christmas at Tiffany's", "url": "http://www.crunchyroll.com/lupin-the-third-part-2/episode-64-christmas-at-tiffanys-679451"}, {"title": "Episode 65 - Return of the X Factor", "url": "http://www.crunchyroll.com/lupin-the-third-part-2/episode-65-return-of-the-x-factor-679453"}, {"title": "Episode 66 - Beauty and the Deceased", "url": "http://www.crunchyroll.com/lupin-the-third-part-2/episode-66-beauty-and-the-deceased-679455"}, {"title": "Episode 67 - Monkey King Business", "url": "http://www.crunchyroll.com/lupin-the-third-part-2/episode-67-monkey-king-business-679457"}, {"title": "Episode 68 - Games of Chance", "url": "http://www.crunchyroll.com/lupin-the-third-part-2/episode-68-games-of-chance-679459"}, {"title": "Episode 69 - Zenigata Getcha Into My Life", "url": "http://www.crunchyroll.com/lupin-the-third-part-2/episode-69-zenigata-getcha-into-my-life-679461"}, {"title": "Episode 70 - Can't Beat the Classics", "url": "http://www.crunchyroll.com/lupin-the-third-part-2/episode-70-cant-beat-the-classics-679463"}, {"title": "Episode 71 - Dangerous Dreamers", "url": "http://www.crunchyroll.com/lupin-the-third-part-2/episode-71-dangerous-dreamers-679465"}, {"title": "Episode 72 - You're Sapphired!", "url": "http://www.crunchyroll.com/lupin-the-third-part-2/episode-72-youre-sapphired-679467"}, {"title": "Episode 73 - It's a Purloin-a-Palooza!", "url": "http://www.crunchyroll.com/lupin-the-third-part-2/episode-73-its-a-purloin-a-palooza-679469"}, {"title": "Episode 74 - For Larva or Money", "url": "http://www.crunchyroll.com/lupin-the-third-part-2/episode-74-for-larva-or-money-679471"}, {"title": "Episode 75 - The Bride Came D.O.A.", "url": "http://www.crunchyroll.com/lupin-the-third-part-2/episode-75-the-bride-came-doa-679473"}, {"title": "Episode 76 - Dark Charade", "url": "http://www.crunchyroll.com/lupin-the-third-part-2/episode-76-dark-charade-679475"}, {"title": "Episode 77 - Lupin's Psychic Fiend", "url": "http://www.crunchyroll.com/lupin-the-third-part-2/episode-77-lupins-psychic-fiend-679477"}, {"title": "Episode 78 - Ice, Robot", "url": "http://www.crunchyroll.com/lupin-the-third-part-2/episode-78-ice-robot-679479"}, {"title": "Episode 79 - Baton Death March", "url": "http://www.crunchyroll.com/lupin-the-third-part-2/episode-79-baton-death-march-679481"}], "coverImage": {"large": "https://s3.anilist.co/media/anime/cover/medium/1425.jpg", "medium": "https://s3.anilist.co/media/anime/cover/small/1425.jpg"}, "bannerImage": "https://s3.anilist.co/media/anime/banner/1425-h2pu8v9xaVbM.jpg", "isAdult": false, "format": "TV"}, {"id": 1426, "title": {"romaji": "Lupin III: Part III", "english": null}, "type": "ANIME", "status": "FINISHED", "description": "Lupin III chronicles the adventures of Arsene Lupin III, the world's greatest thief, and his partners in crime: master marksman Daisuke Jigen, beautiful and scheming Fujiko Mine and stoic samurai Goemon Ishikawa XIII. Lupin and his gang travel around the globe in search of the world's greatest treasures and riches and always keeping one step ahead of the tireless Inspector Zenigata, who has vowed to bring Lupin to justice. <br><br>\n(Source: ANN)", "startDate": {"year": 1984, "month": 3, "day": 3}, "endDate": {"year": 1985, "month": 9, "day": 28}, "season": "SPRING", "episodes": 50, "duration": 24, "genres": ["Adventure", "Comedy"], "averageScore": 66, "trending": 1, "popularity": 1085, "streamingEpisodes": [{"title": "Episode 1 - The Gold Is Beckoning Lupin", "url": "http://www.crunchyroll.com/lupin-the-third-part-3/episode-1-the-gold-is-beckoning-lupin-681641"}, {"title": "Episode 2 - Expose the Great Trap", "url": "http://www.crunchyroll.com/lupin-the-third-part-3/episode-2-expose-the-great-trap-681643"}, {"title": "Episode 3 - Hello, Hell's Angel", "url": "http://www.crunchyroll.com/lupin-the-third-part-3/episode-3-hello-hells-angel-681645"}, {"title": "Episode 4 - Telepathy Is Love's Signal", "url": "http://www.crunchyroll.com/lupin-the-third-part-3/episode-4-telepathy-is-loves-signal-681647"}, {"title": "Episode 5 - Goemon, the Invincible", "url": "http://www.crunchyroll.com/lupin-the-third-part-3/episode-5-goemon-the-invincible-681649"}, {"title": "Episode 6 - Here Comes Lupin in a Tank", "url": "http://www.crunchyroll.com/lupin-the-third-part-3/episode-6-here-comes-lupin-in-a-tank-681651"}, {"title": "Episode 7 - Garb, the Grim Reaper", "url": "http://www.crunchyroll.com/lupin-the-third-part-3/episode-7-garb-the-grim-reaper-681653"}, {"title": "Episode 8 - Operation Mother Mary Getaway", "url": "http://www.crunchyroll.com/lupin-the-third-part-3/episode-8-operation-mother-mary-getaway-681655"}, {"title": "Episode 9 - Clones Will  Cost You", "url": "http://www.crunchyroll.com/lupin-the-third-part-3/episode-9-clones-will-cost-you-681657"}, {"title": "Episode 10 - A Treasure That Smells Like a Trap", "url": "http://www.crunchyroll.com/lupin-the-third-part-3/episode-10-a-treasure-that-smells-like-a-trap-681659"}, {"title": "Episode 11 - The Ruby Sheds Tears of Blood", "url": "http://www.crunchyroll.com/lupin-the-third-part-3/episode-11-the-ruby-sheds-tears-of-blood-681661"}, {"title": "Episode 12 - The Prisoner Inside the Baltan Manor", "url": "http://www.crunchyroll.com/lupin-the-third-part-3/episode-12-the-prisoner-inside-the-baltan-manor-681663"}, {"title": "Episode 13 - Musical Variation of Monkey Business", "url": "http://www.crunchyroll.com/lupin-the-third-part-3/episode-13-musical-variation-of-monkey-business-681665"}, {"title": "Episode 14 - Care to Play a Kidnapping Game?", "url": "http://www.crunchyroll.com/lupin-the-third-part-3/episode-14-care-to-play-a-kidnapping-game-681667"}, {"title": "Episode 15 - The Killer Comes Silently", "url": "http://www.crunchyroll.com/lupin-the-third-part-3/episode-15-the-killer-comes-silently-681669"}, {"title": "Episode 16 - A Golden Apple Has Its Poison", "url": "http://www.crunchyroll.com/lupin-the-third-part-3/episode-16-a-golden-apple-has-its-poison-681671"}, {"title": "Episode 17 - Are You Really Getting Married?", "url": "http://www.crunchyroll.com/lupin-the-third-part-3/episode-17-are-you-really-getting-married-681673"}, {"title": "Episode 18 - Showtime Smells Of Death", "url": "http://www.crunchyroll.com/lupin-the-third-part-3/episode-18-showtime-smells-of-death-681675"}, {"title": "Episode 19 - Walk The Wilderness Of Betrayal", "url": "http://www.crunchyroll.com/lupin-the-third-part-3/episode-19-walk-the-wilderness-of-betrayal-681677"}, {"title": "Episode 20 - The Man Who Erased His Past", "url": "http://www.crunchyroll.com/lupin-the-third-part-3/episode-20-the-man-who-erased-his-past-681679"}, {"title": "Episode 21 - Farewell, Golden Legend", "url": "http://www.crunchyroll.com/lupin-the-third-part-3/episode-21-farewell-golden-legend-681681"}, {"title": "Episode 22 - Fire Doesn't Suit A Diamond", "url": "http://www.crunchyroll.com/lupin-the-third-part-3/episode-22-fire-doesnt-suit-a-diamond-681683"}, {"title": "Episode 23 - Operation Beirut Mobile Bank Heist", "url": "http://www.crunchyroll.com/lupin-the-third-part-3/episode-23-operation-beirut-mobile-bank-heist-681685"}, {"title": "Episode 24 - Rest In Peace, My Friend", "url": "http://www.crunchyroll.com/lupin-the-third-part-3/episode-24-rest-in-peace-my-friend-681687"}, {"title": "Episode 25 - We're No Angels", "url": "http://www.crunchyroll.com/lupin-the-third-part-3/episode-25-were-no-angels-681689"}, {"title": "Episode 26 - The Ghost Of New York", "url": "http://www.crunchyroll.com/lupin-the-third-part-3/episode-26-the-ghost-of-new-york-681691"}, {"title": "Episode 27 - Code Name Is The Star Of Alaska", "url": "http://www.crunchyroll.com/lupin-the-third-part-3/episode-27-code-name-is-the-star-of-alaska-681693"}, {"title": "Episode 28 - The Star of Alaska Is A Ticket To Hell", "url": "http://www.crunchyroll.com/lupin-the-third-part-3/episode-28-the-star-of-alaska-is-a-ticket-to-hell-681695"}, {"title": "Episode 29 - A Honeymoon To The Moon", "url": "http://www.crunchyroll.com/lupin-the-third-part-3/episode-29-a-honeymoon-to-the-moon-681697"}, {"title": "Episode 30 - The Name Of The Cocktail Is Revenge", "url": "http://www.crunchyroll.com/lupin-the-third-part-3/episode-30-the-name-of-the-cocktail-is-revenge-681699"}, {"title": "Episode 31 - Reversal, Reversal, And Another Reversal", "url": "http://www.crunchyroll.com/lupin-the-third-part-3/episode-31-reversal-reversal-and-another-reversal-681701"}, {"title": "Episode 32 - The 10 Million Dollar Key", "url": "http://www.crunchyroll.com/lupin-the-third-part-3/episode-32-the-10-million-dollar-key-681703"}, {"title": "Episode 33 - Boy Genius Plays A Dangerous Game", "url": "http://www.crunchyroll.com/lupin-the-third-part-3/episode-33-boy-genius-plays-a-dangerous-game-681705"}, {"title": "Episode 34 - Manhattan Crisis", "url": "http://www.crunchyroll.com/lupin-the-third-part-3/episode-34-manhattan-crisis-681707"}, {"title": "Episode 35 - The Target Beyond The Snowy Field", "url": "http://www.crunchyroll.com/lupin-the-third-part-3/episode-35-the-target-beyond-the-snowy-field-681709"}, {"title": "Episode 36 - When The Eagle Descends", "url": "http://www.crunchyroll.com/lupin-the-third-part-3/episode-36-when-the-eagle-descends-681711"}, {"title": "Episode 37 - Pops Rages With Anger", "url": "http://www.crunchyroll.com/lupin-the-third-part-3/episode-37-pops-rages-with-anger-681713"}, {"title": "Episode 38 - Letizia Who Loved Me", "url": "http://www.crunchyroll.com/lupin-the-third-part-3/episode-38-letizia-who-loved-me-681715"}, {"title": "Episode 39 - Give The Gold To My Rival", "url": "http://www.crunchyroll.com/lupin-the-third-part-3/episode-39-give-the-gold-to-my-rival-681717"}, {"title": "Episode 40 - Lottery Ticket Mayhem", "url": "http://www.crunchyroll.com/lupin-the-third-part-3/episode-40-lottery-ticket-mayhem-681719"}, {"title": "Episode 41 - The Night Under Martial Law", "url": "http://www.crunchyroll.com/lupin-the-third-part-3/episode-41-the-night-under-martial-law-681721"}, {"title": "Episode 42 - Steal The Pyramid's Insurance Money", "url": "http://www.crunchyroll.com/lupin-the-third-part-3/episode-42-steal-the-pyramids-insurance-money-681723"}, {"title": "Episode 43 - Farewell, Cinderella", "url": "http://www.crunchyroll.com/lupin-the-third-part-3/episode-43-farewell-cinderella-681725"}, {"title": "Episode 44 - Our Daddies Are A Thief", "url": "http://www.crunchyroll.com/lupin-the-third-part-3/episode-44-our-daddies-are-a-thief-681727"}, {"title": "Episode 45 - A Toast To The Con Game", "url": "http://www.crunchyroll.com/lupin-the-third-part-3/episode-45-a-toast-to-the-con-game-681729"}, {"title": "Episode 46 - My Scrap Metal Wings", "url": "http://www.crunchyroll.com/lupin-the-third-part-3/episode-46-my-scrap-metal-wings-681731"}, {"title": "Episode 47 - The Sinuous Painting", "url": "http://www.crunchyroll.com/lupin-the-third-part-3/episode-47-the-sinuous-painting-681733"}, {"title": "Episode 48 - Hades' Tear", "url": "http://www.crunchyroll.com/lupin-the-third-part-3/episode-48-hades-tear-681735"}, {"title": "Episode 49 - The Day Pops Was Adopted", "url": "http://www.crunchyroll.com/lupin-the-third-part-3/episode-49-the-day-pops-was-adopted-681737"}, {"title": "Episode 50 - Destroy Ivanov, The Atomic Submarine", "url": "http://www.crunchyroll.com/lupin-the-third-part-3/episode-50-destroy-ivanov-the-atomic-submarine-681739"}], "coverImage": {"large": "https://s3.anilist.co/media/anime/cover/medium/1426.jpg", "medium": "https://s3.anilist.co/media/anime/cover/small/1426.jpg"}, "bannerImage": null, "isAdult": false, "format": "TV"}, {"id": 1427, "title": {"romaji": "Lupin III: Return of Pycal", "english": null}, "type": "ANIME", "status": "FINISHED", "description": "Lupin steals an extraordinary gem from a Mediterranean party, only to be interrupted by Pycal, the trickster \"magician\" who had apparently died fighting Lupin early in his career. Pycal, now armed with real magical abilities, is determined to take revenge. <br><br>\n(Source: ANN)", "startDate": {"year": 2002, "month": 4, "day": 3}, "endDate": {"year": 2002, "month": 4, "day": 3}, "season": "SPRING", "episodes": 1, "duration": 50, "genres": ["Adventure", "Comedy"], "averageScore": 52, "trending": 0, "popularity": 366, "streamingEpisodes": [], "coverImage": {"large": "https://s3.anilist.co/media/anime/cover/medium/1427.jpg", "medium": "https://s3.anilist.co/media/anime/cover/small/1427.jpg"}, "bannerImage": null, "isAdult": false, "format": "OVA"}, {"id": 1428, "title": {"romaji": "Lupin III: Secret File", "english": null}, "type": "ANIME", "status": "FINISHED", "description": "\"Lupin III: Secret File\" is actually a compilation of remastered version of the Lupin III: Pilot Film and four film trailers. The trailers are for the first four Lupin films: \"Lupin vs. the Clone\", \"Castle of Cagliostro\", \"Legend of the Gold of Babylon\" and \"The Fuma Conspiracy\".<br><br>\nIn 1989 \"Lupin III: Secret File 2 - Sound Collection\" was released consisting of openings and endings of all previous Lupin series and theme songs.", "startDate": {"year": 1978, "month": null, "day": null}, "endDate": {"year": 1978, "month": null, "day": null}, "season": null, "episodes": 1, "duration": 35, "genres": ["Adventure", "Comedy"], "averageScore": 54, "trending": 0, "popularity": 328, "streamingEpisodes": [], "coverImage": {"large": "https://s3.anilist.co/media/anime/cover/medium/1428.jpg", "medium": "https://s3.anilist.co/media/anime/cover/small/1428.jpg"}, "bannerImage": null, "isAdult": false, "format": "OVA"}, {"id": 1429, "title": {"romaji": "Lupin III: Stolen Lupin", "english": null}, "type": "ANIME", "status": "FINISHED", "description": " In the middle of an airborne heist, Lupin goes from stealing to stolen as he's carted off and forced to do a job for a mysterious man identifiable only by the brand of cigarette he smokes. Lupin's mission: to steal the infamous \"Bull's Eye\", a small green jewel best-known for the fact that everyone who's ever stolen it has ended up dead. Along with the challenge of alternately evading and pursuing a young thief with a competitive streak, Lupin and the gang must unravel the mystery of the Bull's Eye before its curse - or their mysterious taskmaster - gets the better of them. <br><br>\n(Source: ANN)", "startDate": {"year": 2004, "month": 7, "day": 30}, "endDate": {"year": 2004, "month": 7, "day": 30}, "season": "SUMMER", "episodes": 1, "duration": 91, "genres": ["Adventure", "Comedy"], "averageScore": 62, "trending": 0, "popularity": 380, "streamingEpisodes": [], "coverImage": {"large": "https://s3.anilist.co/media/anime/cover/medium/1429.jpg", "medium": "https://s3.anilist.co/media/anime/cover/small/1429.jpg"}, "bannerImage": null, "isAdult": false, "format": "SPECIAL"}, {"id": 1430, "title": {"romaji": "Lupin III: Cagliostro no Shiro", "english": "Lupin III: The Castle of Cagliostro"}, "type": "ANIME", "status": "FINISHED", "description": "After a successful casino heist, master thief Lupin III and his accomplice Jigen discover they've been saddled with counterfeit money. They head to the supposed source, Cagliostro, only to find themselves trying to save the duchy's princess, Clarisse, from an arranged marriage to the evil Count of Cagliostro. Lupin gets further help from the samurai Goemon, the lady thief Fujiko Mine, and his Interpol nemesis Inspector Zenigata to stop the Count from finding the ancient treasure hidden in the royal family's castle.\n<br><br>\n(Source: ANN, edited)", "startDate": {"year": 1979, "month": 12, "day": 15}, "endDate": {"year": 1979, "month": 12, "day": 15}, "season": "WINTER", "episodes": 1, "duration": 100, "genres": ["Adventure", "Comedy"], "averageScore": 79, "trending": 0, "popularity": 4251, "streamingEpisodes": [], "coverImage": {"large": "https://s3.anilist.co/media/anime/cover/medium/1430-C14CX2yH0NHD.jpg", "medium": "https://s3.anilist.co/media/anime/cover/small/1430-C14CX2yH0NHD.jpg"}, "bannerImage": "https://s3.anilist.co/media/anime/banner/1430-Od2aAvSnJ8LU.jpg", "isAdult": false, "format": "MOVIE"}, {"id": 1432, "title": {"romaji": "Lupin III: Fuuma Ichizoku no Inbou", "english": "Lupin the 3rd: The Fuma Conspiracy"}, "type": "ANIME", "status": "FINISHED", "description": "Goemon's wedding to Murasaki Inabe, daughter of a samurai clan's leader, is interrupted when the Fuma ninjas attack, kidnapping the bride-to-be and demanding her family's ancient treasure as ransom. Lupin, Jigen, Goemon and Fujiko work together once again to try to save Murasaki and get to the treasure before the Fuma can steal it. <br><br>\n(Source: ANN)", "startDate": {"year": 1987, "month": null, "day": null}, "endDate": {"year": 1987, "month": null, "day": null}, "season": null, "episodes": 1, "duration": 73, "genres": ["Adventure", "Comedy"], "averageScore": 66, "trending": 0, "popularity": 618, "streamingEpisodes": [], "coverImage": {"large": "https://s3.anilist.co/media/anime/cover/medium/nx1432-gJjzQHpyDvor.png", "medium": "https://s3.anilist.co/media/anime/cover/small/nx1432-gJjzQHpyDvor.png"}, "bannerImage": "https://s3.anilist.co/media/anime/banner/1432-FxVXMMY5zWIn.jpg", "isAdult": false, "format": "MOVIE"}]}}}