{"data": {"Page": {"pageInfo": {"total": 12297, "hasNextPage": true}, "media": [{"id": 8604, "title": {"romaji": "Oshiri Kajiri Mushi", "english": null}, "type": "ANIME", "status": "FINISHED", "description": "A funny video about a magical bug that likes to bite the people's derriere. The song was intended to encourage people who live in big cities to spontaneously interact with each other.", "startDate": {"year": 2007, "month": 6, "day": 16}, "endDate": {"year": 2007, "month": 6, "day": 16}, "season": "SUMMER", "episodes": 1, "duration": 3, "genres": ["Comedy"], "averageScore": null, "trending": 0, "popularity": 86, "streamingEpisodes": [], "coverImage": {"large": "https://s3.anilist.co/media/anime/cover/medium/8604.jpg", "medium": "https://s3.anilist.co/media/anime/cover/small/8604.jpg"}, "bannerImage": null, "isAdult": false, "format": "MUSIC"}, {"id": 8609, "title": {"romaji": "Meitantei Conan OVA 10: Kid in Trap Island", "english": "Case Closed OVA 10: Kid in Trap Island"}, "type": "ANIME", "status": "FINISHED", "description": "In this entirely new story produced specifically for the DVD, Conan leads a group of young detectives against the phantom thief Kaitou Kid, who has his eyes set on a jewel at a hotel on an isolated island.<br><br>\n(Source: ANN)", "startDate": {"year": 2010, "month": 4, "day": 14}, "endDate": {"year": 2010, "month": 4, "day": 14}, "season": "SPRING", "episodes": 1, "duration": 24, "genres": ["Adventure", "Comedy", "Mystery"], "averageScore": 72, "trending": 0, "popularity": 918, "streamingEpisodes": [], "coverImage": {"large": "https://s3.anilist.co/media/anime/cover/medium/8609.jpg", "medium": "https://s3.anilist.co/media/anime/cover/small/8609.jpg"}, "bannerImage": null, "isAdult": false, "format": "OVA"}, {"id": 8619, "title": {"romaji": "Ladies versus Butlers! Tokuten Disc Music Clip", "english": null}, "type": "ANIME", "status": "FINISHED", "description": "Special music clip released on DVD.", "startDate": {"year": 2010, "month": 3, "day": 26}, "endDate": {"year": 2010, "month": 3, "day": 26}, "season": "SPRING", "episodes": 1, "duration": 3, "genres": ["Ecchi", "Music"], "averageScore": 51, "trending": 0, "popularity": 740, "streamingEpisodes": [], "coverImage": {"large": "https://s3.anilist.co/media/anime/cover/medium/8619.jpg", "medium": "https://s3.anilist.co/media/anime/cover/small/8619.jpg"}, "bannerImage": null, "isAdult": false, "format": "SPECIAL"}, {"id": 8624, "title": {"romaji": "Digimon Xros Wars", "english": "Digimon Fusion"}, "type": "ANIME", "status": "FINISHED", "description": "Taiki Kudou, an upbeat seventh-grade boy who always helps people in need, encounters a Digimon named Shoutmon, who brings him and his friends to the Digital World. With his friends Akari Hinomoto and Zenjirou Tsurugi, they form Team Xros Heart to compete against rival teams battling for supremacy, with their ultimate goal of taking down the evil Bagura Empire, who plans to conquer the Digital World.<br><br>\n(Source: ANN)", "startDate": {"year": 2010, "month": 7, "day": 6}, "endDate": {"year": 2011, "month": 3, "day": 8}, "season": "SUMMER", "episodes": 30, "duration": 25, "genres": ["Action", "Adventure", "Comedy", "Fantasy"], "averageScore": 63, "trending": 0, "popularity": 2023, "streamingEpisodes": [{"title": "Episode 1 - Taiki Goes to Another World!", "url": "http://www.crunchyroll.com/digimon-xros-wars-the-young-hunters-who-leapt-through-time/episode-1-taiki-goes-to-another-world-596731"}, {"title": "Episode 2 - Shoutmon Roars!", "url": "http://www.crunchyroll.com/digimon-xros-wars-the-young-hunters-who-leapt-through-time/episode-2-shoutmon-roars-596733"}, {"title": "Episode 3 - The Rival, Kiriha, Appears!", "url": "http://www.crunchyroll.com/digimon-xros-wars-the-young-hunters-who-leapt-through-time/episode-3-the-rival-kiriha-appears-596735"}, {"title": "Episode 4 - Upheaval in the Island Zone!", "url": "http://www.crunchyroll.com/digimon-xros-wars-the-young-hunters-who-leapt-through-time/episode-4-upheaval-in-the-island-zone-596737"}, {"title": "Episode 5 - The DigiMemory Shines!", "url": "http://www.crunchyroll.com/digimon-xros-wars-the-young-hunters-who-leapt-through-time/episode-5-the-digimemory-shines-596739"}, {"title": "Episode 6 - X4 Breaks Through the Crisis!", "url": "http://www.crunchyroll.com/digimon-xros-wars-the-young-hunters-who-leapt-through-time/episode-6-x4-breaks-through-the-crisis-596741"}, {"title": "Episode 7 - A Volcanic Digimon's Big Explosion!", "url": "http://www.crunchyroll.com/digimon-xros-wars-the-young-hunters-who-leapt-through-time/episode-7-a-volcanic-digimons-big-explosion-596743"}, {"title": "Episode 8 - The Brave General Tactimon Approaches!", "url": "http://www.crunchyroll.com/digimon-xros-wars-the-young-hunters-who-leapt-through-time/episode-8-the-brave-general-tactimon-approaches-596749"}, {"title": "Episode 9 - Dorulumon Runs with the Wind!", "url": "http://www.crunchyroll.com/digimon-xros-wars-the-young-hunters-who-leapt-through-time/episode-9-dorulumon-runs-with-the-wind-596751"}, {"title": "Episode 10 - Taiki Becomes a Knight!", "url": "http://www.crunchyroll.com/digimon-xros-wars-the-young-hunters-who-leapt-through-time/episode-10-taiki-becomes-a-knight-596753"}, {"title": "Episode 11 - Burn, Xros Heart!", "url": "http://www.crunchyroll.com/digimon-xros-wars-the-young-hunters-who-leapt-through-time/episode-11-burn-xros-heart-596755"}, {"title": "Episode 12 - Big Adventure in the Sand Zone Ruins!", "url": "http://www.crunchyroll.com/digimon-xros-wars-the-young-hunters-who-leapt-through-time/episode-12-big-adventure-in-the-sand-zone-ruins-596757"}, {"title": "Episode 13 - Taiki, Warrior of the Goddess!", "url": "http://www.crunchyroll.com/digimon-xros-wars-the-young-hunters-who-leapt-through-time/episode-13-taiki-warrior-of-the-goddess-596759"}, {"title": "Episode 14 - The Dance of the Warrior, Beelzebumon!", "url": "http://www.crunchyroll.com/digimon-xros-wars-the-young-hunters-who-leapt-through-time/episode-14-the-dance-of-the-warrior-beelzebumon-596761"}, {"title": "Episode 15 - Heaven Zone, A Trap in Paradise!", "url": "http://www.crunchyroll.com/digimon-xros-wars-the-young-hunters-who-leapt-through-time/episode-15-heaven-zone-a-trap-in-paradise-596763"}, {"title": "Episode 16 - The Black Knight Digimon Appears!", "url": "http://www.crunchyroll.com/digimon-xros-wars-the-young-hunters-who-leapt-through-time/episode-16-the-black-knight-digimon-appears-596765"}, {"title": "Episode 17 - A Miraculous DigiXros! Shoutmon X5 Takes Flight!", "url": "http://www.crunchyroll.com/digimon-xros-wars-the-young-hunters-who-leapt-through-time/episode-17-a-miraculous-digixros-shoutmon-x5-takes-flight-596767"}, {"title": "Episode 18 - Stingmon, Hero of the Digimon Jungle", "url": "http://www.crunchyroll.com/digimon-xros-wars-the-young-hunters-who-leapt-through-time/episode-18-stingmon-hero-of-the-digimon-jungle-596769"}, {"title": "Episode 19 - The Legendary Deckerdramon Stirs!", "url": "http://www.crunchyroll.com/digimon-xros-wars-the-young-hunters-who-leapt-through-time/episode-19-the-legendary-deckerdramon-stirs-596771"}, {"title": "Episode 20 - Dust Zone, GrandLocomon's Great Scrap City!", "url": "http://www.crunchyroll.com/digimon-xros-wars-the-young-hunters-who-leapt-through-time/episode-20-dust-zone-grandlocomons-great-scrap-city-596773"}, {"title": "Episode 21 - The Decisive Battle! DarkKnightmon vs. Xros Heart!", "url": "http://www.crunchyroll.com/digimon-xros-wars-the-young-hunters-who-leapt-through-time/episode-21-the-decisive-battle-darkknightmon-vs-xros-heart-596775"}, {"title": "Episode 22 - Wisemon and the Secrets of the Digital World!", "url": "http://www.crunchyroll.com/digimon-xros-wars-the-young-hunters-who-leapt-through-time/episode-22-wisemon-and-the-secrets-of-the-digital-world-596777"}, {"title": "Episode 23 - Shinobi Zone, the Comic Ninja Battle!", "url": "http://www.crunchyroll.com/digimon-xros-wars-the-young-hunters-who-leapt-through-time/episode-23-shinobi-zone-the-comic-ninja-battle-596779"}, {"title": "Episode 24 - The Underachieving Monitamons Give It Their All!", "url": "http://www.crunchyroll.com/digimon-xros-wars-the-young-hunters-who-leapt-through-time/episode-24-the-underachieving-monitamons-give-it-their-all-596781"}, {"title": "Episode 25 - A Zone Collapses! Sparks Fly Between Taiki and Kiriha!", "url": "http://www.crunchyroll.com/digimon-xros-wars-the-young-hunters-who-leapt-through-time/episode-25-a-zone-collapses-sparks-fly-between-taiki-and-kiriha-596783"}, {"title": "Episode 26 - Shoutmon and the Proof of a King!", "url": "http://www.crunchyroll.com/digimon-xros-wars-the-young-hunters-who-leapt-through-time/episode-26-shoutmon-and-the-proof-of-a-king-596785"}, {"title": "Episode 27 - Sweets Zone! The Battle of the Sweet Tooth Digimon!", "url": "http://www.crunchyroll.com/digimon-xros-wars-the-young-hunters-who-leapt-through-time/episode-27-sweets-zone-the-battle-of-the-sweet-tooth-digimon-596787"}, {"title": "Episode 28 - Ultimate Weapon Activated! You Can Do It, Cutemon!", "url": "http://www.crunchyroll.com/digimon-xros-wars-the-young-hunters-who-leapt-through-time/episode-28-ultimate-weapon-activated-you-can-do-it-cutemon-596789"}, {"title": "Episode 29 - Taiki and Kiriha VS The Bagra Army: The Full-Scale Showdown!", "url": "http://www.crunchyroll.com/digimon-xros-wars-the-young-hunters-who-leapt-through-time/episode-29-taiki-and-kiriha-vs-the-bagra-army-the-full-scale-showdown-596791"}, {"title": "Episode 30 - The Start of a New Journey!! The Great Tokyo Showdown!!", "url": "http://www.crunchyroll.com/digimon-xros-wars-the-young-hunters-who-leapt-through-time/episode-30-the-start-of-a-new-journey-the-great-tokyo-showdown-596793"}, {"title": "Episode 31 - To a New World! The Fire Fury General's Dragon Land", "url": "http://www.crunchyroll.com/digimon-xros-wars-the-young-hunters-who-leapt-through-time/episode-31-to-a-new-world-the-fire-fury-generals-dragon-land-596795"}, {"title": "Episode 32 - Stand Up, Kiriha! Xros Heart's Rescue Strategy", "url": "http://www.crunchyroll.com/digimon-xros-wars-the-young-hunters-who-leapt-through-time/episode-32-stand-up-kiriha-xros-hearts-rescue-strategy-596797"}, {"title": "Episode 33 - Spine-tingling! The Moon Light General's Vampire Land", "url": "http://www.crunchyroll.com/digimon-xros-wars-the-young-hunters-who-leapt-through-time/episode-33-spine-tingling-the-moon-light-generals-vampire-land-596799"}, {"title": "Episode 34 - Don't Die, Greymon! The Birth of Shoutmon DX", "url": "http://www.crunchyroll.com/digimon-xros-wars-the-young-hunters-who-leapt-through-time/episode-34-dont-die-greymon-the-birth-of-shoutmon-dx-596801"}, {"title": "Episode 35 - Power is Absorbed! The Hunters of Honey Land", "url": "http://www.crunchyroll.com/digimon-xros-wars-the-young-hunters-who-leapt-through-time/episode-35-power-is-absorbed-the-hunters-of-honey-land-596803"}, {"title": "Episode 36 - The Laughing Hunter! General Zamielmon the Wood Spirit", "url": "http://www.crunchyroll.com/digimon-xros-wars-the-young-hunters-who-leapt-through-time/episode-36-the-laughing-hunter-general-zamielmon-the-wood-spirit-596805"}, {"title": "Episode 37 - Why, Brother, Why?! The Enemy General Yuu's Nightmare", "url": "http://www.crunchyroll.com/digimon-xros-wars-the-young-hunters-who-leapt-through-time/episode-37-why-brother-why-the-enemy-general-yuus-nightmare-596807"}, {"title": "Episode 38 - The Mysterious Cyber Land! The Girl of the Steel City", "url": "http://www.crunchyroll.com/digimon-xros-wars-the-young-hunters-who-leapt-through-time/episode-38-the-mysterious-cyber-land-the-girl-of-the-steel-city-596809"}, {"title": "Episode 39 - Xros Heart in Danger of Division! The Water Tiger General's Despicable Trap!", "url": "http://www.crunchyroll.com/digimon-xros-wars-the-young-hunters-who-leapt-through-time/episode-39-xros-heart-in-danger-of-division-the-water-tiger-generals-despicable-trap-596811"}, {"title": "Episode 40 - The Merry Pirates Appear! Set Sail for Gold Land!!", "url": "http://www.crunchyroll.com/digimon-xros-wars-the-young-hunters-who-leapt-through-time/episode-40-the-merry-pirates-appear-set-sail-for-gold-land-596813"}, {"title": "Episode 41 - Olegmon the Gold Thief Laughs! Farewell, Xros Heart!", "url": "http://www.crunchyroll.com/digimon-xros-wars-the-young-hunters-who-leapt-through-time/episode-41-olegmon-the-gold-thief-laughs-farewell-xros-heart-596815"}, {"title": "Episode 42 - Whispering to Kiriha! The Earth God General of the Canyon, The Devil's Temptation!", "url": "http://www.crunchyroll.com/digimon-xros-wars-the-young-hunters-who-leapt-through-time/episode-42-whispering-to-kiriha-the-earth-god-general-of-the-canyon-the-devils-temptation-596817"}, {"title": "Episode 43 - With Strong Love! Deckerdramon's Final Shout!!", "url": "http://www.crunchyroll.com/digimon-xros-wars-the-young-hunters-who-leapt-through-time/episode-43-with-strong-love-deckerdramons-final-shout-596819"}, {"title": "Episode 44 - X7 of Friendship! The Epic Battle with Gravimon!!", "url": "http://www.crunchyroll.com/digimon-xros-wars-the-young-hunters-who-leapt-through-time/episode-44-x7-of-friendship-the-epic-battle-with-gravimon-596821"}, {"title": "Episode 45 - The Final Kingdom, Bright Land of the Shining Sun", "url": "http://www.crunchyroll.com/digimon-xros-wars-the-young-hunters-who-leapt-through-time/episode-45-the-final-kingdom-bright-land-of-the-shining-sun-596823"}, {"title": "Episode 46 - Life or Death, Hell's Battle of the Generals!", "url": "http://www.crunchyroll.com/digimon-xros-wars-the-young-hunters-who-leapt-through-time/episode-46-life-or-death-hells-battle-of-the-generals-596825"}, {"title": "Episode 47 - Taiki vs. Yuu, the Boy Generals Face Off!!", "url": "http://www.crunchyroll.com/digimon-xros-wars-the-young-hunters-who-leapt-through-time/episode-47-taiki-vs-yuu-the-boy-generals-face-off-596827"}, {"title": "Episode 48 - Beelzebumon Vanishes Into the Light!", "url": "http://www.crunchyroll.com/digimon-xros-wars-the-young-hunters-who-leapt-through-time/episode-48-beelzebumon-vanishes-into-the-light-596829"}, {"title": "Episode 49 - Taiki's Decision! Surpass Apollomon, the Strongest of All!", "url": "http://www.crunchyroll.com/digimon-xros-wars-the-young-hunters-who-leapt-through-time/episode-49-taikis-decision-surpass-apollomon-the-strongest-of-all-596831"}, {"title": "Episode 50 - Reborn! All Seven Death Generals Appear!!", "url": "http://www.crunchyroll.com/digimon-xros-wars-the-young-hunters-who-leapt-through-time/episode-50-reborn-all-seven-death-generals-appear-596833"}, {"title": "Episode 51 - For the Future of the Digital World! Friendship with the Death Generals!", "url": "http://www.crunchyroll.com/digimon-xros-wars-the-young-hunters-who-leapt-through-time/episode-51-for-the-future-of-the-digital-world-friendship-with-the-death-generals-596835"}, {"title": "Episode 52 - The Bagra Brothers' Bond of Darkness!", "url": "http://www.crunchyroll.com/digimon-xros-wars-the-young-hunters-who-leapt-through-time/episode-52-the-bagra-brothers-bond-of-darkness-596837"}, {"title": "Episode 53 - Drawing Nigh! The End of the Human World, D5!!", "url": "http://www.crunchyroll.com/digimon-xros-wars-the-young-hunters-who-leapt-through-time/episode-53-drawing-nigh-the-end-of-the-human-world-d5-596839"}, {"title": "Episode 54 - DigiXros of Glory, Take Hold of Our Future!!", "url": "http://www.crunchyroll.com/digimon-xros-wars-the-young-hunters-who-leapt-through-time/episode-54-digixros-of-glory-take-hold-of-our-future-596841"}], "coverImage": {"large": "https://s3.anilist.co/media/anime/cover/medium/8624.jpg", "medium": "https://s3.anilist.co/media/anime/cover/small/8624.jpg"}, "bannerImage": "https://s3.anilist.co/media/anime/banner/8624-D6AC2IKEvlQ1.jpg", "isAdult": false, "format": "TV"}, {"id": 8626, "title": {"romaji": "Good Morning", "english": null}, "type": "ANIME", "status": "FINISHED", "description": "A not so \"good morning\" greets a little bear as he tries desperately to reach his destination on time but is hampered by improbable obstacles along the way. Directed and produced by Takashi Murakami of \"Superflat Monogram\" fame.", "startDate": {"year": 2008, "month": 4, "day": 16}, "endDate": {"year": 2008, "month": 4, "day": 16}, "season": "SPRING", "episodes": 1, "duration": 3, "genres": ["Music", "Slice of Life"], "averageScore": 51, "trending": 0, "popularity": 422, "streamingEpisodes": [], "coverImage": {"large": "https://s3.anilist.co/media/anime/cover/medium/8626.jpg", "medium": "https://s3.anilist.co/media/anime/cover/small/8626.jpg"}, "bannerImage": "https://s3.anilist.co/media/anime/banner/8626-mzzh8vmsGq8W.jpg", "isAdult": false, "format": "MUSIC"}, {"id": 8628, "title": {"romaji": "Chains & Rings", "english": "Chains & Rings"}, "type": "ANIME", "status": "FINISHED", "description": "Music video for the song Chains &amp; Rings by Linda, created by Production I.G.", "startDate": {"year": 2006, "month": null, "day": null}, "endDate": {"year": 2006, "month": null, "day": null}, "season": null, "episodes": 1, "duration": 3, "genres": ["Fantasy"], "averageScore": 49, "trending": 0, "popularity": 116, "streamingEpisodes": [], "coverImage": {"large": "https://s3.anilist.co/media/anime/cover/medium/8628.jpg", "medium": "https://s3.anilist.co/media/anime/cover/small/8628.jpg"}, "bannerImage": null, "isAdult": false, "format": "MUSIC"}, {"id": 8630, "title": {"romaji": "Hidan no Aria", "english": "Aria the Scarlet Ammo"}, "type": "ANIME", "status": "FINISHED", "description": "Kinji is a junior at a high school for mercenaries. He just wants to be normal, but his secret condition&mdash;he turns into an ace killer when he's turned on by the female form&mdash;triggers a fiery transfer student's unrelenting desire to make him her partner. <br><br>\n(Source: FUNimation) ", "startDate": {"year": 2011, "month": 4, "day": 15}, "endDate": {"year": 2011, "month": 7, "day": 1}, "season": "SPRING", "episodes": 12, "duration": 24, "genres": ["Action", "Comedy", "Romance"], "averageScore": 65, "trending": 0, "popularity": 15471, "streamingEpisodes": [], "coverImage": {"large": "https://s3.anilist.co/media/anime/cover/medium/8630.jpg", "medium": "https://s3.anilist.co/media/anime/cover/small/8630.jpg"}, "bannerImage": "https://s3.anilist.co/media/anime/banner/8630.jpg", "isAdult": false, "format": "TV"}, {"id": 8631, "title": {"romaji": "YanYan Machiko", "english": null}, "type": "ANIME", "status": "FINISHED", "description": "A comedy anime about the life of Machiko, a sheep girl who lives in the Champs-\u00c9lys\u00e9es shopping district.", "startDate": {"year": 2009, "month": 12, "day": 24}, "endDate": {"year": 2012, "month": 7, "day": 13}, "season": "WINTER", "episodes": 9, "duration": 2, "genres": ["Comedy", "Slice of Life"], "averageScore": null, "trending": 0, "popularity": 61, "streamingEpisodes": [], "coverImage": {"large": "https://s3.anilist.co/media/anime/cover/medium/8631.jpg", "medium": "https://s3.anilist.co/media/anime/cover/small/8631.jpg"}, "bannerImage": null, "isAdult": false, "format": "ONA"}, {"id": 8632, "title": {"romaji": "Chuuzumou", "english": null}, "type": "ANIME", "status": "FINISHED", "description": "Once upon a time, there lived an old man and his wife in a mountain. One night, he found a bunch of mice heading to somewhere. He followed them and saw the mice playing Sumo. The man and his wife happened to know the mice living in their house always lose the matches, and they gave them some foods to support the team.", "startDate": {"year": 2010, "month": 1, "day": 3}, "endDate": {"year": 2010, "month": 1, "day": 3}, "season": "WINTER", "episodes": 1, "duration": 13, "genres": ["Comedy"], "averageScore": null, "trending": 0, "popularity": 134, "streamingEpisodes": [], "coverImage": {"large": "https://s3.anilist.co/media/anime/cover/medium/8632.jpg", "medium": "https://s3.anilist.co/media/anime/cover/small/8632.jpg"}, "bannerImage": null, "isAdult": false, "format": "MOVIE"}, {"id": 8634, "title": {"romaji": "Koi Suru Boukun", "english": null}, "type": "ANIME", "status": "FINISHED", "description": "Being in love with your not-gay senpai isn't easy, but being in love with your not-gay, homophobic and (to top it off) tyrannical senpai can be hell! And that's something Tetsuhiro Morinaga can relate to... especially now that he's had a taste of the forbidden fruit! ", "startDate": {"year": 2010, "month": 6, "day": 25}, "endDate": {"year": 2010, "month": 11, "day": 27}, "season": "SUMMER", "episodes": 2, "duration": 29, "genres": [], "averageScore": 65, "trending": 0, "popularity": 1775, "streamingEpisodes": [], "coverImage": {"large": "https://s3.anilist.co/media/anime/cover/medium/8634.jpg", "medium": "https://s3.anilist.co/media/anime/cover/small/8634.jpg"}, "bannerImage": null, "isAdult": false, "format": "OVA"}, {"id": 8635, "title": {"romaji": "Shin Koihime\u2020Musou: Live Revolution", "english": null}, "type": "ANIME", "status": "FINISHED", "description": "Shin Koihime&dagger;Musou characters sing theme songs on stage at a live event.", "startDate": {"year": 2010, "month": 3, "day": 17}, "endDate": {"year": 2010, "month": 3, "day": 17}, "season": "SPRING", "episodes": 1, "duration": 22, "genres": ["Ecchi", "Music"], "averageScore": 59, "trending": 0, "popularity": 429, "streamingEpisodes": [], "coverImage": {"large": "https://s3.anilist.co/media/anime/cover/medium/8635.jpg", "medium": "https://s3.anilist.co/media/anime/cover/small/8635.jpg"}, "bannerImage": null, "isAdult": false, "format": "OVA"}, {"id": 8643, "title": {"romaji": "Asatte Dance", "english": "Dance Till Tomorrow"}, "type": "ANIME", "status": "FINISHED", "description": "Suekichi goes to university and has, as any Japanese university student, time for hobbies. Things change when he attends his great grandfather's funeral and wakes the next morning in his room with a very sexy girl besides him. His great grandfather has left him a *little* inheritance but there are some conditions. Meanwhile, sexy Aya keeps hanging around and refuses to go away. The beginning of a strange relationship which revolves around suspicions and desire. <br><br>\n(Source: Baka-Updates Manga)", "startDate": {"year": 1991, "month": 7, "day": 25}, "endDate": {"year": 1991, "month": 10, "day": 21}, "season": "SUMMER", "episodes": 2, "duration": 42, "genres": ["Comedy", "Drama", "Ecchi", "Romance"], "averageScore": null, "trending": 0, "popularity": 71, "streamingEpisodes": [], "coverImage": {"large": "https://s3.anilist.co/media/anime/cover/medium/8643.jpg", "medium": "https://s3.anilist.co/media/anime/cover/small/8643.jpg"}, "bannerImage": null, "isAdult": false, "format": "OVA"}, {"id": 8644, "title": {"romaji": "Sylvanian Families", "english": "Sylvanian Families - Magic Tricks And Other Adventures"}, "type": "ANIME", "status": "FINISHED", "description": "Enter the world of the Sylvanians, a community of tiny anthropomorphized animals who have the same difficulties that people do. But the Sylvanians are often able to work through those dilemmas, teaching the children who join them valuable life lessons.<br><br>\n(Source: Amazon.co.uk)<br>", "startDate": {"year": 2007, "month": 6, "day": 20}, "endDate": {"year": 2007, "month": 6, "day": 20}, "season": "SUMMER", "episodes": 3, "duration": 30, "genres": ["Comedy", "Fantasy"], "averageScore": null, "trending": 0, "popularity": 18, "streamingEpisodes": [], "coverImage": {"large": "https://s3.anilist.co/media/anime/cover/medium/8644.jpg", "medium": "https://s3.anilist.co/media/anime/cover/small/8644.jpg"}, "bannerImage": null, "isAdult": false, "format": "OVA"}, {"id": 8645, "title": {"romaji": "Kitte no Nai Okurimono", "english": null}, "type": "ANIME", "status": "FINISHED", "description": "This catchy Minna no Uta tune is sung by Kazuo Zaitsu with animation done by Taku Furukawa.", "startDate": {"year": 1996, "month": 6, "day": 7}, "endDate": {"year": 1996, "month": 6, "day": 7}, "season": "SUMMER", "episodes": 1, "duration": 2, "genres": ["Music"], "averageScore": null, "trending": 0, "popularity": 51, "streamingEpisodes": [], "coverImage": {"large": "https://s3.anilist.co/media/anime/cover/medium/8645.jpg", "medium": "https://s3.anilist.co/media/anime/cover/small/8645.jpg"}, "bannerImage": null, "isAdult": false, "format": "MUSIC"}, {"id": 8646, "title": {"romaji": "44 Hiki no Neko", "english": null}, "type": "ANIME", "status": "FINISHED", "description": "The Japanese version of the 1968 '44 Gatti,' an Italian song from the TV program Zecchino D'Oro. It was introduced in the Japanese NHK TV program 'Minna no Uta' in 1969.", "startDate": {"year": 1969, "month": null, "day": null}, "endDate": {"year": 1969, "month": null, "day": null}, "season": null, "episodes": 1, "duration": 3, "genres": ["Music"], "averageScore": 41, "trending": 0, "popularity": 145, "streamingEpisodes": [], "coverImage": {"large": "https://s3.anilist.co/media/anime/cover/medium/8646.jpg", "medium": "https://s3.anilist.co/media/anime/cover/small/8646.jpg"}, "bannerImage": null, "isAdult": false, "format": "MUSIC"}, {"id": 8647, "title": {"romaji": "Kihachiro Kawamoto's Self-Portrait", "english": null}, "type": "ANIME", "status": "FINISHED", "description": "A stop motion short film by Kihachiro Kawamoto. This short film humorously shows what happens when the artist creates a being that insists on 'creating' the artist.", "startDate": {"year": 1988, "month": null, "day": null}, "endDate": {"year": 1988, "month": null, "day": null}, "season": null, "episodes": 1, "duration": 1, "genres": ["Comedy"], "averageScore": 41, "trending": 0, "popularity": 94, "streamingEpisodes": [], "coverImage": {"large": "https://s3.anilist.co/media/anime/cover/medium/8647.jpg", "medium": "https://s3.anilist.co/media/anime/cover/small/8647.jpg"}, "bannerImage": null, "isAdult": false, "format": "SPECIAL"}, {"id": 8648, "title": {"romaji": "Break Blade Picture Drama", "english": "Broken Blade Picture Drama"}, "type": "ANIME", "status": "FINISHED", "description": "DVD/BD extra.", "startDate": {"year": 2010, "month": 7, "day": 23}, "endDate": {"year": 2011, "month": 7, "day": 22}, "season": "SUMMER", "episodes": 6, "duration": 2, "genres": ["Comedy", "Fantasy"], "averageScore": 57, "trending": 0, "popularity": 456, "streamingEpisodes": [], "coverImage": {"large": "https://s3.anilist.co/media/anime/cover/medium/8648.jpg", "medium": "https://s3.anilist.co/media/anime/cover/small/8648.jpg"}, "bannerImage": null, "isAdult": false, "format": "SPECIAL"}, {"id": 8651, "title": {"romaji": "Newmanoid Cam", "english": null}, "type": "ANIME", "status": "FINISHED", "description": "Released as a bonus to volume 2 of limited edition Newmanoid Cam adult manga by Urotan.<br>\n<br>\nTo prevent crime, genetic make-up is created with a new race, Newmanoid. Cam and Scott as Newmanoid are in charge of maintaining and monitoring the order in the otaku event. Not unexpectedly they both thought of as a new hentai anime Cosplayer recently popular. Trying to pretend to be Cosplayer, They are both far apart because of the crowd. Full of otaku, Cam continues to be photographed and asked to satisfy masturbation desire.<br>\n<br>\n(Source: Nekopoi and Has Been Translated and Edited)", "startDate": {"year": 2010, "month": 4, "day": 19}, "endDate": {"year": 2010, "month": 4, "day": 19}, "season": "SPRING", "episodes": 1, "duration": 16, "genres": ["Hentai"], "averageScore": 53, "trending": 0, "popularity": 234, "streamingEpisodes": [], "coverImage": {"large": "https://s3.anilist.co/media/anime/cover/medium/8651.jpg", "medium": "https://s3.anilist.co/media/anime/cover/small/8651.jpg"}, "bannerImage": null, "isAdult": true, "format": "OVA"}, {"id": 8653, "title": {"romaji": "Mahou Shoujo Isuka", "english": null}, "type": "ANIME", "status": "FINISHED", "description": "The evil stone conceives a part of the king of the hell's power in a different world. To prevent his revival, the stone is implanted into a body of a magical girl! Now the clans from the hell follow after her. The evil stone cannot be regained by a simple destruction of the body. Thus, they start disgracing the magical girl in various ways!<br><br>\n(Source: dlsite)", "startDate": {"year": 2010, "month": 4, "day": 24}, "endDate": {"year": 2011, "month": 8, "day": 26}, "season": "SPRING", "episodes": 3, "duration": 30, "genres": ["Hentai"], "averageScore": 51, "trending": 0, "popularity": 315, "streamingEpisodes": [], "coverImage": {"large": "https://s3.anilist.co/media/anime/cover/medium/8653.jpg", "medium": "https://s3.anilist.co/media/anime/cover/small/8653.jpg"}, "bannerImage": null, "isAdult": true, "format": "OVA"}, {"id": 8654, "title": {"romaji": "I\u2606Can", "english": null}, "type": "ANIME", "status": "FINISHED", "description": "The story of a pop idol and her dear friend who doesn't care much about the crush of another young friend and always pays attention to the idol, who is harassed by her manager. One day they are about to have sex in the dressing rooms when the manager founds out via the camara and gets in the room to stop them and take advantage of the girl.<br><br>\n(Source: ANN)", "startDate": {"year": 2010, "month": 6, "day": 25}, "endDate": {"year": 2015, "month": 4, "day": 24}, "season": "SUMMER", "episodes": 3, "duration": 30, "genres": ["Hentai"], "averageScore": 48, "trending": 0, "popularity": 392, "streamingEpisodes": [], "coverImage": {"large": "https://s3.anilist.co/media/anime/cover/medium/8654.jpg", "medium": "https://s3.anilist.co/media/anime/cover/small/8654.jpg"}, "bannerImage": null, "isAdult": true, "format": "OVA"}, {"id": 8655, "title": {"romaji": "Bijukubo", "english": null}, "type": "ANIME", "status": "FINISHED", "description": "Yohei happily lives with his mother, Kaho, and his cousin, Fumika. But one day, Kaho tells Yohei that Kaho is actually an older sister of his father, not his mother.... She also tells him that his mother passed away long time ago. Yohei is shocked to hear that, but he starts seeing Kaho as a woman, not as his mother. Days later, a woman, Ikue, moves to a house next to his. When Ikue first sees Yohei, she suddenly starts crying and Kaho turns pale. Ikue tells them she is a relative of Yohei's mother and she wants to accept him as an adopted child. Of course, Kaho and Fumika turn it down.... From that day, their lewd and erotic life starts....<br><br>\n(Source: ErogeShop)", "startDate": {"year": 2010, "month": 7, "day": 9}, "endDate": {"year": 2010, "month": 10, "day": 8}, "season": "SUMMER", "episodes": 2, "duration": 30, "genres": ["Hentai"], "averageScore": 55, "trending": 0, "popularity": 267, "streamingEpisodes": [], "coverImage": {"large": "https://s3.anilist.co/media/anime/cover/medium/8655.jpg", "medium": "https://s3.anilist.co/media/anime/cover/small/8655.jpg"}, "bannerImage": null, "isAdult": true, "format": "OVA"}, {"id": 8659, "title": {"romaji": "I'm here With You", "english": null}, "type": "ANIME", "status": "FINISHED", "description": "A gentle song about the earth by Mimori Yusa on NHK's Minna no Uta. ", "startDate": {"year": 2009, "month": null, "day": null}, "endDate": {"year": 2009, "month": null, "day": null}, "season": null, "episodes": 1, "duration": 4, "genres": ["Music"], "averageScore": null, "trending": 0, "popularity": 51, "streamingEpisodes": [], "coverImage": {"large": "https://s3.anilist.co/media/anime/cover/medium/8659.jpg", "medium": "https://s3.anilist.co/media/anime/cover/small/8659.jpg"}, "bannerImage": null, "isAdult": false, "format": "MUSIC"}, {"id": 8660, "title": {"romaji": "Minarai Chameleon", "english": null}, "type": "ANIME", "status": "FINISHED", "description": "A Minna no Uta song about a chameleon with big dreams.", "startDate": {"year": 2010, "month": 4, "day": 5}, "endDate": {"year": 2010, "month": 4, "day": 5}, "season": "SPRING", "episodes": 1, "duration": 2, "genres": ["Comedy", "Music"], "averageScore": null, "trending": 0, "popularity": 22, "streamingEpisodes": [], "coverImage": {"large": "https://s3.anilist.co/media/anime/cover/medium/8660.jpg", "medium": "https://s3.anilist.co/media/anime/cover/small/8660.jpg"}, "bannerImage": null, "isAdult": false, "format": "MUSIC"}, {"id": 8661, "title": {"romaji": "Chimuchimucheri ChimChimCheree", "english": null}, "type": "ANIME", "status": "FINISHED", "description": "The life of a chimney sweep in a song. This is the Japanese version of the 1964 Academy Award song Chim Chim Cher-ee that was originally sung by Dick Van Dyke and Julie Andrews in the movie 'Mary Poppins\". Given the anime treatment by graphic artist and animator Tadanori Yokoo and shown in the Minna no Uta segment of NHK programming.<br>", "startDate": {"year": 1966, "month": null, "day": null}, "endDate": {"year": 1966, "month": null, "day": null}, "season": null, "episodes": 1, "duration": 2, "genres": ["Music", "Slice of Life"], "averageScore": 39, "trending": 0, "popularity": 80, "streamingEpisodes": [], "coverImage": {"large": "https://s3.anilist.co/media/anime/cover/medium/8661.jpg", "medium": "https://s3.anilist.co/media/anime/cover/small/8661.jpg"}, "bannerImage": null, "isAdult": false, "format": "MUSIC"}, {"id": 8663, "title": {"romaji": "Yokoo's 3 Animation Films", "english": null}, "type": "ANIME", "status": "FINISHED", "description": "Three short films by the Japanese avant-garde illustrator and animator. Regarded (unfairly) as the Japanese equivalent of Andy Warhol, these films showcase a distinctively commercial illustration look reminiscent of the current pop art movement of that decade (1960s).<br>", "startDate": {"year": 1965, "month": null, "day": null}, "endDate": {"year": 1965, "month": null, "day": null}, "season": null, "episodes": 3, "duration": 5, "genres": ["Psychological", "Romance"], "averageScore": null, "trending": 0, "popularity": 87, "streamingEpisodes": [], "coverImage": {"large": "https://s3.anilist.co/media/anime/cover/medium/8663.jpg", "medium": "https://s3.anilist.co/media/anime/cover/small/8663.jpg"}, "bannerImage": null, "isAdult": false, "format": "OVA"}, {"id": 8664, "title": {"romaji": "Slime Boukenki: Umi da, Yeah!", "english": null}, "type": "ANIME", "status": "FINISHED", "description": "A short anime directed by Yuasa Masaaki with Production IG, distributed on VHS as a bonus to a video game magazine subscription.  The main character is a Slime from the Dragon Quest video games.", "startDate": {"year": 1999, "month": 7, "day": 30}, "endDate": {"year": 1999, "month": 7, "day": 30}, "season": "SUMMER", "episodes": 1, "duration": 15, "genres": ["Action", "Adventure", "Comedy", "Fantasy"], "averageScore": null, "trending": 0, "popularity": 118, "streamingEpisodes": [], "coverImage": {"large": "https://s3.anilist.co/media/anime/cover/medium/8664.jpg", "medium": "https://s3.anilist.co/media/anime/cover/small/8664.jpg"}, "bannerImage": null, "isAdult": false, "format": "SPECIAL"}, {"id": 8666, "title": {"romaji": "Mazinkaiser SKL", "english": null}, "type": "ANIME", "status": "FINISHED", "description": "Prior to the events of the anime, three factions - the Garan Army, the Kiba Army, and the Aira Army, battle for total dominance of Machine Island. The island is basically a prison, isolated from the rest of the world. The island contains a vast amount of resources, allowing the three factions to create an infinite supply of giant robots for their respective armies.<br><br>\nThe world government learns that the island's power reactor has become unstable and will explode within 66 hours, destroying all of life and Earth itself. The government sends the Death Caprice squad, composed of mercenaries Ken Kaido and Ryo Magami to solve the issue, along with their giant robot Mazinkaiser, but was that a good idea?", "startDate": {"year": 2010, "month": 11, "day": 27}, "endDate": {"year": 2011, "month": 4, "day": 7}, "season": "FALL", "episodes": 3, "duration": 27, "genres": ["Adventure", "Comedy", "Mecha", "Sci-Fi"], "averageScore": 64, "trending": 0, "popularity": 968, "streamingEpisodes": [{"title": "Episode 1 - Mazinkaiser SKL", "url": "http://www.crunchyroll.com/mazinkaiser-skl/episode-1-mazinkaiser-skl-619395"}], "coverImage": {"large": "https://s3.anilist.co/media/anime/cover/medium/8666.jpg", "medium": "https://s3.anilist.co/media/anime/cover/small/8666.jpg"}, "bannerImage": null, "isAdult": false, "format": "OVA"}, {"id": 8667, "title": {"romaji": "Koi Hanabi", "english": null}, "type": "ANIME", "status": "FINISHED", "description": "Song by Mio Isayama with Kiyoshi Nakajima illustaration. A part of NHK's Minna no Uta.", "startDate": {"year": 2002, "month": 8, "day": 16}, "endDate": {"year": 2002, "month": 8, "day": 16}, "season": "SUMMER", "episodes": 1, "duration": 2, "genres": ["Fantasy", "Music"], "averageScore": null, "trending": 0, "popularity": 42, "streamingEpisodes": [], "coverImage": {"large": "https://s3.anilist.co/media/anime/cover/medium/8667.jpg", "medium": "https://s3.anilist.co/media/anime/cover/small/8667.jpg"}, "bannerImage": null, "isAdult": false, "format": "MUSIC"}, {"id": 8668, "title": {"romaji": "Seikon no Qwaser Picture Drama", "english": "The Qwaser Of Stigmata Picture Drama"}, "type": "ANIME", "status": "FINISHED", "description": "BD specials.", "startDate": {"year": 2010, "month": 4, "day": 21}, "endDate": {"year": 2010, "month": 11, "day": 24}, "season": "SPRING", "episodes": 15, "duration": 1, "genres": ["Ecchi"], "averageScore": 52, "trending": 0, "popularity": 988, "streamingEpisodes": [], "coverImage": {"large": "https://s3.anilist.co/media/anime/cover/medium/8668.jpg", "medium": "https://s3.anilist.co/media/anime/cover/small/8668.jpg"}, "bannerImage": null, "isAdult": false, "format": "SPECIAL"}, {"id": 8669, "title": {"romaji": "Ano Koro no Namida wa", "english": null}, "type": "ANIME", "status": "FINISHED", "description": "A slow song by Japanese enka singer and former J-pop idol Yoko Nagayama shown in the NHK program 'Minna no Uta.'", "startDate": {"year": 1997, "month": 4, "day": 23}, "endDate": {"year": 1997, "month": 4, "day": 23}, "season": "SPRING", "episodes": 1, "duration": 2, "genres": ["Music", "Slice of Life"], "averageScore": null, "trending": 0, "popularity": 59, "streamingEpisodes": [], "coverImage": {"large": "https://s3.anilist.co/media/anime/cover/medium/8669.jpg", "medium": "https://s3.anilist.co/media/anime/cover/small/8669.jpg"}, "bannerImage": null, "isAdult": false, "format": "MUSIC"}, {"id": 8670, "title": {"romaji": "Pozzie", "english": null}, "type": "ANIME", "status": "FINISHED", "description": "An innovative animated series in which the characters are made from water. Pozzie is a child who is created from a drop of water. While encountering various animals and objects, Pozzie continuously metamorphoses into other watery shapes. <br><br>\n(Source: BANFF2010.com)", "startDate": {"year": 2005, "month": 7, "day": 18}, "endDate": {"year": 2013, "month": 7, "day": 3}, "season": "SUMMER", "episodes": 17, "duration": 1, "genres": [], "averageScore": null, "trending": 0, "popularity": 17, "streamingEpisodes": [], "coverImage": {"large": "https://s3.anilist.co/media/anime/cover/medium/8670.jpg", "medium": "https://s3.anilist.co/media/anime/cover/small/8670.jpg"}, "bannerImage": null, "isAdult": false, "format": "SPECIAL"}, {"id": 8671, "title": {"romaji": "Raja Maharaja", "english": null}, "type": "ANIME", "status": "FINISHED", "description": "A Minna no Uta song about the life of a potentate, sung by Togawa Jun.", "startDate": {"year": 1984, "month": null, "day": null}, "endDate": {"year": 1984, "month": null, "day": null}, "season": null, "episodes": 1, "duration": 2, "genres": ["Music", "Slice of Life"], "averageScore": null, "trending": 0, "popularity": 31, "streamingEpisodes": [], "coverImage": {"large": "https://s3.anilist.co/media/anime/cover/medium/8671.jpg", "medium": "https://s3.anilist.co/media/anime/cover/small/8671.jpg"}, "bannerImage": null, "isAdult": false, "format": "MUSIC"}, {"id": 8675, "title": {"romaji": "Seitokai Yakuindomo", "english": null}, "type": "ANIME", "status": "FINISHED", "description": "Tsuda Takatoshi is about to begin his first year in Ousai Academy.  His decision to enter Ousai was based upon it being close to his home and he paid no heed to the fact he'd be among the first boys to enter the recently gender-integrated school.<br><br>\nOn his first trip to school, Takatoshi is surrounded by girls; the train has nothing but girls, the walk to school has nothing but girls and once he finally arrives he is approached by a group of girls and summarily appointed vice-president of the student council and, as expected, he is the only boy there.<br><br>\nNow Takatoshi finds himself surrounded by crazy girls who do nothing but horrify him with their candid conversations about feminine hygiene products and, what's worse, assume he's the worst kind of man, the kind who doesn't clean himself and watches porn all day long.", "startDate": {"year": 2010, "month": 7, "day": 4}, "endDate": {"year": 2010, "month": 9, "day": 26}, "season": "SUMMER", "episodes": 13, "duration": 24, "genres": ["Comedy"], "averageScore": 74, "trending": 2, "popularity": 22977, "streamingEpisodes": [], "coverImage": {"large": "https://s3.anilist.co/media/anime/cover/medium/8675.jpg", "medium": "https://s3.anilist.co/media/anime/cover/small/8675.jpg"}, "bannerImage": "https://s3.anilist.co/media/anime/banner/8675-0wWRCPJPnYvZ.jpg", "isAdult": false, "format": "TV"}, {"id": 8676, "title": {"romaji": "Amagami SS", "english": null}, "type": "ANIME", "status": "FINISHED", "description": "Two years ago, Tachibana Junichi got his heart broken by a girl who didn't show up for a date on Christmas Eve.  Now a second year student in high school, Junichi spends his days inside his closet planetarium, going to school and hanging out with his friends Tanamachi Kaoru and Umehara Masayoshi.<br><br>\nAfter a chance encounter with one of the most beautiful girls in school, the third year student Morishima Haruka, Junichi finds himself spending time with her, carrying books for her or having her unexpectedly jump on his back and act as she's a jockey and he's her horse.  Soon enough, Junichi becomes romantically interested in Haruka which leads to...<br><br>\nAmagami SS is based on a PS2 dating game featuring six different girls. The story of the anime will be arranged in an omnibus format, with each heroine getting her own version of the story animated. Each heroine will sing her own version of the ending theme song.", "startDate": {"year": 2010, "month": 7, "day": 2}, "endDate": {"year": 2010, "month": 12, "day": 24}, "season": "SUMMER", "episodes": 25, "duration": 24, "genres": ["Romance", "Comedy", "Slice of Life"], "averageScore": 71, "trending": 0, "popularity": 15932, "streamingEpisodes": [], "coverImage": {"large": "https://s3.anilist.co/media/anime/cover/medium/nx8676-rpRpE8lD4tbw.png", "medium": "https://s3.anilist.co/media/anime/cover/small/nx8676-rpRpE8lD4tbw.png"}, "bannerImage": "https://s3.anilist.co/media/anime/banner/8676-xPUw6MBP5vqB.jpg", "isAdult": false, "format": "TV"}, {"id": 8677, "title": {"romaji": "Sangokushi", "english": null}, "type": "ANIME", "status": "FINISHED", "description": "An anime special based on the Romance of the Three Kingdoms novel. Aired on NTV. ", "startDate": {"year": 1985, "month": 3, "day": 20}, "endDate": {"year": 1985, "month": 3, "day": 20}, "season": "SPRING", "episodes": 1, "duration": 90, "genres": [], "averageScore": null, "trending": 0, "popularity": 40, "streamingEpisodes": [], "coverImage": {"large": "https://s3.anilist.co/media/anime/cover/medium/8677-luDOmZo7bRb1.png", "medium": "https://s3.anilist.co/media/anime/cover/small/8677-luDOmZo7bRb1.png"}, "bannerImage": "https://s3.anilist.co/media/anime/banner/8677-DNB7wU40SlOV.jpg", "isAdult": false, "format": "SPECIAL"}, {"id": 8678, "title": {"romaji": "Sangokushi II", "english": null}, "type": "ANIME", "status": "FINISHED", "description": "The sequel to Sangokushi.", "startDate": {"year": 1986, "month": 8, "day": 22}, "endDate": {"year": 1986, "month": 8, "day": 22}, "season": "SUMMER", "episodes": 1, "duration": 90, "genres": [], "averageScore": null, "trending": 0, "popularity": 29, "streamingEpisodes": [], "coverImage": {"large": "https://s3.anilist.co/media/anime/cover/medium/8678-kWERsQUwI3Ho.png", "medium": "https://s3.anilist.co/media/anime/cover/small/8678-kWERsQUwI3Ho.png"}, "bannerImage": "https://s3.anilist.co/media/anime/banner/8678-6kZdwkzBQXNl.jpg", "isAdult": false, "format": "SPECIAL"}, {"id": 8679, "title": {"romaji": "Saboten ga Nikui", "english": null}, "type": "ANIME", "status": "FINISHED", "description": "A dung beetle and a scorpion among others are taunted and teased by some cacti. A stop motion animation with song by Yamada Kuniko for NHK's Minna no Uta segment.", "startDate": {"year": 1988, "month": null, "day": null}, "endDate": {"year": 1988, "month": null, "day": null}, "season": null, "episodes": 1, "duration": 2, "genres": ["Comedy", "Music"], "averageScore": null, "trending": 0, "popularity": 22, "streamingEpisodes": [], "coverImage": {"large": "https://s3.anilist.co/media/anime/cover/medium/8679.jpg", "medium": "https://s3.anilist.co/media/anime/cover/small/8679.jpg"}, "bannerImage": null, "isAdult": false, "format": "MUSIC"}, {"id": 8680, "title": {"romaji": "Fuyu no Yoru no Ohanashi", "english": null}, "type": "ANIME", "status": "FINISHED", "description": "Stop motion animation about a day in the forest with its cute inhabitants. ", "startDate": {"year": 1989, "month": 3, "day": 2}, "endDate": {"year": 1989, "month": 3, "day": 2}, "season": "SPRING", "episodes": 1, "duration": 2, "genres": ["Slice of Life"], "averageScore": null, "trending": 0, "popularity": 22, "streamingEpisodes": [], "coverImage": {"large": "https://s3.anilist.co/media/anime/cover/medium/8680.jpg", "medium": "https://s3.anilist.co/media/anime/cover/small/8680.jpg"}, "bannerImage": null, "isAdult": false, "format": "MUSIC"}, {"id": 8681, "title": {"romaji": "Kitakaze Kozou no Kantarou", "english": null}, "type": "ANIME", "status": "FINISHED", "description": "A 1981 Minna no Uta song.", "startDate": {"year": 1981, "month": null, "day": null}, "endDate": {"year": 1981, "month": null, "day": null}, "season": null, "episodes": 1, "duration": 2, "genres": ["Music"], "averageScore": null, "trending": 0, "popularity": 46, "streamingEpisodes": [], "coverImage": {"large": "https://s3.anilist.co/media/anime/cover/medium/8681.jpg", "medium": "https://s3.anilist.co/media/anime/cover/small/8681.jpg"}, "bannerImage": null, "isAdult": false, "format": "MUSIC"}, {"id": 8682, "title": {"romaji": "Television", "english": null}, "type": "ANIME", "status": "FINISHED", "description": "A man with his cat finds himself in a bizarre situation involving a television. A stop motion animation from the creator of Kotatsu Neko.", "startDate": {"year": 2004, "month": null, "day": null}, "endDate": {"year": 2004, "month": null, "day": null}, "season": null, "episodes": 1, "duration": 2, "genres": ["Comedy"], "averageScore": null, "trending": 0, "popularity": 74, "streamingEpisodes": [], "coverImage": {"large": "https://s3.anilist.co/media/anime/cover/medium/8682.jpg", "medium": "https://s3.anilist.co/media/anime/cover/small/8682.jpg"}, "bannerImage": null, "isAdult": false, "format": "ONA"}, {"id": 8685, "title": {"romaji": "Ryuuichi Manga Gekijou Onbu Obake", "english": null}, "type": "ANIME", "status": "FINISHED", "description": "The mischievous antics of a ghost in an ancient village.<br><br>\n(Source: AniDB)", "startDate": {"year": 1972, "month": 10, "day": 7}, "endDate": {"year": 1973, "month": 9, "day": 29}, "season": "FALL", "episodes": 52, "duration": 25, "genres": ["Supernatural"], "averageScore": null, "trending": 0, "popularity": 20, "streamingEpisodes": [], "coverImage": {"large": "https://s3.anilist.co/media/anime/cover/medium/8685.jpg", "medium": "https://s3.anilist.co/media/anime/cover/small/8685.jpg"}, "bannerImage": null, "isAdult": false, "format": "TV"}, {"id": 8687, "title": {"romaji": "Doraemon (2005)", "english": null}, "type": "ANIME", "status": "RELEASING", "description": "A new Doraemon series produced by the same team as the 1979 series (in association with Studio Pierrot) with new voice actors and staff and updated character designs.", "startDate": {"year": 2005, "month": 4, "day": 15}, "endDate": {"year": null, "month": null, "day": null}, "season": "SPRING", "episodes": null, "duration": 25, "genres": ["Comedy", "Sci-Fi"], "averageScore": 64, "trending": 0, "popularity": 379, "streamingEpisodes": [], "coverImage": {"large": "https://s3.anilist.co/media/anime/cover/medium/8687.jpg", "medium": "https://s3.anilist.co/media/anime/cover/small/8687.jpg"}, "bannerImage": null, "isAdult": false, "format": "TV"}, {"id": 8689, "title": {"romaji": "Born By Myself", "english": null}, "type": "ANIME", "status": "FINISHED", "description": " A dark surreal film of several creatures metamorphorphing inside a room. A stop motion animation film from the minds of Kobayashi Masahide and Keita Funamoto of The Village of Marchen", "startDate": {"year": 2005, "month": null, "day": null}, "endDate": {"year": 2005, "month": null, "day": null}, "season": null, "episodes": 1, "duration": 6, "genres": ["Psychological"], "averageScore": 28, "trending": 0, "popularity": 200, "streamingEpisodes": [], "coverImage": {"large": "https://s3.anilist.co/media/anime/cover/medium/8689.jpg", "medium": "https://s3.anilist.co/media/anime/cover/small/8689.jpg"}, "bannerImage": null, "isAdult": false, "format": "ONA"}, {"id": 8696, "title": {"romaji": "Shiroi Michi", "english": null}, "type": "ANIME", "status": "FINISHED", "description": "A 1983 song featured in NHK's Minna no Uta", "startDate": {"year": 1983, "month": 12, "day": 16}, "endDate": {"year": 1983, "month": 12, "day": 16}, "season": "WINTER", "episodes": 1, "duration": 2, "genres": ["Music"], "averageScore": null, "trending": 0, "popularity": 33, "streamingEpisodes": [], "coverImage": {"large": "https://s3.anilist.co/media/anime/cover/medium/8696.jpg", "medium": "https://s3.anilist.co/media/anime/cover/small/8696.jpg"}, "bannerImage": null, "isAdult": false, "format": "MUSIC"}, {"id": 8697, "title": {"romaji": "Mizutori", "english": null}, "type": "ANIME", "status": "FINISHED", "description": "A 1994 song about a swan aired in the NHK's Minna no Uta sung by Satoshi Saya.", "startDate": {"year": 1994, "month": 2, "day": 15}, "endDate": {"year": 1994, "month": 2, "day": 15}, "season": "WINTER", "episodes": 1, "duration": 2, "genres": ["Music"], "averageScore": null, "trending": 0, "popularity": 34, "streamingEpisodes": [], "coverImage": {"large": "https://s3.anilist.co/media/anime/cover/medium/8697.jpg", "medium": "https://s3.anilist.co/media/anime/cover/small/8697.jpg"}, "bannerImage": null, "isAdult": false, "format": "MUSIC"}, {"id": 8701, "title": {"romaji": "Apartment!", "english": null}, "type": "ANIME", "status": "FINISHED", "description": "A young man moves to the new place. He gradually makes a good relationship with neighbors that live in the same apartment.<br><br>\n(Source: aokijun.net)", "startDate": {"year": 2004, "month": 5, "day": 16}, "endDate": {"year": 2004, "month": 5, "day": 16}, "season": "SPRING", "episodes": 1, "duration": 5, "genres": ["Comedy", "Slice of Life"], "averageScore": 47, "trending": 0, "popularity": 152, "streamingEpisodes": [], "coverImage": {"large": "https://s3.anilist.co/media/anime/cover/medium/8701.jpg", "medium": "https://s3.anilist.co/media/anime/cover/small/8701.jpg"}, "bannerImage": null, "isAdult": false, "format": "ONA"}, {"id": 8704, "title": {"romaji": "Uchuu Hikoushi no Uta", "english": null}, "type": "ANIME", "status": "FINISHED", "description": "A girl dreams that she is an astronaut and her friend is a farmer. While describing the wonders of space, she recalls the smell of her friend's tomatoes and lettuce.<br><br>\nThis Minna no Uta song is sung by Sakamoto Maaya for the NHK program.", "startDate": {"year": 2003, "month": null, "day": null}, "endDate": {"year": 2003, "month": null, "day": null}, "season": null, "episodes": 1, "duration": 2, "genres": ["Fantasy", "Music"], "averageScore": null, "trending": 0, "popularity": 60, "streamingEpisodes": [], "coverImage": {"large": "https://s3.anilist.co/media/anime/cover/medium/8704.jpg", "medium": "https://s3.anilist.co/media/anime/cover/small/8704.jpg"}, "bannerImage": null, "isAdult": false, "format": "MUSIC"}, {"id": 8705, "title": {"romaji": "Phantom: Requiem for the Phantom Picture Drama", "english": null}, "type": "ANIME", "status": "FINISHED", "description": "DVD/BD specials.", "startDate": {"year": 2009, "month": 7, "day": 24}, "endDate": {"year": 2010, "month": 2, "day": 25}, "season": "SUMMER", "episodes": 12, "duration": 6, "genres": ["Comedy"], "averageScore": 54, "trending": 0, "popularity": 445, "streamingEpisodes": [], "coverImage": {"large": "https://s3.anilist.co/media/anime/cover/medium/8705.jpg", "medium": "https://s3.anilist.co/media/anime/cover/small/8705.jpg"}, "bannerImage": null, "isAdult": false, "format": "SPECIAL"}, {"id": 8706, "title": {"romaji": "SOS TV Walpurgis Night Fever", "english": null}, "type": "ANIME", "status": "FINISHED", "description": "The story of two girls on a war-torn planet known as \"Walpurgis\".", "startDate": {"year": 2010, "month": 3, "day": 1}, "endDate": {"year": 2010, "month": 8, "day": 2}, "season": "SPRING", "episodes": 11, "duration": 2, "genres": ["Comedy", "Sci-Fi"], "averageScore": null, "trending": 0, "popularity": 77, "streamingEpisodes": [], "coverImage": {"large": "https://s3.anilist.co/media/anime/cover/medium/8706.jpg", "medium": "https://s3.anilist.co/media/anime/cover/small/8706.jpg"}, "bannerImage": null, "isAdult": false, "format": "ONA"}, {"id": 8707, "title": {"romaji": "Wakusei Robo Danguard Ace tai Konchuu Robot Gundan", "english": "Planetary Robot Danguard Ace vs. the Army of Insect Robots"}, "type": "ANIME", "status": "FINISHED", "description": null, "startDate": {"year": 1977, "month": 7, "day": 17}, "endDate": {"year": 1977, "month": 7, "day": 17}, "season": "SUMMER", "episodes": 1, "duration": 25, "genres": ["Mecha", "Sci-Fi"], "averageScore": null, "trending": 0, "popularity": 49, "streamingEpisodes": [], "coverImage": {"large": "https://s3.anilist.co/media/anime/cover/medium/8707.jpg", "medium": "https://s3.anilist.co/media/anime/cover/small/8707.jpg"}, "bannerImage": null, "isAdult": false, "format": "MOVIE"}]}}}