{"data": {"Page": {"pageInfo": {"total": 12297, "hasNextPage": true}, "media": [{"id": 3015, "title": {"romaji": "Ginga Eiyuu Densetsu Gaiden: Ougon no Tsubasa", "english": "Legend of the Galactic Heroes Gaiden: Golden Wings"}, "type": "ANIME", "status": "FINISHED", "description": "Reinhard von M\u00fcsel, a poor nobleman's son, one day discovers that his sister, Annerose, has been sold to the royal family. To get her back he sets out to rise quickly through the military along with his friend Siegfried Kircheis.<br><br>\r\n(Source: ANN)", "startDate": {"year": 1992, "month": 12, "day": 12}, "endDate": {"year": 1992, "month": 12, "day": 12}, "season": "WINTER", "episodes": 1, "duration": 60, "genres": ["Action", "Drama", "Sci-Fi"], "averageScore": 59, "trending": 0, "popularity": 1227, "streamingEpisodes": [], "coverImage": {"large": "https://s3.anilist.co/media/anime/cover/medium/3015.jpg", "medium": "https://s3.anilist.co/media/anime/cover/small/3015.jpg"}, "bannerImage": null, "isAdult": false, "format": "MOVIE"}, {"id": 3016, "title": {"romaji": "Ginga Eiyuu Densetsu: Arata Naru Tatakai no Overture", "english": "Legend of the Galactic Heroes: Overture to a New War"}, "type": "ANIME", "status": "FINISHED", "description": "Based on a series of sci-fi novels, this series tells the story of a massive conflict between the Prussia-like Galactic Empire and the Free Planets Alliance. It describes all levels of the war, from the tactical to the strategic, but focuses most on the two oppposing militaries' leaders - Reinhard Von Lohengram and Yang Wen-Li.<br><br>\r\n(Source: AniDB) ", "startDate": {"year": 1993, "month": 12, "day": 18}, "endDate": {"year": 1993, "month": 12, "day": 18}, "season": "WINTER", "episodes": 1, "duration": 90, "genres": ["Action", "Drama", "Sci-Fi"], "averageScore": 78, "trending": 0, "popularity": 2583, "streamingEpisodes": [], "coverImage": {"large": "https://s3.anilist.co/media/anime/cover/medium/3016.jpg", "medium": "https://s3.anilist.co/media/anime/cover/small/3016.jpg"}, "bannerImage": "https://s3.anilist.co/media/anime/banner/n3016-JO8qdZO3tfeO.jpg", "isAdult": false, "format": "MOVIE"}, {"id": 3019, "title": {"romaji": "Lupin III: Kiri no Elusive", "english": "Lupin III: Elusiveness of the Fog"}, "type": "ANIME", "status": "FINISHED", "description": "On the ocean floor, Lupin is once again seeking a treasure hoping to get on Fujiko's good side. As Zenigata chases them on sea and land, people around the gang begin to vanish mysteriously. The fog rolls in and Mamo Kyosuke appears in a burst of light; he claims to be from the future and seeks revenge on Lupin III for what Lupin XIII has done to him. Mamo hurls Lupin, Jigen, Goemon, and Zenigata 500 years into the past; as two warring factions fight over a legendary shrine dedicated to time travel, Lupin must find a way to survive the past to ensure his future.<br><br>\n(Source: Lupin III Encyclopedia)<br><br>\nThis movie is a remake of episode 13 in the original ", "startDate": {"year": 2007, "month": 7, "day": 27}, "endDate": {"year": 2007, "month": 7, "day": 27}, "season": "SUMMER", "episodes": 1, "duration": 92, "genres": ["Adventure", "Comedy"], "averageScore": 60, "trending": 0, "popularity": 355, "streamingEpisodes": [], "coverImage": {"large": "https://s3.anilist.co/media/anime/cover/medium/3019.jpg", "medium": "https://s3.anilist.co/media/anime/cover/small/3019.jpg"}, "bannerImage": null, "isAdult": false, "format": "SPECIAL"}, {"id": 3020, "title": {"romaji": "Gu Gu Ganmo", "english": "Gu Gu Ganmo"}, "type": "ANIME", "status": "FINISHED", "description": "Gugu is a big pink chicken, he loves coffe and came from another planet to be the friends of a lonely high school boy which is bullied by his sister. All begins with a fairly normal morning, the young Arti has a deep sleep, so his sister Zouzou love to wake him up with some kicks &amp; punches. After a terrible day, Arti found an egg from which come Gugu, together they'll live many funny adventures.", "startDate": {"year": 1984, "month": 3, "day": 18}, "endDate": {"year": 1985, "month": 3, "day": 17}, "season": "SPRING", "episodes": 50, "duration": 20, "genres": ["Comedy"], "averageScore": null, "trending": 0, "popularity": 46, "streamingEpisodes": [], "coverImage": {"large": "https://s3.anilist.co/media/anime/cover/medium/3020.jpg", "medium": "https://s3.anilist.co/media/anime/cover/small/3020.jpg"}, "bannerImage": null, "isAdult": false, "format": "TV"}, {"id": 3021, "title": {"romaji": "Yume Senshi Wingman", "english": "Wingman"}, "type": "ANIME", "status": "FINISHED", "description": "Hirono Kenta is your average geeky Junior High School student. His childhood obsession has always been Tokusatsu and Anime. In fact, he fancies himself as a \"Hero of Justice\" and often is seen running around in a makeshift costume of his own design called \"Wing Man.\" Most of his fellow classmates thinks he`s just a crazy \"otaku\", but his childhood friend Ogawa Miku thinks he`s a noble spirit.<br><br>\nOne day as Hirono is walking to school, a beautiful and voluptuous girl, literally drops out of the sky and into his life.<br><br>\nHirono, bewildered by the event, none-the-less takes the girl to his home to recuperate (this is his duty as a \"Hero of Justice\"). He also keeps the \"Dream Note\" so that he can transpose his favorite \"Wing Man\" costume designs into it.<br><br>\nLater, Hirono is confronted by the girl who reveals herself to be Yume Aoi, Princess of the Dreamscape called Botoreem. Her domain has been conquered by the power mad despot, Rimeru and his armies of monstrous \"Seed Men\". She barely escaped her domain with the power artifact known as the \"Dream Note\".<br><br>\nThe \"Dream Note\" enables its possessor to create anything they desire by merely drawing or writing information within its pages. Rimeru seeks to steal it to become Master of the Universe.<br><br>\nShe demands that Hirono give her back the book, but Hirono had already begun drawing into the book (mystically linking himself to it).<br><br>\nHirono soon discovers that his designs and notes on Wing Man become reality and he in turn becomes his own creation.<br><br>\nUsing these powers and abilities, he and Aoi begin their strange and amazing adventure. Along the way, Hirono inadvertently involves all of his friends, especially Miku in his quest to help Aoi free her people and save her father.<br><br>\nRimeru sends his various minions to Earth's dimension to retrieve the book. One his henchmen is the noble yet devious Kitakura who goes as far as infiltrating Hirono's Junior High School masquerading as a teacher.  <br><br>\n(Source: AniDB)", "startDate": {"year": 1984, "month": 2, "day": 7}, "endDate": {"year": 1985, "month": 2, "day": 26}, "season": "WINTER", "episodes": 47, "duration": 23, "genres": ["Action", "Comedy", "Romance"], "averageScore": null, "trending": 0, "popularity": 152, "streamingEpisodes": [], "coverImage": {"large": "https://s3.anilist.co/media/anime/cover/medium/3021.jpg", "medium": "https://s3.anilist.co/media/anime/cover/small/3021.jpg"}, "bannerImage": null, "isAdult": false, "format": "TV"}, {"id": 3022, "title": {"romaji": "Haai Step Jun", "english": "Haai Step Kun"}, "type": "ANIME", "status": "FINISHED", "description": "Jun is a very intelligent little girl who spends her time arranging all kinds of inventions. It goes until creating two small robots, Kichinosuke and Yukinojo, who become her best friends. Because of her intelligence, Jun gets into college at a young age and she meets and falls in love with a boy from her class who's called Zero. Zero is interested in motorbikes and not in school and is accustomed to not attending the courses. He got delayed in his schooling and thus is found much older than the other students and is there for humiliated for it. On the other hand Jun is way too young and little to be in college and is made fun of. Thanks to their common passion for mechanics, Zero will sympathize with Jun and will agree to dine with her in Harbor, the restaurant where Jun's parents live. This is long series of fun adventures and arguments that little Jun will make to allure her charming prince, who's twice older than her.<br><br>\n(Source: ANN)", "startDate": {"year": 1985, "month": 3, "day": 10}, "endDate": {"year": 1986, "month": 1, "day": 12}, "season": "SPRING", "episodes": 45, "duration": 24, "genres": ["Action", "Romance", "Sci-Fi"], "averageScore": null, "trending": 0, "popularity": 50, "streamingEpisodes": [], "coverImage": {"large": "https://s3.anilist.co/media/anime/cover/medium/3022.jpg", "medium": "https://s3.anilist.co/media/anime/cover/small/3022.jpg"}, "bannerImage": null, "isAdult": false, "format": "TV"}, {"id": 3023, "title": {"romaji": "Esper Mami", "english": null}, "type": "ANIME", "status": "FINISHED", "description": "Sakura Mami had been a normal junior high school student, but she happened to acquire supernatural power. With her power and the help of Mr. Takahata who was the best friend of her, she would solve mysterious incidents. When she felt someone wanted help, she used the \"Teleportation Gun\" to teleport to the place. Then she would save the people in trouble using her supernatural powers, such as telekinesis and telepathy.<br><br>\n(Source: AnimeNfo)", "startDate": {"year": 1987, "month": 4, "day": 7}, "endDate": {"year": 1989, "month": 10, "day": 26}, "season": "SPRING", "episodes": 119, "duration": 24, "genres": ["Comedy", "Ecchi", "Supernatural"], "averageScore": null, "trending": 0, "popularity": 114, "streamingEpisodes": [], "coverImage": {"large": "https://s3.anilist.co/media/anime/cover/medium/3023.jpg", "medium": "https://s3.anilist.co/media/anime/cover/small/3023.jpg"}, "bannerImage": null, "isAdult": false, "format": "TV"}, {"id": 3024, "title": {"romaji": "Ribbon no Kishi", "english": "Princess Knight"}, "type": "ANIME", "status": "FINISHED", "description": "Princess Sapphire is a girl raised as a Prince. Through the mischief of an angel, the princess is born with both a girl's body and boy's mind. Since there is no boy successor in her kingdom, Sapphire is raised as a boy, but evil ministers try to reveal her secret. Unable to put up with the kind of vicious conduct prevailing in the kingdom, Sapphire disguises herself as \"Princess Knight\" and wields her sword of justice.<br><br>\nThis is an animated version of the girls' manga featuring Sapphire's romance and adventure, which marked the first made-for-TV animated program geared towards girls in Japan.<br><br>\n(Source: Official site)", "startDate": {"year": 1967, "month": 4, "day": 2}, "endDate": {"year": 1968, "month": 4, "day": 7}, "season": "SPRING", "episodes": 52, "duration": 23, "genres": ["Action", "Fantasy", "Mystery", "Romance"], "averageScore": 51, "trending": 0, "popularity": 271, "streamingEpisodes": [{"title": "Episode 1 - PRINCESS KNIGHT", "url": "http://www.crunchyroll.com/princess-knight/episode-1-princess-knight-687371"}, {"title": "Episode 2 - THE FLYING HORSE", "url": "http://www.crunchyroll.com/princess-knight/episode-2-the-flying-horse-687373"}, {"title": "Episode 3 - PRINCESS AND THE BEGGAR", "url": "http://www.crunchyroll.com/princess-knight/episode-3-princess-and-the-beggar-687375"}, {"title": "Episode 4 - THE SANDMAN", "url": "http://www.crunchyroll.com/princess-knight/episode-4-the-sandman-687377"}, {"title": "Episode 5 - THE SEA KINGDOM", "url": "http://www.crunchyroll.com/princess-knight/episode-5-the-sea-kingdom-687379"}, {"title": "Episode 6 - THE PUPPET SHOW", "url": "http://www.crunchyroll.com/princess-knight/episode-6-the-puppet-show-687381"}, {"title": "Episode 7 - THE THREE WISHES", "url": "http://www.crunchyroll.com/princess-knight/episode-7-the-three-wishes-687383"}, {"title": "Episode 8 - THE ROSE CASTLE", "url": "http://www.crunchyroll.com/princess-knight/episode-8-the-rose-castle-687385"}, {"title": "Episode 9 - THE MAGIC HERB", "url": "http://www.crunchyroll.com/princess-knight/episode-9-the-magic-herb-687387"}, {"title": "Episode 10 - THE PHANTOM SHIP", "url": "http://www.crunchyroll.com/princess-knight/episode-10-the-phantom-ship-687389"}, {"title": "Episode 11 - THE SILVERLAND CARNIVAL", "url": "http://www.crunchyroll.com/princess-knight/episode-11-the-silverland-carnival-687391"}, {"title": "Episode 12 - THE MAGIC PEN", "url": "http://www.crunchyroll.com/princess-knight/episode-12-the-magic-pen-687393"}, {"title": "Episode 13 - THE SWAN", "url": "http://www.crunchyroll.com/princess-knight/episode-13-the-swan-687395"}, {"title": "Episode 14 - THE MAGIC MIRROR", "url": "http://www.crunchyroll.com/princess-knight/episode-14-the-magic-mirror-687397"}, {"title": "Episode 15 - THE LOVE LETTER", "url": "http://www.crunchyroll.com/princess-knight/episode-15-the-love-letter-687399"}, {"title": "Episode 16 - THE GREEDY GHOST", "url": "http://www.crunchyroll.com/princess-knight/episode-16-the-greedy-ghost-687401"}, {"title": "Episode 17 - THE TALE OF THE FOX", "url": "http://www.crunchyroll.com/princess-knight/episode-17-the-tale-of-the-fox-687403"}, {"title": "Episode 18 - THE AIRSHIP", "url": "http://www.crunchyroll.com/princess-knight/episode-18-the-airship-687405"}, {"title": "Episode 19 - THE SILVER SHIP", "url": "http://www.crunchyroll.com/princess-knight/episode-19-the-silver-ship-687407"}, {"title": "Episode 20 - THE MAGIC COOKIES", "url": "http://www.crunchyroll.com/princess-knight/episode-20-the-magic-cookies-687409"}, {"title": "Episode 21 - THE DANGEROUS SHADOWS", "url": "http://www.crunchyroll.com/princess-knight/episode-21-the-dangerous-shadows-687411"}, {"title": "Episode 22 - THE PHANTOM KITE", "url": "http://www.crunchyroll.com/princess-knight/episode-22-the-phantom-kite-687413"}, {"title": "Episode 23 - THE EGYPTIAN ADVENTURE", "url": "http://www.crunchyroll.com/princess-knight/episode-23-the-egyptian-adventure-687415"}, {"title": "Episode 24 - THE POISON DART", "url": "http://www.crunchyroll.com/princess-knight/episode-24-the-poison-dart-687417"}, {"title": "Episode 25 - THE PHANTOM KNIGHT PART 1", "url": "http://www.crunchyroll.com/princess-knight/episode-25-the-phantom-knight-part-1-687419"}, {"title": "Episode 26 - THE PHANTOM KNIGHT PART 2", "url": "http://www.crunchyroll.com/princess-knight/episode-26-the-phantom-knight-part-2-687421"}, {"title": "Episode 27 - THE PHANTOM KNIGHT PART 3", "url": "http://www.crunchyroll.com/princess-knight/episode-27-the-phantom-knight-part-3-687423"}, {"title": "Episode 28 - THE PHANTOM KNIGHT PART 4", "url": "http://www.crunchyroll.com/princess-knight/episode-28-the-phantom-knight-part-4-687425"}, {"title": "Episode 29 - THE STOLEN BEAUTY", "url": "http://www.crunchyroll.com/princess-knight/episode-29-the-stolen-beauty-687427"}, {"title": "Episode 30 - THE BLACK KNIGHT", "url": "http://www.crunchyroll.com/princess-knight/episode-30-the-black-knight-687429"}, {"title": "Episode 31 - QUEEN ICICLE PART 1", "url": "http://www.crunchyroll.com/princess-knight/episode-31-queen-icicle-part-1-687431"}, {"title": "Episode 32 - QUEEN ICICLE PART 2", "url": "http://www.crunchyroll.com/princess-knight/episode-32-queen-icicle-part-2-687433"}, {"title": "Episode 33 - QUEEN ICICLE PART 3", "url": "http://www.crunchyroll.com/princess-knight/episode-33-queen-icicle-part-3-687435"}, {"title": "Episode 34 - QUEEN ICICLE PART 4", "url": "http://www.crunchyroll.com/princess-knight/episode-34-queen-icicle-part-4-687437"}, {"title": "Episode 35 - THE HUNT", "url": "http://www.crunchyroll.com/princess-knight/episode-35-the-hunt-687439"}, {"title": "Episode 36 - PRINCESS PEPPI", "url": "http://www.crunchyroll.com/princess-knight/episode-36-princess-peppi-687441"}, {"title": "Episode 37 - THE SNOW EAGLE", "url": "http://www.crunchyroll.com/princess-knight/episode-37-the-snow-eagle-687443"}, {"title": "Episode 38 - THE GHOST SHIP", "url": "http://www.crunchyroll.com/princess-knight/episode-38-the-ghost-ship-687445"}, {"title": "Episode 39 - THE BUTTERFLY WITCH", "url": "http://www.crunchyroll.com/princess-knight/episode-39-the-butterfly-witch-687447"}, {"title": "Episode 40 - THE DAUGHTER OF SATAN", "url": "http://www.crunchyroll.com/princess-knight/episode-40-the-daughter-of-satan-687449"}, {"title": "Episode 41 - THE CONTEST OF STRENGTH", "url": "http://www.crunchyroll.com/princess-knight/episode-41-the-contest-of-strength-687451"}, {"title": "Episode 42 - THE BROKEN IDOLS", "url": "http://www.crunchyroll.com/princess-knight/episode-42-the-broken-idols-687453"}, {"title": "Episode 43 - THE MAGIC SPELL PART 1", "url": "http://www.crunchyroll.com/princess-knight/episode-43-the-magic-spell-part-1-687455"}, {"title": "Episode 44 - THE MAGIC SPELL PART 2", "url": "http://www.crunchyroll.com/princess-knight/episode-44-the-magic-spell-part-2-687457"}, {"title": "Episode 45 - FAMINE IN SILVERLAND", "url": "http://www.crunchyroll.com/princess-knight/episode-45-famine-in-silverland-687459"}, {"title": "Episode 46 - SPIDER ISLAND", "url": "http://www.crunchyroll.com/princess-knight/episode-46-spider-island-687461"}, {"title": "Episode 47 - THE BATTLE OF VENGEANCE", "url": "http://www.crunchyroll.com/princess-knight/episode-47-the-battle-of-vengeance-687463"}, {"title": "Episode 48 - THE INVASION OF SILVERLAND PART 1", "url": "http://www.crunchyroll.com/princess-knight/episode-48-the-invasion-of-silverland-part-1-687465"}, {"title": "Episode 49 - THE INVASION OF SILVERLAND PART 2", "url": "http://www.crunchyroll.com/princess-knight/episode-49-the-invasion-of-silverland-part-2-687467"}, {"title": "Episode 50 - THE FORTUNE TELLER", "url": "http://www.crunchyroll.com/princess-knight/episode-50-the-fortune-teller-687469"}, {"title": "Episode 51 - THE PRINCESS KNIGHT & PHANTOM KNIGHT PART 1", "url": "http://www.crunchyroll.com/princess-knight/episode-51-the-princess-knight-phantom-knight-part-1-687471"}, {"title": "Episode 52 - THE PRINCESS KNIGHT & PHANTOM KNIGHT PART 2", "url": "http://www.crunchyroll.com/princess-knight/episode-52-the-princess-knight-phantom-knight-part-2-687473"}], "coverImage": {"large": "https://s3.anilist.co/media/anime/cover/medium/3024-OaPzY6IV9cLl.png", "medium": "https://s3.anilist.co/media/anime/cover/small/3024-OaPzY6IV9cLl.png"}, "bannerImage": "https://s3.anilist.co/media/anime/banner/3024-hH5aU722H8NJ.jpg", "isAdult": false, "format": "TV"}, {"id": 3025, "title": {"romaji": "Dragon Slayer Eiyuu Densetsu: Ouji no Tabidachi", "english": null}, "type": "ANIME", "status": "FINISHED", "description": "Faaren is a peaceful and happy realm, ruled by a wise King... until the Demon Lord Ackdam overruns the kingdom with his black legions and terrifying dragon, killing the King and capturing the Queen. But the King's young son, Sirius, is swept away to safety and grows to be a powerful young warrior, tutored in the ways of swordsmanship and chivalry by his father's loyal minion, Rias.", "startDate": {"year": 1992, "month": 10, "day": 21}, "endDate": {"year": 1992, "month": 11, "day": 21}, "season": "FALL", "episodes": 2, "duration": 22, "genres": ["Action", "Fantasy"], "averageScore": null, "trending": 0, "popularity": 108, "streamingEpisodes": [], "coverImage": {"large": "https://s3.anilist.co/media/anime/cover/medium/3025.jpg", "medium": "https://s3.anilist.co/media/anime/cover/small/3025.jpg"}, "bannerImage": null, "isAdult": false, "format": "OVA"}, {"id": 3026, "title": {"romaji": "Compiler", "english": null}, "type": "ANIME", "status": "FINISHED", "description": "When a world of 2-D beings discovers the existence of our universe, they send a team of beautiful Domni-Matrixes into our world to prepare it for total integration. However, once liberated from their flat and dreary 2-D existence, Compiler and Assembler quickly discovered that cybersex with a couple of 3-D guys is a lot more fun than world conquest. Now, in between interfacing with their boyfriends, Assembler and Compiler must protect the Earth from being deleted by their former masters and an army of killer programs.  <br><br>\n(Source: ANN)", "startDate": {"year": 1994, "month": 3, "day": 5}, "endDate": {"year": 1994, "month": 10, "day": 5}, "season": "SPRING", "episodes": 2, "duration": 30, "genres": ["Comedy", "Drama", "Romance", "Sci-Fi"], "averageScore": 45, "trending": 0, "popularity": 160, "streamingEpisodes": [], "coverImage": {"large": "https://s3.anilist.co/media/anime/cover/medium/3026.jpg", "medium": "https://s3.anilist.co/media/anime/cover/small/3026.jpg"}, "bannerImage": null, "isAdult": false, "format": "OVA"}, {"id": 3027, "title": {"romaji": "Hokuto no Ken: Yuria-den", "english": null}, "type": "ANIME", "status": "FINISHED", "description": "The second part of the new Hokuto no Ken pentalogy. The story of this OVA centers around Yuria.<br><br>\n(Source: Wikipedia)", "startDate": {"year": 2007, "month": 2, "day": 23}, "endDate": {"year": 2007, "month": 2, "day": 23}, "season": "WINTER", "episodes": 1, "duration": 64, "genres": ["Action", "Adventure", "Drama"], "averageScore": 63, "trending": 0, "popularity": 473, "streamingEpisodes": [], "coverImage": {"large": "https://s3.anilist.co/media/anime/cover/medium/3027.jpg", "medium": "https://s3.anilist.co/media/anime/cover/small/3027.jpg"}, "bannerImage": null, "isAdult": false, "format": "OVA"}, {"id": 3028, "title": {"romaji": "Cluster Edge Specials", "english": null}, "type": "ANIME", "status": "FINISHED", "description": "Three specials released with DVD volume 9 of the TV series.<br><br><strong>Episode 1: The Day of Gathering</strong><br>\nPast event about Chalce and Chrome's group, of how the three youngest members came to join them. <br><br><strong>Episode 2: White Footmarks</strong><br>\nPast event about Chalce transfer into Cluster E.A, his meeting with Hema and how he elicted the hatred from the competitive Vesuvia. <br><br><strong>Episode 3: Wings of Freedom</strong>\t<br>\nA strange girl appears in Cluster E A, looking for Fon. Is she there for a visit or something else? Will she find her answer amongst Fon and his friends? <br><br>\n(Source: Wikipedia)", "startDate": {"year": 2006, "month": 9, "day": 22}, "endDate": {"year": 2006, "month": 9, "day": 22}, "season": "FALL", "episodes": 3, "duration": 24, "genres": ["Action", "Fantasy", "Sci-Fi"], "averageScore": null, "trending": 0, "popularity": 71, "streamingEpisodes": [], "coverImage": {"large": "https://s3.anilist.co/media/anime/cover/medium/3028.jpg", "medium": "https://s3.anilist.co/media/anime/cover/small/3028.jpg"}, "bannerImage": null, "isAdult": false, "format": "OVA"}, {"id": 3031, "title": {"romaji": "Digimon Frontier: Ornismon Fukkatsu!!", "english": "Digimon Frontier: Island of Lost Digimon"}, "type": "ANIME", "status": "FINISHED", "description": "The five digi-destined children stumble upon an ancient island inhabited by two different types of digimon; The Beast types, and the Human types. When they see two young digimon-a beast and humanoid-have become friends, they decide something must be done about the feud.<br><br>\n(Source: ANN)", "startDate": {"year": 2002, "month": 7, "day": 20}, "endDate": {"year": 2002, "month": 7, "day": 20}, "season": "SUMMER", "episodes": 1, "duration": 40, "genres": ["Adventure", "Comedy", "Drama", "Fantasy"], "averageScore": 64, "trending": 0, "popularity": 1120, "streamingEpisodes": [], "coverImage": {"large": "https://s3.anilist.co/media/anime/cover/medium/3031.jpg", "medium": "https://s3.anilist.co/media/anime/cover/small/3031.jpg"}, "bannerImage": null, "isAdult": false, "format": "MOVIE"}, {"id": 3032, "title": {"romaji": "Digimon Tamers: Boukensha-tachi no Tatakai", "english": "Digimon Tamers: Battle of Adventurers"}, "type": "ANIME", "status": "FINISHED", "description": "Takato and Guilmon go on vacation to Okinawa and meet a fellow tamer, Minami. Back in Japan, a popular computer pet suddenly becomes a virus, infecting all of the computers who have it. As the virus spreads, Takato tries to figure out why digimon are all attacking his new friend, and what her connection is to the virus.<br><br>\n(Source: ANN)", "startDate": {"year": 2001, "month": 7, "day": 14}, "endDate": {"year": 2001, "month": 7, "day": 14}, "season": "SUMMER", "episodes": 1, "duration": 50, "genres": ["Adventure", "Drama", "Sci-Fi"], "averageScore": 64, "trending": 0, "popularity": 1294, "streamingEpisodes": [], "coverImage": {"large": "https://s3.anilist.co/media/anime/cover/medium/3032.jpg", "medium": "https://s3.anilist.co/media/anime/cover/small/3032.jpg"}, "bannerImage": null, "isAdult": false, "format": "MOVIE"}, {"id": 3033, "title": {"romaji": "Digimon Tamers: Bousou Digimon Tokkyuu", "english": "Digimon Tamers: Runaway Locomon"}, "type": "ANIME", "status": "FINISHED", "description": "Locomon, a train digimon, has suddenly appeared in the real world. All the tamers scramble to stop the train before it reaches its final destination: the portal into the Digital world.<br><br>\n(Source: ANN)", "startDate": {"year": 2002, "month": 3, "day": 2}, "endDate": {"year": 2002, "month": 3, "day": 2}, "season": "SPRING", "episodes": 1, "duration": 30, "genres": ["Adventure", "Comedy", "Sci-Fi"], "averageScore": 65, "trending": 0, "popularity": 1446, "streamingEpisodes": [], "coverImage": {"large": "https://s3.anilist.co/media/anime/cover/medium/3033.jpg", "medium": "https://s3.anilist.co/media/anime/cover/small/3033.jpg"}, "bannerImage": null, "isAdult": false, "format": "MOVIE"}, {"id": 3034, "title": {"romaji": "Kurai Mirai", "english": "Dark Future"}, "type": "ANIME", "status": "FINISHED", "description": "To the public eye, it looks like any other ordinary school; however, one club is secretly recruiting girls to make them their personal sex slaves and brainwashing the newly recruited males into enjoying one another. Which club is responsible for these demented activities, and how is it affecting the other clubs? One thing is for sure: the only thing that's left is a dark and hopeless future.", "startDate": {"year": 2006, "month": 1, "day": 25}, "endDate": {"year": 2006, "month": 9, "day": 25}, "season": "WINTER", "episodes": 2, "duration": 30, "genres": ["Hentai"], "averageScore": 47, "trending": 0, "popularity": 159, "streamingEpisodes": [], "coverImage": {"large": "https://s3.anilist.co/media/anime/cover/medium/3034.jpg", "medium": "https://s3.anilist.co/media/anime/cover/small/3034.jpg"}, "bannerImage": null, "isAdult": true, "format": "OVA"}, {"id": 3035, "title": {"romaji": "Chouon Senshi Borgman", "english": null}, "type": "ANIME", "status": "FINISHED", "description": "Sonic Soldier Borgman is a science fiction that comebines super sentai with non-gattai. It features a sentai-like three members team that fight an organization known as Youma. Features 3 characters with 3 basic ranger colors: Pink, Blue and Green.Featuring three main characters : Chuck,Ryo and Anise, Ryo is the leader, Chuck and Anise are teachers at a public school.Sometimes,the students help or make troubles to the Borgman somehow, some even know the Borgman secret identities. Ryo has a talking \"modern\" blue motorcycle that can upgrade itself. The transformation code is \"Borg. Get On\". Each member has a personal cannon that matches his/her armor color that appears only to finish the monster they fight.", "startDate": {"year": 1988, "month": 4, "day": 13}, "endDate": {"year": 1988, "month": 12, "day": 21}, "season": "SPRING", "episodes": 35, "duration": 20, "genres": ["Action", "Sci-Fi"], "averageScore": null, "trending": 0, "popularity": 181, "streamingEpisodes": [], "coverImage": {"large": "https://s3.anilist.co/media/anime/cover/medium/3035.jpg", "medium": "https://s3.anilist.co/media/anime/cover/small/3035.jpg"}, "bannerImage": null, "isAdult": false, "format": "TV"}, {"id": 3036, "title": {"romaji": "Tobe! Isami", "english": "Soar High! Isami"}, "type": "ANIME", "status": "FINISHED", "description": "Isami Hanaoka is just a fifth grader who happens to be a descendant of the Shinsengumi. Together with fellow descendants and classmates Soushi Yukimi and Toshi Tsukikage, she discovers in the basement of her home, strange artifacts left behind by their ancestors as well as a message urging them to \"Fight the evil Kurotengu organization.\"  <br><br>\n(Source: ANN)", "startDate": {"year": 1995, "month": 4, "day": 8}, "endDate": {"year": 1996, "month": 3, "day": 30}, "season": "SPRING", "episodes": 50, "duration": 25, "genres": ["Action", "Adventure", "Comedy", "Romance"], "averageScore": null, "trending": 0, "popularity": 105, "streamingEpisodes": [], "coverImage": {"large": "https://s3.anilist.co/media/anime/cover/medium/3036.jpg", "medium": "https://s3.anilist.co/media/anime/cover/small/3036.jpg"}, "bannerImage": null, "isAdult": false, "format": "TV"}, {"id": 3037, "title": {"romaji": "GS Mikami: Gokuraku Daisakusen!!", "english": "Ghost Sweeper Mikami Movie"}, "type": "ANIME", "status": "FINISHED", "description": "Her name is Mikami and she is a Ghost Sweeper by profession. She's also the sexiest exorcist/bounty hunter you will ever meet! When an evil vampire sorcerer returns to Tokyo after a 100-year absence, Mikami is hired to track him and his menacing assistant down before they take over the city.", "startDate": {"year": 1994, "month": 8, "day": 20}, "endDate": {"year": 1994, "month": 8, "day": 20}, "season": "SUMMER", "episodes": 1, "duration": 59, "genres": ["Comedy", "Fantasy"], "averageScore": 55, "trending": 0, "popularity": 176, "streamingEpisodes": [], "coverImage": {"large": "https://s3.anilist.co/media/anime/cover/medium/3037.jpg", "medium": "https://s3.anilist.co/media/anime/cover/small/3037.jpg"}, "bannerImage": null, "isAdult": false, "format": "MOVIE"}, {"id": 3038, "title": {"romaji": "Senya Ichiya Monogatari", "english": null}, "type": "ANIME", "status": "FINISHED", "description": "Beautifully constructed, 1001 Nights stays true to the lush and mysterious backdrop of the well known and age old story. Tezuka remolds the story into an escapist fantasy where a 60s-era working man is transported back to an era of entirely fictitious Arabian details. Seemingly at odds with itself, 1001 Nights consistently unfolds in a way that combines Playboy graphics, Arabian rug design and traditional Japanese scroll paintings. <br><br>\nSound like a strange mix? You bet and along the way we experience some of the great cultural juxtapositions that makes Tezuka the unpredictable style it is.", "startDate": {"year": 1969, "month": 6, "day": 14}, "endDate": {"year": 1969, "month": 6, "day": 14}, "season": "SUMMER", "episodes": 1, "duration": 128, "genres": ["Fantasy", "Hentai"], "averageScore": 53, "trending": 0, "popularity": 310, "streamingEpisodes": [], "coverImage": {"large": "https://s3.anilist.co/media/anime/cover/medium/3038-3mjgs3aku1sk.jpg", "medium": "https://s3.anilist.co/media/anime/cover/small/3038-3mjgs3aku1sk.jpg"}, "bannerImage": "https://s3.anilist.co/media/anime/banner/3038-y5127Jq9adGa.jpg", "isAdult": true, "format": "MOVIE"}, {"id": 3039, "title": {"romaji": "Campus", "english": null}, "type": "ANIME", "status": "FINISHED", "description": "Takakage is troubled by a strange dream, seemingly of a former life as a soldier in the Sengoku Era of Japan. In that life, he loved the miko Ayame, though their love was doomed by war. Now, in this life, he is given a prophecy that he will meet the woman of his dreams.<br><br>\nTakakage, a college student, has been having strange dreams lately. In them, a young shrine priestess named Ayame promises to marry a young, look-alike soldier named Genshiro the night before he is sent to battle. Takakage finds a maiden who looks like the woman from his dreams. With the help of her, his sister, and his fortune-telling friend, he seeks to find the answers of what their, and his, true origins lay.<br><br>\n(Source: ANN)", "startDate": {"year": 2000, "month": 11, "day": 10}, "endDate": {"year": 2001, "month": 2, "day": 16}, "season": "FALL", "episodes": 2, "duration": 29, "genres": ["Hentai"], "averageScore": 49, "trending": 0, "popularity": 153, "streamingEpisodes": [], "coverImage": {"large": "https://s3.anilist.co/media/anime/cover/medium/3039.jpg", "medium": "https://s3.anilist.co/media/anime/cover/small/3039.jpg"}, "bannerImage": null, "isAdult": true, "format": "OVA"}, {"id": 3040, "title": {"romaji": "Bakuhatsu Sunzen!! Tenshi no Countdown", "english": "Countdown to Delight"}, "type": "ANIME", "status": "FINISHED", "description": "Motoki is a junior-high student who can't ever concentrate on homework because of his sisters loud lesbian sex in the other rooms, he doesn't think life can get much worse.....until he gets a tutor and falls in love with her, from which he becomes a sex slave for her.<br><br>\n(Source: ANN)", "startDate": {"year": 2001, "month": 10, "day": 25}, "endDate": {"year": 2001, "month": 10, "day": 25}, "season": "FALL", "episodes": 1, "duration": 30, "genres": ["Comedy", "Hentai"], "averageScore": 48, "trending": 0, "popularity": 205, "streamingEpisodes": [], "coverImage": {"large": "https://s3.anilist.co/media/anime/cover/medium/3040.jpg", "medium": "https://s3.anilist.co/media/anime/cover/small/3040.jpg"}, "bannerImage": null, "isAdult": true, "format": "OVA"}, {"id": 3043, "title": {"romaji": "Andersen Douwa Ningyo Hime", "english": null}, "type": "ANIME", "status": "FINISHED", "description": "Marina, the most beautiful mermaid in the royal Merman family, is curious about the human world. One day, she sees a handsome prince on a boat. Suddenly, a storm comes up, throwing him into the sea. Marina saves her handsome prince and guides him to the shore. Marina falls deeply in love and desperately wants to become a human. Despite the hazards, she is willing to risk it all for love.<br><br>\n(Source: ANN) ", "startDate": {"year": 1975, "month": 3, "day": 21}, "endDate": {"year": 1975, "month": 3, "day": 21}, "season": "SPRING", "episodes": 1, "duration": 68, "genres": ["Fantasy", "Romance"], "averageScore": 59, "trending": 0, "popularity": 332, "streamingEpisodes": [], "coverImage": {"large": "https://s3.anilist.co/media/anime/cover/medium/3043.jpg", "medium": "https://s3.anilist.co/media/anime/cover/small/3043.jpg"}, "bannerImage": "https://s3.anilist.co/media/anime/banner/3043-Uz2a3SKBM3Ur.jpg", "isAdult": false, "format": "MOVIE"}, {"id": 3044, "title": {"romaji": "Astro Boy (1980)", "english": "Astro Boy (1980)"}, "type": "ANIME", "status": "FINISHED", "description": "Creating a robotic boy in the image of his recently deceased son Tobio, Professor Tenma thought nothing could go wrong now that his beloved child had been \"reborn\"... that is, until he comes to realize that this invention could never replace his son. Before long, however, the robot is kidnapped and spirited away to a robot circus in America, where he is soon rescued by Dr. Ochanomizu, and taken into his care. Tobio is given the new name Tetsuwan Atom, and transforms into Japan's crime-fighting hero, although his anti-violent pacifist views and overall childlike naivety tend to clash with his battles often.<br><br>\n(Source: ANN)", "startDate": {"year": 1980, "month": 10, "day": 1}, "endDate": {"year": 1981, "month": 12, "day": 23}, "season": "FALL", "episodes": 52, "duration": 24, "genres": ["Action", "Adventure", "Mecha", "Sci-Fi"], "averageScore": 63, "trending": 0, "popularity": 620, "streamingEpisodes": [], "coverImage": {"large": "https://s3.anilist.co/media/anime/cover/medium/nx3044-SrS7Q0Y0v38J.png", "medium": "https://s3.anilist.co/media/anime/cover/small/nx3044-SrS7Q0Y0v38J.png"}, "bannerImage": null, "isAdult": false, "format": "TV"}, {"id": 3046, "title": {"romaji": "Shiroki Tenshi-tachi no Rondo", "english": "Hardcore Hospital"}, "type": "ANIME", "status": "FINISHED", "description": "Date General Hospital is a place unlike any other. The staff is equipped with \"special nurses\" that aim to meet the needs of any willing and able patient around. This hand selected group of sexual girls are taken under the wing of Dr. Date who upon giving the women his secret stamina drug lets the patients, nurses, and even himself feel pleasure like they have never have before.<br><br>\n(Source: ANN)", "startDate": {"year": 2002, "month": 10, "day": 11}, "endDate": {"year": 2002, "month": 12, "day": 13}, "season": "FALL", "episodes": 2, "duration": 30, "genres": ["Hentai"], "averageScore": null, "trending": 0, "popularity": 106, "streamingEpisodes": [], "coverImage": {"large": "https://s3.anilist.co/media/anime/cover/medium/3046.jpg", "medium": "https://s3.anilist.co/media/anime/cover/small/3046.jpg"}, "bannerImage": null, "isAdult": true, "format": "OVA"}, {"id": 3048, "title": {"romaji": "In no Houteishiki", "english": "Immorality"}, "type": "ANIME", "status": "FINISHED", "description": "Sayako is a new nurse at this certain school. She is what you call a diva: nice pretty face, slender body with the perfect curves and last but not least, very well-formed bust. But there is more to her than meets the eye.<br><br>\n(Source: AniDB)", "startDate": {"year": 2004, "month": 3, "day": 25}, "endDate": {"year": 2004, "month": 11, "day": 25}, "season": "SPRING", "episodes": 2, "duration": 30, "genres": ["Hentai"], "averageScore": 49, "trending": 0, "popularity": 215, "streamingEpisodes": [], "coverImage": {"large": "https://s3.anilist.co/media/anime/cover/medium/3048.jpg", "medium": "https://s3.anilist.co/media/anime/cover/small/3048.jpg"}, "bannerImage": null, "isAdult": true, "format": "OVA"}, {"id": 3050, "title": {"romaji": "Panchira Teacher", "english": "Panty Flash Teacher"}, "type": "ANIME", "status": "FINISHED", "description": "An ordinary school teacher is in an VERY oversexed world. When one of the students nearly rape her during class, she escapes, but the guy is still on her trail. Other guys try to get some action too as well, but then the guy from earlier succeeds in chronically raping her, but she could be able to recover, but the rapist's karma could also turn bad again.<br><br>\n(Source: ANN)", "startDate": {"year": 2004, "month": 11, "day": 26}, "endDate": {"year": 2005, "month": 2, "day": 25}, "season": "FALL", "episodes": 2, "duration": 30, "genres": ["Hentai"], "averageScore": 54, "trending": 0, "popularity": 403, "streamingEpisodes": [], "coverImage": {"large": "https://s3.anilist.co/media/anime/cover/medium/3050.jpg", "medium": "https://s3.anilist.co/media/anime/cover/small/3050.jpg"}, "bannerImage": null, "isAdult": true, "format": "OVA"}, {"id": 3051, "title": {"romaji": "Yes! Precure 5: Kagami no Kuni no Miracle Daibouken!", "english": "Yes! Pretty Cure 5 the Movie: The Mirror Kingdom's Miraculous Adventure!"}, "type": "ANIME", "status": "FINISHED", "description": "The five girls plus Coco, Nuts, and Milk all go to visit a castle-themed theme park, where they dress up as princes and princesses and go off to have a fun-filled day. However, Coco and Nuts end up kidnapped! The girls have to save them with the help of two inhabitants of the Mirror Country, Hidarin and Migirin,  by battling Shadow, an evil clown, and five girls who are also from the Mirror Country that look very familiar...", "startDate": {"year": 2007, "month": 11, "day": 10}, "endDate": {"year": 2007, "month": 11, "day": 10}, "season": "FALL", "episodes": 1, "duration": 70, "genres": ["Fantasy", "Mahou Shoujo", "Romance"], "averageScore": 63, "trending": 0, "popularity": 377, "streamingEpisodes": [], "coverImage": {"large": "https://s3.anilist.co/media/anime/cover/medium/3051.jpg", "medium": "https://s3.anilist.co/media/anime/cover/small/3051.jpg"}, "bannerImage": null, "isAdult": false, "format": "MOVIE"}, {"id": 3053, "title": {"romaji": "Ganbare! Kickers", "english": "Fight! Kickers"}, "type": "ANIME", "status": "FINISHED", "description": "The Kickers are first and foremost a football team. Actually, they're only playing for their school, but haven't exactly covered themselves with glory. When the new player, Gregor (Daichi Kakeru) arrives at the school, they just had faced a resounding defeat again. However, thanks to Gregor, things are going to change. Highly motivated, they'll try to get rid of their \"always-loser-team\" image. Their strongest enemy are the Devils, who Gregor provokes right from the start. However, it's not all about football. When the captain, Mario (Hongou Masaru), is not pursued by his female fans, the Kickers often hang around and do stuff together.<br><br>\n(Source: AniDB)", "startDate": {"year": 1986, "month": 10, "day": 15}, "endDate": {"year": 1987, "month": 3, "day": 25}, "season": "FALL", "episodes": 26, "duration": 23, "genres": ["Comedy", "Drama", "Sports"], "averageScore": 59, "trending": 0, "popularity": 446, "streamingEpisodes": [], "coverImage": {"large": "https://s3.anilist.co/media/anime/cover/medium/3053-CjZTqgh5ODGO.jpg", "medium": "https://s3.anilist.co/media/anime/cover/small/3053-CjZTqgh5ODGO.jpg"}, "bannerImage": "https://s3.anilist.co/media/anime/banner/3053-xp487JLAWZi3.jpg", "isAdult": false, "format": "TV"}, {"id": 3054, "title": {"romaji": "Star of the Seine", "english": "Star of the Seine"}, "type": "ANIME", "status": "FINISHED", "description": "The story is set in Paris, on the night before the France Revolution. The civilians have been suffering under the tyrannical rule of Louis, the sixteenth. In order to release the people from their suffering, Simone, a young girl whose parents were killed by the aristocrats, decides to challenge the corrupted aristocrats. Covering her face with a red mask and leaving a red carnation as a mark of her presence, Simone is La Seine no Hoshi.<br><br>\n(Source: ANN)", "startDate": {"year": 1975, "month": 4, "day": 4}, "endDate": {"year": 1975, "month": 12, "day": 26}, "season": "SPRING", "episodes": 39, "duration": 23, "genres": ["Adventure"], "averageScore": null, "trending": 0, "popularity": 146, "streamingEpisodes": [], "coverImage": {"large": "https://s3.anilist.co/media/anime/cover/medium/3054.jpg", "medium": "https://s3.anilist.co/media/anime/cover/small/3054.jpg"}, "bannerImage": null, "isAdult": false, "format": "TV"}, {"id": 3056, "title": {"romaji": "Natural", "english": null}, "type": "ANIME", "status": "FINISHED", "description": "Rumor's spreading of a hot new couple on campus! A professor is giving the sexy swim star some very special lessons. And this teacher's pet is hot to trot and learning all kinds of new tricks! ", "startDate": {"year": 1999, "month": 2, "day": 25}, "endDate": {"year": 1999, "month": 5, "day": 25}, "season": "WINTER", "episodes": 2, "duration": 30, "genres": ["Hentai"], "averageScore": null, "trending": 0, "popularity": 99, "streamingEpisodes": [], "coverImage": {"large": "https://s3.anilist.co/media/anime/cover/medium/3056.jpg", "medium": "https://s3.anilist.co/media/anime/cover/small/3056.jpg"}, "bannerImage": null, "isAdult": true, "format": "OVA"}, {"id": 3057, "title": {"romaji": "Loveless Specials", "english": null}, "type": "ANIME", "status": "FINISHED", "description": "DVD specials.", "startDate": {"year": 2005, "month": 11, "day": 1}, "endDate": {"year": 2006, "month": 4, "day": 27}, "season": "FALL", "episodes": 6, "duration": 2, "genres": ["Comedy", "Fantasy", "Romance", "Supernatural"], "averageScore": 58, "trending": 0, "popularity": 632, "streamingEpisodes": [], "coverImage": {"large": "https://s3.anilist.co/media/anime/cover/medium/3057.jpg", "medium": "https://s3.anilist.co/media/anime/cover/small/3057.jpg"}, "bannerImage": null, "isAdult": false, "format": "SPECIAL"}, {"id": 3058, "title": {"romaji": "Darling", "english": null}, "type": "ANIME", "status": "FINISHED", "description": "Jun is a comic artist who is never afraid to put in a hard day of work. Naturally, he authors pornographic comics. He's been given a monumental deadline, but he has a special power allowing him to work at hyper speed as long as he is aroused. Lucky for him, his assistant Miyuki is also his wife and she's ready to give him a hand with work. <br><br>\n(Source: AniDB)", "startDate": {"year": 2003, "month": 2, "day": 18}, "endDate": {"year": 2003, "month": 6, "day": 27}, "season": "WINTER", "episodes": 3, "duration": 26, "genres": ["Hentai"], "averageScore": 54, "trending": 0, "popularity": 294, "streamingEpisodes": [], "coverImage": {"large": "https://s3.anilist.co/media/anime/cover/medium/3058.jpg", "medium": "https://s3.anilist.co/media/anime/cover/small/3058.jpg"}, "bannerImage": null, "isAdult": true, "format": "OVA"}, {"id": 3059, "title": {"romaji": "Ninja Senshi Tobikage", "english": "Ninja Robots"}, "type": "ANIME", "status": "FINISHED", "description": "Ninja Senshi Tobikage tells the story of a boy named Joe Maya. One day, Joe, who lives on Mars, witnesses a battle between aliens. Those from Planet Zaboom are attacking the princess of Planet Radorio, she has escaped from the emperor of Zaboom who is scheming to conquer the universe and has crash landed on mars. Joe stumbles aboard the princesses ship, this starts a chain reaction of events that will alter their lives. Joe and his friends wield three powerful mecha beasts against the emperor of Zaboom and his forces, but the odds are stacked heavily against them. When all hope seems to be lost a mysterious ninja robot named Tobikage appears as if from nowhere to provide assitance, able to combine with the 3 mechanical beasts provides Tobikage with unmatched power, with his aide Joe fights the forces of Zaboom... <br><br>\n(Source: ANN)", "startDate": {"year": 1985, "month": 10, "day": 6}, "endDate": {"year": 1986, "month": 7, "day": 14}, "season": "FALL", "episodes": 43, "duration": 24, "genres": ["Adventure", "Mecha", "Sci-Fi"], "averageScore": 53, "trending": 0, "popularity": 203, "streamingEpisodes": [], "coverImage": {"large": "https://s3.anilist.co/media/anime/cover/medium/3059.jpg", "medium": "https://s3.anilist.co/media/anime/cover/small/3059.jpg"}, "bannerImage": null, "isAdult": false, "format": "TV"}, {"id": 3060, "title": {"romaji": "Dallos", "english": "Dallos"}, "type": "ANIME", "status": "FINISHED", "description": "At the end of the 21st century, Earth had to confront the problem of population increases combined with shortages in resources. Development of the Moon was seen as the way to solve the situation. The Moon's mineral resources reinvigorated the Earth and brought prosperity. However, the achievement of that vision proved painful for those who'd left their home world to settle on the Moon.<br><br>\nOne of Man's greatest dreams has become a nightmare for those who have been forced to live it out. Shun Nonomura doesn't realize it, but he's about to discover a weapon - one that can overthrow the oppressive Monopolice and bring freedom to the lunar colonists. The growing resistance movemnt is quick to adopt it, along with its creator, into their ranks as they rally around the mysterious alien monument known as Dallos...<br><br>\nDallos was made in 1983 by Studio Pierrot, becoming world's first OVA series. It was also the directorial debut of Mamoru Oshii, who would later go on to direct such films as Angel's Egg, the first two Urusei Yatsura movies, and Ghost in the Shell.<br><br>\n(Source: AniDB)", "startDate": {"year": 1983, "month": 12, "day": 12}, "endDate": {"year": 1984, "month": 7, "day": 21}, "season": "WINTER", "episodes": 4, "duration": 30, "genres": ["Sci-Fi", "Mecha", "Drama"], "averageScore": 52, "trending": 0, "popularity": 601, "streamingEpisodes": [{"title": "Episode 1 - Episode 1", "url": "http://www.crunchyroll.com/dallos/episode-1-episode-1-679845"}, {"title": "Episode 2 - Episode 2", "url": "http://www.crunchyroll.com/dallos/episode-2-episode-2-679847"}, {"title": "Episode 3 - Episode 3", "url": "http://www.crunchyroll.com/dallos/episode-3-episode-3-679849"}, {"title": "Episode 4 - Episode 4", "url": "http://www.crunchyroll.com/dallos/episode-4-episode-4-679851"}], "coverImage": {"large": "https://s3.anilist.co/media/anime/cover/medium/3060-tF1Lwkks8GyR.jpg", "medium": "https://s3.anilist.co/media/anime/cover/small/3060-tF1Lwkks8GyR.jpg"}, "bannerImage": "https://s3.anilist.co/media/anime/banner/3060-dft1AowBSKEL.jpg", "isAdult": false, "format": "OVA"}, {"id": 3061, "title": {"romaji": "Kishin Corps", "english": "Kishin Corps"}, "type": "ANIME", "status": "FINISHED", "description": "October 1941, as the second World War threatens to destroy the civilized world, an unforeseen complication suddenly occurs. An alien invasion! Despite the sudden appearance of these extraterrestrial aggressors, the Axis and Allies continue their destructive conflict. Only the Kishin Corps and their giant Geo-Armor Robots (a.k.a.: Kishin), developed from a captured alien robot soldier, stand between the Earth and total annihilation!<br><br>\nA teenager, named Taishi, suddenly finds himself at the center of a struggle over a mysterious black attach&eacute; case entrusted to him by his father, Professor Tokamura. The case contains the controlling mechanism for one of the giant Geo-Armor Robots, and the Japanese Kanto Army, the alien invaders, and the Kishin Corps all want to recover the device! Between the spies, the armies, the aliens, and the Giant Robots, Taishi is in for an epic adventure - if he can survive it!<br><br>\n(Source: AnimeNfo)", "startDate": {"year": 1993, "month": 3, "day": 25}, "endDate": {"year": 1994, "month": 8, "day": 25}, "season": "SPRING", "episodes": 7, "duration": 33, "genres": ["Adventure", "Mecha", "Sci-Fi"], "averageScore": null, "trending": 0, "popularity": 148, "streamingEpisodes": [], "coverImage": {"large": "https://s3.anilist.co/media/anime/cover/medium/3061.jpg", "medium": "https://s3.anilist.co/media/anime/cover/small/3061.jpg"}, "bannerImage": null, "isAdult": false, "format": "OVA"}, {"id": 3062, "title": {"romaji": "Futago no Haha Seihonnou", "english": "Menage a Twins"}, "type": "ANIME", "status": "FINISHED", "description": "One day, Minoru received an e-mail sending to the wrong address. It was the first accident. It was sent by a woman named Akane. Somehow, he felt as if he knew her, but he couldn't understand why he felt so. The next accident happened. When he and Tomoe went home after shopping, they happened to see Akane. Looking at Akane, Tomoe put on a grave face. Putting him between them, they looked at each other. Their encounter is just an accident or intentional? Being disclosed their relations, Minori lost his calmness, and couldn't help devouring their sexual bodies. <br><br>\n(Source: AnimeNfo) ", "startDate": {"year": 2005, "month": 5, "day": 25}, "endDate": {"year": 2005, "month": 8, "day": 25}, "season": "SPRING", "episodes": 2, "duration": 30, "genres": ["Hentai"], "averageScore": 50, "trending": 0, "popularity": 181, "streamingEpisodes": [], "coverImage": {"large": "https://s3.anilist.co/media/anime/cover/medium/3062.jpg", "medium": "https://s3.anilist.co/media/anime/cover/small/3062.jpg"}, "bannerImage": null, "isAdult": true, "format": "OVA"}, {"id": 3063, "title": {"romaji": "Gakuen Sodom", "english": "Professor Pain"}, "type": "ANIME", "status": "FINISHED", "description": "The students of Aoi College, who are all 19 by the way, have always suspected that Professor Ohse might be some sort of pervert or cretin, but no one could have guessed how depraved he really is. As it turns out, he's really a terrorist who decides to hold the entire campus hostage, and make all of its comely young lasses submit to his desire for torture and depravity.<br><br>\n(Source: ANN)", "startDate": {"year": 1998, "month": 8, "day": 25}, "endDate": {"year": 1998, "month": 12, "day": 18}, "season": "SUMMER", "episodes": 2, "duration": 30, "genres": ["Hentai"], "averageScore": null, "trending": 0, "popularity": 84, "streamingEpisodes": [], "coverImage": {"large": "https://s3.anilist.co/media/anime/cover/medium/3063.jpg", "medium": "https://s3.anilist.co/media/anime/cover/small/3063.jpg"}, "bannerImage": null, "isAdult": true, "format": "OVA"}, {"id": 3064, "title": {"romaji": "Kizuoibito", "english": "Wounded Man"}, "type": "ANIME", "status": "FINISHED", "description": "Based on the manga by Kazuo Koike.", "startDate": {"year": 1986, "month": 7, "day": 5}, "endDate": {"year": 1988, "month": 8, "day": 25}, "season": "SUMMER", "episodes": 5, "duration": 35, "genres": ["Action"], "averageScore": null, "trending": 0, "popularity": 109, "streamingEpisodes": [], "coverImage": {"large": "https://s3.anilist.co/media/anime/cover/medium/3064.jpg", "medium": "https://s3.anilist.co/media/anime/cover/small/3064.jpg"}, "bannerImage": null, "isAdult": false, "format": "OVA"}, {"id": 3065, "title": {"romaji": "Ozanari Dungeon: Kaze no Tou", "english": null}, "type": "ANIME", "status": "FINISHED", "description": "The king of the Tower of Wind seeks the power of the legendary Dragon's Head, and employs the fighter Moka, the thief Buruman, and the magic user Kiriman to steal it for him. But the Dragon's Head is sealed in the Temple of Fire, and to capture it Moka will have to face the sect that has protected it generation after generation!<br><br>\n(Source: AniDB)", "startDate": {"year": 1991, "month": 9, "day": 27}, "endDate": {"year": 1991, "month": 12, "day": 20}, "season": "FALL", "episodes": 3, "duration": 26, "genres": ["Action", "Adventure", "Comedy", "Fantasy"], "averageScore": null, "trending": 0, "popularity": 96, "streamingEpisodes": [], "coverImage": {"large": "https://s3.anilist.co/media/anime/cover/medium/3065.jpg", "medium": "https://s3.anilist.co/media/anime/cover/small/3065.jpg"}, "bannerImage": null, "isAdult": false, "format": "OVA"}, {"id": 3066, "title": {"romaji": "Joou-sama wa M Dorei", "english": "Queen and Slave"}, "type": "ANIME", "status": "FINISHED", "description": "Men are the enemies... <br><br>\nAs a young girl, Yumi (Yoshimi Terada) watched her mother leave her father, and her father bring in other women. She grew to hate her father and all men. Time has passed, and now Yumi is a nurse. But that is only her day job. Being a queen is her true calling. What will happen when Hiroyuki Ando, a former patient of hers who fell madly in love with her, finds out that she's not the gentle, caring person he thought he knew? <br><br>\n(Source: AniDB)", "startDate": {"year": 2002, "month": 4, "day": 18}, "endDate": {"year": 2002, "month": 4, "day": 18}, "season": "SPRING", "episodes": 1, "duration": 28, "genres": ["Hentai"], "averageScore": null, "trending": 0, "popularity": 97, "streamingEpisodes": [], "coverImage": {"large": "https://s3.anilist.co/media/anime/cover/medium/3066.jpg", "medium": "https://s3.anilist.co/media/anime/cover/small/3066.jpg"}, "bannerImage": null, "isAdult": true, "format": "OVA"}, {"id": 3067, "title": {"romaji": "Saraba Uchuu Senkan Yamato: Ai no Senshitachi", "english": "Farewell to Space Battleship Yamato: In the Name of Love"}, "type": "ANIME", "status": "FINISHED", "description": "In the year 2201, one year after the Yamato saved Earth from radioactive contamination, a new threat emerges. The Yamato makes its final journey to save the Earth from this new threat.<br><br>\nEarth has almost recovered from the battle against Gamilus, and reconstruction has expanded to the other planets. When former Yamato crew-mates discover a strange, garbled message that seems to be coming from a white comet headed towards Earth, they hijack their old space fortress and begin a new battle.<br><br>\n(Source: AnimeNfo)", "startDate": {"year": 1978, "month": 8, "day": 5}, "endDate": {"year": 1978, "month": 8, "day": 5}, "season": "SUMMER", "episodes": 1, "duration": 152, "genres": ["Action", "Drama", "Sci-Fi"], "averageScore": 57, "trending": 0, "popularity": 288, "streamingEpisodes": [], "coverImage": {"large": "https://s3.anilist.co/media/anime/cover/medium/3067.jpg", "medium": "https://s3.anilist.co/media/anime/cover/small/3067.jpg"}, "bannerImage": null, "isAdult": false, "format": "MOVIE"}, {"id": 3069, "title": {"romaji": "Yamato yo Eien ni", "english": "Be Forever Yamato"}, "type": "ANIME", "status": "FINISHED", "description": "The Black Nebula Empire attacks Earth and threatens to blow up the planet with a bomb they placed on Earth if counter attacked. Earths hopes rest on the Yamato crew as they go to the Black Nebula Planet and try to find a way to difuse the bomb before it's too late. <br><br>\n(Source: ANN)", "startDate": {"year": 1980, "month": 8, "day": 2}, "endDate": {"year": 1980, "month": 8, "day": 2}, "season": "SUMMER", "episodes": 1, "duration": 150, "genres": ["Adventure", "Drama", "Sci-Fi"], "averageScore": 54, "trending": 0, "popularity": 229, "streamingEpisodes": [], "coverImage": {"large": "https://s3.anilist.co/media/anime/cover/medium/3069.jpg", "medium": "https://s3.anilist.co/media/anime/cover/small/3069.jpg"}, "bannerImage": null, "isAdult": false, "format": "MOVIE"}, {"id": 3070, "title": {"romaji": "Wakusei Daikaiju Negadon", "english": "Negadon: The Monster from Mars"}, "type": "ANIME", "status": "FINISHED", "description": "A world of the future, madly over populated, searches for a new home on Mars to help support humanity. After terraforming Mars into a habitable landscape a Japanese ship returning from the planet crash-lands on a Tokyo street, unleashing a terrible monster. The only man who can stop Negadon is Dr. Narasaki, and his robot Miroku...<br><br>\n(Source: ANN)", "startDate": {"year": 2005, "month": 10, "day": 16}, "endDate": {"year": 2005, "month": 10, "day": 16}, "season": "FALL", "episodes": 1, "duration": 26, "genres": ["Action", "Fantasy", "Mecha", "Sci-Fi"], "averageScore": 44, "trending": 0, "popularity": 104, "streamingEpisodes": [], "coverImage": {"large": "https://s3.anilist.co/media/anime/cover/medium/3070.jpg", "medium": "https://s3.anilist.co/media/anime/cover/small/3070.jpg"}, "bannerImage": null, "isAdult": false, "format": "MOVIE"}, {"id": 3071, "title": {"romaji": "Uchuu Senkan Yamato: Aratanaru Tabidachi", "english": "Space Battleship Yamato: The New Voyage"}, "type": "ANIME", "status": "FINISHED", "description": "It is the year 2201. The Yamato has returned from the devastating battle with Emperor Zordar and the Comet Empire. Sanada, Aihara, and Shima are released from the hospital, and go to pay their respects to the fallen crew members at Okita's memorial. They meet Tokugawa's son Tasuke, who says that he will be joining the crew once he graduates from cadet school. The next day at his graduation, he ends up capsizing a boat full of new cadets because they are all too busy staring at the Yamato to watch where they are going. <br>\nAfter some problems during launch due to the new engine crew hitting the wrong switches and stalling the ship, the Yamato departs on what should be a simple training mission. <br><br>\n(Source: AniDB)", "startDate": {"year": 1979, "month": 7, "day": 31}, "endDate": {"year": 1979, "month": 7, "day": 31}, "season": "SUMMER", "episodes": 1, "duration": 95, "genres": ["Drama", "Sci-Fi"], "averageScore": 55, "trending": 0, "popularity": 278, "streamingEpisodes": [], "coverImage": {"large": "https://s3.anilist.co/media/anime/cover/medium/3071.jpg", "medium": "https://s3.anilist.co/media/anime/cover/small/3071.jpg"}, "bannerImage": null, "isAdult": false, "format": "MOVIE"}, {"id": 3072, "title": {"romaji": "Uchuu Senkan Yamato: Kanketsu-hen", "english": "Space Battleship Yamato - Final Chapter"}, "type": "ANIME", "status": "FINISHED", "description": "The year is 2203, not long after the Bolar Federation was defeated by Desslok's Galman-Gamilon Empire. A subspace dimensional dislocation has caused a distant Red Galaxy to be relocated in a collision course with the Milky Way. Stars and planets collide, making a wreck of the Galman-Gamilon homeworld. The Star Force is dispatched to investigate. They reach Galmania to find Desslok's palace in ruins.<br><br>\nAs they pay their respects, tossing white roses down to the surface of the planet, a huge red planet crashes into Galmania, forcing to StarForce to escape with an immediate and uncalculated warp.<br><br>\n(Source: AniDB)", "startDate": {"year": 1983, "month": 3, "day": 19}, "endDate": {"year": 1983, "month": 3, "day": 19}, "season": "SPRING", "episodes": 1, "duration": 163, "genres": ["Drama", "Sci-Fi"], "averageScore": 57, "trending": 0, "popularity": 285, "streamingEpisodes": [], "coverImage": {"large": "https://s3.anilist.co/media/anime/cover/medium/3072.jpg", "medium": "https://s3.anilist.co/media/anime/cover/small/3072.jpg"}, "bannerImage": null, "isAdult": false, "format": "MOVIE"}, {"id": 3073, "title": {"romaji": "Robby & Kerobby", "english": "Robby & Kerobby"}, "type": "ANIME", "status": "FINISHED", "description": "A story of the adventures of Robby and Kerobby along with their other friends.", "startDate": {"year": 2007, "month": 4, "day": 1}, "endDate": {"year": 2008, "month": 3, "day": 30}, "season": "SPRING", "episodes": 52, "duration": 25, "genres": ["Comedy"], "averageScore": null, "trending": 0, "popularity": 17, "streamingEpisodes": [], "coverImage": {"large": "https://s3.anilist.co/media/anime/cover/medium/3073.jpg", "medium": "https://s3.anilist.co/media/anime/cover/small/3073.jpg"}, "bannerImage": null, "isAdult": false, "format": "TV"}, {"id": 3074, "title": {"romaji": "Minerva no Kenshi", "english": "Fencer of Minerva"}, "type": "ANIME", "status": "FINISHED", "description": "Princess Diana runs away from an arranged marraige and straight into the arms of slave traders who capture her and she is forced to become a slave. She finds her long lost childhood friend/love there, who happens to be the sworn enemy of her families throne, and becomes his, but of course with the family wanting her back all is not ideal. <br><br>\n(Source: ANN)", "startDate": {"year": 1994, "month": 12, "day": 17}, "endDate": {"year": 1996, "month": 12, "day": 18}, "season": "WINTER", "episodes": 5, "duration": 46, "genres": ["Ecchi", "Fantasy"], "averageScore": null, "trending": 0, "popularity": 124, "streamingEpisodes": [], "coverImage": {"large": "https://s3.anilist.co/media/anime/cover/medium/3074.jpg", "medium": "https://s3.anilist.co/media/anime/cover/small/3074.jpg"}, "bannerImage": null, "isAdult": false, "format": "OVA"}, {"id": 3075, "title": {"romaji": "Time Kyoshitsu: Tondera House no Daiboken", "english": "The Flying House"}, "type": "ANIME", "status": "FINISHED", "description": "The series began in the middle of a game of hide and seek, as a young boy named Justin Casey (Gen) finishes counting and begins searching for his friends Angela (usually called \"Angie\") and Corkey Roberts (Kanna and Tsukubo Natsuyama). As he searched for the brother and sister in the wooded area, a storm occurred all of a sudden. Justin managed to sneak up on the two before the rain started pouring, forcing them to run for cover. They would eventually find a house in the wooded area, previously unseen according to Justin. At first glance it appeared nobody was home after entering the house, until they discovered a robot named Solar Ion Robot (Kadenchin), or the acronym SIR. They would soon meet the owner of the house, Professor Humphrey Bumble (Dr. Tokio Taimu), who introduced the children to his greatest creation, a time machine. Professor Bumble's attempt at recreating Benjamin Franklin's famous lightning experiment with the use of a kite flying outside the house to get the machine working only led up to SIR's temporary change in personality before sending the entire house on course for the past. The children never realized how long the journey back home would be due to Professor Bumble's misguidance and errors in time travel, but in the meantime they witnessed and participated (with little or no consequences) in numerous events in the Bible's New Testament, from John the Baptist's birth to the rise of the Apostle Paul.\"<br><br>\n(Source: Wikipedia)", "startDate": {"year": 1982, "month": 4, "day": 5}, "endDate": {"year": 1983, "month": 3, "day": 28}, "season": "SPRING", "episodes": 52, "duration": 24, "genres": ["Adventure", "Sci-Fi"], "averageScore": null, "trending": 0, "popularity": 78, "streamingEpisodes": [], "coverImage": {"large": "https://s3.anilist.co/media/anime/cover/medium/3075.jpg", "medium": "https://s3.anilist.co/media/anime/cover/small/3075.jpg"}, "bannerImage": null, "isAdult": false, "format": "TV"}, {"id": 3076, "title": {"romaji": "Bishoujo Senshi Sailor Moon SuperS Special", "english": null}, "type": "ANIME", "status": "FINISHED", "description": "The first episode is a summary of SM, SM R and SM S, the second episode is about Haruka and Michiru on a cruising. They fight one of the SuperS enemies and decide to leave this villains to the classical Sailor Team. (That's an explanation why the outer Sailor Team doesn't appear in this season.) In episode 3 Chibiusa uncovers one of her classmates as a monster and fights her with the Sailor Team in a vampire castle.", "startDate": {"year": 1995, "month": 4, "day": 8}, "endDate": {"year": 1995, "month": 4, "day": 8}, "season": "SPRING", "episodes": 3, "duration": 16, "genres": ["Romance", "Mahou Shoujo"], "averageScore": 64, "trending": 0, "popularity": 907, "streamingEpisodes": [], "coverImage": {"large": "https://s3.anilist.co/media/anime/cover/medium/3076.jpg", "medium": "https://s3.anilist.co/media/anime/cover/small/3076.jpg"}, "bannerImage": null, "isAdult": false, "format": "SPECIAL"}]}}}