{"data": {"Page": {"pageInfo": {"total": 12298, "hasNextPage": true}, "media": [{"id": 21805, "title": {"romaji": "Pinkerton", "english": null}, "type": "ANIME", "status": "RELEASING", "description": "This hentai tells the sex life of a girl who is a sex slave.<br>\n<br>\n(Source: Nekopoi and Has Been Translated)", "startDate": {"year": 2016, "month": 7, "day": 22}, "endDate": {"year": null, "month": null, "day": null}, "season": "SUMMER", "episodes": null, "duration": 23, "genres": ["Hentai"], "averageScore": 53, "trending": 0, "popularity": 279, "streamingEpisodes": [], "coverImage": {"large": "https://s3.anilist.co/media/anime/cover/medium/21805-MWredTlhki1o.jpg", "medium": "https://s3.anilist.co/media/anime/cover/small/21805-MWredTlhki1o.jpg"}, "bannerImage": null, "isAdult": true, "format": "OVA"}, {"id": 21806, "title": {"romaji": "Yowamushi Pedal: SPARE BIKE", "english": null}, "type": "ANIME", "status": "FINISHED", "description": "The Yowamushi Pedal: Spare Bike spinoff manga series follows the early years of the third-year students.<br><br>\n\n(Source: ANN)", "startDate": {"year": 2016, "month": 9, "day": 9}, "endDate": {"year": 2016, "month": 9, "day": 9}, "season": "SUMMER", "episodes": 1, "duration": 60, "genres": ["Comedy", "Sports"], "averageScore": 67, "trending": 0, "popularity": 763, "streamingEpisodes": [], "coverImage": {"large": "https://s3.anilist.co/media/anime/cover/medium/21806-yYNWpeSRierl.png", "medium": "https://s3.anilist.co/media/anime/cover/small/21806-yYNWpeSRierl.png"}, "bannerImage": null, "isAdult": false, "format": "MOVIE"}, {"id": 21807, "title": {"romaji": "Tsubasa to Hotaru (2015)", "english": "Tsubasa to Hotaru (2015)"}, "type": "ANIME", "status": "FINISHED", "description": "Four episodes that will be aired on TV as segments within the children's television program Oha Suta.", "startDate": {"year": 2015, "month": 3, "day": 6}, "endDate": {"year": 2015, "month": 3, "day": 27}, "season": "WINTER", "episodes": 4, "duration": 2, "genres": ["Romance"], "averageScore": 52, "trending": 0, "popularity": 272, "streamingEpisodes": [], "coverImage": {"large": "https://s3.anilist.co/media/anime/cover/medium/21807-7WSJqxCwkPAp.jpg", "medium": "https://s3.anilist.co/media/anime/cover/small/21807-7WSJqxCwkPAp.jpg"}, "bannerImage": null, "isAdult": false, "format": "SPECIAL"}, {"id": 21808, "title": {"romaji": "Tsubasa to Hotaru (2016)", "english": "Tsubasa to Hotaru (2016)"}, "type": "ANIME", "status": "FINISHED", "description": "The story revolves around Tsubasa Sonokawa, a 15-year old high school girl who fell in love with her upperclassman when he saved her after she fainted at the train station from anemia. She thought it was a meeting of fate, and visited him at his class every day. However, he told her that her feelings were \"heavy,\" and he dumped her. She once again meets a boy after taking over her friend Yuri's job as boy's basketball team manager. She learns that she might have more of a connection with this boy named Aki than she first thought...\n\n(Source: ANN)", "startDate": {"year": 2016, "month": 5, "day": 10}, "endDate": {"year": 2016, "month": 5, "day": 24}, "season": "SPRING", "episodes": 3, "duration": 2, "genres": ["Romance"], "averageScore": 53, "trending": 0, "popularity": 281, "streamingEpisodes": [], "coverImage": {"large": "https://s3.anilist.co/media/anime/cover/medium/21808-RskYq9wNGtkc.jpg", "medium": "https://s3.anilist.co/media/anime/cover/small/21808-RskYq9wNGtkc.jpg"}, "bannerImage": null, "isAdult": false, "format": "SPECIAL"}, {"id": 21809, "title": {"romaji": "Gra-P & Rodeo", "english": "Gra-P & Rodeo"}, "type": "ANIME", "status": "FINISHED", "description": "Rodeo is a normal high school boy who aims to be like GRANRODEO. Gra-P, a self-proclaimed music producer who comes from the future, tries to help him.", "startDate": {"year": 2014, "month": 10, "day": 19}, "endDate": {"year": 2015, "month": 12, "day": 29}, "season": "FALL", "episodes": 61, "duration": 2, "genres": ["Comedy", "Music"], "averageScore": null, "trending": 0, "popularity": 30, "streamingEpisodes": [], "coverImage": {"large": "https://s3.anilist.co/media/anime/cover/medium/21809-6NE8DgcYS1q3.jpg", "medium": "https://s3.anilist.co/media/anime/cover/small/21809-6NE8DgcYS1q3.jpg"}, "bannerImage": null, "isAdult": false, "format": "TV_SHORT"}, {"id": 21810, "title": {"romaji": "Gra-P & Rodeo 2nd Season", "english": "Gra-P & Rodeo 2nd Season"}, "type": "ANIME", "status": "FINISHED", "description": "2nd Season of Gra-P & Rodeo.", "startDate": {"year": 2016, "month": 7, "day": 1}, "endDate": {"year": 2016, "month": 12, "day": 30}, "season": "SUMMER", "episodes": 27, "duration": 2, "genres": ["Comedy", "Music"], "averageScore": null, "trending": 0, "popularity": 30, "streamingEpisodes": [], "coverImage": {"large": "https://s3.anilist.co/media/anime/cover/medium/21810-43OQRZ6VK7FD.jpg", "medium": "https://s3.anilist.co/media/anime/cover/small/21810-43OQRZ6VK7FD.jpg"}, "bannerImage": null, "isAdult": false, "format": "TV_SHORT"}, {"id": 21811, "title": {"romaji": "Konnichiwa Onara Gorou", "english": "Konnichiwa Onara Gorou"}, "type": "ANIME", "status": "FINISHED", "description": "Serves as an \"episode 0\" to the July 2016 television series. It introduces the characters and concept of the show.", "startDate": {"year": 2016, "month": 3, "day": 14}, "endDate": {"year": 2016, "month": 3, "day": 14}, "season": "WINTER", "episodes": 1, "duration": 3, "genres": ["Comedy"], "averageScore": null, "trending": 0, "popularity": 120, "streamingEpisodes": [], "coverImage": {"large": "https://s3.anilist.co/media/anime/cover/medium/21811-z6FmKjtLHDdg.jpg", "medium": "https://s3.anilist.co/media/anime/cover/small/21811-z6FmKjtLHDdg.jpg"}, "bannerImage": null, "isAdult": false, "format": "ONA"}, {"id": 21812, "title": {"romaji": "Onara Gorou", "english": "Onara Gorou"}, "type": "ANIME", "status": "FINISHED", "description": "Onara Gorou follows the everyday life of Gorou, the \"most admirable of farts,\" as he solves problems in ways that only a fart can. <br><br>\n\n(Source: ANN)", "startDate": {"year": 2016, "month": 7, "day": 2}, "endDate": {"year": 2016, "month": 9, "day": 24}, "season": "SUMMER", "episodes": 13, "duration": 3, "genres": ["Comedy"], "averageScore": 44, "trending": 0, "popularity": 957, "streamingEpisodes": [], "coverImage": {"large": "https://s3.anilist.co/media/anime/cover/medium/21812-9HuoxVuTw2mi.jpg", "medium": "https://s3.anilist.co/media/anime/cover/small/21812-9HuoxVuTw2mi.jpg"}, "bannerImage": "https://s3.anilist.co/media/anime/banner/21812-lgB6gSLj6MDf.jpg", "isAdult": false, "format": "TV_SHORT"}, {"id": 21813, "title": {"romaji": "Gochuumon wa Usagi Desu ka?? Dear My Sister", "english": null}, "type": "ANIME", "status": "FINISHED", "description": "A new special episode, announced at the Rabbit House Tea Party event in 2016.", "startDate": {"year": 2017, "month": 11, "day": 11}, "endDate": {"year": 2017, "month": 11, "day": 11}, "season": "FALL", "episodes": 1, "duration": 60, "genres": ["Comedy", "Slice of Life"], "averageScore": 76, "trending": 0, "popularity": 2419, "streamingEpisodes": [], "coverImage": {"large": "https://s3.anilist.co/media/anime/cover/medium/nx21813-KmITiIPABylV.jpg", "medium": "https://s3.anilist.co/media/anime/cover/small/nx21813-KmITiIPABylV.jpg"}, "bannerImage": null, "isAdult": false, "format": "OVA"}, {"id": 21814, "title": {"romaji": "GUNDAM BUILD FIGHTERS TRY: Island Wars", "english": null}, "type": "ANIME", "status": "FINISHED", "description": "One year after winning the Gunpla Battle National Championships, Team Try Fighters is invited by Yajima Trading to a remote island to test the company's new battle system. Sekai and Fumina arrive on the island, only to discover that Gyanko, Shia, and Minato were also invited. Yuuma declines the offer as he is assisting Mirai on a photoshoot, only to realize that he and his teammates are on the same island. Meanwhile, the Nielsen Lab experiences an anomaly with their new Plavsky particles forms a giant crystal and cause Gunpla on the island to go out of control. The Gunpla Fighters must band together to stop the crystal from wreaking havoc on all Gunpla Battle Systems around the world. <br><br>\n\n(Source: ANN)", "startDate": {"year": 2016, "month": 8, "day": 21}, "endDate": {"year": 2016, "month": 8, "day": 21}, "season": "SUMMER", "episodes": 1, "duration": 36, "genres": ["Action", "Mecha", "Sci-Fi"], "averageScore": 62, "trending": 0, "popularity": 800, "streamingEpisodes": [], "coverImage": {"large": "https://s3.anilist.co/media/anime/cover/medium/21814-FtxlIGR1sywO.jpg", "medium": "https://s3.anilist.co/media/anime/cover/small/21814-FtxlIGR1sywO.jpg"}, "bannerImage": null, "isAdult": false, "format": "OVA"}, {"id": 21815, "title": {"romaji": "Strike The Blood II", "english": null}, "type": "ANIME", "status": "FINISHED", "description": "The second season of Strike The Blood.", "startDate": {"year": 2016, "month": 11, "day": 23}, "endDate": {"year": 2017, "month": 5, "day": 24}, "season": "FALL", "episodes": 8, "duration": 25, "genres": ["Action", "Ecchi", "Fantasy"], "averageScore": 69, "trending": 0, "popularity": 6029, "streamingEpisodes": [], "coverImage": {"large": "https://s3.anilist.co/media/anime/cover/medium/21815-izZOvSInCptN.jpg", "medium": "https://s3.anilist.co/media/anime/cover/small/21815-izZOvSInCptN.jpg"}, "bannerImage": "https://s3.anilist.co/media/anime/banner/21815-XdNRG0kLuSHj.jpg", "isAdult": false, "format": "OVA"}, {"id": 21816, "title": {"romaji": "Arslan Senki: Dakkan no Yaiba", "english": "The Heroic Legend of Arslan"}, "type": "ANIME", "status": "FINISHED", "description": "<b>Please note that this entry is marked for deletion due to not meeting database guidelines.</b><br><br>\n\nArslan Senki (TV): Dakkan no Yaiba retells the events of the series' first 13 episodes, summarizing the events that transpired from Arslan's escape with Daryun, to their time in the Peshawar Citadel.", "startDate": {"year": 2015, "month": 7, "day": 15}, "endDate": {"year": 2015, "month": 7, "day": 15}, "season": "SUMMER", "episodes": 1, "duration": 25, "genres": ["Action", "Adventure", "Drama", "Fantasy", "Supernatural"], "averageScore": 60, "trending": 0, "popularity": 962, "streamingEpisodes": [], "coverImage": {"large": "https://s3.anilist.co/media/anime/cover/medium/21816-4fwQwyH8G9ui.jpg", "medium": "https://s3.anilist.co/media/anime/cover/small/21816-4fwQwyH8G9ui.jpg"}, "bannerImage": null, "isAdult": false, "format": "SPECIAL"}, {"id": 21817, "title": {"romaji": "Arslan Senki (TV) OVA", "english": null}, "type": "ANIME", "status": "FINISHED", "description": "It has been announced that Hiromu Arakawa's Arslan Senki manga will bundle OVAs in the fifth and sixth volumes, to be released on May 9 and December 9 respectively. The first OVA will include an original story supervised by Hiromu Arakawa, while the content of the second OVA has not been announced yet.", "startDate": {"year": 2016, "month": 3, "day": 9}, "endDate": {"year": 2016, "month": 12, "day": 9}, "season": "SPRING", "episodes": 2, "duration": 24, "genres": ["Adventure", "Fantasy"], "averageScore": 64, "trending": 0, "popularity": 1207, "streamingEpisodes": [], "coverImage": {"large": "https://s3.anilist.co/media/anime/cover/medium/21817-o4SuDBz15nHv.jpg", "medium": "https://s3.anilist.co/media/anime/cover/small/21817-o4SuDBz15nHv.jpg"}, "bannerImage": null, "isAdult": false, "format": "OVA"}, {"id": 21818, "title": {"romaji": "Aishen Qiaokeli-ing...", "english": null}, "type": "ANIME", "status": "FINISHED", "description": "Jiang Haoyi is an ordinary freshman high school student. One day, he is approached by a group of girls he does not recognize, and the girls confess their love to him, causing quite the disturbance!\n<br><br>\nJust as the student body surrounds them, at the ready to denounce what's happening, time stops. A young girl in an outlandish dress descends from the heavens. She claims to be the God of Love, and explains just what is going on behind all this confusion...\n<br><br>\n(Source: AniDB)", "startDate": {"year": 2015, "month": 12, "day": 2}, "endDate": {"year": 2016, "month": 3, "day": 16}, "season": "WINTER", "episodes": 15, "duration": 15, "genres": ["Comedy", "Ecchi", "Romance"], "averageScore": 66, "trending": 0, "popularity": 2196, "streamingEpisodes": [], "coverImage": {"large": "https://s3.anilist.co/media/anime/cover/medium/21818-19F99CzDm0Vw.jpg", "medium": "https://s3.anilist.co/media/anime/cover/small/21818-19F99CzDm0Vw.jpg"}, "bannerImage": "https://s3.anilist.co/media/anime/banner/21818-TgVLmU5o3IdS.png", "isAdult": false, "format": "ONA"}, {"id": 21819, "title": {"romaji": "JK Bitch ni Shiboraretai", "english": null}, "type": "ANIME", "status": "FINISHED", "description": "Based on the adult manga by JOY RIDE.<br>\n<br>\nThis hentai tells LEGEND hair boys again .... Yes, he goes to school in the place of many bitches Start from his money-strapped classmate by offering Blowjob for 1000 yen, then Yariko's popular sister who is popular with school boys because being a model in a magazine offers him to eliminate male virginity for free and in the end the legend hair became famous because of his penis ...<br>\n<br>\n(Source: Nekopoi and Has Been Translated and Edited)", "startDate": {"year": 2016, "month": 8, "day": 19}, "endDate": {"year": 2016, "month": 9, "day": 16}, "season": "SUMMER", "episodes": 2, "duration": 20, "genres": ["Hentai"], "averageScore": 62, "trending": 0, "popularity": 714, "streamingEpisodes": [], "coverImage": {"large": "https://s3.anilist.co/media/anime/cover/medium/21819-a9yJnMPh1Rx0.png", "medium": "https://s3.anilist.co/media/anime/cover/small/21819-a9yJnMPh1Rx0.png"}, "bannerImage": "https://s3.anilist.co/media/anime/banner/21819-XhvQIgIeyivp.jpg", "isAdult": true, "format": "OVA"}, {"id": 21820, "title": {"romaji": "Digimon Universe: Appli Monsters", "english": null}, "type": "ANIME", "status": "FINISHED", "description": "Everyone in the world uses smartphone apps. But inside them lurks unknown creatures called \"Appli Monsters,\" or \"Appmon.\" The Appmon are AI lifeforms with the ability to think and act, and exist in the boundary between the human world and digital space to allow people and the system to interface and function. But in the vast sea of the internet, the \"last boss AI\" Leviathan takes control of the Appmon with a virus and begins hacking every system, thus starting to control the human world from the world of the net.<br><br>\n\nThe protagonist, Haru Shinkai, is led to acquire the Appli Drive, and uses it to materialize Gatchmon, a search app monster. What is the secret hidden within the Appli Drive? What is the mysterious field that exists between net world where the Appmon exist, and the real world? What is the \"App Combine\" that can combine two Appmons? What is Leviathan's true goal?<br><br>\n\n(Source: Official Website)", "startDate": {"year": 2016, "month": 10, "day": 1}, "endDate": {"year": 2017, "month": 9, "day": 30}, "season": "FALL", "episodes": 52, "duration": 24, "genres": ["Action", "Adventure", "Fantasy"], "averageScore": 58, "trending": 0, "popularity": 805, "streamingEpisodes": [], "coverImage": {"large": "https://s3.anilist.co/media/anime/cover/medium/21820-mzfeZQ4xIc0A.jpg", "medium": "https://s3.anilist.co/media/anime/cover/small/21820-mzfeZQ4xIc0A.jpg"}, "bannerImage": null, "isAdult": false, "format": "TV"}, {"id": 21821, "title": {"romaji": "Lupin III (2015): Italian Game", "english": "Lupin III (2015): Italian Game"}, "type": "ANIME", "status": "FINISHED", "description": "The special's story centers on the kidnapping of Rebecca Rossellini, a beautiful business owner who is a featured character in the new Lupin III TV anime series that is currently airing. Upon hearing of her kidnapping, Lupin rushes to her rescue. Additionally, Lupin receives a written challenge from a mysterious person named \"The Masked Count\" suggesting a contest: who can obtain the \"inheritance of Count Cagliostro\" first. <br><br>\n\n(Source: ANN)", "startDate": {"year": 2016, "month": 1, "day": 8}, "endDate": {"year": 2016, "month": 1, "day": 8}, "season": "WINTER", "episodes": 1, "duration": 91, "genres": ["Action", "Adventure", "Comedy"], "averageScore": 56, "trending": 0, "popularity": 355, "streamingEpisodes": [], "coverImage": {"large": "https://s3.anilist.co/media/anime/cover/medium/21821-b5wPtjHKlK8T.jpg", "medium": "https://s3.anilist.co/media/anime/cover/small/21821-b5wPtjHKlK8T.jpg"}, "bannerImage": null, "isAdult": false, "format": "SPECIAL"}, {"id": 21822, "title": {"romaji": "Lupin III (2015) Specials", "english": "Lupin III (2015) Specials"}, "type": "ANIME", "status": "FINISHED", "description": "Specials included in the Blu-ray and DVD releases of Lupin III (2015).", "startDate": {"year": 2015, "month": 9, "day": 6}, "endDate": {"year": 2015, "month": 11, "day": 22}, "season": "FALL", "episodes": 2, "duration": 25, "genres": ["Action", "Adventure", "Comedy"], "averageScore": 68, "trending": 0, "popularity": 565, "streamingEpisodes": [], "coverImage": {"large": "https://s3.anilist.co/media/anime/cover/medium/21822-s0tlfbWpm9T5.jpg", "medium": "https://s3.anilist.co/media/anime/cover/small/21822-s0tlfbWpm9T5.jpg"}, "bannerImage": null, "isAdult": false, "format": "SPECIAL"}, {"id": 21823, "title": {"romaji": "ACCA: 13-ku Kansatsu-ka", "english": "ACCA: 13 Territory Inspection Dept."}, "type": "ANIME", "status": "FINISHED", "description": "The kingdom of Dowa, which is subdivided into 13 states, is celebrating its monarch's 99th birthday. These 13 states have many agencies that are controlled by the giant organization known as ACCA. Within ACCA, Jean Otis is the second-in-command of the inspection agency. His agency has ten people placed in each of the 13 states, with a central office in the capital city. They keep track of all the activities of ACCA across the kingdom, and keep data on each state's ACCA office flowing toward the central office. Jean also often has business trips from the capital to the other districts to check on the situation and personnel there.<br><br>\n\n(Source: MangaHelpers)", "startDate": {"year": 2017, "month": 1, "day": 10}, "endDate": {"year": 2017, "month": 3, "day": 28}, "season": "WINTER", "episodes": 12, "duration": 24, "genres": ["Drama"], "averageScore": 74, "trending": 0, "popularity": 9749, "streamingEpisodes": [{"title": "Episode 1 - Jean the Cigarette-Peddler", "url": "http://www.crunchyroll.com/acca-13-territory-inspection-dept/episode-1-jean-the-cigarette-peddler-727511"}, {"title": "Episode 2 - The Partner In Crime's Name Is Nino", "url": "http://www.crunchyroll.com/acca-13-territory-inspection-dept/episode-2-the-partner-in-crimes-name-is-nino-727513"}, {"title": "Episode 3 - The Swirling Smoke of Rumors in the Castle", "url": "http://www.crunchyroll.com/acca-13-territory-inspection-dept/episode-3-the-swirling-smoke-of-rumors-in-the-castle-727515"}, {"title": "Episode 4 - Smoldering Embers in an Isolated Nation", "url": "http://www.crunchyroll.com/acca-13-territory-inspection-dept/episode-4-smoldering-embers-in-an-isolated-nation-727517"}, {"title": "Episode 5 - Overlapping Footprints in the Distance.", "url": "http://www.crunchyroll.com/acca-13-territory-inspection-dept/episode-5-overlapping-footprints-in-the-distance-727519"}, {"title": "Episode 6 - Where Pride and Train Tracks Lead", "url": "http://www.crunchyroll.com/acca-13-territory-inspection-dept/episode-6-where-pride-and-train-tracks-lead-727521"}, {"title": "Episode 7 - The Truth Emerges in the Night Mists", "url": "http://www.crunchyroll.com/acca-13-territory-inspection-dept/episode-7-the-truth-emerges-in-the-night-mists-727523"}, {"title": "Episode 8 - The Princess Who Spread Her Wings and the Friend Who Had a Duty", "url": "http://www.crunchyroll.com/acca-13-territory-inspection-dept/episode-8-the-princess-who-spread-her-wings-and-the-friend-who-had-a-duty-727525"}, {"title": "Episode 9 - A Graceful Black Adder Bears Its Fangs", "url": "http://www.crunchyroll.com/acca-13-territory-inspection-dept/episode-9-a-graceful-black-adder-bears-its-fangs-727527"}, {"title": "Episode 10 - Starfall in a City Without a Sky", "url": "http://www.crunchyroll.com/acca-13-territory-inspection-dept/episode-10-starfall-in-a-city-without-a-sky-727529"}, {"title": "Episode 11 - Furawau's Flowers Smell of Malice", "url": "http://www.crunchyroll.com/acca-13-territory-inspection-dept/episode-11-furawaus-flowers-smell-of-malice-727531"}, {"title": "Episode 12 - Where the Bird Flies", "url": "http://www.crunchyroll.com/acca-13-territory-inspection-dept/episode-12-where-the-bird-flies-727533"}], "coverImage": {"large": "https://s3.anilist.co/media/anime/cover/medium/21823-rO1rsx6OANhJ.jpg", "medium": "https://s3.anilist.co/media/anime/cover/small/21823-rO1rsx6OANhJ.jpg"}, "bannerImage": "https://s3.anilist.co/media/anime/banner/21823-ZTH4ucO2AHMQ.png", "isAdult": false, "format": "TV"}, {"id": 21824, "title": {"romaji": "Time Travel Shoujo: Mari Waka to 8-nin no Kagakusha-tachi", "english": "Time Travel Girl"}, "type": "ANIME", "status": "FINISHED", "description": "Mari Hayase is on a mission to go back in time and meet eight of the most prominent scientists and inventors in history. With the help of her two friends Waka Mizuki and Jun\nMizuki she\u2019ll find herself up close and personal with famous figures like Benjamin Franklin, Alexander Graham Bell, Thomas Edison, and so many more! What\u2019s her\npurpose and mission? Hopefully not getting stuck in the past!<br><br>\n\n(Source: FUNimation)", "startDate": {"year": 2016, "month": 7, "day": 9}, "endDate": {"year": 2016, "month": 9, "day": 24}, "season": "SUMMER", "episodes": 12, "duration": 24, "genres": [], "averageScore": 60, "trending": 0, "popularity": 1802, "streamingEpisodes": [], "coverImage": {"large": "https://s3.anilist.co/media/anime/cover/medium/21824-rAHfL0lr51Mo.jpg", "medium": "https://s3.anilist.co/media/anime/cover/small/21824-rAHfL0lr51Mo.jpg"}, "bannerImage": null, "isAdult": false, "format": "TV"}, {"id": 21825, "title": {"romaji": "Danganronpa 3: The End of Kibougamine Gakuen - Zetsubou-hen", "english": "Danganronpa 3: The End of Hope\u2019s Peak High School - Despair Arc"}, "type": "ANIME", "status": "FINISHED", "description": "The prequel to the 2012 PSP game, Danganronpa 2: Goodbye Despair. It will tell the story of the Remnants of Despair, a group featured in the game, while the other anime airing alongside (Mirai-hen) will act as a sequel to the game.", "startDate": {"year": 2016, "month": 7, "day": 14}, "endDate": {"year": 2016, "month": 9, "day": 22}, "season": "SUMMER", "episodes": 11, "duration": 24, "genres": ["Action", "Horror", "Mystery", "Psychological"], "averageScore": 72, "trending": 0, "popularity": 10255, "streamingEpisodes": [], "coverImage": {"large": "https://s3.anilist.co/media/anime/cover/medium/21825-oV4EMLnoWVYh.png", "medium": "https://s3.anilist.co/media/anime/cover/small/21825-oV4EMLnoWVYh.png"}, "bannerImage": "https://s3.anilist.co/media/anime/banner/n21825-iQbSSeddTjwK.jpg", "isAdult": false, "format": "TV"}, {"id": 21826, "title": {"romaji": "Adventures in Beauty Wonderland", "english": "Adventures in Beauty Wonderland"}, "type": "ANIME", "status": "FINISHED", "description": "One of Keiichi Tanaami's most recent short movies.", "startDate": {"year": 2013, "month": null, "day": null}, "endDate": {"year": 2013, "month": null, "day": null}, "season": null, "episodes": 1, "duration": 5, "genres": ["Psychological"], "averageScore": 35, "trending": 0, "popularity": 196, "streamingEpisodes": [], "coverImage": {"large": "https://s3.anilist.co/media/anime/cover/medium/21826-e6NusQnxZeDj.jpg", "medium": "https://s3.anilist.co/media/anime/cover/small/21826-e6NusQnxZeDj.jpg"}, "bannerImage": "https://s3.anilist.co/media/anime/banner/21826-FnNIh7rLXTDn.jpg", "isAdult": false, "format": "MOVIE"}, {"id": 21827, "title": {"romaji": "Violet Evergarden", "english": "Violet Evergarden"}, "type": "ANIME", "status": "FINISHED", "description": "Auto Memories Doll. <br><br>\n\nIt's been quite a while since that name caused a fuss. Originally invented by Professor Orland solely for his beloved wife, Auto Memories Dolls eventually spread out into the world, and a machine that allows people to rent out the dolls was also created.<br><br>\n\n\"I will run as fast as I can to wherever my customer desires. I am the Auto Memories Doll, Violet Evergarden.\"<br><br>\n\nA girl who almost appears to have popped out of a fairy tale with her blonde hair and blue eyes said this with her inorganic beauty and sweet voice. <br><br>\n\n(Source: Kyoto Animation)", "startDate": {"year": 2018, "month": 1, "day": 11}, "endDate": {"year": 2018, "month": 4, "day": 5}, "season": "WINTER", "episodes": 13, "duration": 24, "genres": ["Drama", "Fantasy", "Slice of Life"], "averageScore": 81, "trending": 2, "popularity": 33563, "streamingEpisodes": [], "coverImage": {"large": "https://s3.anilist.co/media/anime/cover/medium/nx21827-ZWW15M76Zc46.jpg", "medium": "https://s3.anilist.co/media/anime/cover/small/nx21827-ZWW15M76Zc46.jpg"}, "bannerImage": "https://s3.anilist.co/media/anime/banner/21827-axEmcLTtSMay.jpg", "isAdult": false, "format": "TV"}, {"id": 21828, "title": {"romaji": "Shoujo Ramune", "english": null}, "type": "ANIME", "status": "FINISHED", "description": "Based on the adult game by Tanuki Soft.<br>\n<br>\nIt\u2019s been a few months since Kiyoshi quit his job to fulfill his dream of running a dagashi-ya in the outskirts of Tokyo. He wanted to live the rest of his life watching little girls. His plan was a success, with the kids from the nearby school visiting his shop every day and talking with him happily like friends. However, soon after summer vacation started, he noticed one of his usual customers, Chie, stealing some candies. Even though it wasn\u2019t much of a loss, he couldn\u2019t let it slide. When he questioned her, she said that she\u2019ll make up for it by working part-time at his store. Thus begins his summer vacation with small girls.", "startDate": {"year": 2016, "month": 10, "day": 7}, "endDate": {"year": 2018, "month": 3, "day": 2}, "season": "FALL", "episodes": 4, "duration": 20, "genres": ["Hentai"], "averageScore": 69, "trending": 0, "popularity": 1167, "streamingEpisodes": [], "coverImage": {"large": "https://s3.anilist.co/media/anime/cover/medium/21828-BuT0AyvwXd6J.png", "medium": "https://s3.anilist.co/media/anime/cover/small/21828-BuT0AyvwXd6J.png"}, "bannerImage": "https://s3.anilist.co/media/anime/banner/21828-GXL6divKjKiN.png", "isAdult": true, "format": "OVA"}, {"id": 21829, "title": {"romaji": "Eiyuu Kaitai", "english": null}, "type": "ANIME", "status": "FINISHED", "description": "The story centers on a boy named Uro Yamada, and a 17-year old girl named Karon. Both work as part of the \"Hero Retirement and Return to Everyday Life Assistance Agency,\" which takes heroes from another world back to Earth and helps them reintegrate into everyday life. Karon, a former hero herself, works under Uro as they tackle cases, and also lives with him, with Uro constantly failing to rein in Karon's hero-like behavior even as he tries to ingrain the behavior of common people into her. <br><br>\n\n(Source: ANN)", "startDate": {"year": 2016, "month": 11, "day": 23}, "endDate": {"year": 2016, "month": 11, "day": 23}, "season": "FALL", "episodes": 1, "duration": 28, "genres": ["Fantasy"], "averageScore": 52, "trending": 0, "popularity": 465, "streamingEpisodes": [], "coverImage": {"large": "https://s3.anilist.co/media/anime/cover/medium/21829-8iXZsPRh9bZ3.jpg", "medium": "https://s3.anilist.co/media/anime/cover/small/21829-8iXZsPRh9bZ3.jpg"}, "bannerImage": null, "isAdult": false, "format": "OVA"}, {"id": 21830, "title": {"romaji": "Atom: The Beginning", "english": null}, "type": "ANIME", "status": "FINISHED", "description": "Atom The Beginning's story takes place in Japan after a great calamity. There were two geniuses who dreamed of the future. One was Umatarou Tenma. The other was Hiroshi Ochanomizu. The two labored day and night in robot research \u2014 Tenma to create a \"god,\" and Ochanomizu to create a \"friend.\" Thus a robot, A106, was born from their collaborative friendship. Would A106 really become a god, or a friend? The manga and anime tell a prequel story leading up to the birth of Astro Boy.<br><br>\n\n(Source: ANN)", "startDate": {"year": 2017, "month": 4, "day": 15}, "endDate": {"year": 2017, "month": 7, "day": 8}, "season": "SPRING", "episodes": 12, "duration": 25, "genres": ["Mecha", "Sci-Fi"], "averageScore": 64, "trending": 0, "popularity": 2851, "streamingEpisodes": [], "coverImage": {"large": "https://s3.anilist.co/media/anime/cover/medium/nx21830-4tCRUcd8mTZr.jpg", "medium": "https://s3.anilist.co/media/anime/cover/small/nx21830-4tCRUcd8mTZr.jpg"}, "bannerImage": "https://s3.anilist.co/media/anime/banner/21830-uhzVRKClaMRQ.jpg", "isAdult": false, "format": "TV"}, {"id": 21831, "title": {"romaji": "One Piece: Heart of Gold", "english": null}, "type": "ANIME", "status": "FINISHED", "description": "The Straw Hat Pirates meet Olga, a girl who has escaped the island Alchemi. Alchemi was known for its metal production, and for the creation of the extremely valuable Pure Gold, but the island disappeared two hundred years ago. Olga is now being pursued by Marines, interested in Pure Gold. Gildo Tesoro, who controls the Navy HQ and black market, hears of Olga and hires treasure hunter Mad Treasure to track her down. The Straw Hats join forces with Olga in search of the Pure Gold, while she plots to takes advantage of them and use the treasure to become rich herself.", "startDate": {"year": 2016, "month": 7, "day": 16}, "endDate": {"year": null, "month": null, "day": null}, "season": "SUMMER", "episodes": 1, "duration": 130, "genres": ["Action", "Adventure", "Comedy", "Drama", "Fantasy"], "averageScore": 72, "trending": 0, "popularity": 2373, "streamingEpisodes": [], "coverImage": {"large": "https://s3.anilist.co/media/anime/cover/medium/21831-0BuG7qoPeKlr.jpg", "medium": "https://s3.anilist.co/media/anime/cover/small/21831-0BuG7qoPeKlr.jpg"}, "bannerImage": "https://s3.anilist.co/media/anime/banner/21831-Xl4r2uBaaKU4.png", "isAdult": false, "format": "SPECIAL"}, {"id": 21832, "title": {"romaji": "TRICKSTER: Edogawa Ranpo \"Shounen Tantei-dan\" yori", "english": "Trickster"}, "type": "ANIME", "status": "FINISHED", "description": "It is the 2030s. The Boy Detectives Club gathers under Kogorou Akechi, the mysterious detective. The group solves cases great and small using their unique skills. One day, a member of the club, Kensuke Hanazaki, meets the boy Yoshio Kobayashi. Kobayashi's body cannot die due to the effects of the \"Unidentifiable Mist,\" but he yearns for death, and shirks from contact with other people. Taking an interest in him, Hanazaki invites him to join the Boy Detectives Club. Their meeting is connected to the fate tying together Kogorou Akechi, and the era's greatest villain, the Fiend With Twenty Faces.<br><br>\n\n(Source: Official Website)", "startDate": {"year": 2016, "month": 10, "day": 4}, "endDate": {"year": 2017, "month": 3, "day": 28}, "season": "FALL", "episodes": 24, "duration": 23, "genres": ["Mystery"], "averageScore": 54, "trending": 0, "popularity": 6605, "streamingEpisodes": [{"title": "Episode 1 - Mirage on D. Hill", "url": "http://www.crunchyroll.com/trickster/episode-1-mirage-on-d-hill-721375"}, {"title": "Episode 2 - The Golden Tracker", "url": "http://www.crunchyroll.com/trickster/episode-2-the-golden-tracker-722321"}, {"title": "Episode 3 - The Hopeless on the Tower", "url": "http://www.crunchyroll.com/trickster/episode-3-the-hopeless-on-the-tower-722323"}, {"title": "Episode 4 - Underground Labyrinth", "url": "http://www.crunchyroll.com/trickster/episode-4-underground-labyrinth-722325"}, {"title": "Episode 5 - Spider's Thread", "url": "http://www.crunchyroll.com/trickster/episode-5-spiders-thread-722327"}, {"title": "Episode 6 - Holiday Stalker", "url": "http://www.crunchyroll.com/trickster/episode-6-holiday-stalker-722329"}, {"title": "Episode 7 - Pure Tryst", "url": "http://www.crunchyroll.com/trickster/episode-7-pure-tryst-722331"}, {"title": "Episode 8 - Paradise in a Miniature Garden", "url": "http://www.crunchyroll.com/trickster/episode-8-paradise-in-a-miniature-garden-722333"}, {"title": "Episode 9 - Fallen Hero", "url": "http://www.crunchyroll.com/trickster/episode-9-fallen-hero-722335"}, {"title": "Episode 10 - Innocent Scale", "url": "http://www.crunchyroll.com/trickster/episode-10-innocent-scale-722337"}, {"title": "Episode 11 - Cruel Tool", "url": "http://www.crunchyroll.com/trickster/episode-11-cruel-tool-722339"}, {"title": "Episode 12 - Shade by Haze", "url": "http://www.crunchyroll.com/trickster/episode-12-shade-by-haze-722341"}, {"title": "Episode 13 - Wild Dance of the Luminous Man", "url": "http://www.crunchyroll.com/trickster/episode-13-wild-dance-of-the-luminous-man-722343"}, {"title": "Episode 14 - Spiral Ladder", "url": "http://www.crunchyroll.com/trickster/episode-14-spiral-ladder-728089"}, {"title": "Episode 15 - Convicted Beetle", "url": "http://www.crunchyroll.com/trickster/episode-15-convicted-beetle-728091"}, {"title": "Episode 16 - Regenesis of the Beast in the Shadows", "url": "http://www.crunchyroll.com/trickster/episode-16-regenesis-of-the-beast-in-the-shadows-728093"}, {"title": "Episode 17 - Rebound of Breakup", "url": "http://www.crunchyroll.com/trickster/episode-17-rebound-of-breakup-728095"}, {"title": "Episode 18 - Mistaken Absolute Evil", "url": "http://www.crunchyroll.com/trickster/episode-18-mistaken-absolute-evil-728097"}, {"title": "Episode 19 - Cycle of Malice", "url": "http://www.crunchyroll.com/trickster/episode-19-cycle-of-malice-728099"}, {"title": "Episode 20 - Fallen Clown", "url": "http://www.crunchyroll.com/trickster/episode-20-fallen-clown-728101"}, {"title": "Episode 21 - Veracious Victim", "url": "http://www.crunchyroll.com/trickster/episode-21-veracious-victim-728103"}, {"title": "Episode 22 - Small Moth Flying into a Flame", "url": "http://www.crunchyroll.com/trickster/episode-22-small-moth-flying-into-a-flame-728105"}, {"title": "Episode 23 - Return of the Evening Star", "url": "http://www.crunchyroll.com/trickster/episode-23-return-of-the-evening-star-728107"}, {"title": "Episode 24 - The Boy Detectives Club", "url": "http://www.crunchyroll.com/trickster/episode-24-the-boy-detectives-club-728109"}], "coverImage": {"large": "https://s3.anilist.co/media/anime/cover/medium/21832-Fu0Tg3Vxm4Vm.jpg", "medium": "https://s3.anilist.co/media/anime/cover/small/21832-Fu0Tg3Vxm4Vm.jpg"}, "bannerImage": "https://s3.anilist.co/media/anime/banner/21832-WgOYcsYh3BEI.jpg", "isAdult": false, "format": "TV"}, {"id": 21833, "title": {"romaji": "Haikara-san ga Tooru Movie", "english": null}, "type": "ANIME", "status": "FINISHED", "description": "The manga is set in Tokyo in the Taisho era (1912-1926). The story follows Benio \"Haikara-san\" Hanamura, who lost her mother when she was very young and has been raised by her father, a high-ranking official in the Japanese army. As a result, she has grown into a tomboy -- contrary to traditional Japanese notions of femininity, she studies kendo, drinks sake, dresses in often outlandish-looking Western fashions instead of the traditional kimono, and is not as interested in housework as she is in literature. She also rejects the idea of arranged marriages and believes in a woman's right to a career and to marry for love.<br><br>\n(Source: ANN)", "startDate": {"year": 2017, "month": 11, "day": 11}, "endDate": {"year": 2017, "month": 11, "day": 11}, "season": "FALL", "episodes": 1, "duration": 97, "genres": ["Comedy", "Drama", "Romance"], "averageScore": 57, "trending": 0, "popularity": 934, "streamingEpisodes": [], "coverImage": {"large": "https://s3.anilist.co/media/anime/cover/medium/nx21833-SLDE6jSULeVT.jpg", "medium": "https://s3.anilist.co/media/anime/cover/small/nx21833-SLDE6jSULeVT.jpg"}, "bannerImage": null, "isAdult": false, "format": "MOVIE"}, {"id": 21834, "title": {"romaji": "OVA Kaitou Tenshi Twin Angel: Kyun Kyun\u2606Tokimeki Paradise!", "english": "OVA Twin Angel: Twinkle Paradise"}, "type": "ANIME", "status": "FINISHED", "description": "A limited edition Blu-ray package was distributed during Comic Market 87. It was then made available as a regular retail purchase on January 30, 2015.", "startDate": {"year": 2014, "month": 12, "day": 28}, "endDate": {"year": 2014, "month": 12, "day": 28}, "season": "FALL", "episodes": 2, "duration": 25, "genres": ["Mahou Shoujo"], "averageScore": null, "trending": 0, "popularity": 112, "streamingEpisodes": [], "coverImage": {"large": "https://s3.anilist.co/media/anime/cover/medium/21834-PscJUiqsPMuY.jpg", "medium": "https://s3.anilist.co/media/anime/cover/small/21834-PscJUiqsPMuY.jpg"}, "bannerImage": null, "isAdult": false, "format": "OVA"}, {"id": 21835, "title": {"romaji": "Mahou Shoujo? Naria\u2606Girls", "english": null}, "type": "ANIME", "status": "FINISHED", "description": "Urara, Hanabi, and Inaho are three girls who aim to become nationally-renowned characters by creating animation of themselves! They chose the magical girl theme to catch the attention of everyone from children to adults! Can they safely become popular characters in a one-cours magical girl anime? <br><br>\n(Source: MAL News)", "startDate": {"year": 2016, "month": 7, "day": 7}, "endDate": {"year": 2016, "month": 9, "day": 22}, "season": "SUMMER", "episodes": 12, "duration": 9, "genres": ["Comedy", "Mahou Shoujo"], "averageScore": 31, "trending": 0, "popularity": 790, "streamingEpisodes": [{"title": "Episode 1 - It's a Strange Encounter?", "url": "http://www.crunchyroll.com/mahou-shoujo-naria-girls/episode-1-its-a-strange-encounter-716371"}, {"title": "Episode 2 - We're the Legendary Warriors?", "url": "http://www.crunchyroll.com/mahou-shoujo-naria-girls/episode-2-were-the-legendary-warriors-716347"}, {"title": "Episode 3 - Charge Happiness Energy?", "url": "http://www.crunchyroll.com/mahou-shoujo-naria-girls/episode-3-charge-happiness-energy-716349"}, {"title": "Episode 4 - The Transfer Student is a Sweet Trap of Love?", "url": "http://www.crunchyroll.com/mahou-shoujo-naria-girls/episode-4-the-transfer-student-is-a-sweet-trap-of-love-716351"}, {"title": "Episode 5 - Be in Your First Commercial?", "url": "http://www.crunchyroll.com/mahou-shoujo-naria-girls/episode-5-be-in-your-first-commercial-716353"}, {"title": "Episode 6 - Farewell, Granny!", "url": "http://www.crunchyroll.com/mahou-shoujo-naria-girls/episode-6-farewell-granny-716355"}, {"title": "Episode 7 - Take a Summer Vacation at Inaho's Villa?", "url": "http://www.crunchyroll.com/mahou-shoujo-naria-girls/episode-7-take-a-summer-vacation-at-inahos-villa-716357"}, {"title": "Episode 8 - A Fourth Magical Girl?", "url": "http://www.crunchyroll.com/mahou-shoujo-naria-girls/episode-8-a-fourth-magical-girl-716359"}, {"title": "Episode 9 - Urara is alone?", "url": "http://www.crunchyroll.com/mahou-shoujo-naria-girls/episode-9-urara-is-alone-716361"}, {"title": "Episode 10 - Fully Charge Your Energy on the Stage of Dreams?", "url": "http://www.crunchyroll.com/mahou-shoujo-naria-girls/episode-10-fully-charge-your-energy-on-the-stage-of-dreams-716363"}, {"title": "Episode 11 - Clash! Russian Winter?", "url": "http://www.crunchyroll.com/mahou-shoujo-naria-girls/episode-11-clash-russian-winter-716365"}, {"title": "Episode 12 - A World Without Magical Girls", "url": "http://www.crunchyroll.com/mahou-shoujo-naria-girls/episode-12-a-world-without-magical-girls-716367"}], "coverImage": {"large": "https://s3.anilist.co/media/anime/cover/medium/21835-2KmHgjbKFluM.jpg", "medium": "https://s3.anilist.co/media/anime/cover/small/21835-2KmHgjbKFluM.jpg"}, "bannerImage": "https://s3.anilist.co/media/anime/banner/21835-qGywpDR8UQt1.jpg", "isAdult": false, "format": "TV_SHORT"}, {"id": 21836, "title": {"romaji": "Super Lovers 2", "english": null}, "type": "ANIME", "status": "FINISHED", "description": "Second season of SUPER LOVERS.", "startDate": {"year": 2017, "month": 1, "day": 12}, "endDate": {"year": 2017, "month": 3, "day": 16}, "season": "WINTER", "episodes": 10, "duration": 24, "genres": ["Comedy", "Drama", "Romance"], "averageScore": 67, "trending": 0, "popularity": 1996, "streamingEpisodes": [], "coverImage": {"large": "https://s3.anilist.co/media/anime/cover/medium/21836-omNUDwNs3loP.jpg", "medium": "https://s3.anilist.co/media/anime/cover/small/21836-omNUDwNs3loP.jpg"}, "bannerImage": null, "isAdult": false, "format": "TV"}, {"id": 21837, "title": {"romaji": "Gakuen Handsome", "english": null}, "type": "ANIME", "status": "FINISHED", "description": "Baramon High School, a private boys' school for the prefecture's most elite. The protagonist transferred into the school and meets various major players on campus, such as the \"outlaw teacher,\" the soccer captain, and a childhood friend whom the protagonist has not seen in seven years. The school presents opportunities for friendship, love, and conflict. The tagline of the game is, \"Whenever you exited the school gates, you were handsome.\"<br><br>\n(Source: MAL)", "startDate": {"year": 2016, "month": 10, "day": 4}, "endDate": {"year": 2016, "month": 12, "day": 20}, "season": "FALL", "episodes": 12, "duration": 3, "genres": ["Comedy"], "averageScore": 53, "trending": 0, "popularity": 1934, "streamingEpisodes": [{"title": "Episode 1 - Welcome to Baramon High School", "url": "http://www.crunchyroll.com/gakuen-handsome/episode-1-welcome-to-baramon-high-school-721409"}, {"title": "Episode 2 - Full Of Excitement! Baramon High School", "url": "http://www.crunchyroll.com/gakuen-handsome/episode-2-full-of-excitement-baramon-high-school-722273"}, {"title": "Episode 3 - Shiga-kun Is In A Bad Mood!?", "url": "http://www.crunchyroll.com/gakuen-handsome/episode-3-shiga-kun-is-in-a-bad-mood-722275"}, {"title": "Episode 4 - A Fierce Fight! The Handsome Army", "url": "http://www.crunchyroll.com/gakuen-handsome/episode-4-a-fierce-fight-the-handsome-army-722277"}, {"title": "Episode 5 - Vigorous Sports Day, Go Go Go!", "url": "http://www.crunchyroll.com/gakuen-handsome/episode-5-vigorous-sports-day-go-go-go-722279"}, {"title": "Episode 6 - Kagami's Elegant Day", "url": "http://www.crunchyroll.com/gakuen-handsome/episode-6-kagamis-elegant-day-722281"}, {"title": "Episode 7 - Legend Of The Amateur Model, Mitsurugi-Senpai (Part 1)", "url": "http://www.crunchyroll.com/gakuen-handsome/episode-7-legend-of-the-amateur-model-mitsurugi-senpai-part-1-722283"}, {"title": "Episode 8 - Legend Of The Amateur Model, Mitsurugi-Senpai (Part 2)", "url": "http://www.crunchyroll.com/gakuen-handsome/episode-8-legend-of-the-amateur-model-mitsurugi-senpai-part-2-722285"}, {"title": "Episode 9 - Exquisite! Cat Cafe President", "url": "http://www.crunchyroll.com/gakuen-handsome/episode-9-exquisite-cat-cafe-president-722287"}, {"title": "Episode 10 - Okonomi Revolution", "url": "http://www.crunchyroll.com/gakuen-handsome/episode-10-okonomi-revolution-722289"}, {"title": "Episode 11 - Non-Stop! Art Revolution", "url": "http://www.crunchyroll.com/gakuen-handsome/episode-11-non-stop-art-revolution-722291"}, {"title": "Episode 12 - Handsome is Forever!", "url": "http://www.crunchyroll.com/gakuen-handsome/episode-12-handsome-is-forever-722293"}], "coverImage": {"large": "https://s3.anilist.co/media/anime/cover/medium/21837-XCDwDTo4Gzu6.jpg", "medium": "https://s3.anilist.co/media/anime/cover/small/21837-XCDwDTo4Gzu6.jpg"}, "bannerImage": null, "isAdult": false, "format": "TV_SHORT"}, {"id": 21838, "title": {"romaji": "Shuumatsu no Izetta", "english": "Izetta: The Last Witch"}, "type": "ANIME", "status": "FINISHED", "description": "If I am promised to the princess, then I will fight for her sake.<br><br>\n\nIn 1939 C.E., the imperialist nation of Germania invaded a neighboring country. All at once, that war spread throughout Europe, and the era was dragged into a spiral of a great war.<br><br>\n\nThen, in 1940, Germania's attack turned towards the Principality of Eylstadt, a small Alps country abundant with beautiful water and greenery.<br><br>\n\n(Source: Official Website)", "startDate": {"year": 2016, "month": 10, "day": 1}, "endDate": {"year": 2016, "month": 12, "day": 17}, "season": "FALL", "episodes": 12, "duration": 24, "genres": ["Action"], "averageScore": 63, "trending": 0, "popularity": 12224, "streamingEpisodes": [{"title": "Episode 1 - Beginning of the War", "url": "http://www.crunchyroll.com/izetta-the-last-witch/episode-1-beginning-of-the-war-720953"}, {"title": "Episode 2 - Scars and Gunfire", "url": "http://www.crunchyroll.com/izetta-the-last-witch/episode-2-scars-and-gunfire-720955"}, {"title": "Episode 3 - The Sword in the Heavens", "url": "http://www.crunchyroll.com/izetta-the-last-witch/episode-3-the-sword-in-the-heavens-720957"}, {"title": "Episode 4 - The Secret of the Witch", "url": "http://www.crunchyroll.com/izetta-the-last-witch/episode-4-the-secret-of-the-witch-720959"}, {"title": "Episode 5 - A False Miracle", "url": "http://www.crunchyroll.com/izetta-the-last-witch/episode-5-a-false-miracle-720961"}, {"title": "Episode 6 - On a Quiet Day...", "url": "http://www.crunchyroll.com/izetta-the-last-witch/episode-6-on-a-quiet-day-720963"}, {"title": "Episode 7 - The Battle of Sognefjord", "url": "http://www.crunchyroll.com/izetta-the-last-witch/episode-7-the-battle-of-sognefjord-720965"}, {"title": "Episode 8 - A Cruel Fairy Tale", "url": "http://www.crunchyroll.com/izetta-the-last-witch/episode-8-a-cruel-fairy-tale-720967"}, {"title": "Episode 9 - The Sellun Corridor Burns", "url": "http://www.crunchyroll.com/izetta-the-last-witch/episode-9-the-sellun-corridor-burns-720969"}, {"title": "Episode 10 - The Iron Hammer of the Witch", "url": "http://www.crunchyroll.com/izetta-the-last-witch/episode-10-the-iron-hammer-of-the-witch-720971"}, {"title": "Episode 11 - Fin\u00e9", "url": "http://www.crunchyroll.com/izetta-the-last-witch/episode-11-fin-720973"}, {"title": "Episode 12 - Izetta", "url": "http://www.crunchyroll.com/izetta-the-last-witch/episode-12-izetta-720975"}], "coverImage": {"large": "https://s3.anilist.co/media/anime/cover/medium/21838-CgtLwt4WPbXd.png", "medium": "https://s3.anilist.co/media/anime/cover/small/21838-CgtLwt4WPbXd.png"}, "bannerImage": "https://s3.anilist.co/media/anime/banner/21838-H4MSGeqTPez9.jpg", "isAdult": false, "format": "TV"}, {"id": 21839, "title": {"romaji": "12-Sai. Chiccha na Mune no Tokimeki 2", "english": null}, "type": "ANIME", "status": "FINISHED", "description": "The  second season of 12-Sai.", "startDate": {"year": 2016, "month": 10, "day": 3}, "endDate": {"year": 2016, "month": 12, "day": 19}, "season": "FALL", "episodes": 12, "duration": 24, "genres": ["Romance"], "averageScore": 61, "trending": 0, "popularity": 804, "streamingEpisodes": [], "coverImage": {"large": "https://s3.anilist.co/media/anime/cover/medium/21839-Aan0L2nlixWP.jpg", "medium": "https://s3.anilist.co/media/anime/cover/small/21839-Aan0L2nlixWP.jpg"}, "bannerImage": null, "isAdult": false, "format": "TV"}, {"id": 21840, "title": {"romaji": "Hitori no Shita: the outcast", "english": "hitorinoshita - The Outcast"}, "type": "ANIME", "status": "FINISHED", "description": "The protagonist, Zhang Chulan, leads a very common college student's life until he finds himself caught up in a terrible incident that happened in a small village. As he was walking through a graveyard, Zhang Chulan is assaulted by jianshi. Thinking that it was over for him, a mysterious girl carrying a sword suddenly saves him and disappears.\nThis strange encounter is going to change drastically the fate of our hero.<br><br>\n\n(Source: Shanghai Emon)", "startDate": {"year": 2016, "month": 7, "day": 9}, "endDate": {"year": 2016, "month": 9, "day": 24}, "season": "SUMMER", "episodes": 12, "duration": 24, "genres": ["Action", "Supernatural"], "averageScore": 58, "trending": 1, "popularity": 5199, "streamingEpisodes": [{"title": "Episode 1 - The Chou Family's Secret?", "url": "http://www.crunchyroll.com/hitorinoshita-the-outcast/episode-1-the-chou-familys-secret-715575"}, {"title": "Episode 2 - Master and Servant", "url": "http://www.crunchyroll.com/hitorinoshita-the-outcast/episode-2-master-and-servant-715577"}, {"title": "Episode 3 - Lie", "url": "http://www.crunchyroll.com/hitorinoshita-the-outcast/episode-3-lie-715579"}, {"title": "Episode 4 - Chaos", "url": "http://www.crunchyroll.com/hitorinoshita-the-outcast/episode-4-chaos-715581"}, {"title": "Episode 5 - Welcome to Express Delivery", "url": "http://www.crunchyroll.com/hitorinoshita-the-outcast/episode-5-welcome-to-express-delivery-715583"}, {"title": "Episode 6 - Thunder God", "url": "http://www.crunchyroll.com/hitorinoshita-the-outcast/episode-6-thunder-god-715585"}, {"title": "Episode 7 - Soran's Feelings", "url": "http://www.crunchyroll.com/hitorinoshita-the-outcast/episode-7-sorans-feelings-715587"}, {"title": "Episode 8 - Infiltration", "url": "http://www.crunchyroll.com/hitorinoshita-the-outcast/episode-8-infiltration-715589"}, {"title": "Episode 9 - Secret Arts", "url": "http://www.crunchyroll.com/hitorinoshita-the-outcast/episode-9-secret-arts-715591"}, {"title": "Episode 10 - Houhou", "url": "http://www.crunchyroll.com/hitorinoshita-the-outcast/episode-10-houhou-715593"}, {"title": "Episode 11 - 1944", "url": "http://www.crunchyroll.com/hitorinoshita-the-outcast/episode-11-1944-715595"}, {"title": "Episode 12 - To the Future", "url": "http://www.crunchyroll.com/hitorinoshita-the-outcast/episode-12-to-the-future-715597"}], "coverImage": {"large": "https://s3.anilist.co/media/anime/cover/medium/21840-FdBcgRPBc3yH.jpg", "medium": "https://s3.anilist.co/media/anime/cover/small/21840-FdBcgRPBc3yH.jpg"}, "bannerImage": "https://s3.anilist.co/media/anime/banner/21840-mqwp2es0BKbr.png", "isAdult": false, "format": "TV"}, {"id": 21841, "title": {"romaji": "momokuri (TV)", "english": null}, "type": "ANIME", "status": "FINISHED", "description": "Yuki Kurihara has finally been granted her wish of dating her crush Shinya Momotsuki, a.k.a. Momo. At first glance, she just looks like a normal but very cute girl. However, she is in fact a maniac over Momo, taking notes of his activities and never missing the chance to see him in a cute moment. Momo, on the other hand, is inexperienced in love, and just wants to make Yuki happy.<br><br>\n\n(Source: ANN)", "startDate": {"year": 2016, "month": 7, "day": 1}, "endDate": {"year": 2016, "month": 9, "day": 23}, "season": "SUMMER", "episodes": 13, "duration": 24, "genres": ["Comedy", "Romance", "Slice of Life"], "averageScore": 65, "trending": 0, "popularity": 955, "streamingEpisodes": [{"title": "Confession... Momo-kun and Kurihara-san / New Uniform Season", "url": "http://www.crunchyroll.com/momokuri/momokuri-confession-momo-kun-and-kurihara-san-new-uniform-season-715761"}, {"title": "First Date?! / Study Session", "url": "http://www.crunchyroll.com/momokuri/momokuri-first-date-study-session-716037"}, {"title": "Rio, I Want to Protect My Momotsuki!! / Momo Collection Reaches 200", "url": "http://www.crunchyroll.com/momokuri/momokuri-rio-i-want-to-protect-my-momotsuki-momo-collection-reaches-200-716039"}, {"title": "New Feelings... / Rio and Kuri Suddenly Get Close!?", "url": "http://www.crunchyroll.com/momokuri/momokuri-new-feelings-rio-and-kuri-suddenly-get-close-716041"}, {"title": "BBQ / Cousins and Swimsuits", "url": "http://www.crunchyroll.com/momokuri/momokuri-bbq-cousins-and-swimsuits-716043"}, {"title": "Summer Festival / Lost", "url": "http://www.crunchyroll.com/momokuri/momokuri-summer-festival-lost-716045"}, {"title": "Momo-kun's Melancholy on a Sick Day / Shinya and Yuki", "url": "http://www.crunchyroll.com/momokuri/momokuri-momo-kuns-melancholy-on-a-sick-day-shinya-and-yuki-716047"}, {"title": "Beach Ball Panic / Kurihara-san Round and Round", "url": "http://www.crunchyroll.com/momokuri/momokuri-beach-ball-panic-kurihara-san-round-and-round-716049"}, {"title": "For Personal Reasons! / Amusement Park Date", "url": "http://www.crunchyroll.com/momokuri/momokuri-for-personal-reasons-amusement-park-date-716051"}, {"title": "Music Festival / In Exchange For Sweets...", "url": "http://www.crunchyroll.com/momokuri/momokuri-music-festival-in-exchange-for-sweets-716053"}, {"title": "Hana Kuma / The Secret of Omelet Rice \u00e0 la Tartare", "url": "http://www.crunchyroll.com/momokuri/momokuri-hana-kuma-the-secret-of-omelet-rice-la-tartare-716055"}, {"title": "waku!waku! Christmas / On a Sick Day -part 2-", "url": "http://www.crunchyroll.com/momokuri/momokuri-wakuwaku-christmas-on-a-sick-day-part-2-716057"}, {"title": "Hot Spring Trip / The Couple's Feelings", "url": "http://www.crunchyroll.com/momokuri/momokuri-hot-spring-trip-the-couples-feelings-716059"}], "coverImage": {"large": "https://s3.anilist.co/media/anime/cover/medium/21841-QYOQibIoOqRA.jpg", "medium": "https://s3.anilist.co/media/anime/cover/small/21841-QYOQibIoOqRA.jpg"}, "bannerImage": null, "isAdult": false, "format": "TV"}, {"id": 21842, "title": {"romaji": "Piace: Watashi no Italian", "english": "Piacevole"}, "type": "ANIME", "status": "FINISHED", "description": "High schooler Morina Nanase starts work at Trattoria Festa, an Italian restaurant filled with various and sundry quirky characters...and where through its unique cuisine, she will begin to mature as a person.<br><br>\n\n(Source: Crunchyroll)", "startDate": {"year": 2017, "month": 1, "day": 11}, "endDate": {"year": 2017, "month": 3, "day": 29}, "season": "WINTER", "episodes": 12, "duration": 4, "genres": ["Comedy", "Slice of Life"], "averageScore": 53, "trending": 0, "popularity": 1753, "streamingEpisodes": [{"title": "Episode 1 - Iberico Ham, Roasted Poele-Style with Sage", "url": "http://www.crunchyroll.com/piacevole/episode-1-iberico-ham-roasted-poele-style-with-sage-728759"}, {"title": "Episode 2 - Penne Arrabbiata", "url": "http://www.crunchyroll.com/piacevole/episode-2-penne-arrabbiata-729145"}, {"title": "Episode 3 - Tiramisu", "url": "http://www.crunchyroll.com/piacevole/episode-3-tiramisu-729147"}, {"title": "Episode 4 - Caponata", "url": "http://www.crunchyroll.com/piacevole/episode-4-caponata-729149"}, {"title": "Episode 5 - Sangria", "url": "http://www.crunchyroll.com/piacevole/episode-5-sangria-729151"}, {"title": "Episode 6 - Chef", "url": "http://www.crunchyroll.com/piacevole/episode-6-chef-729153"}, {"title": "Episode 7 - Peperoncino", "url": "http://www.crunchyroll.com/piacevole/episode-7-peperoncino-729155"}, {"title": "Episode 8 - Zuppa Inglese", "url": "http://www.crunchyroll.com/piacevole/episode-8-zuppa-inglese-729157"}, {"title": "Episode 9 - Fritters", "url": "http://www.crunchyroll.com/piacevole/episode-9-fritters-729159"}, {"title": "Episode 10 - Panna Cotta", "url": "http://www.crunchyroll.com/piacevole/episode-10-panna-cotta-729161"}, {"title": "Episode 11 - Beef Tagliata", "url": "http://www.crunchyroll.com/piacevole/episode-11-beef-tagliata-729163"}, {"title": "Episode 12 - Insalata", "url": "http://www.crunchyroll.com/piacevole/episode-12-insalata-729165"}], "coverImage": {"large": "https://s3.anilist.co/media/anime/cover/medium/21842-cZLV61Karlis.jpg", "medium": "https://s3.anilist.co/media/anime/cover/small/21842-cZLV61Karlis.jpg"}, "bannerImage": null, "isAdult": false, "format": "TV_SHORT"}, {"id": 21843, "title": {"romaji": "Red Ash: Gearworld", "english": "Red Ash: Gearworld"}, "type": "ANIME", "status": "FINISHED", "description": "They say that pushing the wrong button will cause \u201cthem\u201d to awaken and emerge from underground.<br>\n<br>\nIs the map grandpa gave to Beck a treasure map? Or a landmine map? Intrigued by the mysterious code, Beck and his best friend Deny continue to dig caves in search of hidden treasure. But the friends end up parting ways and competing for the treasure.<br>\n<br>\n(Source: Official Kickstarter)<br>\n<br>\nPart of the 2017 Anime Tamago Projects.", "startDate": {"year": 2017, "month": 4, "day": 22}, "endDate": {"year": 2017, "month": 4, "day": 22}, "season": "SPRING", "episodes": 1, "duration": 23, "genres": ["Action", "Fantasy"], "averageScore": 47, "trending": 0, "popularity": 244, "streamingEpisodes": [], "coverImage": {"large": "https://s3.anilist.co/media/anime/cover/medium/21843-o2FdkE5EjWF5.jpg", "medium": "https://s3.anilist.co/media/anime/cover/small/21843-o2FdkE5EjWF5.jpg"}, "bannerImage": null, "isAdult": false, "format": "MOVIE"}, {"id": 21844, "title": {"romaji": "Charanpo Land no Bouken", "english": "Charanpo Land no Bouken"}, "type": "ANIME", "status": "FINISHED", "description": "At the far end of the Southern Seas, where none had dared to go, there exists an island called Charanpo Land. At the center of that island is a giant baobab tree, which produces many eggs each day. Inside the eggs are food, clothing, and other daily necessities. The inhabitants of the island live carefree lives, dependent upon the eggs.<br>\n<br>\nBut lately, more and more of the eggs have been turning up empty, which makes the inhabitants uneasy. Then one day, with a thunderous crash, and an explosion of rainbow-colored light, the baobab tree produces an egg of curious appearance. The next morning, the village chief Poncho tells the inhabitants that they must find that egg. Now the tiger Kometora and a group of children must find the egg within the forest.<br>\n<br>\n(Source: ANN)<br>\n<br>\nPart of the 2017 Anime Tamago Projects.", "startDate": {"year": 2017, "month": 4, "day": 22}, "endDate": {"year": 2017, "month": 4, "day": 22}, "season": "SPRING", "episodes": 1, "duration": null, "genres": [], "averageScore": null, "trending": 0, "popularity": 48, "streamingEpisodes": [], "coverImage": {"large": "https://s3.anilist.co/media/anime/cover/medium/nx21844-mNMio9K0A8Fu.jpg", "medium": "https://s3.anilist.co/media/anime/cover/small/nx21844-mNMio9K0A8Fu.jpg"}, "bannerImage": null, "isAdult": false, "format": "MOVIE"}, {"id": 21845, "title": {"romaji": "Genbanojou", "english": "Genbanojou"}, "type": "ANIME", "status": "FINISHED", "description": "In a cone-shaped land named Kikyougahara in Shin Province, there lives a girl named Hana. She is a gentle girl, who always thinks of her family, in particular her great-grandmother Chiyo, whom she affectionately calls \"Granny.\" One day, a traveling entertainment troupe named the Natsugawa Genzaemon Troupe happens by, and the villagers welcome them warmly. Upon finishing their performance and receiving their acclaim, the troupe's leader spots Hana with some \"oyaki,\" his favorite food, and transforms into a fox in his excitement.\n\nIt turns out that the leader Genbanojou, and his companions O-Natsu and Shinzaemon, are all foxes who have taken on human forms. Genbanojou hastily negotiates with Hana, telling her that in exchange for keeping their secret, he will grant her one wish. She answers, \"I want to let my Granny see the cherry blossoms.\"<br>\n<br>\n(Source: ANN)<br>\n<br>\nPart of the 2017 Anime Tamago Projects.", "startDate": {"year": 2017, "month": 3, "day": 11}, "endDate": {"year": 2017, "month": 3, "day": 11}, "season": "WINTER", "episodes": 1, "duration": 25, "genres": [], "averageScore": null, "trending": 0, "popularity": 119, "streamingEpisodes": [], "coverImage": {"large": "https://s3.anilist.co/media/anime/cover/medium/nx21845-3RCAeSffE3xV.jpg", "medium": "https://s3.anilist.co/media/anime/cover/small/nx21845-3RCAeSffE3xV.jpg"}, "bannerImage": null, "isAdult": false, "format": "MOVIE"}, {"id": 21846, "title": {"romaji": "Zunda Horizon", "english": null}, "type": "ANIME", "status": "FINISHED", "description": "Zunko Tohoku can make any mochi into delicious zunda mochi by shooting it with her Zunda Arrow. Along with Kiritan Tohoku, Itako Tohoku, Usagi Chuugoku, Metan Shikoku, and Sora Kyushu, she enjoys eating zunda mochi while being full of happiness.<br><br>Chanko Ooedo conversely leads the Natto Factory along with her companions Tsurugi Chubu, Shinobi Kansai, Awamo Okinawa, and Meron Hokkaido. Even though zunda and natto use the same type of bean, the edamame used in zunda and the soy beans used in natto are harvested at different times, with edamame being harvested first. As a result, the members of the Natto Factory are afraid of a decrease in the quantity of soybeans harvested. Chanko sends Awamo Okinawa and Meron Hokkaido to Zunko's house to assassinate her, but a third power makes their appearance.<br>\n<br>\n(Source: ANN)<br>\n<br>\nPart of the 2017 Anime Tamago Projects.", "startDate": {"year": 2017, "month": 4, "day": 22}, "endDate": {"year": 2017, "month": 4, "day": 22}, "season": "SPRING", "episodes": 1, "duration": 24, "genres": [], "averageScore": null, "trending": 0, "popularity": 148, "streamingEpisodes": [], "coverImage": {"large": "https://s3.anilist.co/media/anime/cover/medium/nx21846-KtQH2JJNjEsj.jpg", "medium": "https://s3.anilist.co/media/anime/cover/small/nx21846-KtQH2JJNjEsj.jpg"}, "bannerImage": null, "isAdult": false, "format": "MOVIE"}, {"id": 21847, "title": {"romaji": "Kochira Katsushikaku Kameari Kouenmae Hashutsujo: The Final - Ryoutsu Kakichi Saigo no Hi", "english": null}, "type": "ANIME", "status": "FINISHED", "description": "To celebrate the 40th anniversary of the manga a new TV anime project has been announced.", "startDate": {"year": 2016, "month": 9, "day": 18}, "endDate": {"year": null, "month": null, "day": null}, "season": "SUMMER", "episodes": 1, "duration": null, "genres": ["Comedy"], "averageScore": null, "trending": 0, "popularity": 54, "streamingEpisodes": [], "coverImage": {"large": "https://s3.anilist.co/media/anime/cover/medium/21847-bofIZCnVO7nU.jpg", "medium": "https://s3.anilist.co/media/anime/cover/small/21847-bofIZCnVO7nU.jpg"}, "bannerImage": null, "isAdult": false, "format": "SPECIAL"}, {"id": 21848, "title": {"romaji": "Heybot!", "english": null}, "type": "ANIME", "status": "FINISHED", "description": "The anime takes place on the screw-shaped island country of Screw Island and follows the \"Vocabot\" Heybot and his partner, Prince Nejiru as they collect different \"Vocab Screws\". When the Vocabots wear the Vocab Screws on their heads, they're able to compete in \"Vocab Battles,\" battles for who can think up and tell the best jokes.<br>\n<br>\n(Source: ANN)", "startDate": {"year": 2016, "month": 9, "day": 18}, "endDate": {"year": 2017, "month": 9, "day": 24}, "season": "FALL", "episodes": 50, "duration": 23, "genres": ["Comedy", "Sci-Fi"], "averageScore": 46, "trending": 0, "popularity": 247, "streamingEpisodes": [{"title": "Episode 1 - HeyBot is Born With a Hey-Boom!", "url": "http://www.crunchyroll.com/heybot/episode-1-heybot-is-born-with-a-hey-boom-720397"}, {"title": "Episode 2 - Screw-Ya Versus VocaReemans!", "url": "http://www.crunchyroll.com/heybot/episode-2-screw-ya-versus-vocareemans-720399"}, {"title": "Episode 3 - Scary-Scary! It's My First Scary Story!", "url": "http://www.crunchyroll.com/heybot/episode-3-scary-scary-its-my-first-scary-story-720401"}, {"title": "Episode 4 - The Art of the Bonehead! How to Raise a Screw Tree!", "url": "http://www.crunchyroll.com/heybot/episode-4-the-art-of-the-bonehead-how-to-raise-a-screw-tree-720403"}, {"title": "Episode 5 - Hey, Heybot's Missing, Y'know!", "url": "http://www.crunchyroll.com/heybot/episode-5-hey-heybots-missing-yknow-720405"}, {"title": "Episode 6 - Rushing Out! The VocaBattle Race!", "url": "http://www.crunchyroll.com/heybot/episode-6-rushing-out-the-vocabattle-race-720407"}, {"title": "Episode 7 - Heybot Makes More With a Sneeze!", "url": "http://www.crunchyroll.com/heybot/episode-7-heybot-makes-more-with-a-sneeze-720409"}, {"title": "Episode 8 - Decisive Battle! Huffy-Huffy Island!", "url": "http://www.crunchyroll.com/heybot/episode-8-decisive-battle-huffy-huffy-island-720411"}, {"title": "Episode 9 - Heybot Becomes a Baby!", "url": "http://www.crunchyroll.com/heybot/episode-9-heybot-becomes-a-baby-720413"}, {"title": "Episode 10 - Saturn is Hell!", "url": "http://www.crunchyroll.com/heybot/episode-10-saturn-is-hell-720415"}, {"title": "Episode 11 - Mystery! The Cursed Screw Island", "url": "http://www.crunchyroll.com/heybot/episode-11-mystery-the-cursed-screw-island-720417"}, {"title": "Episode 12 - Heybot's You-Know-What is Swollen", "url": "http://www.crunchyroll.com/heybot/episode-12-heybots-you-know-what-is-swollen-720419"}, {"title": "Episode 13 - Scrape, Plop", "url": "http://www.crunchyroll.com/heybot/episode-13-scrape-plop-720421"}, {"title": "Episode 14 - A Bonehead Castaway's Tale?!", "url": "http://www.crunchyroll.com/heybot/episode-14-a-bonehead-castaways-tale-727143"}, {"title": "Episode 15 - The Screw Island Chronicle Scroll!", "url": "http://www.crunchyroll.com/heybot/episode-15-the-screw-island-chronicle-scroll-727145"}, {"title": "Episode 16 - Danger! It's Vocammy's Turn!", "url": "http://www.crunchyroll.com/heybot/episode-16-danger-its-vocammys-turn-727147"}, {"title": "Episode 17 - Where There's a Screw, There's a Bonehead", "url": "http://www.crunchyroll.com/heybot/episode-17-where-theres-a-screw-theres-a-bonehead-727149"}, {"title": "Episode 18 - Nejiru Goes to School", "url": "http://www.crunchyroll.com/heybot/episode-18-nejiru-goes-to-school-727151"}, {"title": "Episode 19 - Let's Rock to Steaming Rock-and-Roll!", "url": "http://www.crunchyroll.com/heybot/episode-19-lets-rock-to-steaming-rock-and-roll-727153"}, {"title": "Episode 20 - Heybot-Style Kitchen Battle?!", "url": "http://www.crunchyroll.com/heybot/episode-20-heybot-style-kitchen-battle-727155"}, {"title": "Episode 21 - The Blip-Blopping of Glitchy Time", "url": "http://www.crunchyroll.com/heybot/episode-21-the-blip-blopping-of-glitchy-time-727157"}, {"title": "Episode 22 - Heybot-Style Kitchen Battle?!", "url": "http://www.crunchyroll.com/heybot/episode-22-heybot-style-kitchen-battle-727159"}, {"title": "Episode 23 - They're After the Screw Soul!", "url": "http://www.crunchyroll.com/heybot/episode-23-theyre-after-the-screw-soul-727161"}, {"title": "Episode 24 - Big Brother x Little Brother", "url": "http://www.crunchyroll.com/heybot/episode-24-big-brother-x-little-brother-727163"}, {"title": "Episode 25 - The Shooting Star That Slipped and Fell", "url": "http://www.crunchyroll.com/heybot/episode-25-the-shooting-star-that-slipped-and-fell-727165"}, {"title": "Episode 26 - Prince of Imochin", "url": "http://www.crunchyroll.com/heybot/episode-26-prince-of-imochin-727167"}, {"title": "Episode 27 - Heybot and Peyket's Trip Through Hell", "url": "http://www.crunchyroll.com/heybot/episode-27-heybot-and-peykets-trip-through-hell-733335"}, {"title": "Episode 28 - Farewell, My Beloved Moekath!", "url": "http://www.crunchyroll.com/heybot/episode-28-farewell-my-beloved-moekath-733337"}, {"title": "Episode 29 - It's Really Good! It's Totally Cool!", "url": "http://www.crunchyroll.com/heybot/episode-29-its-really-good-its-totally-cool-733339"}, {"title": "Episode 30 - I Can't Forget", "url": "http://www.crunchyroll.com/heybot/episode-30-i-cant-forget-733341"}, {"title": "Episode 31 - Inscrewctus!", "url": "http://www.crunchyroll.com/heybot/episode-31-inscrewctus-733343"}, {"title": "Episode 32 - Kidnapping, Youcapping, Catburglaring?!", "url": "http://www.crunchyroll.com/heybot/episode-32-kidnapping-youcapping-catburglaring-733345"}, {"title": "Episode 33 - Brush Your Teeth! Beef, Runaway Cavities!", "url": "http://www.crunchyroll.com/heybot/episode-33-brush-your-teeth-beef-runaway-cavities-733347"}, {"title": "Episode 34 - Screwed Away", "url": "http://www.crunchyroll.com/heybot/episode-34-screwed-away-733349"}, {"title": "Episode 35 - The Call of Innsmouth Beach", "url": "http://www.crunchyroll.com/heybot/episode-35-the-call-of-innsmouth-beach-733351"}, {"title": "Episode 36 - The Flip, Flip, Flip of Love!", "url": "http://www.crunchyroll.com/heybot/episode-36-the-flip-flip-flip-of-love-733353"}, {"title": "Episode 37 - Do Cyber-Rats Dream of Loser VocaBots?", "url": "http://www.crunchyroll.com/heybot/episode-37-do-cyber-rats-dream-of-loser-vocabots-733355"}, {"title": "Episode 38 - When All Twelve are Together, Things Get Serious!", "url": "http://www.crunchyroll.com/heybot/episode-38-when-all-twelve-are-together-things-get-serious-733357"}, {"title": "Episode 39 - Queen Naguri Returns!", "url": "http://www.crunchyroll.com/heybot/episode-39-queen-naguri-returns-733359"}, {"title": "Episode 40 - The Courtroom Files of Lawyer Vocammy!", "url": "http://www.crunchyroll.com/heybot/episode-40-the-courtroom-files-of-lawyer-vocammy-733361"}, {"title": "Episode 41 - The Bonehead Style Grand Getaway!", "url": "http://www.crunchyroll.com/heybot/episode-41-the-bonehead-style-grand-getaway-742219"}, {"title": "Episode 42 - We Are Screws", "url": "http://www.crunchyroll.com/heybot/episode-42-we-are-screws-742221"}, {"title": "Episode 43 - Screw Fist VocaFest in Screw Island!", "url": "http://www.crunchyroll.com/heybot/episode-43-screw-fist-vocafest-in-screw-island-742223"}, {"title": "Episode 44 - The Movie! Wait, What?!", "url": "http://www.crunchyroll.com/heybot/episode-44-the-movie-wait-what-742225"}, {"title": "Episode 45 - Jaggy-Jaggy the Screw Mountain", "url": "http://www.crunchyroll.com/heybot/episode-45-jaggy-jaggy-the-screw-mountain-742227"}, {"title": "Episode 46 - Working Screws", "url": "http://www.crunchyroll.com/heybot/episode-46-working-screws-742229"}, {"title": "Episode 47 - Everything Becomes N", "url": "http://www.crunchyroll.com/heybot/episode-47-everything-becomes-n-742231"}, {"title": "Episode 48 - Screw Island's Last Day", "url": "http://www.crunchyroll.com/heybot/episode-48-screw-islands-last-day-742233"}, {"title": "Episode 49 - Goodbye, Heybot", "url": "http://www.crunchyroll.com/heybot/episode-49-goodbye-heybot-742235"}, {"title": "Episode 50 - The World of Sunday", "url": "http://www.crunchyroll.com/heybot/episode-50-the-world-of-sunday-742237"}], "coverImage": {"large": "https://s3.anilist.co/media/anime/cover/medium/21848-N6ULVp9yPQ5y.jpg", "medium": "https://s3.anilist.co/media/anime/cover/small/21848-N6ULVp9yPQ5y.jpg"}, "bannerImage": null, "isAdult": false, "format": "TV"}, {"id": 21849, "title": {"romaji": "Wake Up, Girls! no Miyagi PR Yarasete Kudasai!", "english": null}, "type": "ANIME", "status": "FINISHED", "description": "A short that is part of a larger campaign to promote Miyagi (the anime's home prefecture) as a tourist destination to Taiwanese visitors.", "startDate": {"year": 2016, "month": 2, "day": 11}, "endDate": {"year": null, "month": null, "day": null}, "season": "WINTER", "episodes": 1, "duration": 7, "genres": ["Music"], "averageScore": 51, "trending": 0, "popularity": 225, "streamingEpisodes": [], "coverImage": {"large": "https://s3.anilist.co/media/anime/cover/medium/21849-enq5ppqJOyFK.jpg", "medium": "https://s3.anilist.co/media/anime/cover/small/21849-enq5ppqJOyFK.jpg"}, "bannerImage": null, "isAdult": false, "format": "ONA"}, {"id": 21850, "title": {"romaji": "Magic-kyun! Renaissance", "english": null}, "type": "ANIME", "status": "FINISHED", "description": "A world where art becomes magic. In this world, people who can inspire passion with their Magic Arts are called Artistas, and are employed in show business. In Hoshinomori Private Magical Arts High School, where Artistas are taught, a strange new student named Ohana Aigasaki transfers into the school.<br>\n<br>\nOhana is placed on the planning committee for the school's yearly Hoshinomori Summer Festa cultural festival. She spends her romantic school life with six other boys who aim to become entertainers in the future.<br>\n<br>\nEach of the boys specializes in his own Arts, and aims to make Hoshi Fes a success. In addition, the boys also aim to be chosen alongside Ohana as the school's Artista Prince and Princess, only chosen once a year.<br>\n<br>\nA Magic-kyun for you! A new renaissance starts here! Magic-kyun! Renaissance is a multimedia project where you can create great memories with Artistas of greatly varying personalities!<br>\n<br>\n(Source: ANN)", "startDate": {"year": 2016, "month": 10, "day": 2}, "endDate": {"year": 2016, "month": 12, "day": 25}, "season": "FALL", "episodes": 13, "duration": 23, "genres": ["Music", "Romance"], "averageScore": 62, "trending": 0, "popularity": 1731, "streamingEpisodes": [{"title": "Episode 1 - Brilliantly Blooming Renaissance", "url": "http://www.crunchyroll.com/magic-kyun-renaissance/episode-1-brilliantly-blooming-renaissance-721279"}, {"title": "Episode 2 - Only You Can See", "url": "http://www.crunchyroll.com/magic-kyun-renaissance/episode-2-only-you-can-see-721281"}, {"title": "Episode 3 - Inspiration in an Album", "url": "http://www.crunchyroll.com/magic-kyun-renaissance/episode-3-inspiration-in-an-album-721283"}, {"title": "Episode 4 - Dancing on the Moonlight", "url": "http://www.crunchyroll.com/magic-kyun-renaissance/episode-4-dancing-on-the-moonlight-721285"}, {"title": "Episode 5 - I Just Can't Ignore You, Senpai!", "url": "http://www.crunchyroll.com/magic-kyun-renaissance/episode-5-i-just-cant-ignore-you-senpai-721287"}, {"title": "Episode 6 - Blown by a Mischievous Wind", "url": "http://www.crunchyroll.com/magic-kyun-renaissance/episode-6-blown-by-a-mischievous-wind-721289"}, {"title": "Episode 7 - Shining Like the Sun", "url": "http://www.crunchyroll.com/magic-kyun-renaissance/episode-7-shining-like-the-sun-721291"}, {"title": "Episode 8 - The Light Out of Reach", "url": "http://www.crunchyroll.com/magic-kyun-renaissance/episode-8-the-light-out-of-reach-721293"}, {"title": "Episode 9 - The Festival of Miracles and Magic", "url": "http://www.crunchyroll.com/magic-kyun-renaissance/episode-9-the-festival-of-miracles-and-magic-721295"}, {"title": "Episode 10 - A Heart-Pounding Summer Holiday", "url": "http://www.crunchyroll.com/magic-kyun-renaissance/episode-10-a-heart-pounding-summer-holiday-721297"}, {"title": "Episode 11 - You Are the Prince of Destiny", "url": "http://www.crunchyroll.com/magic-kyun-renaissance/episode-11-you-are-the-prince-of-destiny-721299"}, {"title": "Episode 12 - The Sleeping Princess of the Frozen Forest", "url": "http://www.crunchyroll.com/magic-kyun-renaissance/episode-12-the-sleeping-princess-of-the-frozen-forest-721301"}, {"title": "Episode 13 - Magic-Kyun For You!", "url": "http://www.crunchyroll.com/magic-kyun-renaissance/episode-13-magic-kyun-for-you-721303"}], "coverImage": {"large": "https://s3.anilist.co/media/anime/cover/medium/21850-frFtVhlPm3NX.jpg", "medium": "https://s3.anilist.co/media/anime/cover/small/21850-frFtVhlPm3NX.jpg"}, "bannerImage": null, "isAdult": false, "format": "TV"}, {"id": 21851, "title": {"romaji": "Busou Shoujo Machiavellianism", "english": "Armed Girl's Machiavellism"}, "type": "ANIME", "status": "FINISHED", "description": "The \"battle action\" story follows Fudou Nomura, who transfers to a school where girls carry weapons to rule mercilessly over the boys. Shortly after transferring he becomes a target of Rin Onigawara, a member of the the Five Ruling Swords that commands the school. In order to break free he must defeat the Five Ruling Swords.<br><br>\n\n(Source: ANN)", "startDate": {"year": 2017, "month": 4, "day": 5}, "endDate": {"year": 2017, "month": 6, "day": 21}, "season": "SPRING", "episodes": 12, "duration": 24, "genres": ["Action", "Comedy", "Romance"], "averageScore": 66, "trending": 0, "popularity": 11918, "streamingEpisodes": [], "coverImage": {"large": "https://s3.anilist.co/media/anime/cover/medium/21851-K0XbdjznpUf7.jpg", "medium": "https://s3.anilist.co/media/anime/cover/small/21851-K0XbdjznpUf7.jpg"}, "bannerImage": "https://s3.anilist.co/media/anime/banner/21851-WlOu4rhpbflw.jpg", "isAdult": false, "format": "TV"}, {"id": 21852, "title": {"romaji": "To Love-Ru Darkness 2nd Specials", "english": "To Love Ru Darkness 2nd Specials"}, "type": "ANIME", "status": "FINISHED", "description": "Episodes 13 and 14 of To LOVE-Ru Darkness 2nd.", "startDate": {"year": 2015, "month": 10, "day": 29}, "endDate": {"year": 2015, "month": 10, "day": 29}, "season": "FALL", "episodes": 2, "duration": 24, "genres": ["Comedy", "Ecchi", "Romance", "Sci-Fi"], "averageScore": 74, "trending": 0, "popularity": 3603, "streamingEpisodes": [], "coverImage": {"large": "https://s3.anilist.co/media/anime/cover/medium/21852-WTehRwwhcaiL.jpg", "medium": "https://s3.anilist.co/media/anime/cover/small/21852-WTehRwwhcaiL.jpg"}, "bannerImage": null, "isAdult": false, "format": "SPECIAL"}, {"id": 21853, "title": {"romaji": "To Love-Ru Darkness 2nd OVA", "english": "To Love Ru Darkness 2nd OVA"}, "type": "ANIME", "status": "FINISHED", "description": "OVAs included with volumes 15, 16 and 17 of the manga.", "startDate": {"year": 2016, "month": 1, "day": 4}, "endDate": {"year": 2016, "month": 12, "day": 2}, "season": "WINTER", "episodes": 3, "duration": 22, "genres": ["Comedy", "Ecchi", "Romance", "Sci-Fi"], "averageScore": 72, "trending": 0, "popularity": 3312, "streamingEpisodes": [], "coverImage": {"large": "https://s3.anilist.co/media/anime/cover/medium/21853-HlLe8mC4qG15.jpg", "medium": "https://s3.anilist.co/media/anime/cover/small/21853-HlLe8mC4qG15.jpg"}, "bannerImage": null, "isAdult": false, "format": "OVA"}, {"id": 21854, "title": {"romaji": "Bernard-jou Iwaku.", "english": "Miss Bernard said."}, "type": "ANIME", "status": "FINISHED", "description": "The short gag manga is about the love of famous works of literature. It follows Sawako \"Miss Bernard\" Machida, a lazy girl who wants to be a well-read person \u2014 but does not actually read much. The manga recounts the conversations between \"Miss Bernard\" and her bookworm friends about the Bible, The Tale of the Heike, Guns, Germs, and Steel, The Door into Summer, The Great Passage, Fermat's Last Theorem, and more masterpieces that she has not necessarily read. <br><br>\n\n(Source: ANN)", "startDate": {"year": 2016, "month": 10, "day": 7}, "endDate": {"year": 2016, "month": 12, "day": 23}, "season": "FALL", "episodes": 12, "duration": 5, "genres": ["Comedy"], "averageScore": 56, "trending": 1, "popularity": 2196, "streamingEpisodes": [], "coverImage": {"large": "https://s3.anilist.co/media/anime/cover/medium/21854-M2GdOhNIcHWj.jpg", "medium": "https://s3.anilist.co/media/anime/cover/small/21854-M2GdOhNIcHWj.jpg"}, "bannerImage": null, "isAdult": false, "format": "TV_SHORT"}]}}}