{"data": {"Page": {"pageInfo": {"total": 12297, "hasNextPage": true}, "media": [{"id": 16287, "title": {"romaji": "One Piece: Romance Dawn", "english": null}, "type": "ANIME", "status": "FINISHED", "description": "Bundled with the PSP pirate romance role-playing game One Piece Romance Dawn: Bouken no Yoake (&#12527;&#12531;&#12500;&#12540;&#12473; &#12525;&#12510;&#12531;&#12473;&#12489;&#12540;&#12531; &#20882;&#38522;&#12398;&#22812;&#26126;&#12369;).<br><br>\nNote: This game is not based on \"Romance Dawn,\" Oda Eiichirou's prototype manga for what would eventually become One Piece. Instead, the title reflects the fact that the game covers the \"Romance Dawn\" arc of the manga, at the \"dawn\" of pirate Luffy's adventures in the East Blue.<br><br>\n(Source: ANN)", "startDate": {"year": 2012, "month": 12, "day": 20}, "endDate": {"year": 2012, "month": 12, "day": 20}, "season": "WINTER", "episodes": 1, "duration": 30, "genres": ["Action", "Comedy"], "averageScore": 68, "trending": 0, "popularity": 909, "streamingEpisodes": [], "coverImage": {"large": "https://s3.anilist.co/media/anime/cover/medium/16287-84gM804hOqfl.jpg", "medium": "https://s3.anilist.co/media/anime/cover/small/16287-84gM804hOqfl.jpg"}, "bannerImage": null, "isAdult": false, "format": "OVA"}, {"id": 16303, "title": {"romaji": "Chikkun Takkun", "english": null}, "type": "ANIME", "status": "FINISHED", "description": "The \"Waruchin Ceremony\" has been stolen from All Star, a planet that exists in the outskirts of space. The computer that is built into it is programmed to make anything possible. The thief is actually the villain, Doctor Bell. Doctor Bell schemes to invade the other planets through the use of Waruchin. The prince of All Star, Prince Chikkun, together with his trusty advisor, the intellectual Takkun, decides to head towards Earth in pursuit of Doctor Bell. <br><br>\n(Source: ANN) ", "startDate": {"year": 1984, "month": 4, "day": 9}, "endDate": {"year": 1984, "month": 9, "day": 28}, "season": "SPRING", "episodes": 23, "duration": 24, "genres": ["Comedy", "Sci-Fi"], "averageScore": null, "trending": 0, "popularity": 20, "streamingEpisodes": [], "coverImage": {"large": "https://s3.anilist.co/media/anime/cover/medium/16303-qI44qfrpzKV4.png", "medium": "https://s3.anilist.co/media/anime/cover/small/16303-qI44qfrpzKV4.png"}, "bannerImage": null, "isAdult": false, "format": "TV"}, {"id": 16317, "title": {"romaji": "Ishida to Asakura", "english": "Ishida & Asakura"}, "type": "ANIME", "status": "FINISHED", "description": "Anime adaptation of the surreal gag manga about two high school boys, Ishida and Asakura.", "startDate": {"year": 2013, "month": 1, "day": 6}, "endDate": {"year": 2013, "month": 3, "day": 24}, "season": "WINTER", "episodes": 12, "duration": 2, "genres": ["Comedy"], "averageScore": 53, "trending": 0, "popularity": 1562, "streamingEpisodes": [], "coverImage": {"large": "https://s3.anilist.co/media/anime/cover/medium/16317.jpg", "medium": "https://s3.anilist.co/media/anime/cover/small/16317.jpg"}, "bannerImage": null, "isAdult": false, "format": "TV_SHORT"}, {"id": 16319, "title": {"romaji": "Chitose Get You!! OVA", "english": null}, "type": "ANIME", "status": "FINISHED", "description": "Unaired anime bundled with the limited edition of the 9th volume of the manga.", "startDate": {"year": 2013, "month": 1, "day": 26}, "endDate": {"year": null, "month": null, "day": null}, "season": "WINTER", "episodes": 2, "duration": 3, "genres": ["Comedy", "Romance", "Slice of Life"], "averageScore": 52, "trending": 0, "popularity": 480, "streamingEpisodes": [], "coverImage": {"large": "https://s3.anilist.co/media/anime/cover/medium/16319.jpg", "medium": "https://s3.anilist.co/media/anime/cover/small/16319.jpg"}, "bannerImage": null, "isAdult": false, "format": "OVA"}, {"id": 16331, "title": {"romaji": "Next A-Class", "english": null}, "type": "ANIME", "status": "FINISHED", "description": "In the not so distant future, to cope with the traffic jams and verticalization due to the increased population, the city of Tokyo was reconstructed under the theme of city sharing in which people share the urbane space by transforming the roads and city structure by time of the day. A woman named Nico is walking in the city. She is having her long-awaited day off; however, she does not know what to do and who to hang out with. She hopes an exciting thing suddenly happens.<br><br>\nThen, a truck passes right before her eyes. The loud music and flashy decoration of the vehicle reminds Nico the car it that everyone's talking about on the internet. As soon as Nico sees it, she runs after it, then runs into Gatsu and Makito. Nico gets in their latest A-Class and they chase after the truck driving through the city that is changing its form rapidly.<br><br>\n(Source: AniDB) ", "startDate": {"year": 2012, "month": 11, "day": 17}, "endDate": {"year": 2012, "month": 11, "day": 17}, "season": "FALL", "episodes": 1, "duration": 6, "genres": ["Action", "Sci-Fi"], "averageScore": 60, "trending": 0, "popularity": 863, "streamingEpisodes": [], "coverImage": {"large": "https://s3.anilist.co/media/anime/cover/medium/16331.jpg", "medium": "https://s3.anilist.co/media/anime/cover/small/16331.jpg"}, "bannerImage": null, "isAdult": false, "format": "ONA"}, {"id": 16335, "title": {"romaji": "Muv-Luv Alternative: Total Eclipse Recap - Climax Chokuzen Special", "english": null}, "type": "ANIME", "status": "FINISHED", "description": "A recap primarily of episodes 3-19, this special aired prior to episode 20.  It also included the new OP/ED of the series and a preview of what's to come in future episodes.", "startDate": {"year": 2012, "month": 11, "day": 19}, "endDate": {"year": 2012, "month": 11, "day": 19}, "season": "FALL", "episodes": 1, "duration": 24, "genres": ["Action", "Mecha", "Sci-Fi"], "averageScore": 55, "trending": 0, "popularity": 721, "streamingEpisodes": [], "coverImage": {"large": "https://s3.anilist.co/media/anime/cover/medium/16335.jpg", "medium": "https://s3.anilist.co/media/anime/cover/small/16335.jpg"}, "bannerImage": null, "isAdult": false, "format": "SPECIAL"}, {"id": 16345, "title": {"romaji": "Ninku: Knife no Bohyou", "english": null}, "type": "ANIME", "status": "FINISHED", "description": "This was shown as part of the \"Jump Super Anime Tour\" of October 1994, prior to the Ninku TV series.", "startDate": {"year": 1994, "month": 10, "day": 16}, "endDate": {"year": 1994, "month": 10, "day": 16}, "season": "FALL", "episodes": 1, "duration": 25, "genres": ["Action", "Adventure", "Comedy"], "averageScore": null, "trending": 0, "popularity": 45, "streamingEpisodes": [], "coverImage": {"large": "https://s3.anilist.co/media/anime/cover/medium/16345.jpg", "medium": "https://s3.anilist.co/media/anime/cover/small/16345.jpg"}, "bannerImage": null, "isAdult": false, "format": "SPECIAL"}, {"id": 16347, "title": {"romaji": "Usavich V", "english": null}, "type": "ANIME", "status": "FINISHED", "description": "The fifth season of Usavich.", "startDate": {"year": 2012, "month": 12, "day": 5}, "endDate": {"year": 2013, "month": 7, "day": 12}, "season": "WINTER", "episodes": 13, "duration": 1, "genres": ["Comedy"], "averageScore": 51, "trending": 0, "popularity": 178, "streamingEpisodes": [], "coverImage": {"large": "https://s3.anilist.co/media/anime/cover/medium/16347.jpg", "medium": "https://s3.anilist.co/media/anime/cover/small/16347.jpg"}, "bannerImage": null, "isAdult": false, "format": "TV_SHORT"}, {"id": 16353, "title": {"romaji": "Renai Labo", "english": "Love Lab"}, "type": "ANIME", "status": "FINISHED", "description": "The Fujisaki Girls Academy is known for their school body being composed of very proper students. The most prominent one of them is Maki, the student president who is admired by her classmates for her calm and polite demeanor. On the other hand, Kurahashi Riko is also admired but for having a very forward and boyish personality. Riko accidentally walks into Maki while she's practicing kissing with a pillow and learns that she isn't what everyone thinks she is. Riko is forced into keeping Maki's secret and join her in practicing all aspects of romance like holding hands and more. <br><br>\r\n(Source: MU) ", "startDate": {"year": 2013, "month": 6, "day": 30}, "endDate": {"year": 2013, "month": 9, "day": 27}, "season": "SUMMER", "episodes": 13, "duration": 24, "genres": ["Comedy", "Romance"], "averageScore": 72, "trending": 0, "popularity": 13452, "streamingEpisodes": [{"title": "Episode 1 - Their Remarkable Encounter", "url": "http://www.crunchyroll.com/love-lab/episode-1-their-remarkable-encounter-643853"}, {"title": "Episode 2 - The Shy, the Cool, and the Perverted?", "url": "http://www.crunchyroll.com/love-lab/episode-2-the-shy-the-cool-and-the-perverted-643855"}, {"title": "Episode 3 - Sayo and Eno Declare War", "url": "http://www.crunchyroll.com/love-lab/episode-3-sayo-and-eno-declare-war-643857"}, {"title": "Episode 4 - Love Lab Resumes! Or So We Thought...", "url": "http://www.crunchyroll.com/love-lab/episode-4-love-lab-resumes-or-so-we-thought-643859"}, {"title": "Episode 5 - This is Fuji Girls' Love Broadcasting Station", "url": "http://www.crunchyroll.com/love-lab/episode-5-this-is-fuji-girls-love-broadcasting-station-643861"}, {"title": "Episode 6 - The Terrible Legend of Riko", "url": "http://www.crunchyroll.com/love-lab/episode-6-the-terrible-legend-of-riko-643863"}, {"title": "Episode 7 - To the Kurahashi House!", "url": "http://www.crunchyroll.com/love-lab/episode-7-to-the-kurahashi-house-643893"}, {"title": "Episode 8 - To the Wild Kid...", "url": "http://www.crunchyroll.com/love-lab/episode-8-to-the-wild-kid-643895"}, {"title": "Episode 9 - That Smile...", "url": "http://www.crunchyroll.com/love-lab/episode-9-that-smile-643883"}, {"title": "Episode 10 - The Elite Student Council (Photos)", "url": "http://www.crunchyroll.com/love-lab/episode-10-the-elite-student-council-photos-643885"}, {"title": "Episode 11 - Love Lab?", "url": "http://www.crunchyroll.com/love-lab/episode-11-love-lab-643887"}, {"title": "Episode 12 - Be My Friend Forever", "url": "http://www.crunchyroll.com/love-lab/episode-12-be-my-friend-forever-643889"}, {"title": "Episode 13 - One Hand on Another", "url": "http://www.crunchyroll.com/love-lab/episode-13-one-hand-on-another-644593"}], "coverImage": {"large": "https://s3.anilist.co/media/anime/cover/medium/16353.jpg", "medium": "https://s3.anilist.co/media/anime/cover/small/16353.jpg"}, "bannerImage": "https://s3.anilist.co/media/anime/banner/16353-RK80VU5lLsK4.jpg", "isAdult": false, "format": "TV"}, {"id": 16355, "title": {"romaji": "Dansai Bunri no Crime Edge", "english": "The Severing Crime Edge"}, "type": "ANIME", "status": "FINISHED", "description": "Haimura Kiri is a seemingly ordinary boy with one slight problem: he is obsessed with cutting other people's hair. One day he meets Mushiyanokouji Iwai, the \"Hair Queen\" who cannot cut her hair because of an inherited curse. Kiri finds out that his scissor, \"Dansai Bunri no Crime Edge\" is the only thing that can cut them. But little did he know that their meeting sparked the start of an old murder game to kill the \"Hair Queen\" using the cursed killing tools, the \"Killing Goods.\" Can Kiri protect Iwai from the Killing Goods Owners? Let the game begin! <br><br>\n(Source: MU)", "startDate": {"year": 2013, "month": 4, "day": 4}, "endDate": {"year": 2013, "month": 6, "day": 27}, "season": "SPRING", "episodes": 13, "duration": 24, "genres": ["Action", "Fantasy", "Romance"], "averageScore": 61, "trending": 0, "popularity": 7133, "streamingEpisodes": [{"title": "Episode 1 - The Sleeping Princess", "url": "http://www.crunchyroll.com/the-severing-crime-edge/episode-1-the-sleeping-princess-622369"}, {"title": "Episode 2 - The Portrait of Heresy", "url": "http://www.crunchyroll.com/the-severing-crime-edge/episode-2-the-portrait-of-heresy-622371"}, {"title": "Episode 3 -  Cross the Thunder Clouds", "url": "http://www.crunchyroll.com/the-severing-crime-edge/episode-3-cross-the-thunder-clouds-622373"}, {"title": "Episode 4 - Where Is the Visitor?", "url": "http://www.crunchyroll.com/the-severing-crime-edge/episode-4-where-is-the-visitor-622375"}, {"title": "Episode 5 - Before the Game", "url": "http://www.crunchyroll.com/the-severing-crime-edge/episode-5-before-the-game-622377"}, {"title": "Episode 6 - Waltz of Stars", "url": "http://www.crunchyroll.com/the-severing-crime-edge/episode-6-waltz-of-stars-622379"}, {"title": "Episode 7 - The Silver Coins of Balance", "url": "http://www.crunchyroll.com/the-severing-crime-edge/episode-7-the-silver-coins-of-balance-622381"}, {"title": "Episode 8 - Party Chopper", "url": "http://www.crunchyroll.com/the-severing-crime-edge/episode-8-party-chopper-622383"}, {"title": "Episode 9 - Lyrical Night Flight", "url": "http://www.crunchyroll.com/the-severing-crime-edge/episode-9-lyrical-night-flight-622385"}, {"title": "Episode 10 - Standing Babe-ation", "url": "http://www.crunchyroll.com/the-severing-crime-edge/episode-10-standing-babe-ation-622387"}, {"title": "Episode 11 - Red Rising", "url": "http://www.crunchyroll.com/the-severing-crime-edge/episode-11-red-rising-622389"}, {"title": "Episode 12 - Forbidden Game", "url": "http://www.crunchyroll.com/the-severing-crime-edge/episode-12-forbidden-game-622391"}, {"title": "Episode 13 - Grayland is in the House", "url": "http://www.crunchyroll.com/the-severing-crime-edge/episode-13-grayland-is-in-the-house-622393"}], "coverImage": {"large": "https://s3.anilist.co/media/anime/cover/medium/16355.jpg", "medium": "https://s3.anilist.co/media/anime/cover/small/16355.jpg"}, "bannerImage": null, "isAdult": false, "format": "TV"}, {"id": 16363, "title": {"romaji": "Vanquished Queens", "english": null}, "type": "ANIME", "status": "FINISHED", "description": "The Vanquished Queens OVAs will depicts what happened to various characters who did not make an appearance in the Queen's Blade: Rebellion and what happened to them after the second season.", "startDate": {"year": 2013, "month": 3, "day": 29}, "endDate": {"year": 2014, "month": 9, "day": 30}, "season": "SPRING", "episodes": 4, "duration": 22, "genres": ["Action", "Adventure", "Ecchi", "Fantasy"], "averageScore": 53, "trending": 0, "popularity": 820, "streamingEpisodes": [], "coverImage": {"large": "https://s3.anilist.co/media/anime/cover/medium/16363.jpg", "medium": "https://s3.anilist.co/media/anime/cover/small/16363.jpg"}, "bannerImage": null, "isAdult": false, "format": "OVA"}, {"id": 16371, "title": {"romaji": "Peeping Life: The Perfect Emotion", "english": null}, "type": "ANIME", "status": "FINISHED", "description": "A sequel to Peeping Life comedy anthology, The Perfect Emotion features 10 new animated versions of improvised comedy sketches.", "startDate": {"year": 2010, "month": 4, "day": 16}, "endDate": {"year": 2010, "month": 4, "day": 16}, "season": "SPRING", "episodes": 10, "duration": 5, "genres": ["Comedy", "Slice of Life"], "averageScore": null, "trending": 0, "popularity": 72, "streamingEpisodes": [], "coverImage": {"large": "https://s3.anilist.co/media/anime/cover/medium/16371.jpg", "medium": "https://s3.anilist.co/media/anime/cover/small/16371.jpg"}, "bannerImage": null, "isAdult": false, "format": "OVA"}, {"id": 16373, "title": {"romaji": "Peeping Life: The Perfect Evolution", "english": null}, "type": "ANIME", "status": "FINISHED", "description": "Another iteration in the Peeping Life franchise, The Perfect Evolution features 10 new animated versions of improvised comedy sketches.", "startDate": {"year": 2011, "month": 1, "day": 27}, "endDate": {"year": 2011, "month": 1, "day": 27}, "season": "WINTER", "episodes": 10, "duration": 5, "genres": ["Comedy", "Slice of Life"], "averageScore": null, "trending": 0, "popularity": 62, "streamingEpisodes": [], "coverImage": {"large": "https://s3.anilist.co/media/anime/cover/medium/16373.jpg", "medium": "https://s3.anilist.co/media/anime/cover/small/16373.jpg"}, "bannerImage": null, "isAdult": false, "format": "OVA"}, {"id": 16377, "title": {"romaji": "Peeping Life: The Perfect Extension", "english": null}, "type": "ANIME", "status": "FINISHED", "description": "Another iteration in the Peeping Life franchise, The Perfect Extension features 10 new animated versions of improvised comedy sketches.", "startDate": {"year": 2011, "month": 9, "day": 23}, "endDate": {"year": 2011, "month": 9, "day": 23}, "season": "FALL", "episodes": 10, "duration": 5, "genres": ["Comedy", "Slice of Life"], "averageScore": null, "trending": 0, "popularity": 55, "streamingEpisodes": [], "coverImage": {"large": "https://s3.anilist.co/media/anime/cover/medium/16377.jpg", "medium": "https://s3.anilist.co/media/anime/cover/small/16377.jpg"}, "bannerImage": null, "isAdult": false, "format": "OVA"}, {"id": 16381, "title": {"romaji": "Santa Company", "english": null}, "type": "ANIME", "status": "FINISHED", "description": "Noel is an 11-year-old girl who despises Christmas. She has lived with her father ever since her parents divorced three years ago, but her father ends up busy at work every Christmas and she cannot play with her friends from school.<br><br>\r\nOn a lonely Christmas Eve, Noel takes her usual apartment complex elevator ride to her home, but when the doors open, she finds herself lost in a humongous factory\u2014owned by Santa Claus. Santa Claus has gone corporate as Santa Company with the motto \"Swiftly, surely, secretly.\" The outfit takes orders and delivers top-notch presents to children in the utmost secrecy. Noel meets some new friends, and together, they take off in a sled to deliver presents.<br><br>\r\n(Source: ANN)", "startDate": {"year": 2014, "month": 10, "day": 25}, "endDate": {"year": null, "month": null, "day": null}, "season": "FALL", "episodes": 1, "duration": 29, "genres": ["Fantasy"], "averageScore": 53, "trending": 0, "popularity": 618, "streamingEpisodes": [], "coverImage": {"large": "https://s3.anilist.co/media/anime/cover/medium/16381.jpg", "medium": "https://s3.anilist.co/media/anime/cover/small/16381.jpg"}, "bannerImage": "https://s3.anilist.co/media/anime/banner/16381-gKM2OHmQyDD1.jpg", "isAdult": false, "format": "MOVIE"}, {"id": 16385, "title": {"romaji": "Dog Days''", "english": null}, "type": "ANIME", "status": "FINISHED", "description": "Third season of Dog Days. It takes place two to three months after the second season during fall vacation.", "startDate": {"year": 2015, "month": 1, "day": 11}, "endDate": {"year": 2015, "month": 3, "day": 29}, "season": "WINTER", "episodes": 12, "duration": 24, "genres": ["Action", "Adventure", "Fantasy"], "averageScore": 67, "trending": 0, "popularity": 4401, "streamingEpisodes": [{"title": "Episode 01 - A Hero is Born!", "url": "http://www.crunchyroll.com/dog-days/episode-01-a-hero-is-born-609927"}, {"title": "Episode 02 - The First Battle!", "url": "http://www.crunchyroll.com/dog-days/episode-02-the-first-battle-609929"}, {"title": "Episode 03 - I Want to Go Back! I Can't Go Back? Hero in Flonyard", "url": "http://www.crunchyroll.com/dog-days/episode-03-i-want-to-go-back-i-cant-go-back-hero-in-flonyard-609931"}, {"title": "Episode 04 - Charge! Princess Recovery Battle!!", "url": "http://www.crunchyroll.com/dog-days/episode-04-charge-princess-recovery-battle-609933"}, {"title": "Episode 05 - Fierce Battle at Fortress Mion!", "url": "http://www.crunchyroll.com/dog-days/episode-05-fierce-battle-at-fortress-mion-609935"}, {"title": "Episode 06 - Star Reading Princess", "url": "http://www.crunchyroll.com/dog-days/episode-06-star-reading-princess-609937"}, {"title": "Episode 07 - Declaration of War", "url": "http://www.crunchyroll.com/dog-days/episode-07-declaration-of-war-609939"}, {"title": "Episode 08 - The War Starts", "url": "http://www.crunchyroll.com/dog-days/episode-08-the-war-starts-609941"}, {"title": "Episode 09 - Battle of Grana Fortress", "url": "http://www.crunchyroll.com/dog-days/episode-09-battle-of-grana-fortress-609943"}, {"title": "Episode 10 - Hero, Princess, and a Ray of Hope", "url": "http://www.crunchyroll.com/dog-days/episode-10-hero-princess-and-a-ray-of-hope-609945"}, {"title": "Episode 11 - Like a Flower Dancing in the Night Sky", "url": "http://www.crunchyroll.com/dog-days/episode-11-like-a-flower-dancing-in-the-night-sky-609947"}, {"title": "Episode 12 - Four Conditions", "url": "http://www.crunchyroll.com/dog-days/episode-12-four-conditions-609949"}, {"title": "Episode 13 - The Promise", "url": "http://www.crunchyroll.com/dog-days/episode-13-the-promise-609951"}], "coverImage": {"large": "https://s3.anilist.co/media/anime/cover/medium/16385-GE28Sj2Q87ab.jpg", "medium": "https://s3.anilist.co/media/anime/cover/small/16385-GE28Sj2Q87ab.jpg"}, "bannerImage": "https://s3.anilist.co/media/anime/banner/16385-MZ1JOl5ChObM.jpg", "isAdult": false, "format": "TV"}, {"id": 16389, "title": {"romaji": "Komachi to Dangorou: Lagoon Stone wo Sagase!", "english": null}, "type": "ANIME", "status": "FINISHED", "description": "Niigata city's publicity mascot characters, Komachi Hanano and Dangorou Sasa, search for the mysterious stone that was stolen after it had fallen from the skies.", "startDate": {"year": 2012, "month": 11, "day": 10}, "endDate": {"year": 2015, "month": 10, "day": 28}, "season": "FALL", "episodes": 4, "duration": 9, "genres": ["Adventure", "Comedy", "Sci-Fi"], "averageScore": null, "trending": 0, "popularity": 58, "streamingEpisodes": [], "coverImage": {"large": "https://s3.anilist.co/media/anime/cover/medium/16389.jpg", "medium": "https://s3.anilist.co/media/anime/cover/small/16389.jpg"}, "bannerImage": null, "isAdult": false, "format": "ONA"}, {"id": 16393, "title": {"romaji": "Norakuro-kun", "english": null}, "type": "ANIME", "status": "FINISHED", "description": "October, 1987, Autumn. In Suganami, Tokyo, there lives the Kinoshita family whereby the father draws very little pay out of his job as an ordinary salaryman. In order to cover expenses, he decides to let out the second floor of their apartment to earn additional rental income. One day, an obstinate-looking eldery dog, accompanied by a younger boy-dog, came knocking on their doors. The eldery dog addresses himself as Norayama Kuroyoshi and introduces his grandson as Norakuro. The former wants to open a detective agency and intends to rent the unit for their office. He will be the president of the investigative bureau while Norakuro-kun will be the director. He will also recruit one of the Kinoshita's sons, Keita-kun, as his employee and their advisor will be the girl-next-door, a high school student by the name of Rika Sawaguchi. On the third day since the official opening of the office, the telephone rang, a signal of a new case. <br><br>\n(Source: ANN) ", "startDate": {"year": 1987, "month": 10, "day": 4}, "endDate": {"year": 1988, "month": 10, "day": 2}, "season": "FALL", "episodes": 50, "duration": 25, "genres": ["Comedy", "Mystery"], "averageScore": null, "trending": 0, "popularity": 31, "streamingEpisodes": [], "coverImage": {"large": "https://s3.anilist.co/media/anime/cover/medium/16393-0RMHnSnSV1WV.png", "medium": "https://s3.anilist.co/media/anime/cover/small/16393-0RMHnSnSV1WV.png"}, "bannerImage": null, "isAdult": false, "format": "TV"}, {"id": 16395, "title": {"romaji": "SKET Dance OVA", "english": null}, "type": "ANIME", "status": "FINISHED", "description": "An OVA of Sket Dance animating a popular manga chapter bundled with the 29th volume of the manga.", "startDate": {"year": 2013, "month": 2, "day": 4}, "endDate": {"year": 2013, "month": 2, "day": 4}, "season": "WINTER", "episodes": 1, "duration": 27, "genres": ["Comedy"], "averageScore": 75, "trending": 0, "popularity": 1607, "streamingEpisodes": [], "coverImage": {"large": "https://s3.anilist.co/media/anime/cover/medium/16395.jpg", "medium": "https://s3.anilist.co/media/anime/cover/small/16395.jpg"}, "bannerImage": null, "isAdult": false, "format": "OVA"}, {"id": 16397, "title": {"romaji": "Photokano", "english": "Photo Kano"}, "type": "ANIME", "status": "FINISHED", "description": "Kazuya, a mild-mannered high school sophomore coming to the end of a very average summer break, receives a digital single lens reflex camera as a gift. His nerdy fascination with its design soon turns to wonder when he realizes this little gadget could really give his social life a shot in the arm!<br><br>\n(Source: TBS)", "startDate": {"year": 2013, "month": 4, "day": 5}, "endDate": {"year": 2013, "month": 6, "day": 28}, "season": "SPRING", "episodes": 13, "duration": 23, "genres": ["Ecchi", "Romance"], "averageScore": 57, "trending": 0, "popularity": 6946, "streamingEpisodes": [{"title": "Episode 1 - Encounter", "url": "http://www.crunchyroll.com/photo-kano/episode-1-encounter-622131"}, {"title": "Episode 2 - School Paradise", "url": "http://www.crunchyroll.com/photo-kano/episode-2-school-paradise-622133"}, {"title": "Episode 3 - Profusion of Flowers", "url": "http://www.crunchyroll.com/photo-kano/episode-3-profusion-of-flowers-622135"}, {"title": "Episode 4 - My Feelings Henceforth", "url": "http://www.crunchyroll.com/photo-kano/episode-4-my-feelings-henceforth-622137"}, {"title": "Episode 5 - Mismatched Romance", "url": "http://www.crunchyroll.com/photo-kano/episode-5-mismatched-romance-622139"}, {"title": "Episode 6 - These Feelings are Vastly...", "url": "http://www.crunchyroll.com/photo-kano/episode-6-these-feelings-are-vastly-622141"}, {"title": "Episode 7 - Star\u2019s Smile", "url": "http://www.crunchyroll.com/photo-kano/episode-7-stars-smile-622143"}, {"title": "Episode 8 - Gaze into Her True Face", "url": "http://www.crunchyroll.com/photo-kano/episode-8-gaze-into-her-true-face-622145"}, {"title": "Episode 9 - A Letter of Challenge for Love", "url": "http://www.crunchyroll.com/photo-kano/episode-9-a-letter-of-challenge-for-love-622147"}, {"title": "Episode 10 - An Angel\u2019s Dance", "url": "http://www.crunchyroll.com/photo-kano/episode-10-an-angels-dance-622149"}, {"title": "Episode 11 - The School Bride", "url": "http://www.crunchyroll.com/photo-kano/episode-11-the-school-bride-622151"}, {"title": "Episode 12 - Photograph Memory", "url": "http://www.crunchyroll.com/photo-kano/episode-12-photograph-memory-622153"}, {"title": "Episode 13 - Mutual Feelings", "url": "http://www.crunchyroll.com/photo-kano/episode-13-mutual-feelings-628013"}], "coverImage": {"large": "https://s3.anilist.co/media/anime/cover/medium/16397.jpg", "medium": "https://s3.anilist.co/media/anime/cover/small/16397.jpg"}, "bannerImage": "https://s3.anilist.co/media/anime/banner/16397-LXvxuQNzzzhf.jpg", "isAdult": false, "format": "TV"}, {"id": 16399, "title": {"romaji": "Jeonja Ingan 337", "english": null}, "type": "ANIME", "status": "FINISHED", "description": "Professor Jang has spent a fortune to create a robot that mimics the abilities of Maruchi and Arachi while possessing other powers such as super sensitive hearing, vision, and strength. However, even with all its powers, the Electric Man 337 still needs the help of Maruchi and Arachi to defeat a pair of giant robots bent on world conquest.<br><br>\n(Source: Koreanfilm.org)", "startDate": {"year": 1977, "month": 12, "day": 8}, "endDate": {"year": 1977, "month": 12, "day": 8}, "season": "WINTER", "episodes": 1, "duration": 62, "genres": ["Action", "Sci-Fi"], "averageScore": null, "trending": 0, "popularity": 17, "streamingEpisodes": [], "coverImage": {"large": "https://s3.anilist.co/media/anime/cover/medium/16399.jpg", "medium": "https://s3.anilist.co/media/anime/cover/small/16399.jpg"}, "bannerImage": null, "isAdult": false, "format": "MOVIE"}, {"id": 16405, "title": {"romaji": "Boku no Imouto wa \"Osaka Okan\"", "english": null}, "type": "ANIME", "status": "FINISHED", "description": "Kyousuke's younger sister Namika has been living apart from him for ten years. One day, she returns and begins to live with him again, but she has turned into an energetic Osaka girl.", "startDate": {"year": 2012, "month": 12, "day": 22}, "endDate": {"year": 2013, "month": 3, "day": 16}, "season": "WINTER", "episodes": 12, "duration": 3, "genres": ["Comedy"], "averageScore": 53, "trending": 1, "popularity": 1999, "streamingEpisodes": [{"title": "Episode 1 - One Morning, I Got an Osaka Momma for a Sister.", "url": "http://www.crunchyroll.com/boku-no-imoutowaosaka-okan/episode-1-one-morning-i-got-an-osaka-momma-for-a-sister-616619"}, {"title": "Episode 2 - Yes, My Sister is an Osaka Momma!", "url": "http://www.crunchyroll.com/boku-no-imoutowaosaka-okan/episode-2-yes-my-sister-is-an-osaka-momma-616621"}, {"title": "Episode 3 - My Sister Can't Be This Much of an Osaka Momma", "url": "http://www.crunchyroll.com/boku-no-imoutowaosaka-okan/episode-3-my-sister-cant-be-this-much-of-an-osaka-momma-616623"}, {"title": "Episode 4 - I'm an Osaka Momma, But What's It Matter If We've Got Love?", "url": "http://www.crunchyroll.com/boku-no-imoutowaosaka-okan/episode-4-im-an-osaka-momma-but-whats-it-matter-if-weve-got-love-616625"}, {"title": "Episode 5 - Osaka Momma's Home", "url": "http://www.crunchyroll.com/boku-no-imoutowaosaka-okan/episode-5-osaka-mommas-home-616627"}, {"title": "Episode 6 - Recently, My Sister is a Bit Osaka Momma-ish", "url": "http://www.crunchyroll.com/boku-no-imoutowaosaka-okan/episode-6-recently-my-sister-is-a-bit-osaka-momma-ish-616629"}, {"title": "Episode 7 - One of These People is an Osaka Momma!", "url": "http://www.crunchyroll.com/boku-no-imoutowaosaka-okan/episode-7-one-of-these-people-is-an-osaka-momma-616631"}, {"title": "Episode 8 - Or it May Be a Present Progressive Osaka Momma", "url": "http://www.crunchyroll.com/boku-no-imoutowaosaka-okan/episode-8-or-it-may-be-a-present-progressive-osaka-momma-616633"}, {"title": "Episode 9 - The Osaka Momma Sister and the Suffering Me", "url": "http://www.crunchyroll.com/boku-no-imoutowaosaka-okan/episode-9-the-osaka-momma-sister-and-the-suffering-me-616635"}, {"title": "Episode 10 - My Sister is the Osaka Momma Goddess", "url": "http://www.crunchyroll.com/boku-no-imoutowaosaka-okan/episode-10-my-sister-is-the-osaka-momma-goddess-616637"}, {"title": "Episode 11 - Seems the Recent Osaka Momma Craze is All Thanks to Me", "url": "http://www.crunchyroll.com/boku-no-imoutowaosaka-okan/episode-11-seems-the-recent-osaka-momma-craze-is-all-thanks-to-me-616639"}, {"title": "Episode 12 - Namika-han@Unmotivated", "url": "http://www.crunchyroll.com/boku-no-imoutowaosaka-okan/episode-12-namika-hanunmotivated-616641"}], "coverImage": {"large": "https://s3.anilist.co/media/anime/cover/medium/16405.jpg", "medium": "https://s3.anilist.co/media/anime/cover/small/16405.jpg"}, "bannerImage": null, "isAdult": false, "format": "TV_SHORT"}, {"id": 16415, "title": {"romaji": "Sousei no Aquarion Special", "english": "Genesis of Aquarion Special"}, "type": "ANIME", "status": "FINISHED", "description": "A special released with the Blu-ray edition of the movie containing alternate events after the end of the TV series.", "startDate": {"year": 2008, "month": 12, "day": 5}, "endDate": {"year": 2008, "month": 12, "day": 5}, "season": "WINTER", "episodes": 1, "duration": 5, "genres": ["Comedy", "Mecha"], "averageScore": null, "trending": 0, "popularity": 179, "streamingEpisodes": [], "coverImage": {"large": "https://s3.anilist.co/media/anime/cover/medium/16415.jpg", "medium": "https://s3.anilist.co/media/anime/cover/small/16415.jpg"}, "bannerImage": null, "isAdult": false, "format": "SPECIAL"}, {"id": 16417, "title": {"romaji": "Tamako Market", "english": null}, "type": "ANIME", "status": "FINISHED", "description": "Tamako knows just about everything there is to know about mochi, the traditional Japanese dessert treats. When she's not attending her first year of high school, she even invents new flavors and varieties for Tama-ya, her family's mochi shop. School and growing up, on the other hand, are some things that she's still trying to find the right recipe for. But with the help of her best friends Kanna and Midori, two girls whose parents run businesses in the same shopping district, Tamako's determined to make the best of things. It's complicated though, especially when it comes to emotions and her relationship with her best boy friend Mochizou, whose family runs a rival mochi shop. And lately, Midori's been feeling a little odd about her feelings towards Tamako as well. And what's with up with that strange bird fluttering around, the one that speaks fluent Japanese? It's all very mysterious and overwhelming, but at least Tamako always has one thing she can count on: No matter if your day's been good or bad, there's certain to be something sugary and delicious waiting at the end of every adventure whenever you take a walk through Tamako Market!<br><br>\n(Source: Sentai Filmworks)", "startDate": {"year": 2013, "month": 1, "day": 10}, "endDate": {"year": 2013, "month": 3, "day": 28}, "season": "WINTER", "episodes": 12, "duration": 23, "genres": ["Comedy", "Slice of Life"], "averageScore": 70, "trending": 1, "popularity": 18580, "streamingEpisodes": [], "coverImage": {"large": "https://s3.anilist.co/media/anime/cover/medium/16417.jpg", "medium": "https://s3.anilist.co/media/anime/cover/small/16417.jpg"}, "bannerImage": "https://s3.anilist.co/media/anime/banner/16417.jpg", "isAdult": false, "format": "TV"}, {"id": 16419, "title": {"romaji": "Dokidoki! Precure", "english": "Glitter Force Doki Doki"}, "type": "ANIME", "status": "FINISHED", "description": "Aida Mana is a girl who is always eager to do things for the sake of others.<br><br>\r\nOne day, when she was visiting the Clover Tower during her school's orientation program, an enemy who called themselves \"Selfish\" appeared suddenly, and tried to manipulate her inner heart! To fight this enemy, she borrowed power from a magical fairy Sharuru to transform into Pretty Cure!<br><br>\r\nTo protect the peace of the world, other legendary Pretty Cure soon joined her in battle! A mysterious baby also appears, making each day a \"Heartthrob\" experience! The 4 Cures, always holding \"love\" in their hearts, are battling for the world's fate!<br><br>\r\n(Source: Asahi TV)", "startDate": {"year": 2013, "month": 2, "day": 3}, "endDate": {"year": 2014, "month": 1, "day": 26}, "season": "WINTER", "episodes": 49, "duration": 24, "genres": ["Fantasy", "Mahou Shoujo"], "averageScore": 63, "trending": 0, "popularity": 1251, "streamingEpisodes": [], "coverImage": {"large": "https://s3.anilist.co/media/anime/cover/medium/16419.jpg", "medium": "https://s3.anilist.co/media/anime/cover/small/16419.jpg"}, "bannerImage": "https://s3.anilist.co/media/anime/banner/16419-NNZOw7hmuSsc.jpg", "isAdult": false, "format": "TV"}, {"id": 16434, "title": {"romaji": "Penguin's Memory: Shiawase Monogatari", "english": null}, "type": "ANIME", "status": "FINISHED", "description": "Mike is a penguin soldier who returns home after being injured during combat. Estranged from his family and friends, he leaves his hometown and starts to roam adrift through the country.<br><br>\n(Source: ANN)", "startDate": {"year": 1985, "month": 6, "day": 22}, "endDate": {"year": 1985, "month": 6, "day": 22}, "season": "SUMMER", "episodes": 1, "duration": 100, "genres": ["Drama"], "averageScore": 56, "trending": 0, "popularity": 184, "streamingEpisodes": [], "coverImage": {"large": "https://s3.anilist.co/media/anime/cover/medium/16434.jpg", "medium": "https://s3.anilist.co/media/anime/cover/small/16434.jpg"}, "bannerImage": "https://s3.anilist.co/media/anime/banner/16434-FOD5xtw2gn9d.jpg", "isAdult": false, "format": "MOVIE"}, {"id": 16436, "title": {"romaji": "Tenshi no Drop", "english": "Angel's Drop"}, "type": "ANIME", "status": "FINISHED", "description": "Botan Ichige has just enrolled in St. Asmaria All-Girl's School where angels are said to live. It turns out that angels do indeed live there, and after an accident, an angel named Un offers Botan her halo as a snack. After eating it, Botan discovers it had some bizarre side-effects, causing her to regularly \"give birth\" to colorful mushrooms. Is this the life of an angel!?<br><br>\n(Source: MU)", "startDate": {"year": 2013, "month": 5, "day": 12}, "endDate": {"year": 2013, "month": 5, "day": 12}, "season": "SPRING", "episodes": 1, "duration": 5, "genres": ["Comedy"], "averageScore": 31, "trending": 0, "popularity": 1495, "streamingEpisodes": [], "coverImage": {"large": "https://s3.anilist.co/media/anime/cover/medium/16436.jpg", "medium": "https://s3.anilist.co/media/anime/cover/small/16436.jpg"}, "bannerImage": "https://s3.anilist.co/media/anime/banner/16436-NV4i46wmecmU.jpg", "isAdult": false, "format": "SPECIAL"}, {"id": 16442, "title": {"romaji": "Precure All Stars New Stage 2: Kokoro no Tomodachi", "english": null}, "type": "ANIME", "status": "FINISHED", "description": "One day, the Pretty Cures receive an invitation to a party in their honor. Everyone is heading to the party venue, the school of fairies, but awaits a mysterious shadow. The shadow steals transformation objects! What can they do? If the Cures can not be converted are in big trouble! If this continues, the school, our world and everything else will deborado by that shadow! The 32 Pretty Cures will fight to protect everyone!<br><br>\n(Source: Wikipedia)", "startDate": {"year": 2013, "month": 3, "day": 16}, "endDate": {"year": 2013, "month": 3, "day": 16}, "season": "SPRING", "episodes": 1, "duration": 71, "genres": ["Mahou Shoujo"], "averageScore": 63, "trending": 0, "popularity": 360, "streamingEpisodes": [], "coverImage": {"large": "https://s3.anilist.co/media/anime/cover/medium/16442.jpg", "medium": "https://s3.anilist.co/media/anime/cover/small/16442.jpg"}, "bannerImage": null, "isAdult": false, "format": "MOVIE"}, {"id": 16444, "title": {"romaji": "Mondaiji-tachi ga Isekai kara Kuru sou desu yo? OVA", "english": "Problem Children Are Coming From Another World, Aren't They? OVA"}, "type": "ANIME", "status": "FINISHED", "description": "OVA bundled with the eighth volume of the light novel. ", "startDate": {"year": 2013, "month": 7, "day": 20}, "endDate": {"year": 2013, "month": 7, "day": 20}, "season": "SUMMER", "episodes": 1, "duration": 23, "genres": ["Fantasy", "Supernatural"], "averageScore": 69, "trending": 0, "popularity": 6223, "streamingEpisodes": [], "coverImage": {"large": "https://s3.anilist.co/media/anime/cover/medium/16444.jpg", "medium": "https://s3.anilist.co/media/anime/cover/small/16444.jpg"}, "bannerImage": null, "isAdult": false, "format": "OVA"}, {"id": 16454, "title": {"romaji": "Surf Side High-School", "english": null}, "type": "ANIME", "status": "FINISHED", "description": "At a high school that sits in front of the ocean, three unpopular pubescent guys, Abe, Nagaho, and Mita, spend more of their time goofing off at the beach than studying. Of course, surfing always comes first, but their other adventures on the beach and search for girls are a source of non-stop laughter. <br><br>\n(Source: AniDB)", "startDate": {"year": 1999, "month": 6, "day": 1}, "endDate": {"year": 1999, "month": 7, "day": 2}, "season": "SUMMER", "episodes": 20, "duration": 7, "genres": ["Comedy", "Ecchi"], "averageScore": null, "trending": 0, "popularity": 27, "streamingEpisodes": [], "coverImage": {"large": "https://s3.anilist.co/media/anime/cover/medium/16454.jpg", "medium": "https://s3.anilist.co/media/anime/cover/small/16454.jpg"}, "bannerImage": null, "isAdult": false, "format": "TV_SHORT"}, {"id": 16458, "title": {"romaji": "Perrine Monogatari Movie", "english": null}, "type": "ANIME", "status": "FINISHED", "description": "Movie version of the TV series Perrine Monogatari.", "startDate": {"year": 1990, "month": 6, "day": 30}, "endDate": {"year": 1990, "month": 6, "day": 30}, "season": "SUMMER", "episodes": 1, "duration": 110, "genres": ["Drama", "Slice of Life"], "averageScore": null, "trending": 0, "popularity": 24, "streamingEpisodes": [], "coverImage": {"large": "https://s3.anilist.co/media/anime/cover/medium/16458.jpg", "medium": "https://s3.anilist.co/media/anime/cover/small/16458.jpg"}, "bannerImage": null, "isAdult": false, "format": "MOVIE"}, {"id": 16460, "title": {"romaji": "Perrine Monogatari Specials", "english": null}, "type": "ANIME", "status": "FINISHED", "description": "A summary of the full series aired as a TV specials.", "startDate": {"year": 2001, "month": 1, "day": 28}, "endDate": {"year": 2013, "month": 7, "day": 3}, "season": "WINTER", "episodes": 2, "duration": 45, "genres": ["Drama", "Slice of Life"], "averageScore": null, "trending": 0, "popularity": 20, "streamingEpisodes": [], "coverImage": {"large": "https://s3.anilist.co/media/anime/cover/medium/16460.jpg", "medium": "https://s3.anilist.co/media/anime/cover/small/16460.jpg"}, "bannerImage": null, "isAdult": false, "format": "SPECIAL"}, {"id": 16468, "title": {"romaji": "One Piece Special: Glorious Island", "english": null}, "type": "ANIME", "status": "FINISHED", "description": "An exclusive anime prologue to One Piece Film Z with an original story penned by manga creator Eiichiro Oda. <br><br>\n(Source: ANN) ", "startDate": {"year": 2012, "month": 12, "day": 23}, "endDate": {"year": 2012, "month": 12, "day": 30}, "season": "WINTER", "episodes": 2, "duration": 5, "genres": ["Action", "Adventure", "Comedy", "Fantasy"], "averageScore": 67, "trending": 0, "popularity": 1565, "streamingEpisodes": [], "coverImage": {"large": "https://s3.anilist.co/media/anime/cover/medium/16468.jpg", "medium": "https://s3.anilist.co/media/anime/cover/small/16468.jpg"}, "bannerImage": null, "isAdult": false, "format": "SPECIAL"}, {"id": 16472, "title": {"romaji": "Sei Yariman Gakuen Enkou Nikki", "english": null}, "type": "ANIME", "status": "FINISHED", "description": "Based on the erotic game by Orcsoft Team Goblin.<br>\n<br>\nSaiki Yasuo is a 45-year-old office worker. After 20 years of marriage, his wife asked for a divorce and left him. Now, depressed, he spends the nights drinking alone, until one night a girl from the St. Marian Academy approaches him looking for a client.<br>\n<br>\n(Source: Visual Novel Database)", "startDate": {"year": 2013, "month": 2, "day": 22}, "endDate": {"year": 2013, "month": 2, "day": 22}, "season": "WINTER", "episodes": 1, "duration": 31, "genres": ["Hentai"], "averageScore": 62, "trending": 0, "popularity": 537, "streamingEpisodes": [], "coverImage": {"large": "https://s3.anilist.co/media/anime/cover/medium/16472-3CpNrEG86dRp.jpg", "medium": "https://s3.anilist.co/media/anime/cover/small/16472-3CpNrEG86dRp.jpg"}, "bannerImage": null, "isAdult": true, "format": "OVA"}, {"id": 16474, "title": {"romaji": "Soushisouai Note: The Animation", "english": null}, "type": "ANIME", "status": "FINISHED", "description": "Based on the manga by Fukudahda.<br>\n<br>\nPart 1: Ashoka Madoka is invited to karaoke with his friends where he is introduced to Miyamoto who by chance they know each other from before. Two other girls went with two other boys. Later, Madoka and Miyamoto come out of the karaoke, hire a love hotel, and do a pervert thing.<br>\n<br>\nPart 2: Ai-chan is a girl who likes the smell of Namikawa sweat and she is starting to like Namikawa. After school, they go to the school warehouse and they both do a pervert things.<br>\n<br>\n(Source: Nekopoi and has been translated and also edited a bit from the original)", "startDate": {"year": 2013, "month": 2, "day": 22}, "endDate": {"year": null, "month": null, "day": null}, "season": "WINTER", "episodes": 2, "duration": 28, "genres": ["Hentai", "Romance"], "averageScore": 62, "trending": 0, "popularity": 451, "streamingEpisodes": [], "coverImage": {"large": "https://s3.anilist.co/media/anime/cover/medium/16474.jpg", "medium": "https://s3.anilist.co/media/anime/cover/small/16474.jpg"}, "bannerImage": null, "isAdult": true, "format": "OVA"}, {"id": 16476, "title": {"romaji": "Idol Kouhosei", "english": null}, "type": "ANIME", "status": "FINISHED", "description": "It's a new century and men have lost their sexual desires thus decreasing the number of marriages and births. In order to repopulate the world, the government decided to start a program to improve men's sex lives. Sex idols, girls who can sing, dance, and have sex with innumerable men, are now in need to help improve the stagnant society.", "startDate": {"year": 2013, "month": 2, "day": 13}, "endDate": {"year": null, "month": null, "day": null}, "season": "WINTER", "episodes": 1, "duration": 19, "genres": ["Hentai"], "averageScore": 48, "trending": 0, "popularity": 185, "streamingEpisodes": [], "coverImage": {"large": "https://s3.anilist.co/media/anime/cover/medium/16476.jpg", "medium": "https://s3.anilist.co/media/anime/cover/small/16476.jpg"}, "bannerImage": null, "isAdult": true, "format": "OVA"}, {"id": 16480, "title": {"romaji": "Ojarumaru Yakusoku no Natsu Ojaru to Semira Movie", "english": "Prince Mackaroo the Movie: The Promised Summer - Ojaru and Semira"}, "type": "ANIME", "status": "FINISHED", "description": "A short film introduces Semira, a strange boy who comes to play with Ojaru and his chums and bears a marked resemblance to a boy of the same name who spent a summer with the village elders when they were boys, long ago.<br><br>\n(Source: AnimeVice)", "startDate": {"year": 2000, "month": 7, "day": 15}, "endDate": {"year": 2000, "month": 7, "day": 15}, "season": "SUMMER", "episodes": 1, "duration": 47, "genres": ["Adventure", "Comedy", "Fantasy"], "averageScore": null, "trending": 0, "popularity": 13, "streamingEpisodes": [], "coverImage": {"large": "https://s3.anilist.co/media/anime/cover/medium/16480.jpg", "medium": "https://s3.anilist.co/media/anime/cover/small/16480.jpg"}, "bannerImage": null, "isAdult": false, "format": "MOVIE"}, {"id": 16482, "title": {"romaji": "Ojarumaru: Mangetsu Road Kiki Ippatsu - Tama ni wa Maro mo Daibouken", "english": null}, "type": "ANIME", "status": "FINISHED", "description": "A special of the Ojarumaru series. ", "startDate": {"year": 2007, "month": 5, "day": 3}, "endDate": {"year": 2007, "month": 5, "day": 3}, "season": "SPRING", "episodes": 1, "duration": 50, "genres": ["Adventure", "Comedy", "Fantasy", "Slice of Life"], "averageScore": null, "trending": 0, "popularity": 10, "streamingEpisodes": [], "coverImage": {"large": "https://s3.anilist.co/media/anime/cover/medium/16482.jpg", "medium": "https://s3.anilist.co/media/anime/cover/small/16482.jpg"}, "bannerImage": null, "isAdult": false, "format": "SPECIAL"}, {"id": 16486, "title": {"romaji": "Shin Kyojin no Hoshi II", "english": null}, "type": "ANIME", "status": "FINISHED", "description": "A continuation of the popular baseball saga about the star pitcher of a professional baseball team.<br><br>\n(Source: AniDB)", "startDate": {"year": 1979, "month": 4, "day": 14}, "endDate": {"year": 1979, "month": 9, "day": 29}, "season": "SPRING", "episodes": 23, "duration": 25, "genres": ["Sports"], "averageScore": null, "trending": 0, "popularity": 36, "streamingEpisodes": [], "coverImage": {"large": "https://s3.anilist.co/media/anime/cover/medium/16486.jpg", "medium": "https://s3.anilist.co/media/anime/cover/small/16486.jpg"}, "bannerImage": null, "isAdult": false, "format": "TV"}, {"id": 16490, "title": {"romaji": "Robot Taekwon V wa Hwanggeum Nalgae", "english": null}, "type": "ANIME", "status": "FINISHED", "description": "The fourth movie in the popular Korean movie series Robot Taekwon V.", "startDate": {"year": 1978, "month": 7, "day": 26}, "endDate": {"year": 1978, "month": 7, "day": 26}, "season": "SUMMER", "episodes": 1, "duration": 66, "genres": ["Mecha"], "averageScore": null, "trending": 0, "popularity": 20, "streamingEpisodes": [], "coverImage": {"large": "https://s3.anilist.co/media/anime/cover/medium/16490.jpg", "medium": "https://s3.anilist.co/media/anime/cover/small/16490.jpg"}, "bannerImage": null, "isAdult": false, "format": "MOVIE"}, {"id": 16498, "title": {"romaji": "Shingeki no Kyojin", "english": "Attack on Titan"}, "type": "ANIME", "status": "FINISHED", "description": "Several hundred years ago, humans were nearly exterminated by titans. Titans are typically several stories tall, seem to have no intelligence, devour human beings and, worst of all, seem to do it for the pleasure rather than as a food source. A small percentage of humanity survived by walling themselves in a city protected by extremely high walls, even taller than the biggest of titans.<br><br>\r\nFlash forward to the present and the city has not seen a titan in over 100 years. Teenage boy Eren and his foster sister Mikasa witness something horrific as the city walls are destroyed by a colossal titan that appears out of thin air. As the smaller titans flood the city, the two kids watch in horror as their mother is eaten alive. Eren vows that he will murder every single titan and take revenge for all of mankind.<br><br>\r\n(Source: MangaHelpers) ", "startDate": {"year": 2013, "month": 4, "day": 7}, "endDate": {"year": 2013, "month": 9, "day": 28}, "season": "SPRING", "episodes": 25, "duration": 24, "genres": ["Action", "Drama", "Fantasy"], "averageScore": 81, "trending": 7, "popularity": 69297, "streamingEpisodes": [{"title": "Episode 49 - Night of the Battle to Retake the Wall", "url": "http://www.crunchyroll.com/attack-on-titan/episode-49-night-of-the-battle-to-retake-the-wall-776034"}, {"title": "Episode 48 - Bystander", "url": "http://www.crunchyroll.com/attack-on-titan/episode-48-bystander-776033"}, {"title": "Episode 47 - Friends", "url": "http://www.crunchyroll.com/attack-on-titan/episode-47-friends-776032"}, {"title": "Episode 46 - Ruler of the Walls", "url": "http://www.crunchyroll.com/attack-on-titan/episode-46-ruler-of-the-walls-776031"}, {"title": "Episode 45 - Outside the Walls of Orvud District", "url": "http://www.crunchyroll.com/attack-on-titan/episode-45-outside-the-walls-of-orvud-district-776030"}, {"title": "Episode 44 - Wish", "url": "http://www.crunchyroll.com/attack-on-titan/episode-44-wish-776029"}, {"title": "Episode 43 - Sin", "url": "http://www.crunchyroll.com/attack-on-titan/episode-43-sin-776028"}, {"title": "Episode 42 - Reply", "url": "http://www.crunchyroll.com/attack-on-titan/episode-42-reply-776027"}, {"title": "Episode 41 - Trust", "url": "http://www.crunchyroll.com/attack-on-titan/episode-41-trust-776026"}, {"title": "Episode 40 - Old Story", "url": "http://www.crunchyroll.com/attack-on-titan/episode-40-old-story-776025"}, {"title": "Episode 39 - Pain", "url": "http://www.crunchyroll.com/attack-on-titan/episode-39-pain-776024"}, {"title": "Episode 38 - Smoke Signal", "url": "http://www.crunchyroll.com/attack-on-titan/episode-38-smoke-signal-775810"}], "coverImage": {"large": "https://s3.anilist.co/media/anime/cover/medium/nx16498-Y0bBvhscItsC.jpg", "medium": "https://s3.anilist.co/media/anime/cover/small/nx16498-Y0bBvhscItsC.jpg"}, "bannerImage": "https://s3.anilist.co/media/anime/banner/16498.jpg", "isAdult": false, "format": "TV"}, {"id": 16506, "title": {"romaji": "Three Monks", "english": null}, "type": "ANIME", "status": "FINISHED", "description": "The film is based on the ancient Chinese proverb \"One monk will shoulder two buckets of water, two monks will share the load, but add a third and no one will want to fetch water.\" The film does not contain any dialogues.<br><br>\n(Source: Wikipedia)", "startDate": {"year": 1980, "month": null, "day": null}, "endDate": {"year": 1980, "month": null, "day": null}, "season": null, "episodes": 1, "duration": 20, "genres": ["Music"], "averageScore": null, "trending": 0, "popularity": 36, "streamingEpisodes": [], "coverImage": {"large": "https://s3.anilist.co/media/anime/cover/medium/16506.jpg", "medium": "https://s3.anilist.co/media/anime/cover/small/16506.jpg"}, "bannerImage": null, "isAdult": false, "format": "MOVIE"}, {"id": 16508, "title": {"romaji": "Ebiten: Kouritsu Ebisugawa Koukou Tenmonbu Specials", "english": null}, "type": "ANIME", "status": "FINISHED", "description": "BD/DVD specials.", "startDate": {"year": 2012, "month": 11, "day": 30}, "endDate": {"year": 2013, "month": 3, "day": 29}, "season": "FALL", "episodes": 5, "duration": 4, "genres": ["Ecchi"], "averageScore": 53, "trending": 0, "popularity": 480, "streamingEpisodes": [], "coverImage": {"large": "https://s3.anilist.co/media/anime/cover/medium/16508.jpg", "medium": "https://s3.anilist.co/media/anime/cover/small/16508.jpg"}, "bannerImage": null, "isAdult": false, "format": "SPECIAL"}, {"id": 16510, "title": {"romaji": "Shin Shounan Bakusouzoku Arakure Knight", "english": null}, "type": "ANIME", "status": "FINISHED", "description": null, "startDate": {"year": 1997, "month": 9, "day": 12}, "endDate": {"year": 1998, "month": 9, "day": 11}, "season": "FALL", "episodes": 2, "duration": 43, "genres": ["Adventure"], "averageScore": null, "trending": 0, "popularity": 24, "streamingEpisodes": [], "coverImage": {"large": "https://s3.anilist.co/media/anime/cover/medium/16510.jpg", "medium": "https://s3.anilist.co/media/anime/cover/small/16510.jpg"}, "bannerImage": null, "isAdult": false, "format": "OVA"}, {"id": 16512, "title": {"romaji": "Devil Survivor 2 The Animation", "english": "Devil Survivor 2 The Animation"}, "type": "ANIME", "status": "FINISHED", "description": "Mysterious invaders called the Septentriones arrive in Japan and begin attacking the country on a Sunday. To fight back, the heroes in Devil Survivor 2 signed a pact with the devil to become the Thirteen Devil Messengers. The Septentriones show up at least once a day and you have a time limit of seven days to defeat them.<br><br>\n(Source: Megami Tensei Wikia)", "startDate": {"year": 2013, "month": 4, "day": 5}, "endDate": {"year": 2013, "month": 6, "day": 28}, "season": "SPRING", "episodes": 13, "duration": 24, "genres": ["Supernatural"], "averageScore": 63, "trending": 0, "popularity": 10454, "streamingEpisodes": [{"title": "PV", "url": "http://www.crunchyroll.com/devil-survivor-2-the-animation/devil-survivor-2-the-animation-pv-622255"}, {"title": "Episode 1 - Melancholy Sunday", "url": "http://www.crunchyroll.com/devil-survivor-2-the-animation/episode-1-melancholy-sunday-622275"}, {"title": "Episode 2 - Monday of Upheaval - I", "url": "http://www.crunchyroll.com/devil-survivor-2-the-animation/episode-2-monday-of-upheaval-i-622277"}, {"title": "Episode 3 - Monday of Upheaval - II", "url": "http://www.crunchyroll.com/devil-survivor-2-the-animation/episode-3-monday-of-upheaval-ii-622279"}, {"title": "Episode 4 - Monday of Upheaval - III", "url": "http://www.crunchyroll.com/devil-survivor-2-the-animation/episode-4-monday-of-upheaval-iii-622281"}, {"title": "Episode 5 - Tuesday of Turbulence - I", "url": "http://www.crunchyroll.com/devil-survivor-2-the-animation/episode-5-tuesday-of-turbulence-i-622283"}, {"title": "Episode 6 - Tuesday of Turbulence - II", "url": "http://www.crunchyroll.com/devil-survivor-2-the-animation/episode-6-tuesday-of-turbulence-ii-622285"}, {"title": "Episode 7 - Wednesday of Transformations - I", "url": "http://www.crunchyroll.com/devil-survivor-2-the-animation/episode-7-wednesday-of-transformations-i-622287"}, {"title": "Episode 8 - Wednesday of Transformations - II", "url": "http://www.crunchyroll.com/devil-survivor-2-the-animation/episode-8-wednesday-of-transformations-ii-622289"}, {"title": "Episode 9 - Thursday of Shock", "url": "http://www.crunchyroll.com/devil-survivor-2-the-animation/episode-9-thursday-of-shock-622291"}, {"title": "Episode 10 - Friday of Farewells", "url": "http://www.crunchyroll.com/devil-survivor-2-the-animation/episode-10-friday-of-farewells-622293"}, {"title": "Episode 11 - Saturday of Variances", "url": "http://www.crunchyroll.com/devil-survivor-2-the-animation/episode-11-saturday-of-variances-622295"}, {"title": "Episode 12 - Sunday of Realization - I", "url": "http://www.crunchyroll.com/devil-survivor-2-the-animation/episode-12-sunday-of-realization-i-622297"}, {"title": "Episode 13 - Sunday of Realization - II", "url": "http://www.crunchyroll.com/devil-survivor-2-the-animation/episode-13-sunday-of-realization-ii-622299"}], "coverImage": {"large": "https://s3.anilist.co/media/anime/cover/medium/16512.jpg", "medium": "https://s3.anilist.co/media/anime/cover/small/16512.jpg"}, "bannerImage": "https://s3.anilist.co/media/anime/banner/n16512-YU7vbILKv2YT.jpg", "isAdult": false, "format": "TV"}, {"id": 16514, "title": {"romaji": "Batsu & Terry", "english": null}, "type": "ANIME", "status": "FINISHED", "description": "Bats &amp; Terry are the two tough guys in the school. They don't take crap from anyone, not even teachers. They will fight anyone necessary, and will defend strangers (especially pretty girls) from danger. They're good at it too. Some people are in terror of them, and some love them.<br><br>\nWhen they rescue one especially pretty girl from a gang they fight over her, but it's all friendly and they both recognize that she has some scars. The police hassle them and yet admire them when they break up the gang.<br><br>\nOh, and they're the star pitcher and catcher for the high school baseball team!<br><br>\n(Source: MU)", "startDate": {"year": 1987, "month": 3, "day": 14}, "endDate": {"year": 1987, "month": 3, "day": 14}, "season": "SPRING", "episodes": 1, "duration": 80, "genres": ["Comedy", "Drama", "Sports"], "averageScore": null, "trending": 0, "popularity": 35, "streamingEpisodes": [], "coverImage": {"large": "https://s3.anilist.co/media/anime/cover/medium/16514.jpg", "medium": "https://s3.anilist.co/media/anime/cover/small/16514.jpg"}, "bannerImage": null, "isAdult": false, "format": "MOVIE"}, {"id": 16518, "title": {"romaji": "Arata Kangatari", "english": "Arata: The Legend"}, "type": "ANIME", "status": "FINISHED", "description": "Every 30 years, a new princess is chosen from the Hime family to serve the Hayagami. The time has come again, but over these past years, records state not a single female has been born, save for one, the 15-year-old Arata. The only problem is, Arata is actually a male! Forced to disguise himself and take the place of the princess candidate until a formal one can be found, he attends the festival only to witness the current princess, Kokuri-hime, murdered, and his own life is forfeit as well, by the hands of the princess' personal guard, the 12 Shinshou. As he runs for his life, Kannagi of the 12 convinces everyone that Arata is the one who has murdered the princess instead, and now everyone in the Imperial Court is after his head!<br><br>\n(Source: MU)", "startDate": {"year": 2013, "month": 4, "day": 9}, "endDate": {"year": 2013, "month": 7, "day": 2}, "season": "SPRING", "episodes": 12, "duration": 24, "genres": ["Adventure", "Fantasy"], "averageScore": 60, "trending": 0, "popularity": 3831, "streamingEpisodes": [{"title": "Episode 1 - The Life of Arata", "url": "http://www.crunchyroll.com/arata-the-legend/episode-1-the-life-of-arata-622773"}, {"title": "Episode 2 - Hayagami", "url": "http://www.crunchyroll.com/arata-the-legend/episode-2-hayagami-622775"}, {"title": "Episode 3 - The Reckoning", "url": "http://www.crunchyroll.com/arata-the-legend/episode-3-the-reckoning-623409"}, {"title": "Episode 4 - Awakening", "url": "http://www.crunchyroll.com/arata-the-legend/episode-4-awakening-623411"}, {"title": "Episode 5 - Zokusho", "url": "http://www.crunchyroll.com/arata-the-legend/episode-5-zokusho-623413"}, {"title": "Episode 6 - Okoro", "url": "http://www.crunchyroll.com/arata-the-legend/episode-6-okoro-623415"}, {"title": "Episode 7 - Homura", "url": "http://www.crunchyroll.com/arata-the-legend/episode-7-homura-623419"}, {"title": "Episode 8 - Orochi", "url": "http://www.crunchyroll.com/arata-the-legend/episode-8-orochi-623421"}, {"title": "Episode 9 - Demonization", "url": "http://www.crunchyroll.com/arata-the-legend/episode-9-demonization-623423"}, {"title": "Episode 10 - Admiration", "url": "http://www.crunchyroll.com/arata-the-legend/episode-10-admiration-623425"}, {"title": "Episode 11 - Life Force", "url": "http://www.crunchyroll.com/arata-the-legend/episode-11-life-force-623427"}, {"title": "Episode 12 - The Light of Creation", "url": "http://www.crunchyroll.com/arata-the-legend/episode-12-the-light-of-creation-623429"}], "coverImage": {"large": "https://s3.anilist.co/media/anime/cover/medium/16518.jpg", "medium": "https://s3.anilist.co/media/anime/cover/small/16518.jpg"}, "bannerImage": null, "isAdult": false, "format": "TV"}, {"id": 16524, "title": {"romaji": "Suisei no Gargantia", "english": "Gargantia on the Verdurous Planet"}, "type": "ANIME", "status": "FINISHED", "description": "The story begins in the distant future in the far reaches of the galaxy. The Human Galactic Alliance has been constantly fighting for its survival against a grotesque race of beings called \"Hidiaazu.\" During an intense battle, the young lieutenant Ledo and his humanoid mobile weapon Chamber are swallowed up into a distortion of time and space. Waking from his artificially induced hibernation, Ledo realizes that he has arrived on Earth, the planet on the lost frontier. On this planet that was completely flooded by the seas, people live in fleets of giant ships, salvaging relics from the seas' depths in order to survive. Ledo arrives on one of the fleets called Gargantia. With no knowledge of the planet's history or culture, he is forced to live alongside Amy, a 15-year-old girl who serves as a messenger aboard the Gargantia fleet. To Ledo, who has lived a life where he knows nothing but fighting, these days of peace continue to surprise him.<br><br>\r\n(Source: ANN)", "startDate": {"year": 2013, "month": 4, "day": 7}, "endDate": {"year": 2013, "month": 6, "day": 30}, "season": "SPRING", "episodes": 13, "duration": 23, "genres": ["Action", "Mecha", "Sci-Fi"], "averageScore": 73, "trending": 1, "popularity": 18842, "streamingEpisodes": [{"title": "Episode 1 - Castaway", "url": "http://www.crunchyroll.com/gargantia-on-the-verdurous-planet/episode-1-castaway-622613"}, {"title": "Episode 2 - The Planet of Origin", "url": "http://www.crunchyroll.com/gargantia-on-the-verdurous-planet/episode-2-the-planet-of-origin-622615"}, {"title": "Episode 3 - The Villainous Empress", "url": "http://www.crunchyroll.com/gargantia-on-the-verdurous-planet/episode-3-the-villainous-empress-622617"}, {"title": "Episode 4 - The Flute of Recollection", "url": "http://www.crunchyroll.com/gargantia-on-the-verdurous-planet/episode-4-the-flute-of-recollection-622619"}, {"title": "Episode 5 - Calm Day", "url": "http://www.crunchyroll.com/gargantia-on-the-verdurous-planet/episode-5-calm-day-622621"}, {"title": "Episode 6 - Festival", "url": "http://www.crunchyroll.com/gargantia-on-the-verdurous-planet/episode-6-festival-622623"}, {"title": "Episode 7 - A Soldier's Fate", "url": "http://www.crunchyroll.com/gargantia-on-the-verdurous-planet/episode-7-a-soldiers-fate-622625"}, {"title": "Episode 8 - Separation", "url": "http://www.crunchyroll.com/gargantia-on-the-verdurous-planet/episode-8-separation-622627"}, {"title": "Episode 9 - Deep Sea Secret", "url": "http://www.crunchyroll.com/gargantia-on-the-verdurous-planet/episode-9-deep-sea-secret-622629"}, {"title": "Episode 10 - Island of Ambition", "url": "http://www.crunchyroll.com/gargantia-on-the-verdurous-planet/episode-10-island-of-ambition-622631"}, {"title": "Episode 11 - Supreme Ruler of Terror", "url": "http://www.crunchyroll.com/gargantia-on-the-verdurous-planet/episode-11-supreme-ruler-of-terror-622633"}, {"title": "Episode 12 - Moment of Decision", "url": "http://www.crunchyroll.com/gargantia-on-the-verdurous-planet/episode-12-moment-of-decision-622635"}, {"title": "Episode 13 - Legend of the Verdurous Planet", "url": "http://www.crunchyroll.com/gargantia-on-the-verdurous-planet/episode-13-legend-of-the-verdurous-planet-622637"}], "coverImage": {"large": "https://s3.anilist.co/media/anime/cover/medium/16524.jpg", "medium": "https://s3.anilist.co/media/anime/cover/small/16524.jpg"}, "bannerImage": "https://s3.anilist.co/media/anime/banner/16524-eIlEmkj6CeGj.jpg", "isAdult": false, "format": "TV"}, {"id": 16526, "title": {"romaji": "Ranpou", "english": null}, "type": "ANIME", "status": "FINISHED", "description": "TV anime adaptation of Masatoshi Uchizaki's gag comedy manga \"Ranpou\".", "startDate": {"year": 1984, "month": 4, "day": 5}, "endDate": {"year": 1984, "month": 9, "day": 20}, "season": "SPRING", "episodes": 21, "duration": 25, "genres": ["Comedy"], "averageScore": null, "trending": 0, "popularity": 18, "streamingEpisodes": [], "coverImage": {"large": "https://s3.anilist.co/media/anime/cover/medium/16526.jpg", "medium": "https://s3.anilist.co/media/anime/cover/small/16526.jpg"}, "bannerImage": null, "isAdult": false, "format": "TV"}, {"id": 16528, "title": {"romaji": "Hal", "english": null}, "type": "ANIME", "status": "FINISHED", "description": "The happy life of Kurumi and Hal suddenly ended by a plane accident. In order to recover her willpower to live, the android Q01 was provided as \"robot Hal\". During her life with the robot Hal, Kurumi gradually opens her mind to the android but...", "startDate": {"year": 2013, "month": 6, "day": 8}, "endDate": {"year": 2013, "month": 6, "day": 8}, "season": "SUMMER", "episodes": 1, "duration": 60, "genres": ["Romance", "Sci-Fi", "Drama"], "averageScore": 72, "trending": 0, "popularity": 6664, "streamingEpisodes": [{"title": "Hal", "url": "http://www.crunchyroll.com/hal/hal-hal-744421"}], "coverImage": {"large": "https://s3.anilist.co/media/anime/cover/medium/16528.jpg", "medium": "https://s3.anilist.co/media/anime/cover/small/16528.jpg"}, "bannerImage": null, "isAdult": false, "format": "MOVIE"}]}}}