{"data": {"Page": {"pageInfo": {"total": 12297, "hasNextPage": true}, "media": [{"id": 10497, "title": {"romaji": "Hetalia World Series Extra Episodes", "english": "Hetalia World Series Extra Episodes"}, "type": "ANIME", "status": "FINISHED", "description": "Extra episodes of Hetalia World Series.  Includes:<br><br>\n- Hetalia World Series Fan Disc (3 episodes).<br>\n- Hetalia=Fantasia (1 episode).", "startDate": {"year": 2011, "month": 3, "day": 25}, "endDate": {"year": 2012, "month": 9, "day": 24}, "season": "SPRING", "episodes": 4, "duration": 5, "genres": ["Comedy"], "averageScore": 68, "trending": 1, "popularity": 1157, "streamingEpisodes": [], "coverImage": {"large": "https://s3.anilist.co/media/anime/cover/medium/10497.jpg", "medium": "https://s3.anilist.co/media/anime/cover/small/10497.jpg"}, "bannerImage": null, "isAdult": false, "format": "SPECIAL"}, {"id": 10499, "title": {"romaji": "Tottoko Hamtaro Dechu", "english": null}, "type": "ANIME", "status": "FINISHED", "description": "A re-airing of the original Hamtaro, in a slightly different order.", "startDate": {"year": 2011, "month": 4, "day": 2}, "endDate": {"year": 2012, "month": 3, "day": 31}, "season": "SPRING", "episodes": 52, "duration": 25, "genres": ["Adventure", "Comedy"], "averageScore": null, "trending": 0, "popularity": 63, "streamingEpisodes": [], "coverImage": {"large": "https://s3.anilist.co/media/anime/cover/medium/10499.jpg", "medium": "https://s3.anilist.co/media/anime/cover/small/10499.jpg"}, "bannerImage": null, "isAdult": false, "format": "TV"}, {"id": 10500, "title": {"romaji": "Ojii-san no Lamp", "english": null}, "type": "ANIME", "status": "FINISHED", "description": "A boy finds a strange object while playing hide-and-seek. His grandfather tells him the story of his own youth, and the important role the old lamp played. This story is about the modernization of Japan and the changes that came with it.<br>\n<br>\nThe Agency of Cultural Affairs of Japan invested 214 million yen ($2.26 million) in \"Young Animator Training Project\" and entrusted the execution of the project to Japan Animation Creators Association (JaniCA). JaniCA produced four original anime (23 min long with OP and ED sequences) in cooperation with four production studios. Ojii-san no Lamp was one of these four projects.<br>\n<br>\n(Source: MAL)", "startDate": {"year": 2011, "month": 3, "day": 5}, "endDate": {"year": 2011, "month": 3, "day": 5}, "season": "SPRING", "episodes": 1, "duration": 25, "genres": ["Drama"], "averageScore": 72, "trending": 0, "popularity": 1953, "streamingEpisodes": [], "coverImage": {"large": "https://s3.anilist.co/media/anime/cover/medium/10500.jpg", "medium": "https://s3.anilist.co/media/anime/cover/small/10500.jpg"}, "bannerImage": null, "isAdult": false, "format": "MOVIE"}, {"id": 10501, "title": {"romaji": "Bannou Yasai Ninninman", "english": null}, "type": "ANIME", "status": "FINISHED", "description": "Young Mari hates eating vegetables and drinking milk so much that she has nightmares about being force-fed the items. One day at school, the young girl chokes down her milk and vegetables and promptly faints from the shock. When she wakes up in the nurse\u2019s office, she comes face to face with Ninninman, Piman and Milk, three food sprites that only appear when Mari drinks her milk and eats her carrots and peppers. Though Mari is less than enthusiastic about being haunted by her most hated foodstuffs, can the three spirits help her realize the importance of friendship, and maybe even teach her to finish her meals?<br>\n<br>\n(Source: ANN)<br>\n<br>\nThe Agency of Cultural Affairs of Japan invested 214 million yen ($2.26 million) in \"Young Animator Training Project\" and entrusted the execution of the project to Japan Animation Creators Association (JaniCA). JaniCA will produce four original anime (23 min long with OP and ED sequences) in cooperation with four production studios. Bannou Yasai Ninninman is one of these four projects.<br>\n<br>\n(Source: MAL)", "startDate": {"year": 2011, "month": 3, "day": 5}, "endDate": {"year": 2011, "month": 3, "day": 5}, "season": "SPRING", "episodes": 1, "duration": 24, "genres": ["Comedy", "Supernatural"], "averageScore": 56, "trending": 0, "popularity": 650, "streamingEpisodes": [], "coverImage": {"large": "https://s3.anilist.co/media/anime/cover/medium/10501.jpg", "medium": "https://s3.anilist.co/media/anime/cover/small/10501.jpg"}, "bannerImage": null, "isAdult": false, "format": "MOVIE"}, {"id": 10502, "title": {"romaji": "Tansu Warashi.", "english": null}, "type": "ANIME", "status": "FINISHED", "description": "The mother of a OL (office lady) sends her an old dresser. The thing is much too big for her small apartment and she doesn't know what to do with it.<br>\n<br>\nOne night she falls asleep after having a few drinks and wakes up after hearing strange sounds. She sees a child's figure by the table taking some rice crackers...<br>\n<br>\nThe OL's life with six spirit children begins.<br>\n<br>\nThe Agency of Cultural Affairs of Japan invested 214 million yen ($2.26 million) in \"Young Animator Training Project\" and entrusted the execution of the project to Japan Animation Creators Association (JaniCA). JaniCA produced four original anime (23 min long with OP and ED sequences) in cooperation with four production studios. Tansu Warashi. was one of these four projects.<br>\n<br>\n(Source: MAL)", "startDate": {"year": 2011, "month": 3, "day": 5}, "endDate": {"year": 2011, "month": 3, "day": 5}, "season": "SPRING", "episodes": 1, "duration": 24, "genres": ["Comedy", "Supernatural"], "averageScore": 63, "trending": 0, "popularity": 663, "streamingEpisodes": [], "coverImage": {"large": "https://s3.anilist.co/media/anime/cover/medium/10502.jpg", "medium": "https://s3.anilist.co/media/anime/cover/small/10502.jpg"}, "bannerImage": null, "isAdult": false, "format": "MOVIE"}, {"id": 10504, "title": {"romaji": "Gosick Recap", "english": null}, "type": "ANIME", "status": "FINISHED", "description": "Recap episode.  The first part of the episode consists of the recap, the second part consists of some interviews with the cast.", "startDate": {"year": 2011, "month": 3, "day": 26}, "endDate": {"year": 2011, "month": 3, "day": 26}, "season": "SPRING", "episodes": 1, "duration": 24, "genres": ["Mystery"], "averageScore": 62, "trending": 0, "popularity": 976, "streamingEpisodes": [], "coverImage": {"large": "https://s3.anilist.co/media/anime/cover/medium/10504.jpg", "medium": "https://s3.anilist.co/media/anime/cover/small/10504.jpg"}, "bannerImage": null, "isAdult": false, "format": "SPECIAL"}, {"id": 10506, "title": {"romaji": "Shiawase Haitatsu Taneko", "english": null}, "type": "ANIME", "status": "RELEASING", "description": "The story centers around a cat who answers people's wishes and delivers happiness. (\"Tane\" and \"neko\" are the Japanese words for \"seed\" and \"cat,\" respectively.)<br><br>\n(Source: ANN)", "startDate": {"year": 2011, "month": 3, "day": 26}, "endDate": {"year": null, "month": null, "day": null}, "season": "SPRING", "episodes": null, "duration": null, "genres": ["Comedy"], "averageScore": null, "trending": 0, "popularity": 29, "streamingEpisodes": [], "coverImage": {"large": "https://s3.anilist.co/media/anime/cover/medium/10506.jpg", "medium": "https://s3.anilist.co/media/anime/cover/small/10506.jpg"}, "bannerImage": null, "isAdult": false, "format": "TV_SHORT"}, {"id": 10507, "title": {"romaji": "Inazuma Eleven Go", "english": null}, "type": "ANIME", "status": "FINISHED", "description": "Matsukaze Tenma, a first year who loves soccer, has exceptional dribbling skills, but still has lots of room for improvement. The story starts with him entering Raimon Jr. High ten years after the first Football Frontier International, where Raimon has become famous for its soccer. However, an organization called Fifth Sector has taken control of soccer over the years, and the passion that Raimon once had for soccer is no longer there.", "startDate": {"year": 2011, "month": 5, "day": 4}, "endDate": {"year": 2012, "month": 4, "day": 11}, "season": "SPRING", "episodes": 47, "duration": 24, "genres": ["Sports"], "averageScore": 67, "trending": 0, "popularity": 2103, "streamingEpisodes": [], "coverImage": {"large": "https://s3.anilist.co/media/anime/cover/medium/10507.jpg", "medium": "https://s3.anilist.co/media/anime/cover/small/10507.jpg"}, "bannerImage": null, "isAdult": false, "format": "TV"}, {"id": 10509, "title": {"romaji": "Hoero! Bun Bun (Movie)", "english": null}, "type": "ANIME", "status": "FINISHED", "description": "Special episode of the 39 episode seires about Bunbun, an abandoned puppy.", "startDate": {"year": 1987, "month": 4, "day": 2}, "endDate": {"year": 1987, "month": 4, "day": 2}, "season": "SPRING", "episodes": 1, "duration": 65, "genres": [], "averageScore": null, "trending": 0, "popularity": 20, "streamingEpisodes": [], "coverImage": {"large": "https://s3.anilist.co/media/anime/cover/medium/10509.jpg", "medium": "https://s3.anilist.co/media/anime/cover/small/10509.jpg"}, "bannerImage": null, "isAdult": false, "format": "MOVIE"}, {"id": 10511, "title": {"romaji": "Toyama Kankou Anime Project", "english": "Toyama Tourism Anime Project"}, "type": "ANIME", "status": "FINISHED", "description": "The Toyama Kankou Anime Project is a visualization of the three most popular tourist spots of the Toyama prefecture: Tateyama Kurobu Alpine Route; firefly squid from the mysterious ocean of the Toyama Bay; Gokayama known for its architectural world heritage Gasshouzukuri. <br><br>\nThe animation is done by PA Works, which is located in Toyama-ken Nanto-shi, and the flash is done by The BERICH, which is a unit that resides in Toyama-ken Uozu-shi. <br><br>\nAlong with a high-definition commentary video of these attractions, this project aims to broadcast the stunning nature of the Toyama prefecture to the world.", "startDate": {"year": 2009, "month": 6, "day": 17}, "endDate": {"year": 2009, "month": 6, "day": 25}, "season": "SUMMER", "episodes": 6, "duration": 5, "genres": ["Slice of Life"], "averageScore": null, "trending": 0, "popularity": 103, "streamingEpisodes": [], "coverImage": {"large": "https://s3.anilist.co/media/anime/cover/medium/10511.jpg", "medium": "https://s3.anilist.co/media/anime/cover/small/10511.jpg"}, "bannerImage": null, "isAdult": false, "format": "SPECIAL"}, {"id": 10513, "title": {"romaji": "Usavich IV", "english": "Usavich IV"}, "type": "ANIME", "status": "FINISHED", "description": "The fourth season of Usavich.", "startDate": {"year": 2011, "month": 4, "day": 23}, "endDate": {"year": 2011, "month": 9, "day": 15}, "season": "SPRING", "episodes": 13, "duration": 1, "genres": ["Comedy"], "averageScore": 56, "trending": 0, "popularity": 226, "streamingEpisodes": [], "coverImage": {"large": "https://s3.anilist.co/media/anime/cover/medium/10513.jpg", "medium": "https://s3.anilist.co/media/anime/cover/small/10513.jpg"}, "bannerImage": null, "isAdult": false, "format": "TV_SHORT"}, {"id": 10516, "title": {"romaji": "Anemone", "english": null}, "type": "ANIME", "status": "FINISHED", "description": "Anemone is a work produced in order to find answers about hopes and to live in the future. Currently, the annual number of suicides in Japan is said to be more than 30,000 people for the last 10 years. Yes, about ten times the amount of soldiers that died in the Iraq war.<br><br>\nI don't have the power to resolve this problem which Japan holds. But with the power of animation I hope to awake even a few dreams and a little bit of desire in the people that watch it, and that they'll have the courage to live in the future.", "startDate": {"year": 2011, "month": 3, "day": 29}, "endDate": {"year": 2011, "month": 3, "day": 29}, "season": "SPRING", "episodes": 1, "duration": 5, "genres": ["Drama", "Supernatural"], "averageScore": 58, "trending": 0, "popularity": 391, "streamingEpisodes": [], "coverImage": {"large": "https://s3.anilist.co/media/anime/cover/medium/10516.jpg", "medium": "https://s3.anilist.co/media/anime/cover/small/10516.jpg"}, "bannerImage": null, "isAdult": false, "format": "OVA"}, {"id": 10519, "title": {"romaji": "Mahou Shoujo Sonico\u2605Magica", "english": "Puella Magi Sonico Magica"}, "type": "ANIME", "status": "FINISHED", "description": "Parody opening for a spin-off of Mahou Shoujo Madoka Magica, starring the characters from the upcoming visual novel game SoniComi by Nitro+.<br><br>\nThis was released by Nitro+ as an April fools' prank, complete with an official website announcing a full TV series. <br><br>", "startDate": {"year": 2011, "month": 4, "day": 1}, "endDate": {"year": 2011, "month": 4, "day": 1}, "season": "SPRING", "episodes": 1, "duration": 1, "genres": ["Music"], "averageScore": 54, "trending": 0, "popularity": 2144, "streamingEpisodes": [], "coverImage": {"large": "https://s3.anilist.co/media/anime/cover/medium/10519.jpg", "medium": "https://s3.anilist.co/media/anime/cover/small/10519.jpg"}, "bannerImage": null, "isAdult": false, "format": "ONA"}, {"id": 10520, "title": {"romaji": "Nurse Witch Komugi-chan Magikarte Z Special", "english": null}, "type": "ANIME", "status": "FINISHED", "description": "A short special about a Komugi-chan figure understanding how anime is actually made.", "startDate": {"year": 2005, "month": null, "day": null}, "endDate": {"year": 2005, "month": null, "day": null}, "season": null, "episodes": 1, "duration": 4, "genres": ["Comedy"], "averageScore": 47, "trending": 0, "popularity": 218, "streamingEpisodes": [], "coverImage": {"large": "https://s3.anilist.co/media/anime/cover/medium/10520.jpg", "medium": "https://s3.anilist.co/media/anime/cover/small/10520.jpg"}, "bannerImage": "https://s3.anilist.co/media/anime/banner/10520-nT44PZTUFIZn.jpg", "isAdult": false, "format": "SPECIAL"}, {"id": 10521, "title": {"romaji": "Working'!!", "english": "Wagnaria!! 2"}, "type": "ANIME", "status": "FINISHED", "description": "Life goes on at the Wagnaria family restaurant as its peculiar employees try to provide a good service despite their individual eccentricities.<br><br>\n(Source: ANN)", "startDate": {"year": 2011, "month": 10, "day": 1}, "endDate": {"year": 2011, "month": 12, "day": 24}, "season": "FALL", "episodes": 13, "duration": 24, "genres": ["Comedy", "Slice of Life"], "averageScore": 77, "trending": 0, "popularity": 14407, "streamingEpisodes": [{"title": "Episode 1 - Welcome to Wagnaria - Takanashi Goes to Work", "url": "http://www.crunchyroll.com/wagnaria/episode-1-welcome-to-wagnaria-takanashi-goes-to-work-585582"}, {"title": "Episode 2 - Inami, the Androphobic...Because She's Scared", "url": "http://www.crunchyroll.com/wagnaria/episode-2-inami-the-androphobicbecause-shes-scared-585602"}, {"title": "Episode 3 - Yachiyo and Kyoko and Sato...And, Otoo-san Returns to Us", "url": "http://www.crunchyroll.com/wagnaria/episode-3-yachiyo-and-kyoko-and-satoand-otoo-san-returns-to-us-585604"}, {"title": "Episode 4 - Soma, the Nice...est Young Man", "url": "http://www.crunchyroll.com/wagnaria/episode-4-soma-the-niceest-young-man-585606"}, {"title": "Episode 5 - One Windy Day, an Unusual Wagnaria", "url": "http://www.crunchyroll.com/wagnaria/episode-5-one-windy-day-an-unusual-wagnaria-585608"}, {"title": "Episode 6 - Sota's Melancholy, the Women of Takanashi", "url": "http://www.crunchyroll.com/wagnaria/episode-6-sotas-melancholy-the-women-of-takanashi-585610"}, {"title": "Episode 7 - Long Time No See, Otoo! The New Part-Timer, Yamada!?", "url": "http://www.crunchyroll.com/wagnaria/episode-7-long-time-no-see-otoo-the-new-part-timer-yamada-585612"}, {"title": "Episode 8 - Inami's First Execu...Excursion Trip!?", "url": "http://www.crunchyroll.com/wagnaria/episode-8-inamis-first-execuexcursion-trip-585614"}, {"title": "Episode 9 - Kotori's Big Debut!", "url": "http://www.crunchyroll.com/wagnaria/episode-9-kotoris-big-debut-585616"}, {"title": "Episode 10 - The Moment of Truth, Nazuna Dons the Apron!?", "url": "http://www.crunchyroll.com/wagnaria/episode-10-the-moment-of-truth-nazuna-dons-the-apron-585584"}, {"title": "Episode 11 - The Way They Were...Yachiyo and Sato, Welcome to the Takanashis", "url": "http://www.crunchyroll.com/wagnaria/episode-11-the-way-they-wereyachiyo-and-sato-welcome-to-the-takanashis-585586"}, {"title": "Episode 12 - Eve of the Duel!?  Taneshima's Reciprocation", "url": "http://www.crunchyroll.com/wagnaria/episode-12-eve-of-the-duel-taneshimas-reciprocation-585588"}, {"title": "Episode 13 - Date, the Final Showdown. Takanashi and Inami Ever After...", "url": "http://www.crunchyroll.com/wagnaria/episode-13-date-the-final-showdown-takanashi-and-inami-ever-after-585590"}], "coverImage": {"large": "https://s3.anilist.co/media/anime/cover/medium/10521.jpg", "medium": "https://s3.anilist.co/media/anime/cover/small/10521.jpg"}, "bannerImage": "https://s3.anilist.co/media/anime/banner/10521-DmsoEtDbMAc6.jpg", "isAdult": false, "format": "TV"}, {"id": 10524, "title": {"romaji": "Duel Masters Victory", "english": null}, "type": "ANIME", "status": "FINISHED", "description": "The 7th Duel Masters series.", "startDate": {"year": 2011, "month": 4, "day": 2}, "endDate": {"year": 2012, "month": 3, "day": 31}, "season": "SPRING", "episodes": 52, "duration": 10, "genres": [], "averageScore": null, "trending": 0, "popularity": 68, "streamingEpisodes": [], "coverImage": {"large": "https://s3.anilist.co/media/anime/cover/medium/10524.jpg", "medium": "https://s3.anilist.co/media/anime/cover/small/10524.jpg"}, "bannerImage": null, "isAdult": false, "format": "TV_SHORT"}, {"id": 10525, "title": {"romaji": "Shinseiki Duel Masters Flash", "english": null}, "type": "ANIME", "status": "FINISHED", "description": null, "startDate": {"year": 2006, "month": 4, "day": 10}, "endDate": {"year": 2007, "month": 3, "day": 23}, "season": "SPRING", "episodes": 24, "duration": 21, "genres": ["Comedy"], "averageScore": null, "trending": 0, "popularity": 36, "streamingEpisodes": [], "coverImage": {"large": "https://s3.anilist.co/media/anime/cover/medium/10525.jpg", "medium": "https://s3.anilist.co/media/anime/cover/small/10525.jpg"}, "bannerImage": null, "isAdult": false, "format": "TV"}, {"id": 10526, "title": {"romaji": "Duel Masters Zero", "english": null}, "type": "ANIME", "status": "FINISHED", "description": "The 4th Duel Masters series.", "startDate": {"year": 2007, "month": 10, "day": 6}, "endDate": {"year": 2008, "month": 3, "day": 29}, "season": "FALL", "episodes": 25, "duration": 10, "genres": ["Action"], "averageScore": null, "trending": 0, "popularity": 108, "streamingEpisodes": [], "coverImage": {"large": "https://s3.anilist.co/media/anime/cover/medium/10526.jpg", "medium": "https://s3.anilist.co/media/anime/cover/small/10526.jpg"}, "bannerImage": null, "isAdult": false, "format": "TV_SHORT"}, {"id": 10527, "title": {"romaji": "Duel Masters Cross", "english": null}, "type": "ANIME", "status": "FINISHED", "description": "The 5th Duel Masters series.", "startDate": {"year": 2008, "month": 4, "day": 5}, "endDate": {"year": 2010, "month": 3, "day": 27}, "season": "SPRING", "episodes": 100, "duration": 10, "genres": ["Action"], "averageScore": null, "trending": 0, "popularity": 104, "streamingEpisodes": [], "coverImage": {"large": "https://s3.anilist.co/media/anime/cover/medium/10527.jpg", "medium": "https://s3.anilist.co/media/anime/cover/small/10527.jpg"}, "bannerImage": null, "isAdult": false, "format": "TV_SHORT"}, {"id": 10528, "title": {"romaji": "Duel Masters Cross Shock", "english": null}, "type": "ANIME", "status": "FINISHED", "description": "The 6th Duel Masters series.", "startDate": {"year": 2010, "month": 4, "day": 3}, "endDate": {"year": 2011, "month": 3, "day": 26}, "season": "SPRING", "episodes": 50, "duration": 10, "genres": ["Action"], "averageScore": null, "trending": 0, "popularity": 102, "streamingEpisodes": [], "coverImage": {"large": "https://s3.anilist.co/media/anime/cover/medium/10528.jpg", "medium": "https://s3.anilist.co/media/anime/cover/small/10528.jpg"}, "bannerImage": null, "isAdult": false, "format": "TV_SHORT"}, {"id": 10531, "title": {"romaji": "Meitantei Conan Magic File 5 2011: Niigata - Tokyo Omiyage Capriccio", "english": "Case Closed Magic File 5: Niigata - Tokyo Omiyage Capriccio"}, "type": "ANIME", "status": "FINISHED", "description": "Another Detective Conan Magic File.", "startDate": {"year": 2011, "month": 4, "day": 16}, "endDate": {"year": 2011, "month": 4, "day": 16}, "season": "SPRING", "episodes": 1, "duration": 25, "genres": ["Mystery"], "averageScore": 66, "trending": 0, "popularity": 648, "streamingEpisodes": [], "coverImage": {"large": "https://s3.anilist.co/media/anime/cover/medium/10531.jpg", "medium": "https://s3.anilist.co/media/anime/cover/small/10531.jpg"}, "bannerImage": null, "isAdult": false, "format": "OVA"}, {"id": 10532, "title": {"romaji": "Working'!! Announcement Specials", "english": "Wagnaria'!! Announcement Specials"}, "type": "ANIME", "status": "FINISHED", "description": "Several characters announce the new season. <br><br>\nEpisode 1 - April Fool Announcement (Hana and Daisuke) <br>\nEpisode 2 - True Announcement (Aoi, Poplar, and Souta) ", "startDate": {"year": 2011, "month": 4, "day": 1}, "endDate": {"year": 2011, "month": 4, "day": 2}, "season": "SPRING", "episodes": 2, "duration": 2, "genres": ["Comedy"], "averageScore": 61, "trending": 0, "popularity": 1282, "streamingEpisodes": [], "coverImage": {"large": "https://s3.anilist.co/media/anime/cover/medium/10532.jpg", "medium": "https://s3.anilist.co/media/anime/cover/small/10532.jpg"}, "bannerImage": null, "isAdult": false, "format": "ONA"}, {"id": 10533, "title": {"romaji": "Fujilog", "english": null}, "type": "ANIME", "status": "FINISHED", "description": "The story follows the hapless life of Osamu Fujiyama, 33 years old and NEET (Not in Education, Employment or Training).<br><br>\n(Source: AniDB)", "startDate": {"year": 2011, "month": 4, "day": 4}, "endDate": {"year": 2011, "month": 6, "day": 27}, "season": "SPRING", "episodes": 13, "duration": 4, "genres": ["Comedy"], "averageScore": null, "trending": 0, "popularity": 30, "streamingEpisodes": [], "coverImage": {"large": "https://s3.anilist.co/media/anime/cover/medium/10533.jpg", "medium": "https://s3.anilist.co/media/anime/cover/small/10533.jpg"}, "bannerImage": null, "isAdult": false, "format": "TV_SHORT"}, {"id": 10534, "title": {"romaji": "Doraemon: Nobita and the New Steel Troops - Angel Wings", "english": null}, "type": "ANIME", "status": "FINISHED", "description": "Jealous of Suneo's new robot toy, Nobita asks Doraemon to build him an even better one. Doraemon initially refuses, until Nobita accidentally discovers pieces of a mysterious robot that falls from the sky. After gathering all the robot parts and assembled them together, the giant robot, Zanda Claus, is soon completed. The duo soon learn that the robot is not a mere toy, but a powerful weapon in the fight against the coming Robot Army that is going to attack Earth and enslave the human inhabitants of it. An invasion is near, as a mysterious girl Riruru (&#12522;&#12523;&#12523;, Alternative spelling: Lilulu, Lillele [Doko Demo Doa Scanlations]) shows up, looking for the robot.<br><br>\n(Source: Wikipedia)", "startDate": {"year": 2011, "month": 3, "day": 5}, "endDate": {"year": 2011, "month": 3, "day": 5}, "season": "SPRING", "episodes": 1, "duration": 108, "genres": ["Comedy"], "averageScore": 63, "trending": 0, "popularity": 165, "streamingEpisodes": [], "coverImage": {"large": "https://s3.anilist.co/media/anime/cover/medium/10534.jpg", "medium": "https://s3.anilist.co/media/anime/cover/small/10534.jpg"}, "bannerImage": null, "isAdult": false, "format": "MOVIE"}, {"id": 10536, "title": {"romaji": "Kimi ni Todoke 2nd Season Specials", "english": null}, "type": "ANIME", "status": "FINISHED", "description": "DVD and BD-Box original animation shorts. <br><br>\nEpisodes 1 and 2 (DVD and BD) are short fairy tales of Cinderella and Snow White from Kurumi's telling, respectively.<br><br>\nEpisode 3 (BD only) is a stage performance of Romeo and Juliet by Kazehaya and Sawako with Chizuru, Ayane, Ryuu in the backstage and Miura as the announcer. ", "startDate": {"year": 2011, "month": 4, "day": 20}, "endDate": {"year": 2011, "month": 9, "day": 21}, "season": "SPRING", "episodes": 3, "duration": 4, "genres": ["Comedy", "Romance"], "averageScore": 67, "trending": 0, "popularity": 2109, "streamingEpisodes": [], "coverImage": {"large": "https://s3.anilist.co/media/anime/cover/medium/10536.jpg", "medium": "https://s3.anilist.co/media/anime/cover/small/10536.jpg"}, "bannerImage": null, "isAdult": false, "format": "SPECIAL"}, {"id": 10539, "title": {"romaji": "Hato no Oyomesan", "english": null}, "type": "ANIME", "status": "FINISHED", "description": "Hato no Oyomesan (Hatoyome) gag manga follows the surreal life of a bride who becomes part of the Hatou family with its strange animals.<br><br>\n(Source: AniDB)", "startDate": {"year": 2011, "month": 4, "day": 13}, "endDate": {"year": 2011, "month": 9, "day": 14}, "season": "SPRING", "episodes": 22, "duration": 1, "genres": ["Comedy"], "averageScore": null, "trending": 0, "popularity": 25, "streamingEpisodes": [], "coverImage": {"large": "https://s3.anilist.co/media/anime/cover/medium/10539.jpg", "medium": "https://s3.anilist.co/media/anime/cover/small/10539.jpg"}, "bannerImage": null, "isAdult": false, "format": "TV_SHORT"}, {"id": 10540, "title": {"romaji": "Genki!! Ekoda-chan", "english": null}, "type": "ANIME", "status": "FINISHED", "description": "Based on a four-panel manga, Rinshi!! Ekoda-chan is about a single woman in Tokyo who drifts through relationships and who works at various hostess clubs and the like.<br><br>\n(Source: Edited from MU)", "startDate": {"year": 2011, "month": 4, "day": 13}, "endDate": {"year": 2011, "month": 9, "day": 14}, "season": "SPRING", "episodes": 22, "duration": 5, "genres": ["Comedy"], "averageScore": null, "trending": 0, "popularity": 37, "streamingEpisodes": [], "coverImage": {"large": "https://s3.anilist.co/media/anime/cover/medium/10540.jpg", "medium": "https://s3.anilist.co/media/anime/cover/small/10540.jpg"}, "bannerImage": null, "isAdult": false, "format": "TV_SHORT"}, {"id": 10541, "title": {"romaji": "Shuukan Shimakou", "english": null}, "type": "ANIME", "status": "FINISHED", "description": "Shuukan Shimakou is about a life of a Japanese white-collar worker salaryman, Shima Kosaku.", "startDate": {"year": 2011, "month": 4, "day": 13}, "endDate": {"year": 2011, "month": 6, "day": 22}, "season": "SPRING", "episodes": 11, "duration": 3, "genres": ["Comedy"], "averageScore": null, "trending": 0, "popularity": 47, "streamingEpisodes": [], "coverImage": {"large": "https://s3.anilist.co/media/anime/cover/medium/10541.jpg", "medium": "https://s3.anilist.co/media/anime/cover/small/10541.jpg"}, "bannerImage": null, "isAdult": false, "format": "TV_SHORT"}, {"id": 10545, "title": {"romaji": "The Epic Of ZektBach", "english": null}, "type": "ANIME", "status": "FINISHED", "description": "The story begins when the kingdom of Noigllado suddenly invades the small country of Azuelgatt and brings it to the brink of destruction. General Adnowell leads Noigllado's troops against Azuelgatt's final, remaining line of defense: the fortress Doroah, led by a skilled female warrior named Shamshir.<br><br>\n(Source: ANN)", "startDate": {"year": 2011, "month": 3, "day": 21}, "endDate": {"year": 2011, "month": 3, "day": 21}, "season": "SPRING", "episodes": 1, "duration": 30, "genres": ["Action", "Fantasy", "Supernatural"], "averageScore": 50, "trending": 0, "popularity": 309, "streamingEpisodes": [], "coverImage": {"large": "https://s3.anilist.co/media/anime/cover/medium/10545.jpg", "medium": "https://s3.anilist.co/media/anime/cover/small/10545.jpg"}, "bannerImage": null, "isAdult": false, "format": "OVA"}, {"id": 10546, "title": {"romaji": "Rinkan Club", "english": null}, "type": "ANIME", "status": "FINISHED", "description": "The main character is a senior who attends Rinin High School; the only school among the mountain town of Rinin City. The main character, who is the student president of the high school, has another hidden persona. The persona as head of the &ldquo;Gang Rape Club&rdquo;...<br><br>\nA dark ceremony existed that had been handed down for thousands of years in the old town of Rinin; the name of the ceremony, in particular, in the oldest of records. That ceremony, enacted to protect the region from disease and crop failure as a curse from the region's guardian deity, Hime Iwanaga, occurs in the evenings between the new moon and full moon, in which a maiden is disguised as Konohanasakuyabime and gangraped to appease Hime Iwanaga's anger. In regards to the maiden, there must be an important man participating in the gang rape, in other words, that man must be related in blood to their wife or lover, mother or daughter, younger sister or older sister, and the like, and after the gang rape, if a pregnancy occurs, Hime Iwanaga's anger is abated, and a good harvest and safety upon the region will be promised. However, if a pregnancy does not occur for the sake of suppressing Hime Iwanaga's anger, the maiden is supposed to be covered with semen, and floated down the river alive, as a sacrifice.<br><br>\nAnd now---After the Tashio era, the ceremony itself had vanished into the dark history, but had still continued on at Rinin High School; the cruel, improper traditions being inherited over into a secret society through actions carried out by the Gang Rape Club. For generations, the student president of the High School has served as the head of the Gang Rape Club, not allowing even one day to pass uneventfully, submerging numerous women to the dark, suffocating pleasure.", "startDate": {"year": 2011, "month": 4, "day": 29}, "endDate": {"year": 2014, "month": 1, "day": 31}, "season": "SPRING", "episodes": 4, "duration": 30, "genres": ["Hentai"], "averageScore": 55, "trending": 0, "popularity": 313, "streamingEpisodes": [], "coverImage": {"large": "https://s3.anilist.co/media/anime/cover/medium/10546.jpg", "medium": "https://s3.anilist.co/media/anime/cover/small/10546.jpg"}, "bannerImage": null, "isAdult": true, "format": "OVA"}, {"id": 10547, "title": {"romaji": "Oretachi ni Tsubasa wa Nai: Hadairo Ritsu Kyuuwari Zou!?", "english": null}, "type": "ANIME", "status": "FINISHED", "description": "An OVA bundled with the non-adult version of the OreTsuba PC game. The OVA has more fan service than the TV series (what they call, \"nakedness plus 90%\").", "startDate": {"year": 2011, "month": 6, "day": 24}, "endDate": {"year": 2011, "month": 6, "day": 24}, "season": "SUMMER", "episodes": 1, "duration": 24, "genres": ["Drama", "Ecchi", "Fantasy", "Romance"], "averageScore": 59, "trending": 0, "popularity": 1043, "streamingEpisodes": [], "coverImage": {"large": "https://s3.anilist.co/media/anime/cover/medium/10547.jpg", "medium": "https://s3.anilist.co/media/anime/cover/small/10547.jpg"}, "bannerImage": null, "isAdult": false, "format": "OVA"}, {"id": 10549, "title": {"romaji": "Precure All Stars GoGo Dream Live!", "english": null}, "type": "ANIME", "status": "FINISHED", "description": "A special included in the Eiga Yes! Precure 5 GoGo! Okashi no Kuni no Happy Birthday movie.", "startDate": {"year": 2008, "month": 11, "day": 8}, "endDate": {"year": 2008, "month": 11, "day": 8}, "season": "FALL", "episodes": 1, "duration": 5, "genres": ["Fantasy", "Romance", "Mahou Shoujo"], "averageScore": 59, "trending": 0, "popularity": 293, "streamingEpisodes": [], "coverImage": {"large": "https://s3.anilist.co/media/anime/cover/medium/10549.jpg", "medium": "https://s3.anilist.co/media/anime/cover/small/10549.jpg"}, "bannerImage": null, "isAdult": false, "format": "SPECIAL"}, {"id": 10552, "title": {"romaji": "Akebi no Hana", "english": null}, "type": "ANIME", "status": "FINISHED", "description": "Naoki has left town for an unknown amount of time, leaving his precious girlfriend Maho, who promises to wait for him. <br><br>\nShortly after reuniting with Maho, Naoki learns that she is cheating on him... <br><br>\n(Source: SubDesu-H) ", "startDate": {"year": 2011, "month": 4, "day": 15}, "endDate": {"year": 2011, "month": 4, "day": 15}, "season": "SPRING", "episodes": 1, "duration": 30, "genres": ["Hentai"], "averageScore": 47, "trending": 0, "popularity": 216, "streamingEpisodes": [], "coverImage": {"large": "https://s3.anilist.co/media/anime/cover/medium/nx10552-qXI7FmUn7rSX.jpg", "medium": "https://s3.anilist.co/media/anime/cover/small/nx10552-qXI7FmUn7rSX.jpg"}, "bannerImage": null, "isAdult": true, "format": "OVA"}, {"id": 10553, "title": {"romaji": "Betsu ni Anta no Tame ni Ookiku Nattan Janain Dakara ne!!", "english": null}, "type": "ANIME", "status": "FINISHED", "description": "After a night at a party, a young lady decides to enlist her new butler to help her learn what \"fellatio\" and \"tit-fucking\" are.", "startDate": {"year": 2011, "month": 4, "day": 15}, "endDate": {"year": 2011, "month": 4, "day": 15}, "season": "SPRING", "episodes": 1, "duration": 21, "genres": ["Hentai"], "averageScore": 52, "trending": 0, "popularity": 408, "streamingEpisodes": [], "coverImage": {"large": "https://s3.anilist.co/media/anime/cover/medium/nx10553-FwJEBM8Ukfxn.jpg", "medium": "https://s3.anilist.co/media/anime/cover/small/nx10553-FwJEBM8Ukfxn.jpg"}, "bannerImage": null, "isAdult": true, "format": "OVA"}, {"id": 10554, "title": {"romaji": "Yakyuukyou no Uta", "english": null}, "type": "ANIME", "status": "FINISHED", "description": "Against her insistence, Y&#363;ki is drafted by the Tokyo Mets as the first woman player in the baseball league.", "startDate": {"year": 1977, "month": 12, "day": 23}, "endDate": {"year": 1979, "month": 3, "day": 26}, "season": "WINTER", "episodes": 25, "duration": 46, "genres": ["Action", "Drama", "Sports"], "averageScore": null, "trending": 0, "popularity": 66, "streamingEpisodes": [], "coverImage": {"large": "https://s3.anilist.co/media/anime/cover/medium/10554.jpg", "medium": "https://s3.anilist.co/media/anime/cover/small/10554.jpg"}, "bannerImage": null, "isAdult": false, "format": "TV"}, {"id": 10562, "title": {"romaji": "Machine Hayabusa", "english": null}, "type": "ANIME", "status": "FINISHED", "description": "Ken Hayabusa is a racing driver, son of Engineer Hayabusa, who designed the race car and its engine Hayabusa Special interchangeable. Ken runs for the team Sayong on the machine built by his father and take part in mixed races between the rally and endurance. His fiercest rivals are members of the Black Shadow team (\"black shadow\") and especially the owner and \"patron \", the mysterious Ayabe Mobil Dick. In each race the drivers of the Black Shadowattempts to to kill Ken and his team mates with any possible impropriety . At the end is finally beat Ken Ayabe that Black Shadow will be the winner.", "startDate": {"year": 1976, "month": 4, "day": 2}, "endDate": {"year": 1976, "month": 9, "day": 17}, "season": "SPRING", "episodes": 21, "duration": 23, "genres": ["Action"], "averageScore": null, "trending": 0, "popularity": 51, "streamingEpisodes": [], "coverImage": {"large": "https://s3.anilist.co/media/anime/cover/medium/10562.jpg", "medium": "https://s3.anilist.co/media/anime/cover/small/10562.jpg"}, "bannerImage": null, "isAdult": false, "format": "TV"}, {"id": 10563, "title": {"romaji": "Yakyuukyou no Uta: Kita no Ookami Minami no Tora", "english": null}, "type": "ANIME", "status": "FINISHED", "description": "A re-edited version of episodes 13 and 14 of the TV series. Double billed with Mirai Shounen Conan movie in the cinemas.<br><br>\n(Source: AniDB)", "startDate": {"year": 1979, "month": 9, "day": 15}, "endDate": {"year": 1979, "month": 9, "day": 15}, "season": "FALL", "episodes": 1, "duration": 90, "genres": ["Action", "Drama", "Sports"], "averageScore": null, "trending": 0, "popularity": 20, "streamingEpisodes": [], "coverImage": {"large": "https://s3.anilist.co/media/anime/cover/medium/10563.jpg", "medium": "https://s3.anilist.co/media/anime/cover/small/10563.jpg"}, "bannerImage": null, "isAdult": false, "format": "MOVIE"}, {"id": 10564, "title": {"romaji": "Korogashi Ryouta", "english": null}, "type": "ANIME", "status": "FINISHED", "description": "Based on the manga by Murata Hiroyuki, serialised in Weekly Manga Goraku, a magazine primarily aimed at salarymen.<br><br>\n(Source: AniDB)", "startDate": {"year": 1990, "month": 11, "day": 21}, "endDate": {"year": 1991, "month": 11, "day": 21}, "season": "FALL", "episodes": 3, "duration": 30, "genres": ["Action", "Comedy"], "averageScore": null, "trending": 0, "popularity": 16, "streamingEpisodes": [], "coverImage": {"large": "https://s3.anilist.co/media/anime/cover/medium/10564.jpg", "medium": "https://s3.anilist.co/media/anime/cover/small/10564.jpg"}, "bannerImage": null, "isAdult": false, "format": "OVA"}, {"id": 10568, "title": {"romaji": "Kamisama no Memochou", "english": "Heaven's Memo Pad"}, "type": "ANIME", "status": "FINISHED", "description": "Narumi Fujishima isn't your typical high school student. He's never really fit in and has become increasingly more isolated from his fellow classmates. But he's not alone, and when Ayaka, the sole member of the Gardening Club, introduces him to the reclusive girl who lives above the ramen shop, Narumi enters a whole new secret world. Alice is a NEET, someone who is Not Employed, being Educated or in Training, but as Narumi quickly discovers, that doesn't mean that she does nothing all day. <br><br>\nIn between tending to her small army of stuffed bears, Alice is an expert hacker and a very exclusive private detective. To his surprise, Narumi finds himself drafted as one of the strange-but-elite team of associates that Alice has assembled from her NEET acquaintances. Together they'll battle gangs, thieves, murderers, and drug lords. And in the middle of it all, Narumi will find his life changing forever! <br><br>\n(Source: Sentai Filmworks) ", "startDate": {"year": 2011, "month": 7, "day": 2}, "endDate": {"year": 2011, "month": 9, "day": 24}, "season": "SUMMER", "episodes": 12, "duration": 26, "genres": ["Mystery"], "averageScore": 72, "trending": 1, "popularity": 14628, "streamingEpisodes": [], "coverImage": {"large": "https://s3.anilist.co/media/anime/cover/medium/10568.jpg", "medium": "https://s3.anilist.co/media/anime/cover/small/10568.jpg"}, "bannerImage": "https://s3.anilist.co/media/anime/banner/10568-r1bArYJGtzH1.jpg", "isAdult": false, "format": "TV"}, {"id": 10570, "title": {"romaji": "Inshitsu Otaku ni Ikareru Kanojo", "english": null}, "type": "ANIME", "status": "FINISHED", "description": "Shuji lives a peaceful life with his younger sister, Saki. But he secretly loves her and his libido gets uncontrollable day by day. One day, Saki tells him, \"I love you.... I've been always thinking about you since I was a kid....\" Like this, they become boyfriend/girlfriend. However, their happiness is destroyed by an email. \"I know your everything....\" The email attaches a photo of Saki changing clothes and masturbating. Saki thinks her stalker did it. The stalker gives her various immoral orders. She first tries to resist it, but she gradually gets addicted to it.... Well, will Shuji be able to save Saki...?<br><br>\n(Source: ErogeShop)\n\nBased on the adult game by Pin-Point.", "startDate": {"year": 2011, "month": 6, "day": 24}, "endDate": {"year": 2011, "month": 11, "day": 18}, "season": "SUMMER", "episodes": 3, "duration": 19, "genres": ["Hentai"], "averageScore": 52, "trending": 0, "popularity": 273, "streamingEpisodes": [], "coverImage": {"large": "https://s3.anilist.co/media/anime/cover/medium/10570.jpg", "medium": "https://s3.anilist.co/media/anime/cover/small/10570.jpg"}, "bannerImage": null, "isAdult": true, "format": "OVA"}, {"id": 10572, "title": {"romaji": "Ro-Kyu-Bu!", "english": "Ro-Kyu-Bu ~ Fast Break!"}, "type": "ANIME", "status": "FINISHED", "description": "Talk about games being called unexpectedly! Hasegawa Subaru joined the basketball club at Nanashiba High, only to have his hopes dashed when the teams' play is suspended after the captain is suspected of having inappropriate feelings for the coach's underage daughter. Blindsided and blocked by bad luck, Subaru expectedly finds an opening for his talent with the hoops when his aunt asks him to take on the task of coaching a young girls' basketball club - a Ro-Kyu-Bu!. But can a superstar wannabe find true satisfaction while playing sixth man to a team of five girls? <br><br>\n(Source: Sentai Filmworks) ", "startDate": {"year": 2011, "month": 7, "day": 1}, "endDate": {"year": 2011, "month": 9, "day": 23}, "season": "SUMMER", "episodes": 12, "duration": 24, "genres": ["Comedy", "Ecchi", "Sports"], "averageScore": 64, "trending": 0, "popularity": 5920, "streamingEpisodes": [], "coverImage": {"large": "https://s3.anilist.co/media/anime/cover/medium/10572.jpg", "medium": "https://s3.anilist.co/media/anime/cover/small/10572.jpg"}, "bannerImage": null, "isAdult": false, "format": "TV"}, {"id": 10573, "title": {"romaji": "Prince of Tennis: Another Story II - Ano Toki no Bokura", "english": null}, "type": "ANIME", "status": "FINISHED", "description": "Episode 1: Shiraishi becomes the captain of Shitenhoji Tennis Club. In order to maintain the club, the members have to invite a new member. They try to attract Zaizen's attention by showing him jokes but Zaizen passes them off.<br><br>\nEpisode 2: Ryoma is told Seigaku's seven ghost stories by Momoshiro. They are quite common stories but the third grade members leave the club room in a hurry. Fuji says \"It's time to confide this to you.\" and he begins to tell what he experienced two years ago.", "startDate": {"year": 2011, "month": 8, "day": 26}, "endDate": {"year": 2011, "month": 10, "day": 26}, "season": "SUMMER", "episodes": 4, "duration": 22, "genres": ["Sports"], "averageScore": 67, "trending": 0, "popularity": 608, "streamingEpisodes": [], "coverImage": {"large": "https://s3.anilist.co/media/anime/cover/medium/10573.jpg", "medium": "https://s3.anilist.co/media/anime/cover/small/10573.jpg"}, "bannerImage": null, "isAdult": false, "format": "OVA"}, {"id": 10575, "title": {"romaji": "Naisho no Wakana-san", "english": null}, "type": "ANIME", "status": "FINISHED", "description": "Wakana, a friend of the family, an older Sister onee-san archetype, attends a funeral with her much older husband of 15 years. That night, she has a liaison with the son of the family who is a younger man studying for his college entrance exams.", "startDate": {"year": 2013, "month": 12, "day": 6}, "endDate": {"year": null, "month": null, "day": null}, "season": "WINTER", "episodes": 1, "duration": 18, "genres": ["Hentai"], "averageScore": 47, "trending": 0, "popularity": 173, "streamingEpisodes": [], "coverImage": {"large": "https://s3.anilist.co/media/anime/cover/medium/10575.jpg", "medium": "https://s3.anilist.co/media/anime/cover/small/10575.jpg"}, "bannerImage": null, "isAdult": true, "format": "OVA"}, {"id": 10578, "title": {"romaji": "C\u00b3", "english": null}, "type": "ANIME", "status": "FINISHED", "description": "From the light novel series written by Minase Hazuki, comes a story of love, action, and comedy. Yachi Haruaki is a high school boy who is naturally resistant to curses. After his father sends him a mysterious black cube, Haruaki awakes to find a nude girl named Fear standing in his kitchen. She\u2019s the human form of the cursed black cube \u2013 and an instrument of torture! Utilizing her special abilities, Fear fights alongside Haruaki to defeat other cursed instruments and their owners.<br><br>\r\n(Source: FUNimation)", "startDate": {"year": 2011, "month": 10, "day": 1}, "endDate": {"year": 2011, "month": 12, "day": 17}, "season": "FALL", "episodes": 12, "duration": 24, "genres": ["Action", "Comedy", "Ecchi", "Supernatural"], "averageScore": 62, "trending": 1, "popularity": 9868, "streamingEpisodes": [], "coverImage": {"large": "https://s3.anilist.co/media/anime/cover/medium/10578.jpg", "medium": "https://s3.anilist.co/media/anime/cover/small/10578.jpg"}, "bannerImage": "https://s3.anilist.co/media/anime/banner/n10578-W64rwhVuumuO.jpg", "isAdult": false, "format": "TV"}, {"id": 10581, "title": {"romaji": "Kidou Senshi Gundam 0083: Stardust Memory - Uchuu no Kagerou", "english": null}, "type": "ANIME", "status": "FINISHED", "description": "Mayfly reveals Cima's backstory in flashbacks as she reflects on her past prior to the events of Episode 13. It reveals that Cima and her unit poisoned a Side 5 colony using G-3 nerve gas, under orders, but were treated as pariahs afterwards by their own countrymen for committing such an atrocity. At the end of the war her superior refused to let her retreat to Axis. Because their home colony Mahal had been converted into a weapon, Cima and her men were left stranded and homeless.<br><br>\n(Source: Wikipedia)", "startDate": {"year": 1992, "month": null, "day": null}, "endDate": {"year": 1992, "month": null, "day": null}, "season": null, "episodes": 1, "duration": 4, "genres": ["Action", "Drama", "Mecha", "Sci-Fi"], "averageScore": 51, "trending": 0, "popularity": 522, "streamingEpisodes": [], "coverImage": {"large": "https://s3.anilist.co/media/anime/cover/medium/10581.jpg", "medium": "https://s3.anilist.co/media/anime/cover/small/10581.jpg"}, "bannerImage": null, "isAdult": false, "format": "SPECIAL"}, {"id": 10582, "title": {"romaji": "Astarotte no Omocha! EX", "english": "Astarotte's Toy EX"}, "type": "ANIME", "status": "FINISHED", "description": "The OVA Astaroette no Omocha is a three part short story series. In the first story, Lotte and Asuha find themselves searching for details about their school project. In the second bit, is the backstory to how Zelda came to be Lotte's bodyguard. The final of the three, is a flashback of how the queen met Naoya and how they conceived Asuha ten years prior to the events in the anime.<br><br>\n(Source: ANN)", "startDate": {"year": 2011, "month": 9, "day": 7}, "endDate": {"year": 2011, "month": 9, "day": 7}, "season": "FALL", "episodes": 1, "duration": 21, "genres": ["Comedy", "Ecchi", "Fantasy", "Romance"], "averageScore": 63, "trending": 0, "popularity": 2580, "streamingEpisodes": [], "coverImage": {"large": "https://s3.anilist.co/media/anime/cover/medium/10582.jpg", "medium": "https://s3.anilist.co/media/anime/cover/small/10582.jpg"}, "bannerImage": null, "isAdult": false, "format": "OVA"}, {"id": 10584, "title": {"romaji": "Mononoke Dance", "english": null}, "type": "ANIME", "status": "FINISHED", "description": "An animated music video for Denki Groove's song \"Mononoke Dance\".", "startDate": {"year": 2008, "month": 4, "day": 2}, "endDate": {"year": 2008, "month": 4, "day": 2}, "season": null, "episodes": 1, "duration": 4, "genres": ["Music"], "averageScore": 43, "trending": 0, "popularity": 107, "streamingEpisodes": [], "coverImage": {"large": "https://s3.anilist.co/media/anime/cover/medium/10584.jpg", "medium": "https://s3.anilist.co/media/anime/cover/small/10584.jpg"}, "bannerImage": null, "isAdult": false, "format": "MUSIC"}, {"id": 10585, "title": {"romaji": "Chuunen Punk", "english": null}, "type": "ANIME", "status": "FINISHED", "description": "An animated music video for Denki Groove's song \"Chuunen Punk\".", "startDate": {"year": 2004, "month": null, "day": null}, "endDate": {"year": 2004, "month": null, "day": null}, "season": null, "episodes": 1, "duration": 2, "genres": ["Music"], "averageScore": null, "trending": 0, "popularity": 69, "streamingEpisodes": [], "coverImage": {"large": "https://s3.anilist.co/media/anime/cover/medium/10585.jpg", "medium": "https://s3.anilist.co/media/anime/cover/small/10585.jpg"}, "bannerImage": null, "isAdult": false, "format": "MUSIC"}, {"id": 10586, "title": {"romaji": "Cafe de Oni", "english": null}, "type": "ANIME", "status": "FINISHED", "description": "An animated music video for Denki Groove's song Cafe de Oni.", "startDate": {"year": 2004, "month": 12, "day": 22}, "endDate": {"year": 2004, "month": 12, "day": 22}, "season": "WINTER", "episodes": 1, "duration": 4, "genres": ["Music"], "averageScore": 39, "trending": 0, "popularity": 82, "streamingEpisodes": [], "coverImage": {"large": "https://s3.anilist.co/media/anime/cover/medium/10586.jpg", "medium": "https://s3.anilist.co/media/anime/cover/small/10586.jpg"}, "bannerImage": null, "isAdult": false, "format": "MUSIC"}, {"id": 10588, "title": {"romaji": "Persona 4 The Animation", "english": null}, "type": "ANIME", "status": "FINISHED", "description": "Persona 4 takes place in a rural town named Inaba. There have been mysterious murders occurring whenever there was fog after heavy rain. There were also rumors about a channel on television airing only at midnight called Mayonaka TV, during which it is said that one can see his/her \"other half\" when staring at the TV screen. <br><br>\r\nAfter hearing about a recent unsolved murder which occurred during the fog, the characters\u2014Narukami, Chie, and Yosuke\u2014discuss how each of them had attempted to watch the mysterious TV channel and witnessed the murder victim. The protagonist later realizes that during midnight when the channel is on, his body can phase into his television set as a gateway to enter another world infested with shadows. <br><br>\r\nAfter discovering this, they all decide to explore. When first completely entering the world, dazed and confused, Narukami meets Teddie. Mayonaka TV and the town murders seem to have a connection. The murder victims may be merely victims of Mayonaka TV. Everyone decides that they will together try to solve the mysterious murders by exploring the hidden world of Mayonaka TV.", "startDate": {"year": 2011, "month": 10, "day": 7}, "endDate": {"year": 2012, "month": 3, "day": 30}, "season": "FALL", "episodes": 25, "duration": 25, "genres": ["Adventure", "Mystery", "Sci-Fi", "Supernatural"], "averageScore": 71, "trending": 1, "popularity": 13529, "streamingEpisodes": [], "coverImage": {"large": "https://s3.anilist.co/media/anime/cover/medium/10588.jpg", "medium": "https://s3.anilist.co/media/anime/cover/small/10588.jpg"}, "bannerImage": "https://s3.anilist.co/media/anime/banner/10588.jpg", "isAdult": false, "format": "TV"}]}}}