{"data": {"Page": {"pageInfo": {"total": 12297, "hasNextPage": true}, "media": [{"id": 2769, "title": {"romaji": "Galactic Patrol Lensman", "english": null}, "type": "ANIME", "status": "FINISHED", "description": "The young Kimball Kinnison is leaving home for a wider education when a Galactic Patrol ship crashes on his family's land and the dying pilot gives him a mysterious Lens. Half-sentient, the Lens now implanted in his hand becomes the focus of changes in Kim's life including his father's death, a space battle, and an encounter with Galactic Patrol nursing officer Chris. Impelled by the Lens, he discovers a new world of experiences opening before him and he risks his life to save Chris and the Universe. <br><br>\n(Source: AniDB)", "startDate": {"year": 1984, "month": 10, "day": 6}, "endDate": {"year": 1985, "month": 3, "day": 30}, "season": "FALL", "episodes": 25, "duration": 25, "genres": ["Action", "Adventure", "Sci-Fi"], "averageScore": null, "trending": 0, "popularity": 63, "streamingEpisodes": [], "coverImage": {"large": "https://s3.anilist.co/media/anime/cover/medium/2769.jpg", "medium": "https://s3.anilist.co/media/anime/cover/small/2769.jpg"}, "bannerImage": null, "isAdult": false, "format": "TV"}, {"id": 2770, "title": {"romaji": "SF Shinseiki Lensman", "english": null}, "type": "ANIME", "status": "FINISHED", "description": "Kim is living a peaceful life with his father as a farmer on their planet until one day when a runaway spaceship is detected moving at a high speed towards his father's farm. To rescue his father Kim jumps on board the ship and manages to land it safely before it crashes. <br><br>\nOn board the ship he finds a severely Injured lone survivor whom with his dying words begs Kim to take something of his to the Galactic Fleet. He then transfers something that was attached to his arm onto Kim's arm. The thing was a Lens and its transferring should have been impossible and having it has turned Kim into a Lensman. Other than giving Kim unknown powers it also contains vital information for the victory of the Galactic Fleet over the evil Boskone Empire. <br><br>\nKim must now using the spaceship Britannia bring the Lense to the Galactic Fleet. But this is not an easy task when Lord Helmet of the Boskone Empire is willing to use everything in his power to stop him.<br><br>\n(Source: ANN)", "startDate": {"year": 1984, "month": 7, "day": 7}, "endDate": {"year": 1984, "month": 7, "day": 7}, "season": "SUMMER", "episodes": 1, "duration": 107, "genres": ["Adventure", "Sci-Fi"], "averageScore": 50, "trending": 0, "popularity": 172, "streamingEpisodes": [], "coverImage": {"large": "https://s3.anilist.co/media/anime/cover/medium/2770.jpg", "medium": "https://s3.anilist.co/media/anime/cover/small/2770.jpg"}, "bannerImage": null, "isAdult": false, "format": "MOVIE"}, {"id": 2771, "title": {"romaji": "Chou Kuse ni Narisou", "english": "I'll Make a Habit of It"}, "type": "ANIME", "status": "FINISHED", "description": "Shiratori Nagisa is a pink haired singing idol, continually badgered by her father to find new disciples for the family dojo. In an attempt to gain free-time as a normal kid, she cuts her hair and cross-dresses as a high-school boy. \"Ootori Nagisa\" enrolls in a run-down school, falling in love with a rival school's gang leader, Nosaka Akira. She soon finds out Nosaka-kun is a fan of Nagisa - The Idol. Keeping up the charade, they manage to sneak time together. Rivals for Nagisa's affection, BOTH their dojo-running fathers, as well as martial artist animals and an up-in-coming Idol conspire to make thier lives a complicated as possible.<br><br>\n(Source: ANN)", "startDate": {"year": 1994, "month": 4, "day": 5}, "endDate": {"year": 1995, "month": 1, "day": 3}, "season": "SPRING", "episodes": 39, "duration": 25, "genres": ["Comedy", "Romance"], "averageScore": null, "trending": 0, "popularity": 78, "streamingEpisodes": [], "coverImage": {"large": "https://s3.anilist.co/media/anime/cover/medium/2771.jpg", "medium": "https://s3.anilist.co/media/anime/cover/small/2771.jpg"}, "bannerImage": null, "isAdult": false, "format": "TV"}, {"id": 2772, "title": {"romaji": "Jyuushin Enbu: Hero Tales", "english": "Hero Tales"}, "type": "ANIME", "status": "FINISHED", "description": "For citizens of the Ken Empire, justice is a myth. Lord Keiro, the deranged Shogun of the Imperial Army, blazes a trail of terror across the countryside in search of the sacred sword that will make him a god. Standing in his way is Taito, an omnipotent star reborn in human form - a young hero who vows to use his celestial strength to avenge those slaughtered by the villainous Shogun.<br><br>\nTaito's mystical powers steer him toward a violent showdown with Keiro, and if used recklessly, his newfound abilities could shred the very fabric of his being. To master the art of control and become a heroic martial artist, Taito must seek the guidance of others like him: the seven star-born warriors with the strength to shatter a corrupt empire.<br><br>\n(Source: RightStuff)", "startDate": {"year": 2007, "month": 10, "day": 8}, "endDate": {"year": 2008, "month": 3, "day": 31}, "season": "FALL", "episodes": 26, "duration": 24, "genres": ["Action", "Fantasy"], "averageScore": 61, "trending": 0, "popularity": 1209, "streamingEpisodes": [], "coverImage": {"large": "https://s3.anilist.co/media/anime/cover/medium/2772.jpg", "medium": "https://s3.anilist.co/media/anime/cover/small/2772.jpg"}, "bannerImage": null, "isAdult": false, "format": "TV"}, {"id": 2775, "title": {"romaji": "Genocyber", "english": null}, "type": "ANIME", "status": "FINISHED", "description": "As the nations of the world begin to merge, world peace is threatened by the private armies of individual corporations. The Kuryu Group has just discovered a weapon that will tip world power in their favor. The Genocyber: a nightmarish combination of cybernetics and psychic potential. Many desire to control this monstrosity, but can its hatred be contained... Battle erupts, and the cyberpunk world of the future is about to explode with violence.<br><br>\n(Source: ANN)", "startDate": {"year": 1994, "month": 3, "day": 2}, "endDate": {"year": 1994, "month": 7, "day": 21}, "season": "SPRING", "episodes": 5, "duration": 29, "genres": ["Action", "Horror", "Mecha", "Psychological", "Sci-Fi"], "averageScore": 53, "trending": 0, "popularity": 1558, "streamingEpisodes": [], "coverImage": {"large": "https://s3.anilist.co/media/anime/cover/medium/2775-GrmImvJgETGn.png", "medium": "https://s3.anilist.co/media/anime/cover/small/2775-GrmImvJgETGn.png"}, "bannerImage": "https://s3.anilist.co/media/anime/banner/2775-BmdomjS6s9pM.jpg", "isAdult": false, "format": "OVA"}, {"id": 2776, "title": {"romaji": "Generation of Chaos", "english": null}, "type": "ANIME", "status": "FINISHED", "description": "A brief introduction to the events that take place in the first Generation of Chaos RPG. First, Chiffon is a famous monster trainer who has lost his ability to control monsters. On the way to return his Hiyokomushi, a large, slow monster, to its birthplace, it goes out of control, and Chiffon needs help in stopping it. In the second part, Roze, a half-demon, comes face to face with the possibility of losing her precious sister at the hands of those who are afraid of her.<br><br>\n(Source: ANN)", "startDate": {"year": 2001, "month": 9, "day": 5}, "endDate": {"year": 2001, "month": 9, "day": 5}, "season": "FALL", "episodes": 1, "duration": 30, "genres": ["Action", "Adventure", "Fantasy"], "averageScore": 32, "trending": 0, "popularity": 205, "streamingEpisodes": [], "coverImage": {"large": "https://s3.anilist.co/media/anime/cover/medium/2776.jpg", "medium": "https://s3.anilist.co/media/anime/cover/small/2776.jpg"}, "bannerImage": null, "isAdult": false, "format": "OVA"}, {"id": 2777, "title": {"romaji": "Generation of Chaos Next: Chikai no Pendant", "english": null}, "type": "ANIME", "status": "FINISHED", "description": "Prologue to the second game in the Generation of Chaos RPG series. Ellile is a knight-in-training in the Kingdom of Fredbarn in the Neverland World. He and Princess Roji are secretly in love, and plan to marry. Lifile, the head of the knights, finds out, and tells Ellile that he's not strong enough to protect Roji, let alone the Kingdom. Ellile becomes frustrated, and comtemplates what to do... During the OVA, there are a few animated shorts dealing with a fourth character, Poro, her robot friend, and the GOC Next cast.<br><br>\n(Source: ANN)", "startDate": {"year": 2002, "month": 5, "day": 22}, "endDate": {"year": 2002, "month": 5, "day": 22}, "season": "SPRING", "episodes": 1, "duration": 27, "genres": ["Adventure", "Fantasy"], "averageScore": 34, "trending": 0, "popularity": 113, "streamingEpisodes": [], "coverImage": {"large": "https://s3.anilist.co/media/anime/cover/medium/2777.jpg", "medium": "https://s3.anilist.co/media/anime/cover/small/2777.jpg"}, "bannerImage": null, "isAdult": false, "format": "OVA"}, {"id": 2778, "title": {"romaji": "Generation of Chaos III: Toki no Fuuin", "english": "Generation of Chaos III: Time of the Seal"}, "type": "ANIME", "status": "FINISHED", "description": "Fuujin Year 130 (Medieval times when magic and gods were of great importance).<br><br>\nTwo years ago, the great war in the \"Old Fuujin Continent\" was controlled by the \"Zenon Country\" who possessed great power.<br><br>\nIn Randia, a small country to the south, the young prince Alfred is attacked by an assassin but gets saved by his friend Welles. The young prince was the last key to the revival of Randia... It was said that in legends the prince had the power to unleash the \"Seal of Power\" because of his blood relation. This brought fear upon the Zenon country and thus their attack.<br><br>\nWelles was just another soldier, but he was also a close friend of Alfred's and they had been fighting together in the battlefield for a long time. That is why they're known as the \"Galloping Winds\" on the battlefield.<br><br>\nAnd so, the two of them along with Welles' younger sister Teefa, are burdened with the fight for their country. Hearing that war is once again about to break out, the former loyal subject Rea also returns. As more and more people get involved in the war, the mystery of the seal unfolds...<br><br>\nTo reveal the \"Blood Relation of the Prince\"... <br><br>\n(Source: AnimeNfo)", "startDate": {"year": 2003, "month": 5, "day": 21}, "endDate": {"year": 2003, "month": 6, "day": 25}, "season": "SPRING", "episodes": 2, "duration": 24, "genres": ["Action", "Adventure", "Fantasy"], "averageScore": null, "trending": 0, "popularity": 100, "streamingEpisodes": [], "coverImage": {"large": "https://s3.anilist.co/media/anime/cover/medium/2778.jpg", "medium": "https://s3.anilist.co/media/anime/cover/small/2778.jpg"}, "bannerImage": null, "isAdult": false, "format": "OVA"}, {"id": 2779, "title": {"romaji": "Sotsugyou M: Oretachi no Carnival", "english": null}, "type": "ANIME", "status": "FINISHED", "description": "Kato, Shimura, Arai, Nakamoto, and Takagi are friends at an all-boys boarding school. After they get tricked by their school government president, the five must put on a performance of the play \"Little Women.\"<br><br>\n(Source: ANN)", "startDate": {"year": 1999, "month": 1, "day": 21}, "endDate": {"year": 1999, "month": 4, "day": 21}, "season": "WINTER", "episodes": 2, "duration": 27, "genres": ["Drama"], "averageScore": 44, "trending": 0, "popularity": 106, "streamingEpisodes": [], "coverImage": {"large": "https://s3.anilist.co/media/anime/cover/medium/2779.jpg", "medium": "https://s3.anilist.co/media/anime/cover/small/2779.jpg"}, "bannerImage": null, "isAdult": false, "format": "OVA"}, {"id": 2780, "title": {"romaji": "Kyoufu no Bio Ningen Saishuu Kyoushi", "english": "Ultimate Teacher"}, "type": "ANIME", "status": "FINISHED", "description": "At a run down school the \"Ultimate Teacher\" Ganpachi is sent to get things back on track and prepare the delinquent students for the real world. But the students don't want Ganpachi ruining the gang they got going so their boss, Hinako, fights back Ganpachi aided by her secret power...her lucky kitty underwear. Things get more interesting when we findout Ganpachi is the result of genetic experiments.<br><br>\n(Source: ANN)", "startDate": {"year": 1988, "month": 2, "day": 6}, "endDate": {"year": 1988, "month": 2, "day": 6}, "season": "WINTER", "episodes": 1, "duration": 56, "genres": ["Action", "Adventure", "Comedy", "Supernatural"], "averageScore": 49, "trending": 0, "popularity": 281, "streamingEpisodes": [], "coverImage": {"large": "https://s3.anilist.co/media/anime/cover/medium/2780.jpg", "medium": "https://s3.anilist.co/media/anime/cover/small/2780.jpg"}, "bannerImage": null, "isAdult": false, "format": "OVA"}, {"id": 2781, "title": {"romaji": "St. Luminous Mission High School", "english": "St. Luminous Mission High School"}, "type": "ANIME", "status": "FINISHED", "description": "Kaihei is a rather normal high school student but soon discovers that his deceased grandfather has left him the chairman position of his all-girls high school, St. Luminous Mission High School. Besides being the only male student on campus, he is also now the young chairman in charge of campus rules, happenings and punishments. When Kaihei arrives however, it seems a student has gone missing. Kaihei, along with his closest friends, are now determined to solve this mystery (without getting the local police involved) before graduation. <br><br>\n(Source: ANN)", "startDate": {"year": 1998, "month": 10, "day": 5}, "endDate": {"year": 1998, "month": 12, "day": 30}, "season": "FALL", "episodes": 13, "duration": 24, "genres": ["Mystery", "Psychological", "Supernatural"], "averageScore": 49, "trending": 0, "popularity": 173, "streamingEpisodes": [], "coverImage": {"large": "https://s3.anilist.co/media/anime/cover/medium/2781.jpg", "medium": "https://s3.anilist.co/media/anime/cover/small/2781.jpg"}, "bannerImage": null, "isAdult": false, "format": "TV"}, {"id": 2782, "title": {"romaji": "Fire Emblem: Monshou no Nazo", "english": null}, "type": "ANIME", "status": "CANCELLED", "description": "Prince Mars, heir to the throne of Aritia, has fled his homeland and the invaders bent on conquering the entire continent. Together with the Aritian Knights he hides and bides his time in the friendly island kingdom of Talus. Though criticized for constantly daydreaming or being in a bad mood, he has found a friend in Sheida, the princess of Talus. Together they indulge in hayrides and shopping trips, or just standing upon the parapet and looking out over the land. However, despite how pleasant life is, he cannot forget the circumstances that separated him from his land and forced his beloved sister to sacrifice herself for him.<br>\n<br>\n(Source: ANN)", "startDate": {"year": 1996, "month": 1, "day": 26}, "endDate": {"year": 1996, "month": 4, "day": 26}, "season": "WINTER", "episodes": 2, "duration": 30, "genres": ["Action", "Adventure", "Fantasy"], "averageScore": 50, "trending": 0, "popularity": 677, "streamingEpisodes": [], "coverImage": {"large": "https://s3.anilist.co/media/anime/cover/medium/2782-7R5xmnAgbFSx.jpg", "medium": "https://s3.anilist.co/media/anime/cover/small/2782-7R5xmnAgbFSx.jpg"}, "bannerImage": "https://s3.anilist.co/media/anime/banner/2782-flqfbeSvvKlJ.jpg", "isAdult": false, "format": "OVA"}, {"id": 2783, "title": {"romaji": "Oyayubi Hime", "english": null}, "type": "ANIME", "status": "FINISHED", "description": "A bratty girl named Mia is given a book, Thumbelina, which upon reading she is shrunk and transported into the world of the book. She embarks on a journey to return home, and to normal size making friends and learning lessons on the way, but that's only the beginning of her adventures.<br><br>\n(Source: ANN)", "startDate": {"year": 1992, "month": 3, "day": 31}, "endDate": {"year": 1992, "month": 9, "day": 30}, "season": "SPRING", "episodes": 26, "duration": 20, "genres": ["Adventure", "Fantasy"], "averageScore": null, "trending": 0, "popularity": 68, "streamingEpisodes": [], "coverImage": {"large": "https://s3.anilist.co/media/anime/cover/medium/2783.jpg", "medium": "https://s3.anilist.co/media/anime/cover/small/2783.jpg"}, "bannerImage": null, "isAdult": false, "format": "TV"}, {"id": 2784, "title": {"romaji": "Gift: Eternal Rainbow Special", "english": null}, "type": "ANIME", "status": "FINISHED", "description": "Haruhiko, Riko, Yukari, Chisa and Rinka are trying to help Kirino save her family's inn from bankruptcy due to their newest rival, Hotel Moonstone. As a result, they decided that creating high-class cuisine was the best method in order to help the Konosaka Inn attract customers. However, in the process of creating this high-class cuisine Yukari, Chisa and Rinka mysteriously and instantaneously develop overpowering feelings towards Haruhiko and end up vigorously competing for him. Unfortunately, for Haruhiko this harem contains mixes of both heaven and hell.", "startDate": {"year": 2007, "month": 6, "day": 22}, "endDate": {"year": 2007, "month": 6, "day": 22}, "season": "SUMMER", "episodes": 1, "duration": 23, "genres": ["Comedy", "Ecchi", "Romance"], "averageScore": 57, "trending": 0, "popularity": 475, "streamingEpisodes": [], "coverImage": {"large": "https://s3.anilist.co/media/anime/cover/medium/2784.jpg", "medium": "https://s3.anilist.co/media/anime/cover/small/2784.jpg"}, "bannerImage": null, "isAdult": false, "format": "SPECIAL"}, {"id": 2785, "title": {"romaji": "OZ", "english": null}, "type": "ANIME", "status": "FINISHED", "description": "Loosely based on L.F. Baum's novel, The Wizard of Oz. Original manga done by Itsuki Natsumi.<br><br>\nA nuclear war has killed most of humanity and split the USA into six warring states. By 2021, a legend has grown up about the fabled city of OZ where everything still works. Scientist Felicia sets out in search of it with the mercenary Muto and android 1019. At the end of the quest they only discover a military base and a madman.<br><br>\nA mercenary was hired by a girl to bring her to the mythical Oz (a paradise) where her missing brother supposedly lived. Accompanying them was a cyborg sent by her brother. But Oz was not the paradise it seemed and her brother was not as sane as he was smart. <br><br>\n(Source: AniDB)", "startDate": {"year": 1992, "month": 8, "day": 28}, "endDate": {"year": 1992, "month": 9, "day": 25}, "season": "SUMMER", "episodes": 2, "duration": 30, "genres": ["Sci-Fi"], "averageScore": 41, "trending": 0, "popularity": 174, "streamingEpisodes": [], "coverImage": {"large": "https://s3.anilist.co/media/anime/cover/medium/2785.jpg", "medium": "https://s3.anilist.co/media/anime/cover/small/2785.jpg"}, "bannerImage": "https://s3.anilist.co/media/anime/banner/2785-OSpbwJxQmttR.jpg", "isAdult": false, "format": "OVA"}, {"id": 2786, "title": {"romaji": "Bakegyamon", "english": null}, "type": "ANIME", "status": "FINISHED", "description": "Sanshiro's chances of having an adventure are slim to none in his tiny island hometown, until the day a mysterious stranger invites him to play a game... Without warning, Sanshiro is taken to a backwards universe to play Bak&eacute;Gyamon--a game pitting monsters against monsters. Along the way he meets other players who have a particular reason for being there--to obtain the wish that is granted to the winner.<br><br>\n(Source: VIZ media)", "startDate": {"year": 2006, "month": 4, "day": 3}, "endDate": {"year": 2007, "month": 3, "day": 26}, "season": "SPRING", "episodes": 51, "duration": 25, "genres": ["Action"], "averageScore": null, "trending": 0, "popularity": 130, "streamingEpisodes": [], "coverImage": {"large": "https://s3.anilist.co/media/anime/cover/medium/2786.jpg", "medium": "https://s3.anilist.co/media/anime/cover/small/2786.jpg"}, "bannerImage": null, "isAdult": false, "format": "TV"}, {"id": 2787, "title": {"romaji": "Shakugan no  Shana II (Second)", "english": null}, "type": "ANIME", "status": "FINISHED", "description": "Shana and Alastor, Lord of the Crimson Realm, continue to do battle with the Denizens, who are trying to steal the Power of Existence from mortals. In the last battle, Yuji is revealed to be a mystes, a \"torch\" of nearly unlimited Power of Existence. Since the Denizens want to capture Yuji and use him to upset the balance of the Realm, Shana resolves to protect Yuji. Yuji then vows to join Shana in her fight. <br><br>\n(Source: ANN)", "startDate": {"year": 2007, "month": 10, "day": 5}, "endDate": {"year": 2008, "month": 3, "day": 28}, "season": "FALL", "episodes": 24, "duration": 24, "genres": ["Action", "Comedy", "Drama", "Fantasy", "Romance"], "averageScore": 73, "trending": 0, "popularity": 13502, "streamingEpisodes": [], "coverImage": {"large": "https://s3.anilist.co/media/anime/cover/medium/2787.jpg", "medium": "https://s3.anilist.co/media/anime/cover/small/2787.jpg"}, "bannerImage": "https://s3.anilist.co/media/anime/banner/2787-eP3fdmgXVnmT.jpg", "isAdult": false, "format": "TV"}, {"id": 2788, "title": {"romaji": "Stratosphera no Yousei", "english": "Nymphs of the Stratosphere"}, "type": "ANIME", "status": "FINISHED", "description": "In the near future, the world as we know it has been spoiled by our negligence. From the stratosphere come five beautiful nymphs in the shape of angels, bearing the fragrance of forbidden fruit. It appears their desire is to bring pleasure to the devastated human race. A young programmer working late spots one of the beautiful girls on his balcony, peeping on a couple across the way. Once she departs he is surprised to find the scent of fruit lingering in the air. He knows he must pursue her, what he is yet to discover is that she's not of this Earth! <br><br>\n(Source: AniDB)", "startDate": {"year": 2002, "month": 11, "day": 21}, "endDate": {"year": 2002, "month": 12, "day": 26}, "season": "FALL", "episodes": 3, "duration": 33, "genres": ["Drama", "Hentai", "Romance", "Sci-Fi"], "averageScore": 47, "trending": 0, "popularity": 149, "streamingEpisodes": [], "coverImage": {"large": "https://s3.anilist.co/media/anime/cover/medium/2788.jpg", "medium": "https://s3.anilist.co/media/anime/cover/small/2788.jpg"}, "bannerImage": null, "isAdult": true, "format": "OVA"}, {"id": 2789, "title": {"romaji": "B-Densetsu! Battle Bedaman", "english": null}, "type": "ANIME", "status": "FINISHED", "description": "Raised by cats until he was five, Yamato Delgato's only dream was to play B'Daman-the official sport of the B'DaWorld. However, his dream comes true when he's chosen to wield the most powerful B'Daman ever; the legendary Cobalt Blade. Only he has skills to harness its power. This is his journey into the world of B'Daman as he learns valuable lessons and also tries to save the B'DaWorld from the evil clutches of the Shadow Alliance. <br><br>\n(Source: ANN)", "startDate": {"year": 2004, "month": 1, "day": 5}, "endDate": {"year": 2004, "month": 12, "day": 27}, "season": "WINTER", "episodes": 52, "duration": 30, "genres": ["Adventure", "Fantasy"], "averageScore": 54, "trending": 0, "popularity": 608, "streamingEpisodes": [], "coverImage": {"large": "https://s3.anilist.co/media/anime/cover/medium/2789.jpg", "medium": "https://s3.anilist.co/media/anime/cover/small/2789.jpg"}, "bannerImage": null, "isAdult": false, "format": "TV"}, {"id": 2790, "title": {"romaji": "Delinquent in Drag", "english": "Delinquent in Drag"}, "type": "ANIME", "status": "FINISHED", "description": "Does being the only guy in an all girl school sound like paradise? It might be, if the girls knew you were a guy, but to stay in school teenage pervert Banji can't let can't let anyone find out his chromosomes don't match. Banji's status conscious parents want him to go to a good school, but not enough to spend the money on a good co-ed school. Now, in addition to studying math and science, Banji has to learn how to put on a bra and makeup. His life has become a living hell. Not only is he at the bottom of the social pecking order, he must also got to conceal his inner-masculinity from the pretty classmate girl who's stolen his heart while avoiding the female bullies who threaten to expose his less-than-feminine charms in the locker room.<br><br>\n(Source: ANN)<br>", "startDate": {"year": 1992, "month": 8, "day": 21}, "endDate": {"year": 1992, "month": 8, "day": 21}, "season": "SUMMER", "episodes": 1, "duration": 43, "genres": ["Comedy", "Ecchi"], "averageScore": 44, "trending": 0, "popularity": 143, "streamingEpisodes": [], "coverImage": {"large": "https://s3.anilist.co/media/anime/cover/medium/2790.jpg", "medium": "https://s3.anilist.co/media/anime/cover/small/2790.jpg"}, "bannerImage": null, "isAdult": false, "format": "OVA"}, {"id": 2791, "title": {"romaji": "Makasete Iruka!", "english": "Grrl Power"}, "type": "ANIME", "status": "FINISHED", "description": "Meet Umi, Sora and Ao, the three hardest working school girls in all of Japan. As the proprietors of the best odd-jobs service around, they'll take on any task and guarantee the result! Unfortunately, spending your whole day doing other people's homework and cleaning sewers doesn't leave much time to go to school yourself, so when the girls take on the task of convincing someone else to go back to school, it may prove to be their hardest job ever! Have these junior Jills of all trades finally met their match? Find out in Grrl Power!<br><br>\n(Source: AniDB)", "startDate": {"year": 2004, "month": 6, "day": 10}, "endDate": {"year": 2004, "month": 6, "day": 10}, "season": "SUMMER", "episodes": 1, "duration": 24, "genres": ["Action", "Comedy"], "averageScore": 52, "trending": 0, "popularity": 155, "streamingEpisodes": [], "coverImage": {"large": "https://s3.anilist.co/media/anime/cover/medium/2791-UgYGywgwp545.png", "medium": "https://s3.anilist.co/media/anime/cover/small/2791-UgYGywgwp545.png"}, "bannerImage": "https://s3.anilist.co/media/anime/banner/2791-NEjVMEVKa1Zm.jpg", "isAdult": false, "format": "OVA"}, {"id": 2792, "title": {"romaji": "Panzer Dragoon", "english": null}, "type": "ANIME", "status": "FINISHED", "description": "Legends speak of a Dark Tower with a race of dragons that awaits the command to arise and wreak havoc. At least Kyle used to believe they were only legends until his lady, Alita, is stolen by the Black Dragon! <br><br>\nNow Kyle must form an alliance with Blau, a blue dragon, in order to rescue her before she becomes the catalyst for the Dark Tower's final program: the complete destruction of the world!<br><br>\n(Source: AniDB)", "startDate": {"year": 1996, "month": 10, "day": 25}, "endDate": {"year": 1996, "month": 10, "day": 25}, "season": "FALL", "episodes": 1, "duration": 27, "genres": ["Adventure", "Fantasy"], "averageScore": 28, "trending": 0, "popularity": 246, "streamingEpisodes": [], "coverImage": {"large": "https://s3.anilist.co/media/anime/cover/medium/2792.jpg", "medium": "https://s3.anilist.co/media/anime/cover/small/2792.jpg"}, "bannerImage": null, "isAdult": false, "format": "OVA"}, {"id": 2793, "title": {"romaji": "Hi no Tori 2772: Ai no CosmoZone", "english": null}, "type": "ANIME", "status": "FINISHED", "description": "Phoenix 2772 starts with twelve minutes without dialogue, much like a silent film, recalling the birth and education of Godo. In this brave new world, children are born in test tubes and are raised by computers and robots. Godo learns the skills that will make him into a great pilot, assisted by the robotic wonder Olga. Everything that Godo needs is provided for him until he eventually goes for training with his automaton companion. He soon realizes that the world is not what he expected...<br><br>\n(Source: AniDB)", "startDate": {"year": 1980, "month": 3, "day": 15}, "endDate": {"year": 1980, "month": 3, "day": 15}, "season": "SPRING", "episodes": 1, "duration": 122, "genres": ["Adventure", "Drama", "Fantasy", "Sci-Fi"], "averageScore": 55, "trending": 0, "popularity": 263, "streamingEpisodes": [], "coverImage": {"large": "https://s3.anilist.co/media/anime/cover/medium/2793.jpg", "medium": "https://s3.anilist.co/media/anime/cover/small/2793.jpg"}, "bannerImage": null, "isAdult": false, "format": "MOVIE"}, {"id": 2794, "title": {"romaji": "Kussetsu", "english": null}, "type": "ANIME", "status": "FINISHED", "description": "* Based on a game by Candy House<br><br>\nThe best friend of a high school boy decides to destroy the perfect world around his friend by taking his stepmother, stepsisters, and female friends from him. Deceit, lust, and revenge are preformed by all parties before it all crashes down.<br><br>\n(Source: fakku)", "startDate": {"year": 2002, "month": 2, "day": 22}, "endDate": {"year": 2002, "month": 7, "day": 26}, "season": "WINTER", "episodes": 3, "duration": 30, "genres": ["Hentai"], "averageScore": null, "trending": 0, "popularity": 69, "streamingEpisodes": [], "coverImage": {"large": "https://s3.anilist.co/media/anime/cover/medium/2794.jpg", "medium": "https://s3.anilist.co/media/anime/cover/small/2794.jpg"}, "bannerImage": null, "isAdult": true, "format": "OVA"}, {"id": 2795, "title": {"romaji": "Dragonaut: The Resonance", "english": "Dragonaut - The Resonance"}, "type": "ANIME", "status": "FINISHED", "description": "Twenty years prior to the story's beginning, an asteroid headed for Earth destroys Pluto. Due to Pluto's destruction, the asteroid, which is dubbed Thanatos, becomes temporarily stagnant. Now, in order to avoid Earth's impending destruction, the International Solarsystem Development Agency (ISDA) works on the \"D-Project\", and creates the \"Dragonaut\" after finding a dragon egg under the ocean. This weapon's primary purpose is to destroy the asteroid when the time comes. However, they soon find out that the asteroid is not their only threat, as powerful dragon-like creatures, which are bent on destruction, appear on Earth.<br><br>\nAfter witnessing a murder by one of the creatures, Jin Kamishina, a lonely 18-year-old boy who lost his family in a shuttle accident two years ago, gets involved in the mysteries of the dragons and becomes the chosen pilot of the Dragonaut. Helping him on his journey is Toa, a mysterious girl who saves him from falling to his death after the creature attacks him. As they get deeper into the mysteries of the dragons, they encounter new friends and enemies, and also begin to develop a closer relationship. <br><br>\n(Source: Wikipedia)", "startDate": {"year": 2007, "month": 10, "day": 4}, "endDate": {"year": 2008, "month": 3, "day": 27}, "season": "FALL", "episodes": 25, "duration": 25, "genres": ["Action", "Drama", "Fantasy", "Mecha", "Romance", "Sci-Fi"], "averageScore": 61, "trending": 0, "popularity": 3149, "streamingEpisodes": [], "coverImage": {"large": "https://s3.anilist.co/media/anime/cover/medium/2795.jpg", "medium": "https://s3.anilist.co/media/anime/cover/small/2795.jpg"}, "bannerImage": null, "isAdult": false, "format": "TV"}, {"id": 2796, "title": {"romaji": "Afro-Ken", "english": null}, "type": "ANIME", "status": "FINISHED", "description": "Afro Ken is a Japanese character created by the San-X company, which creates other anime-style characters such as Kogepan. He is a dog with a rainbow-coloured afro. He is innocent and blameless and always in a good mood. Afro Ken is always willing to try new things. Afro Ken is attracted to objects that look like he does. His hair changes to look like these things as he gets close to them.<br><br>\nThere is an Afro Ken Family Tree with other dog characters who have outrageous names, such as Techno Ken, Funky Ken, Lord Ken, Super Afro Ken, and Normal Ken. Unlike the others, Normal Ken does not have wild hair.<br><br>\n(Source: Wikipedia)", "startDate": {"year": 2001, "month": 6, "day": 25}, "endDate": {"year": 2001, "month": 6, "day": 25}, "season": "SUMMER", "episodes": 1, "duration": 29, "genres": ["Comedy"], "averageScore": 45, "trending": 0, "popularity": 250, "streamingEpisodes": [], "coverImage": {"large": "https://s3.anilist.co/media/anime/cover/medium/2796.jpg", "medium": "https://s3.anilist.co/media/anime/cover/small/2796.jpg"}, "bannerImage": null, "isAdult": false, "format": "OVA"}, {"id": 2797, "title": {"romaji": "Koukou Tekken-den Tough", "english": "Shootfighter Tekken"}, "type": "ANIME", "status": "FINISHED", "description": "Years ago there was an underground match between Pro Wrestling and Nanshin Shadow Stlye (a secret and deadly form of martial arts) to see which form of martial arts was dominant, The Nanshin Shadow style came out victorious in the battle. Now in the present, the man who was defending Pro-Wrestling is back and is out to destroy Nanshin Shadow style in any way he can; however, it is now up to Kiichi, the son of the previous victor to defend the name of Nanshin Shadow style and it is his job to keep it from being completely erased from existance.<br><br>\n(Source: ANN)", "startDate": {"year": 2002, "month": 1, "day": 31}, "endDate": {"year": 2002, "month": 4, "day": 26}, "season": "WINTER", "episodes": 3, "duration": 45, "genres": ["Action"], "averageScore": 54, "trending": 0, "popularity": 187, "streamingEpisodes": [], "coverImage": {"large": "https://s3.anilist.co/media/anime/cover/medium/2797.jpg", "medium": "https://s3.anilist.co/media/anime/cover/small/2797.jpg"}, "bannerImage": null, "isAdult": false, "format": "OVA"}, {"id": 2798, "title": {"romaji": "Hatsu Inu The Animation", "english": null}, "type": "ANIME", "status": "FINISHED", "description": "By chance, Fukaya became the lover of a very quiet and beautiful girl, Fujino, yet he worries about the vibrator she's always carrying. \"Perhaps, she considers me no more fondly than that vibrator?\" In fact, their relationship began when he found her using a vibrator aboard a crowded train. Although they have passionate sex, he can't be certain that she loves him, and feels threatened by her vibrator. Now, the two of them are going to a pool. As she will be unable to use the vibrator in the water, he expects they will be alone, but...<br><br>\n(Source: AnimeNfo)", "startDate": {"year": 2007, "month": 5, "day": 25}, "endDate": {"year": 2007, "month": 7, "day": 27}, "season": "SPRING", "episodes": 2, "duration": 30, "genres": ["Hentai"], "averageScore": 66, "trending": 0, "popularity": 1291, "streamingEpisodes": [], "coverImage": {"large": "https://s3.anilist.co/media/anime/cover/medium/2798.jpg", "medium": "https://s3.anilist.co/media/anime/cover/small/2798.jpg"}, "bannerImage": null, "isAdult": true, "format": "OVA"}, {"id": 2799, "title": {"romaji": "Hello! Sandybell", "english": null}, "type": "ANIME", "status": "FINISHED", "description": "Sandybell is a playful girl from Scotland. She is happy even if her mum died when she was little. Past secrets begin to reveal after Sandybell gets a white lily from a rich lady. After a tragic act Sandybell moves to London where she is trying to find clues to her past.<br><br>\n(Source: ANN)", "startDate": {"year": 1981, "month": 3, "day": 6}, "endDate": {"year": 1982, "month": 2, "day": 26}, "season": "SPRING", "episodes": 47, "duration": 25, "genres": ["Adventure", "Romance"], "averageScore": 56, "trending": 0, "popularity": 235, "streamingEpisodes": [], "coverImage": {"large": "https://s3.anilist.co/media/anime/cover/medium/2799.jpg", "medium": "https://s3.anilist.co/media/anime/cover/small/2799.jpg"}, "bannerImage": null, "isAdult": false, "format": "TV"}, {"id": 2800, "title": {"romaji": "Candy Candy", "english": null}, "type": "ANIME", "status": "FINISHED", "description": "This story is about a girl, Candy, who is a orphan. She is a nice and optimistic girl and she has a warm heart. When she was a child, she lived in an orphanage called Pony's Home. She had a good friend called Ann. And she met the \"handsome boy on the hill\" who is a important person in her life, on the hill behind the orphanage.<br><br>\nShe was adopted by the Loka's family. What's awaiting her are the bad-hearted Leo and his sister, Eliza. One day, in the rose garden, she met a boy, who is identical to the \"handsome boy on the hill\" who she had met in her childhood. The boy is called Antony. Thereafter, a fantastic story that she has never expected begins.<br><br>\n(Source: AnimeNfo)", "startDate": {"year": 1976, "month": 10, "day": 1}, "endDate": {"year": 1979, "month": 2, "day": 2}, "season": "FALL", "episodes": 115, "duration": 25, "genres": ["Drama", "Slice of Life"], "averageScore": 66, "trending": 0, "popularity": 880, "streamingEpisodes": [], "coverImage": {"large": "https://s3.anilist.co/media/anime/cover/medium/2800.jpg", "medium": "https://s3.anilist.co/media/anime/cover/small/2800.jpg"}, "bannerImage": "https://s3.anilist.co/media/anime/banner/2800-ngYLXeFUhoMk.jpg", "isAdult": false, "format": "TV"}, {"id": 2801, "title": {"romaji": "Candy Candy: Haru no Yobigoe", "english": null}, "type": "ANIME", "status": "FINISHED", "description": "Candy returns to Pony's Home and she meets a girl who has lost her parents and doesn't associate with the other kids. In order to cheer her up she decides to tell her about herself from the moment she was found by Miss Pony and sister Lane to her decision to leave the boarding school in England and walk her own path.<br><br>\n(Source: ANN)", "startDate": {"year": 1978, "month": 3, "day": 18}, "endDate": {"year": 1978, "month": 3, "day": 18}, "season": "SPRING", "episodes": 1, "duration": 25, "genres": ["Drama", "Slice of Life"], "averageScore": null, "trending": 0, "popularity": 83, "streamingEpisodes": [], "coverImage": {"large": "https://s3.anilist.co/media/anime/cover/medium/2801.jpg", "medium": "https://s3.anilist.co/media/anime/cover/small/2801.jpg"}, "bannerImage": null, "isAdult": false, "format": "MOVIE"}, {"id": 2802, "title": {"romaji": "Candy Candy: Candy no Natsu Yasumi", "english": null}, "type": "ANIME", "status": "FINISHED", "description": "A continuation of the television series.", "startDate": {"year": 1978, "month": 7, "day": 22}, "endDate": {"year": 1978, "month": 7, "day": 22}, "season": "SUMMER", "episodes": 1, "duration": 15, "genres": ["Drama", "Slice of Life"], "averageScore": null, "trending": 0, "popularity": 94, "streamingEpisodes": [], "coverImage": {"large": "https://s3.anilist.co/media/anime/cover/medium/2802-bJsXd4n7xMYz.png", "medium": "https://s3.anilist.co/media/anime/cover/small/2802-bJsXd4n7xMYz.png"}, "bannerImage": null, "isAdult": false, "format": "MOVIE"}, {"id": 2803, "title": {"romaji": "Densetsu no Yuusha Da Garn", "english": null}, "type": "ANIME", "status": "FINISHED", "description": "One day, the Earth was assaulted by a space pirate, Orbus. He aimed at Planet Energy, the life energy of the Earth. If several Release Points, where the Planet Energy concentrated, were attacked at once, the Earth would explode.<br>\nWhen the first attack was made, Takasugi Seiji escaped into an old temple with his girl friend Kosaka Hikaru. Then, he received, Orin, a token of the leader of the Earth guardians, from the conscience of the Earth. By the power of Orin, the patrol car was turned into a Robot, Da Garn. <br><br>\n(Source: AnimeNfo)", "startDate": {"year": 1992, "month": 2, "day": 8}, "endDate": {"year": 1993, "month": 1, "day": 23}, "season": "WINTER", "episodes": 46, "duration": 30, "genres": ["Mecha", "Sci-Fi"], "averageScore": null, "trending": 0, "popularity": 209, "streamingEpisodes": [], "coverImage": {"large": "https://s3.anilist.co/media/anime/cover/medium/2803.jpg", "medium": "https://s3.anilist.co/media/anime/cover/small/2803.jpg"}, "bannerImage": null, "isAdult": false, "format": "TV"}, {"id": 2804, "title": {"romaji": "Hana no Mahou Tsukai Mary Bell", "english": null}, "type": "ANIME", "status": "FINISHED", "description": "Mary Bell, a magical girl who looks like a girl around five years old, comes to the human world from a magical world called \"Flower Magic World\", and helps and encourages people.<br><br>\n(Source: Wikipedia)", "startDate": {"year": 1992, "month": 2, "day": 3}, "endDate": {"year": 1993, "month": 1, "day": 18}, "season": "WINTER", "episodes": 50, "duration": 24, "genres": ["Adventure", "Fantasy"], "averageScore": null, "trending": 0, "popularity": 160, "streamingEpisodes": [], "coverImage": {"large": "https://s3.anilist.co/media/anime/cover/medium/2804.jpg", "medium": "https://s3.anilist.co/media/anime/cover/small/2804.jpg"}, "bannerImage": null, "isAdult": false, "format": "TV"}, {"id": 2805, "title": {"romaji": "Onegai! Samia Don", "english": null}, "type": "ANIME", "status": "FINISHED", "description": "In england, in the mid-80s, three kids encouter the last genie of the sands, who can grant one, and only one wish per day. But the magic does not last, at the sunset, everything disappears. Each episode follows a typical day where the three kids are wishing for every kind of wacky stuff that usually ends in a mess at the end.<br><br>\n(Source: ANN)", "startDate": {"year": 1985, "month": 4, "day": 2}, "endDate": {"year": 1986, "month": 2, "day": 4}, "season": "SPRING", "episodes": 78, "duration": 25, "genres": ["Fantasy"], "averageScore": null, "trending": 0, "popularity": 61, "streamingEpisodes": [], "coverImage": {"large": "https://s3.anilist.co/media/anime/cover/medium/2805.jpg", "medium": "https://s3.anilist.co/media/anime/cover/small/2805.jpg"}, "bannerImage": null, "isAdult": false, "format": "TV"}, {"id": 2806, "title": {"romaji": "Yadamon", "english": "Yadamon: Magical Dreamer"}, "type": "ANIME", "status": "FINISHED", "description": "After causing havoc in the Witch Forest, the queen, Yadamon's mother, banishes her to human world.  She does this not only to teach Yadamon a lesson, but also because she has a secret passion for human magazines and books.  While at the human world, the queen keeps a close watch at Yadamon which becomes a problem cause she falls asleep almost anywhere.<br><br>\nThe human world has gone extremely hi-tech.  Also, a lot of animals has become extinct.  Yadamon finds herself in the island named ''Creature Island'', where genetically re-created species are being made.  In the island she meets Jean and his parents Edward and Maria.<br><br>\nYadamon meets many misadventures in the human world due to her curiosity which causes a lot of trouble to the humans and her guardian fairy, Timon, who has the ability to stop time.<br><br>\nAs Yadamon learns to adapt to human world and use her powers, a new threat is brewing.  Kira, the evil witch who was sealed inside a volcano by the queen and the great witch Beril, has escaped.  She is out for revenge and has set her eyes to the humans and Yadamon.<br><br>\n(Source: Wikipedia)", "startDate": {"year": 1992, "month": 8, "day": 24}, "endDate": {"year": 1993, "month": 7, "day": 16}, "season": "SUMMER", "episodes": 170, "duration": 10, "genres": ["Adventure", "Comedy", "Fantasy"], "averageScore": null, "trending": 0, "popularity": 87, "streamingEpisodes": [], "coverImage": {"large": "https://s3.anilist.co/media/anime/cover/medium/2806.jpg", "medium": "https://s3.anilist.co/media/anime/cover/small/2806.jpg"}, "bannerImage": null, "isAdult": false, "format": "TV_SHORT"}, {"id": 2808, "title": {"romaji": "Irregular Hunter X: The Day of Sigma", "english": "Megaman X - The Day of Sigma"}, "type": "ANIME", "status": "FINISHED", "description": "The year is 21XX. Reploids are commonplace now, after Dr. Cain rediscovered Dr. Light's old lab and based several designs off of Dr.Light's original, called \"Megaman X.\" X, meanwhile, has joined the Maverick Hunters, and works with unit leader Zero under the command of General Sigma. It is their job to terminate rogue reploids, those who have become violent. <br><br>\n(Source: ANN)", "startDate": {"year": 2005, "month": 12, "day": 15}, "endDate": {"year": 2005, "month": 12, "day": 15}, "season": "WINTER", "episodes": 1, "duration": 30, "genres": ["Action", "Mecha", "Sci-Fi"], "averageScore": 63, "trending": 0, "popularity": 572, "streamingEpisodes": [], "coverImage": {"large": "https://s3.anilist.co/media/anime/cover/medium/2808.jpg", "medium": "https://s3.anilist.co/media/anime/cover/small/2808.jpg"}, "bannerImage": null, "isAdult": false, "format": "OVA"}, {"id": 2809, "title": {"romaji": "Fuusen Shoujo Temple-chan", "english": null}, "type": "ANIME", "status": "FINISHED", "description": null, "startDate": {"year": 1977, "month": 10, "day": 1}, "endDate": {"year": 1978, "month": 3, "day": 25}, "season": "FALL", "episodes": 26, "duration": 25, "genres": ["Adventure", "Comedy"], "averageScore": null, "trending": 0, "popularity": 36, "streamingEpisodes": [], "coverImage": {"large": "https://s3.anilist.co/media/anime/cover/medium/2809.jpg", "medium": "https://s3.anilist.co/media/anime/cover/small/2809.jpg"}, "bannerImage": null, "isAdult": false, "format": "TV"}, {"id": 2810, "title": {"romaji": "Himitsu no Hanazono", "english": null}, "type": "ANIME", "status": "FINISHED", "description": "Mary Lennox recently became an orphan because her parents died from a cholera epidemic in India so she was sent to live in England with her uncle. However, her uncle is a very distant man who talks to noone so she is left alone in the mansion with nobody to play with. Soon she meets a friendly servant boy named Dicon and his older sister Martha and they soon become good friends. Later on she discovers a secret garden and hopes it will bring happiness to her new family, including her cousin Collin who is crippled. <br><br>\n(Source: ANN)", "startDate": {"year": 1991, "month": 4, "day": 19}, "endDate": {"year": 1992, "month": 3, "day": 27}, "season": "SPRING", "episodes": 39, "duration": 25, "genres": ["Drama"], "averageScore": 57, "trending": 0, "popularity": 198, "streamingEpisodes": [], "coverImage": {"large": "https://s3.anilist.co/media/anime/cover/medium/2810.jpg", "medium": "https://s3.anilist.co/media/anime/cover/small/2810.jpg"}, "bannerImage": null, "isAdult": false, "format": "TV"}, {"id": 2811, "title": {"romaji": "Sora Tobu Yuurei Sen", "english": null}, "type": "ANIME", "status": "FINISHED", "description": "Hayato's city is devastated by a giant robot, his parents are killed in the massacre. The only friend left to him is his dog Jack, the only things left are mom's shoe and a picture of a man and a woman who, as his father tells him on his deathbed, are his real parents. Now Hayato wants revenge on the one who is said to have sent the robot: the terrible Ghost Ship which threatens ships and is rumored to wish to exterminate everything. But then Hayato stumbles on a secret underground factory of Mr. Kurosio, owner of mostly everything in the city - and realizes things are not as Mr. Kurosio has been telling him... Someone terrible lives in a castle under the sea... Hayato is trying to tell people the truth - but his life is now in danger by from the one who does not wish to be known. Then Hayato is saved by no other than the captain of the Ghost Ship... Hayato is about to uncover more than the one secret he has been searching for.<br><br>\n(Source: ANN)", "startDate": {"year": 1969, "month": 7, "day": 20}, "endDate": {"year": 1969, "month": 7, "day": 20}, "season": "SUMMER", "episodes": 1, "duration": 53, "genres": ["Action", "Adventure", "Drama", "Mecha", "Sci-Fi"], "averageScore": 52, "trending": 0, "popularity": 274, "streamingEpisodes": [], "coverImage": {"large": "https://s3.anilist.co/media/anime/cover/medium/2811.jpg", "medium": "https://s3.anilist.co/media/anime/cover/small/2811.jpg"}, "bannerImage": "https://s3.anilist.co/media/anime/banner/2811-T6KKtMANmCzM.jpg", "isAdult": false, "format": "MOVIE"}, {"id": 2813, "title": {"romaji": "Ahiru no Quack", "english": null}, "type": "ANIME", "status": "FINISHED", "description": "Alfred J Kwak (Dutch, it takes place in Holland) lost his parents, brothers and sisters when he was young. He was raised by a mole. The series covers the life of Alfred from the day he is born. In his life Alfred tries to help all sorts of animals all over the world. The series are meant to entertain children and teach children about life, covering historical aspects like WW II. <br><br>\n(Source: AniDB)", "startDate": {"year": 1989, "month": 4, "day": 3}, "endDate": {"year": 1990, "month": 3, "day": 29}, "season": "SPRING", "episodes": 52, "duration": 23, "genres": ["Adventure", "Comedy", "Drama", "Fantasy"], "averageScore": 62, "trending": 0, "popularity": 317, "streamingEpisodes": [], "coverImage": {"large": "https://s3.anilist.co/media/anime/cover/medium/2813.jpg", "medium": "https://s3.anilist.co/media/anime/cover/small/2813.jpg"}, "bannerImage": null, "isAdult": false, "format": "TV"}, {"id": 2814, "title": {"romaji": "Dondon Domeru to Ron", "english": null}, "type": "ANIME", "status": "FINISHED", "description": "Dommel is a lazy dog who does nothing more than eating and sleeping. His owner, Semafoor, is an inventor of the strangest things you could imagine. Together this becomes a mix for some funny events.<br><br>\n(Source: ANN)", "startDate": {"year": 1988, "month": 4, "day": 5}, "endDate": {"year": 1989, "month": 3, "day": 27}, "season": "SPRING", "episodes": 52, "duration": 12, "genres": ["Comedy"], "averageScore": null, "trending": 0, "popularity": 52, "streamingEpisodes": [], "coverImage": {"large": "https://s3.anilist.co/media/anime/cover/medium/2814.jpg", "medium": "https://s3.anilist.co/media/anime/cover/small/2814.jpg"}, "bannerImage": null, "isAdult": false, "format": "TV_SHORT"}, {"id": 2815, "title": {"romaji": "Geragera Boes Monogatari", "english": "Ox Tales"}, "type": "ANIME", "status": "FINISHED", "description": "Farm life has never been this wacky. Where else could you find a turtle with a built in TV under his shell, a bald lion, an elephant whose trunk doubles as a garden hose and an inflatable octopus. All run by a good-natured ox named Olly.<br><br>\n(Source: ANN)", "startDate": {"year": 1987, "month": 4, "day": 7}, "endDate": {"year": 1988, "month": 3, "day": 29}, "season": "SPRING", "episodes": 52, "duration": 24, "genres": ["Comedy"], "averageScore": null, "trending": 0, "popularity": 79, "streamingEpisodes": [], "coverImage": {"large": "https://s3.anilist.co/media/anime/cover/medium/2815.jpg", "medium": "https://s3.anilist.co/media/anime/cover/small/2815.jpg"}, "bannerImage": null, "isAdult": false, "format": "TV"}, {"id": 2816, "title": {"romaji": "Toushou Daimos", "english": null}, "type": "ANIME", "status": "FINISHED", "description": "The third of Tadao Nagahama's Romance Super Robot Trilogy. (#1: Chou Denji Robo Combattler V, #2: Chou Denji Machine Voltes V)<br><br>\nAfter the destruction of their homeworld, the survivors of the planet Barm head towards Earth with the goal of negotiating the purchase of land to emigrate to. Unfortunately, during the negotiations, the Barmian&rsquo;s leader, Leon, is assassinated by his second in command, Olban, and the delegation from Earth is framed for the murder. In the ensuing chaos, Doctor Isamu Ryuuzaki of the Earth delegation is shot and killed.<br><br>\nShortly after the disastrous end of the talks, the Barmians (called &ldquo;Valerians&rdquo; in Starbirds) begin a campaign of terror against Earth, lead by Leon&rsquo;s son, Admiral Richter, who deploys a variety of &ldquo;Mecha Soldiers&rdquo; against the planet&rsquo;s defenses. The only thing standing between the Earthlings and annihilation is the transforming, karate-using super robot, Daimos and its pilot, Kazuya Ryuuzaki. But that changes when he meets and falls in love with a mysterious girl named Erika, who turns out to be Richter's sister. Over the course of their struggles to reunite, Kazuya and Erika each learn that the other&rsquo;s people are not all evil...and that their own people are not all good.<br><br>\n(Source: AniDB)", "startDate": {"year": 1978, "month": 4, "day": 1}, "endDate": {"year": 1979, "month": 1, "day": 27}, "season": "SPRING", "episodes": 44, "duration": 24, "genres": ["Adventure", "Drama", "Mecha", "Romance", "Sci-Fi"], "averageScore": 58, "trending": 0, "popularity": 252, "streamingEpisodes": [], "coverImage": {"large": "https://s3.anilist.co/media/anime/cover/medium/2816.jpg", "medium": "https://s3.anilist.co/media/anime/cover/small/2816.jpg"}, "bannerImage": null, "isAdult": false, "format": "TV"}, {"id": 2817, "title": {"romaji": "The Story of Cinderella", "english": "The Story of Cinderella"}, "type": "ANIME", "status": "FINISHED", "description": "Cinderella is the only daughter of a fairly wealthy family. When her mother dies, his father marries a widow with 2 daughters then goes travelling for business. Cinderella eventually becomes the slave of her stepmother and stepsisters. The Prince on the other hand, lives a boring life in the castle and one day escapes and pretends to be a commoner.Cinderella meets him through an accidental bump and becomes his bestfriend not knowing that he really is the prince. There are other twists to this tale including another villain in the person of the king's right hand who is plotting to take over the throne once he eliminates the prince. After a series of events and stories told, the castle holds a Royal ball for the prince to be able to choose a wife. Every maiden in the kingdom receives an invitation. When Cinderella's cruel stepmother prevents her from attending the Royal Ball, she gets some unexpected help from her pets dog, mice, cat and birds, and from her Fairy Godmother.<br><br>\n(Source: Wikipedia)", "startDate": {"year": 1996, "month": 4, "day": 4}, "endDate": {"year": 1996, "month": 10, "day": 3}, "season": "SPRING", "episodes": 26, "duration": 20, "genres": ["Adventure", "Fantasy", "Romance"], "averageScore": 61, "trending": 0, "popularity": 294, "streamingEpisodes": [], "coverImage": {"large": "https://s3.anilist.co/media/anime/cover/medium/2817.jpg", "medium": "https://s3.anilist.co/media/anime/cover/small/2817.jpg"}, "bannerImage": null, "isAdult": false, "format": "TV"}, {"id": 2818, "title": {"romaji": "Madou King Granzort", "english": "Mado King Granzort"}, "type": "ANIME", "status": "FINISHED", "description": "In the future, the moon is a habitable place with atmosphere and gravity and also a famous tourist attraction. There are also stories about a \"long ears\" creature like rabbits on the moon who can use magic. Haruka Daichi heads off to the moon during a summer holiday alone because he likes to see the long ears creature by himself.<br><br>\nHowever, he get himself dragged into an acient conflict between two acient moon racess: the \"long ears\" race and Jado race. Jado race wanted to conquer the universe and resurrect ancient evil powers to seize control of the Earth. Now the \"long ears\" race and Daichi must seek three warriors who could use magic to release Mado King to fight Jado race and to release \"long ears\" race`s kingdom, Rabiluna, from Jado race.<br><br>\n(Source: AniDB)", "startDate": {"year": 1989, "month": 4, "day": 7}, "endDate": {"year": 1990, "month": 3, "day": 2}, "season": "SPRING", "episodes": 41, "duration": 20, "genres": ["Action", "Comedy", "Fantasy", "Mecha", "Sci-Fi"], "averageScore": null, "trending": 0, "popularity": 103, "streamingEpisodes": [], "coverImage": {"large": "https://s3.anilist.co/media/anime/cover/medium/2818.jpg", "medium": "https://s3.anilist.co/media/anime/cover/small/2818.jpg"}, "bannerImage": null, "isAdult": false, "format": "TV"}, {"id": 2819, "title": {"romaji": "Dragon Quest: Abel Yuusha Densetsu", "english": "Dragon Quest"}, "type": "ANIME", "status": "FINISHED", "description": "Dragon Quest is loosely based on Dragon Quest III. The names and some of the characters are familar, but the world map is smaller and a very different shape. The two main characters are Abel and Tialah. Tialah receives the legendary Red Stone from the Aliahan Village sage Master Yogi. Soon after, Tialah is kidnapped by the evil Baramos who wants to use the Red Stone to resurrect The Great Dragon and be granted eternal life. Abel swore to rescue Tialah and he is given the Blue Stone, which can only seal the Dragon once it has been released. <br><br>\n(Source: AniDB)", "startDate": {"year": 1989, "month": 12, "day": 2}, "endDate": {"year": 1991, "month": 4, "day": 5}, "season": "WINTER", "episodes": 43, "duration": 24, "genres": ["Action", "Adventure", "Fantasy"], "averageScore": 51, "trending": 0, "popularity": 243, "streamingEpisodes": [], "coverImage": {"large": "https://s3.anilist.co/media/anime/cover/medium/2819.jpg", "medium": "https://s3.anilist.co/media/anime/cover/small/2819.jpg"}, "bannerImage": null, "isAdult": false, "format": "TV"}, {"id": 2820, "title": {"romaji": "Time Travel Tondekeman!", "english": "Time Quest"}, "type": "ANIME", "status": "FINISHED", "description": "The series starts when Hayato, a soccer enthusiast, and his girlfriend Yumi, an aspiring musician, went to a visit to Dr. Leonard's lab. They accidentally activated the Tondekeman, a funny talking kettle who transported them many centuries in the past. <br><br>\nIn Baghdad, Hayato and Yumi gets reunited but they got separated from Tondekeman. They meet Aladdin, Prince Dandarn and Princess Shalala. They also meet the cunning Abdullah who is always ready to kidnap the princess so that he could marry the princess to his master. <br><br>\nOur heroes get to go to different places and times and meet several historical and literary figures as they follow Abdullah as he escapes through time to abduct the princess. <br><br>\nHayato and Yumi are stuck in the past until they get Tondekeman from the possession of Abdullah. <br><br>\n(Source: Wikipedia)", "startDate": {"year": 1989, "month": 10, "day": 19}, "endDate": {"year": 1990, "month": 8, "day": 26}, "season": "FALL", "episodes": 39, "duration": 20, "genres": ["Action", "Adventure", "Comedy"], "averageScore": null, "trending": 0, "popularity": 91, "streamingEpisodes": [], "coverImage": {"large": "https://s3.anilist.co/media/anime/cover/medium/2820.jpg", "medium": "https://s3.anilist.co/media/anime/cover/small/2820.jpg"}, "bannerImage": null, "isAdult": false, "format": "TV"}, {"id": 2821, "title": {"romaji": "Bad End", "english": "Voyeur's Digest"}, "type": "ANIME", "status": "FINISHED", "description": "The written word is a powerful tool&hellip; something Mikimoto knows all too well. Talented and devious, Mikimoto has everything it takes to make a top-rated journalist, but what would a journalist be without a good scandal to write about? Developing his own personal underground newspaper, Mikimoto carefully plants the seeds of anger and wanton lust within his male classmates - all aimed towards just one person: the voluptuous Nanase. When his classmates finally go after her to punish her for all of her \"sins,\" Mikimoto silently records every depraved moment.<br><br>\nAs notoriety of the newspaper spreads, more and more girls are falling prey to the perverse desires of those influenced by it. Even Mikimoto is finding it harder and harder to resist his own dark desires towards one specific full-bosomed beauty, Madoka. Will this master manipulator ultimately fall prey to his own writing talents? <br><br>\n(Source: AniDB)", "startDate": {"year": 2002, "month": 10, "day": 11}, "endDate": {"year": 2003, "month": 1, "day": 10}, "season": "FALL", "episodes": 2, "duration": 30, "genres": ["Hentai"], "averageScore": 43, "trending": 0, "popularity": 132, "streamingEpisodes": [], "coverImage": {"large": "https://s3.anilist.co/media/anime/cover/medium/2821.jpg", "medium": "https://s3.anilist.co/media/anime/cover/small/2821.jpg"}, "bannerImage": null, "isAdult": true, "format": "OVA"}, {"id": 2822, "title": {"romaji": "Bamboo Bears", "english": null}, "type": "ANIME", "status": "FINISHED", "description": "Bamboo-Lee, Dah-Lee, and Slo-Lee are three bears with a goal: to save the world before more species become extinct. But can the bears stand up to the spineless villains behind Ratco Corporation? With Ai-Ai the pink dragon on their side, they may be able to rescue the environment before it's too late.", "startDate": {"year": 1997, "month": 4, "day": 4}, "endDate": {"year": 1998, "month": 3, "day": 27}, "season": "SPRING", "episodes": 52, "duration": 25, "genres": ["Comedy"], "averageScore": null, "trending": 0, "popularity": 39, "streamingEpisodes": [], "coverImage": {"large": "https://s3.anilist.co/media/anime/cover/medium/2822.jpg", "medium": "https://s3.anilist.co/media/anime/cover/small/2822.jpg"}, "bannerImage": null, "isAdult": false, "format": "TV"}]}}}