{"data": {"Page": {"pageInfo": {"total": 12297, "hasNextPage": true}, "media": [{"id": 10917, "title": {"romaji": "Pokemon: Pikachu no Fuyuyasumi (2001)", "english": "Pokemon: Pikachu's Winter Vacation (2001)"}, "type": "ANIME", "status": "FINISHED", "description": "Pikachu's Winter Vacations are three series of videos, each composed of several Pikachu shorts. All shorts deal with winter and Christmas. This is the third and last series and contains Delibird's Dilemma, Snorlax Snowman &amp; Trouble in Big Town.", "startDate": {"year": 2000, "month": 12, "day": 22}, "endDate": {"year": 2000, "month": 12, "day": 22}, "season": "WINTER", "episodes": 3, "duration": 13, "genres": ["Adventure", "Comedy"], "averageScore": 61, "trending": 0, "popularity": 701, "streamingEpisodes": [], "coverImage": {"large": "https://s3.anilist.co/media/anime/cover/medium/10917.jpg", "medium": "https://s3.anilist.co/media/anime/cover/small/10917.jpg"}, "bannerImage": null, "isAdult": false, "format": "OVA"}, {"id": 10918, "title": {"romaji": "Kowarekake no Orgel (Movie)", "english": null}, "type": "ANIME", "status": "FINISHED", "description": "In 2039, helper androids are widespread as general purpose electronics. <br><br>\nKeiichiro lost his family in a traffic accident and retired from his band. One day, he finds an old model android in a garbage dump. He takes her home but after taking her to a repair shop he was told she couldn't be repaired so he planed to throw her away, but the next day he finds her making breakfast for him. Thus begin the summer days of a memoryless android and a dreamless boy. <br><br>\nKowarekake no Orgel was originally an independent animation released as an OVA. Later on it received a theatrical release that is a bit different and longer than the original. ", "startDate": {"year": 2010, "month": 9, "day": 11}, "endDate": {"year": 2010, "month": 9, "day": 11}, "season": "FALL", "episodes": 1, "duration": 34, "genres": ["Drama", "Music", "Sci-Fi", "Slice of Life"], "averageScore": 69, "trending": 0, "popularity": 1513, "streamingEpisodes": [], "coverImage": {"large": "https://s3.anilist.co/media/anime/cover/medium/10918.jpg", "medium": "https://s3.anilist.co/media/anime/cover/small/10918.jpg"}, "bannerImage": null, "isAdult": false, "format": "MOVIE"}, {"id": 10920, "title": {"romaji": "Seikon no Qwaser II Picture Drama", "english": "The Qwaser Of Stigmata II Picture Drama"}, "type": "ANIME", "status": "FINISHED", "description": "BD Specials.", "startDate": {"year": 2011, "month": 7, "day": 6}, "endDate": {"year": 2011, "month": 10, "day": 5}, "season": "SUMMER", "episodes": 4, "duration": 3, "genres": ["Ecchi"], "averageScore": 52, "trending": 0, "popularity": 816, "streamingEpisodes": [], "coverImage": {"large": "https://s3.anilist.co/media/anime/cover/medium/10920.jpg", "medium": "https://s3.anilist.co/media/anime/cover/small/10920.jpg"}, "bannerImage": null, "isAdult": false, "format": "SPECIAL"}, {"id": 10923, "title": {"romaji": "Tantei Opera Milky Holmes: Summer Special", "english": null}, "type": "ANIME", "status": "FINISHED", "description": "A special program of Tantei Opera Milky Holmes produced by the staff of the TV series. <br><br>\nAfter some pushing by Irene and her father and a lack of support otherwise, Kokoro stubbornly quits her job as a police detective to become an idol. She soon finds the idol life draining and starts to miss her old detective life. When Henriette notices Sherlock's loneliness without her, she stages a statue theft in order to convince Kokoro to return to the force.<br><br>\n(Source: AniDB)", "startDate": {"year": 2011, "month": 8, "day": 25}, "endDate": {"year": 2011, "month": 8, "day": 25}, "season": "SUMMER", "episodes": 1, "duration": 25, "genres": ["Comedy", "Mystery"], "averageScore": 66, "trending": 0, "popularity": 930, "streamingEpisodes": [], "coverImage": {"large": "https://s3.anilist.co/media/anime/cover/medium/10923.jpg", "medium": "https://s3.anilist.co/media/anime/cover/small/10923.jpg"}, "bannerImage": null, "isAdult": false, "format": "SPECIAL"}, {"id": 10924, "title": {"romaji": "Queen's Blade OVA", "english": "Queen's Blade OVA"}, "type": "ANIME", "status": "FINISHED", "description": "OVAs bundled with the Queen's Blade Premium Visual Book and the Queen's Blade Rebellion Premium Visual Book. Both of the episodes will be based on Queen's Blade Rebellion, a sequel to Queen's Blade: Utsukushiki Toushitachi.", "startDate": {"year": 2011, "month": 10, "day": 29}, "endDate": {"year": 2012, "month": 1, "day": 28}, "season": "FALL", "episodes": 2, "duration": 21, "genres": ["Action", "Adventure", "Ecchi", "Fantasy"], "averageScore": 57, "trending": 0, "popularity": 1117, "streamingEpisodes": [], "coverImage": {"large": "https://s3.anilist.co/media/anime/cover/medium/10924.jpg", "medium": "https://s3.anilist.co/media/anime/cover/small/10924.jpg"}, "bannerImage": null, "isAdult": false, "format": "OVA"}, {"id": 10928, "title": {"romaji": "Nogizaka Haruka no Himitsu: Finale", "english": "Haruka Nogizaka's Secret: Finale"}, "type": "ANIME", "status": "FINISHED", "description": "Yuuto and Haruka are looking forward to spending time together on a school trip. However, Shina finally works up the nerve to tell Yuuto she has feelings for him. This event drives a wedge between Haruka and Yuuto and forces them to confront how they feel.<br><br>\n(Source: ANN)", "startDate": {"year": 2012, "month": 8, "day": 19}, "endDate": {"year": 2012, "month": 11, "day": 28}, "season": "SUMMER", "episodes": 4, "duration": 25, "genres": ["Comedy", "Romance"], "averageScore": 68, "trending": 0, "popularity": 2207, "streamingEpisodes": [], "coverImage": {"large": "https://s3.anilist.co/media/anime/cover/medium/10928.jpg", "medium": "https://s3.anilist.co/media/anime/cover/small/10928.jpg"}, "bannerImage": null, "isAdult": false, "format": "OVA"}, {"id": 10933, "title": {"romaji": "R-15 OVA", "english": null}, "type": "ANIME", "status": "FINISHED", "description": "According to Kadokawa, an OVA of R-15 will be bundled with the tenth volume of the novel.", "startDate": {"year": 2011, "month": 12, "day": 13}, "endDate": {"year": 2011, "month": 12, "day": 13}, "season": "WINTER", "episodes": 1, "duration": 29, "genres": ["Comedy", "Ecchi", "Romance"], "averageScore": 63, "trending": 0, "popularity": 1491, "streamingEpisodes": [], "coverImage": {"large": "https://s3.anilist.co/media/anime/cover/medium/10933.jpg", "medium": "https://s3.anilist.co/media/anime/cover/small/10933.jpg"}, "bannerImage": null, "isAdult": false, "format": "OVA"}, {"id": 10934, "title": {"romaji": "Itsuka Tenma no Kuro Usagi OVA", "english": "A Dark Rabbit has Seven Lives OVA"}, "type": "ANIME", "status": "FINISHED", "description": "According to the official website, an OVA of Itsuka Tenma no Kuro Usagi was announced to be bundled with the ninth volume of the novel. <br><br>\nAn animated crossover between Itsu-Ten and The Legend of the Legendary Heroes (Densetsu no Yuusha no Densetsu or DenYuuDen) fantasy story.", "startDate": {"year": 2011, "month": 12, "day": 5}, "endDate": {"year": 2011, "month": 12, "day": 5}, "season": "WINTER", "episodes": 1, "duration": 24, "genres": ["Comedy", "Ecchi", "Romance", "Supernatural"], "averageScore": 65, "trending": 0, "popularity": 1533, "streamingEpisodes": [], "coverImage": {"large": "https://s3.anilist.co/media/anime/cover/medium/10934.jpg", "medium": "https://s3.anilist.co/media/anime/cover/small/10934.jpg"}, "bannerImage": null, "isAdult": false, "format": "OVA"}, {"id": 10935, "title": {"romaji": "Hourou Musuko Specials", "english": "Wandering Son Specials"}, "type": "ANIME", "status": "FINISHED", "description": "The full versions of episodes 10 and 11 that were previously edited together into episode 10 of the TV series.", "startDate": {"year": 2011, "month": 8, "day": 24}, "endDate": {"year": 2011, "month": 9, "day": 21}, "season": "SUMMER", "episodes": 2, "duration": 23, "genres": ["Drama"], "averageScore": 74, "trending": 0, "popularity": 995, "streamingEpisodes": [], "coverImage": {"large": "https://s3.anilist.co/media/anime/cover/medium/10935.jpg", "medium": "https://s3.anilist.co/media/anime/cover/small/10935.jpg"}, "bannerImage": null, "isAdult": false, "format": "SPECIAL"}, {"id": 10936, "title": {"romaji": "Nekogami Yaoyorozu: Ohanami Ghostbusters", "english": "Cat God: Ohanami Ghostbusters"}, "type": "ANIME", "status": "FINISHED", "description": "According to the official website, an OVA of Nekogami Yaoyorozu was announced to be released on March 21st 2012.", "startDate": {"year": 2012, "month": 3, "day": 21}, "endDate": {"year": 2012, "month": 3, "day": 21}, "season": "SPRING", "episodes": 1, "duration": 27, "genres": ["Comedy", "Supernatural"], "averageScore": 61, "trending": 0, "popularity": 370, "streamingEpisodes": [], "coverImage": {"large": "https://s3.anilist.co/media/anime/cover/medium/10936.jpg", "medium": "https://s3.anilist.co/media/anime/cover/small/10936.jpg"}, "bannerImage": null, "isAdult": false, "format": "OVA"}, {"id": 10937, "title": {"romaji": "Kidou Senshi Gundam: The Origin", "english": "Mobile Suit Gundam: The Origin"}, "type": "ANIME", "status": "FINISHED", "description": "The first episode, Aoi Hitomi no Casval, tells the story of Casval Rem Deikun and Artesia Som Deikun (Char and Sayla, before Char became known as the Red Comet) before the One-Year War in UC.0068.<br>\n<br>\nThe story for the second episode, Kanashimi no Artesia, moves three years ahead to U.C. 0071. The story will follow the tearful separation of the siblings Casval and Artesia (before they became known as Char and Sayla). It will also feature more of the development of the mobile suits, particularly on the Zeon side.<br>\n<br>\nThe third episode, Akatsuki no Houki, follows the youth who would become known as Char Aznable and his future comrade Garma Zabi after they join the Zeons' military academy.<br>\n<br>\n(Source: ANN)", "startDate": {"year": 2015, "month": 2, "day": 28}, "endDate": {"year": 2018, "month": 5, "day": 5}, "season": "WINTER", "episodes": 6, "duration": 60, "genres": ["Action", "Mecha", "Sci-Fi"], "averageScore": 80, "trending": 0, "popularity": 3376, "streamingEpisodes": [], "coverImage": {"large": "https://s3.anilist.co/media/anime/cover/medium/10937-G7aJeLaMQXQo.jpg", "medium": "https://s3.anilist.co/media/anime/cover/small/10937-G7aJeLaMQXQo.jpg"}, "bannerImage": "https://s3.anilist.co/media/anime/banner/10937-qB4wb4GA9emg.jpg", "isAdult": false, "format": "OVA"}, {"id": 10938, "title": {"romaji": "Innocent: Shoujo Memoria", "english": null}, "type": "ANIME", "status": "FINISHED", "description": "* Based on the manga by Akatsuki Myuuto.", "startDate": {"year": 2011, "month": 7, "day": 5}, "endDate": {"year": 2011, "month": 7, "day": 5}, "season": "SUMMER", "episodes": 1, "duration": 12, "genres": ["Hentai"], "averageScore": 50, "trending": 0, "popularity": 205, "streamingEpisodes": [], "coverImage": {"large": "https://s3.anilist.co/media/anime/cover/medium/10938.jpg", "medium": "https://s3.anilist.co/media/anime/cover/small/10938.jpg"}, "bannerImage": null, "isAdult": true, "format": "OVA"}, {"id": 10941, "title": {"romaji": "Mushi no Tameiki", "english": null}, "type": "ANIME", "status": "FINISHED", "description": "Kousuke Sugimoto animates Handsome Kenya's song \"Mushi no Tameiki\" (Insect's Sigh).", "startDate": {"year": 2011, "month": 7, "day": 10}, "endDate": {"year": 2011, "month": 7, "day": 10}, "season": "SUMMER", "episodes": 1, "duration": 3, "genres": ["Music"], "averageScore": 48, "trending": 0, "popularity": 119, "streamingEpisodes": [], "coverImage": {"large": "https://s3.anilist.co/media/anime/cover/medium/10941.jpg", "medium": "https://s3.anilist.co/media/anime/cover/small/10941.jpg"}, "bannerImage": null, "isAdult": false, "format": "MUSIC"}, {"id": 10943, "title": {"romaji": "Tsuyoshi Shikkari Shinasai: Tsuyoshi no Time Machine de Shikkari Shinasai", "english": null}, "type": "ANIME", "status": "FINISHED", "description": "Tsuyoshi Shikkari Shinasai movie.", "startDate": {"year": 1993, "month": 12, "day": 5}, "endDate": {"year": 1993, "month": 12, "day": 5}, "season": "WINTER", "episodes": 1, "duration": 30, "genres": ["Comedy", "Drama", "Romance", "Slice of Life"], "averageScore": null, "trending": 0, "popularity": 20, "streamingEpisodes": [], "coverImage": {"large": "https://s3.anilist.co/media/anime/cover/medium/10943.jpg", "medium": "https://s3.anilist.co/media/anime/cover/small/10943.jpg"}, "bannerImage": null, "isAdult": false, "format": "MOVIE"}, {"id": 10945, "title": {"romaji": "Maria Holic Alive Special", "english": null}, "type": "ANIME", "status": "FINISHED", "description": "An unaired scene (C part) from the first episode.", "startDate": {"year": 2011, "month": 7, "day": 27}, "endDate": {"year": 2011, "month": 7, "day": 27}, "season": "SUMMER", "episodes": 1, "duration": 2, "genres": ["Comedy", "Romance"], "averageScore": 59, "trending": 0, "popularity": 618, "streamingEpisodes": [], "coverImage": {"large": "https://s3.anilist.co/media/anime/cover/medium/10945.jpg", "medium": "https://s3.anilist.co/media/anime/cover/small/10945.jpg"}, "bannerImage": null, "isAdult": false, "format": "SPECIAL"}, {"id": 10947, "title": {"romaji": "Koukaku Kidoutai: Stand Alone Complex - The Laughing Man - Tachikoma no Hibi", "english": "Ghost in the Shell: Stand Alone Complex - The Laughing Man - Tachikomatic Days"}, "type": "ANIME", "status": "FINISHED", "description": "Tachikomatic Days short that was released on the Laughing Man DVD.", "startDate": {"year": 2005, "month": 9, "day": 23}, "endDate": {"year": 2005, "month": 9, "day": 23}, "season": "FALL", "episodes": 1, "duration": 2, "genres": ["Comedy", "Mecha", "Sci-Fi"], "averageScore": 58, "trending": 0, "popularity": 507, "streamingEpisodes": [], "coverImage": {"large": "https://s3.anilist.co/media/anime/cover/medium/10947.jpg", "medium": "https://s3.anilist.co/media/anime/cover/small/10947.jpg"}, "bannerImage": null, "isAdult": false, "format": "SPECIAL"}, {"id": 10948, "title": {"romaji": "Koukaku Kidoutai: Stand Alone Complex 2nd GIG - Individual Eleven - Tachikoma no Hibi", "english": "Ghost in the Shell: Stand Alone Complex 2nd GIG - Individual Eleven - Tachikomatic Days"}, "type": "ANIME", "status": "FINISHED", "description": "Tachikomatic Days short that was released on the Individual Eleven DVD.", "startDate": {"year": 2006, "month": 1, "day": 27}, "endDate": {"year": 2006, "month": 1, "day": 27}, "season": "WINTER", "episodes": 1, "duration": 3, "genres": ["Comedy", "Mecha", "Sci-Fi"], "averageScore": 58, "trending": 0, "popularity": 509, "streamingEpisodes": [], "coverImage": {"large": "https://s3.anilist.co/media/anime/cover/medium/10948.jpg", "medium": "https://s3.anilist.co/media/anime/cover/small/10948.jpg"}, "bannerImage": null, "isAdult": false, "format": "SPECIAL"}, {"id": 10949, "title": {"romaji": "Koukaku Kidoutai: Stand Alone Complex - Interval", "english": "Ghost in the Shell: Stand Alone Complex - Interval"}, "type": "ANIME", "status": "FINISHED", "description": "Tachikomatic Days shorts released on a fan disc compilation.  Later re-released on a BD box with all the Tachikoma shorts.", "startDate": {"year": 2004, "month": 2, "day": 25}, "endDate": {"year": 2004, "month": 2, "day": 25}, "season": "WINTER", "episodes": 3, "duration": 3, "genres": ["Comedy", "Mecha", "Sci-Fi"], "averageScore": 54, "trending": 0, "popularity": 494, "streamingEpisodes": [], "coverImage": {"large": "https://s3.anilist.co/media/anime/cover/medium/10949.jpg", "medium": "https://s3.anilist.co/media/anime/cover/small/10949.jpg"}, "bannerImage": null, "isAdult": false, "format": "SPECIAL"}, {"id": 10950, "title": {"romaji": "Koukaku Kidoutai: Stand Alone Complex - Solid State Society 3D - Tachikoma no Hibi", "english": "Ghost in the Shell: Stand Alone Complex: Solid State Society 3D: Tachikomatic Days"}, "type": "ANIME", "status": "FINISHED", "description": "Three new 3D Tachikomatic shorts released with the 3D version of Ghost in the Shell: Stand Alone Complex - Solid State Society on blu-ray and also in a BD-box with all the Tachikoma shorts.", "startDate": {"year": 2011, "month": 7, "day": 22}, "endDate": {"year": 2011, "month": 7, "day": 22}, "season": "SUMMER", "episodes": 3, "duration": 4, "genres": ["Comedy", "Mecha", "Sci-Fi"], "averageScore": 55, "trending": 0, "popularity": 407, "streamingEpisodes": [], "coverImage": {"large": "https://s3.anilist.co/media/anime/cover/medium/10950.jpg", "medium": "https://s3.anilist.co/media/anime/cover/small/10950.jpg"}, "bannerImage": null, "isAdult": false, "format": "SPECIAL"}, {"id": 10953, "title": {"romaji": "Pants Pankurou", "english": null}, "type": "ANIME", "status": "FINISHED", "description": "A series of minute-long animated shorts that aired on Japanese public television. Aimed at toddlers and young children, the comedic series is mostly about toilet training.", "startDate": {"year": 2004, "month": 4, "day": 16}, "endDate": {"year": 2008, "month": 3, "day": 16}, "season": "SPRING", "episodes": 85, "duration": 1, "genres": ["Comedy", "Slice of Life"], "averageScore": null, "trending": 0, "popularity": 11, "streamingEpisodes": [], "coverImage": {"large": "https://s3.anilist.co/media/anime/cover/medium/10953.jpg", "medium": "https://s3.anilist.co/media/anime/cover/small/10953.jpg"}, "bannerImage": null, "isAdult": false, "format": "TV_SHORT"}, {"id": 10954, "title": {"romaji": "Toei Robot Girls", "english": null}, "type": "ANIME", "status": "FINISHED", "description": "A pilot film streamed on the anime studio Toei Animation's website. The female leads in the film are dressed as various famous robots in Toei's anime catalog - the girls are personifications of robots in the Gaiking (\"Gai-chan\"), Magnerobo Ga-Keen (\"Gacky\"), and Superhuman Combat Team Baratack (\"Bara-tan\") and the newly added character is from the anime Planet Robot Danguard Ace.<br><br>\n(Source: ANN)", "startDate": {"year": 2011, "month": 7, "day": 2}, "endDate": {"year": 2011, "month": 7, "day": 2}, "season": "SUMMER", "episodes": 1, "duration": 2, "genres": ["Mecha", "Sci-Fi"], "averageScore": 47, "trending": 0, "popularity": 293, "streamingEpisodes": [], "coverImage": {"large": "https://s3.anilist.co/media/anime/cover/medium/10954.jpg", "medium": "https://s3.anilist.co/media/anime/cover/small/10954.jpg"}, "bannerImage": null, "isAdult": false, "format": "ONA"}, {"id": 10958, "title": {"romaji": "High Score", "english": null}, "type": "ANIME", "status": "FINISHED", "description": "A school comedy with violent and blue jokes. Fujiwara Megumi is a beautiful high school girl but has a selfish and violent character. She has a boyfriend named Matsumoto Masamune, but she often goes around with other boys, who end up as victims due to her selfish behavior.", "startDate": {"year": 2011, "month": 11, "day": 28}, "endDate": {"year": 2012, "month": 1, "day": 30}, "season": "FALL", "episodes": 8, "duration": 3, "genres": ["Comedy"], "averageScore": 49, "trending": 0, "popularity": 754, "streamingEpisodes": [], "coverImage": {"large": "https://s3.anilist.co/media/anime/cover/medium/10958.jpg", "medium": "https://s3.anilist.co/media/anime/cover/small/10958.jpg"}, "bannerImage": null, "isAdult": false, "format": "TV_SHORT"}, {"id": 10964, "title": {"romaji": "Heavy", "english": null}, "type": "ANIME", "status": "FINISHED", "description": "Gai, a karate expert in the New York slum, is trained to be a boxing champion by a cancer-strucken doctor and a transvestite suffering from AIDS. Based on the manga by Motoka Murakami.", "startDate": {"year": 1990, "month": 4, "day": 14}, "endDate": {"year": 1990, "month": 4, "day": 14}, "season": "SPRING", "episodes": 1, "duration": 50, "genres": ["Action", "Drama", "Sports"], "averageScore": null, "trending": 0, "popularity": 29, "streamingEpisodes": [], "coverImage": {"large": "https://s3.anilist.co/media/anime/cover/medium/10964.jpg", "medium": "https://s3.anilist.co/media/anime/cover/small/10964.jpg"}, "bannerImage": null, "isAdult": false, "format": "MOVIE"}, {"id": 10965, "title": {"romaji": "Kagaku Boukentai Tansar 5", "english": null}, "type": "ANIME", "status": "FINISHED", "description": "In 1999, a special mystery/paranormal investigative unit consisting of five youths is formed. The series uses a mix of real tokusatsu footage (vehicle scenes) and animation (character drama).", "startDate": {"year": 1979, "month": 7, "day": 27}, "endDate": {"year": 1980, "month": 3, "day": 28}, "season": "SUMMER", "episodes": 34, "duration": 24, "genres": ["Adventure", "Mystery", "Sci-Fi", "Supernatural"], "averageScore": null, "trending": 0, "popularity": 19, "streamingEpisodes": [], "coverImage": {"large": "https://s3.anilist.co/media/anime/cover/medium/10965-aFGzpjvrOBpo.png", "medium": "https://s3.anilist.co/media/anime/cover/small/10965-aFGzpjvrOBpo.png"}, "bannerImage": null, "isAdult": false, "format": "TV"}, {"id": 10967, "title": {"romaji": "Circuit no Ookami II: Modena no Ken", "english": null}, "type": "ANIME", "status": "FINISHED", "description": "The adventures of Ken Ferrari, a former racer and motor journalist with an appetite for women. Based on the manga by Satoshi Ikezawa.", "startDate": {"year": 1990, "month": 12, "day": 21}, "endDate": {"year": 1990, "month": 12, "day": 21}, "season": "WINTER", "episodes": 1, "duration": 44, "genres": [], "averageScore": null, "trending": 0, "popularity": 31, "streamingEpisodes": [], "coverImage": {"large": "https://s3.anilist.co/media/anime/cover/medium/10967.jpg", "medium": "https://s3.anilist.co/media/anime/cover/small/10967.jpg"}, "bannerImage": null, "isAdult": false, "format": "OVA"}, {"id": 10979, "title": {"romaji": "48x61", "english": null}, "type": "ANIME", "status": "FINISHED", "description": "48x61 is a short movie made by the famous director Rintaro (Astro Boy, Metropolis, ...) for the Japanese manga artist and director Katsuhiro Otomo (Akira, Mushishi, ...). It was produced by Studio Madhouse. This movie was made when Rintaro was 61 years old and Katsuhiro 48 years old.", "startDate": {"year": 2002, "month": null, "day": null}, "endDate": {"year": 2002, "month": null, "day": null}, "season": null, "episodes": 1, "duration": 6, "genres": ["Comedy"], "averageScore": 44, "trending": 0, "popularity": 209, "streamingEpisodes": [], "coverImage": {"large": "https://s3.anilist.co/media/anime/cover/medium/10979.jpg", "medium": "https://s3.anilist.co/media/anime/cover/small/10979.jpg"}, "bannerImage": null, "isAdult": false, "format": "ONA"}, {"id": 10987, "title": {"romaji": "Zettai Zetsumei Dangerous Jiisan", "english": null}, "type": "ANIME", "status": "FINISHED", "description": "Grandpa Danger is a world where the great protector is Grandpa Danger! He's an expert at falling off of cliffs, dealing with a principal who suffers from a severe inferiority complex, and escaping the hidden dangers of sleep! He's a nonsensical, utterly disgusting, relentless prankster. Grandpa Danger's excessive phlegm and farts frustrate Grandson to hilarious extremes, and make you laugh until your stomach splits!<br><br>\n(Source: AniDB)", "startDate": {"year": 2004, "month": 4, "day": 4}, "endDate": {"year": 2005, "month": 3, "day": 27}, "season": "SPRING", "episodes": 51, "duration": 5, "genres": ["Adventure", "Comedy"], "averageScore": null, "trending": 0, "popularity": 24, "streamingEpisodes": [], "coverImage": {"large": "https://s3.anilist.co/media/anime/cover/medium/10987.jpg", "medium": "https://s3.anilist.co/media/anime/cover/small/10987.jpg"}, "bannerImage": null, "isAdult": false, "format": "TV_SHORT"}, {"id": 10989, "title": {"romaji": "Stray Sheep Poe no Chicchana Daibouken", "english": null}, "type": "ANIME", "status": "FINISHED", "description": null, "startDate": {"year": 2001, "month": 10, "day": 16}, "endDate": {"year": 2001, "month": 12, "day": 22}, "season": "FALL", "episodes": 12, "duration": 2, "genres": ["Comedy"], "averageScore": null, "trending": 0, "popularity": 27, "streamingEpisodes": [], "coverImage": {"large": "https://s3.anilist.co/media/anime/cover/medium/10989.jpg", "medium": "https://s3.anilist.co/media/anime/cover/small/10989.jpg"}, "bannerImage": null, "isAdult": false, "format": "TV_SHORT"}, {"id": 10995, "title": {"romaji": "Ganbare!! Nattou-san", "english": null}, "type": "ANIME", "status": "FINISHED", "description": null, "startDate": {"year": 2011, "month": 7, "day": 2}, "endDate": {"year": 2011, "month": 7, "day": 2}, "season": "SUMMER", "episodes": 4, "duration": 5, "genres": ["Comedy"], "averageScore": null, "trending": 0, "popularity": 17, "streamingEpisodes": [], "coverImage": {"large": "https://s3.anilist.co/media/anime/cover/medium/10995.jpg", "medium": "https://s3.anilist.co/media/anime/cover/small/10995.jpg"}, "bannerImage": null, "isAdult": false, "format": "TV_SHORT"}, {"id": 10997, "title": {"romaji": "Fujilog 2nd Season", "english": null}, "type": "ANIME", "status": "FINISHED", "description": "More about the hapless life of Osamu Fujiyama, 33 years old and NEET (Not in Education, Employment or Training).", "startDate": {"year": 2011, "month": 10, "day": 2}, "endDate": {"year": 2011, "month": 12, "day": 26}, "season": "FALL", "episodes": 13, "duration": 4, "genres": ["Comedy"], "averageScore": null, "trending": 0, "popularity": 24, "streamingEpisodes": [], "coverImage": {"large": "https://s3.anilist.co/media/anime/cover/medium/10997.jpg", "medium": "https://s3.anilist.co/media/anime/cover/small/10997.jpg"}, "bannerImage": null, "isAdult": false, "format": "TV_SHORT"}, {"id": 10999, "title": {"romaji": "Inazuma Eleven Go: Kyuukyoku no Kizuna Gryphon", "english": null}, "type": "ANIME", "status": "FINISHED", "description": "Inazuma Eleven Go Movie.", "startDate": {"year": 2011, "month": 12, "day": 23}, "endDate": {"year": 2011, "month": 12, "day": 23}, "season": "WINTER", "episodes": 1, "duration": 90, "genres": ["Sci-Fi", "Sports"], "averageScore": 68, "trending": 0, "popularity": 597, "streamingEpisodes": [], "coverImage": {"large": "https://s3.anilist.co/media/anime/cover/medium/10999.jpg", "medium": "https://s3.anilist.co/media/anime/cover/small/10999.jpg"}, "bannerImage": null, "isAdult": false, "format": "MOVIE"}, {"id": 11001, "title": {"romaji": "Toshokan Sensou: Kakumei no Tsubasa", "english": "Library War: The Wings of Revolution"}, "type": "ANIME", "status": "FINISHED", "description": "Kasahara Iku and Dojo Atsushi receive an emergency recall in the middle of their date as Japan is rocked by a terror attack. Their new duty is a protection detail assigned to Touma Kurato, an author. Meanwhile, the relationship between Librarians and the Media Purity Committee is also worsening. ", "startDate": {"year": 2012, "month": 6, "day": 16}, "endDate": {"year": 2012, "month": 6, "day": 16}, "season": "SUMMER", "episodes": 1, "duration": 105, "genres": ["Action", "Comedy", "Romance"], "averageScore": 73, "trending": 0, "popularity": 1346, "streamingEpisodes": [], "coverImage": {"large": "https://s3.anilist.co/media/anime/cover/medium/11001.jpg", "medium": "https://s3.anilist.co/media/anime/cover/small/11001.jpg"}, "bannerImage": null, "isAdult": false, "format": "MOVIE"}, {"id": 11005, "title": {"romaji": "Holy Knight", "english": null}, "type": "ANIME", "status": "FINISHED", "description": "The story centers around a timid orphan named Mizumura Shinta who goes to a missionary school in Tokyo. His seemingly normal life changes when a beautiful half-human Romanian girl named Lilith suddenly transfers into his school. Mizumura discovers that he is actually a vampire hunter and the successor of the Romuald lineage.<br><br>\n(Source: ANN)", "startDate": {"year": 2012, "month": 3, "day": 21}, "endDate": {"year": 2012, "month": 5, "day": 25}, "season": "SPRING", "episodes": 2, "duration": 30, "genres": ["Ecchi", "Supernatural"], "averageScore": 56, "trending": 0, "popularity": 2008, "streamingEpisodes": [{"title": "Episode 1 - OVA 1", "url": "http://www.crunchyroll.com/holy-knight/episode-1-ova-1-669677"}, {"title": "Episode 2 - OVA 2", "url": "http://www.crunchyroll.com/holy-knight/episode-2-ova-2-669679"}], "coverImage": {"large": "https://s3.anilist.co/media/anime/cover/medium/11005.jpg", "medium": "https://s3.anilist.co/media/anime/cover/small/11005.jpg"}, "bannerImage": null, "isAdult": false, "format": "OVA"}, {"id": 11009, "title": {"romaji": "Pokemon 4D: Pikachu no Kaiyou Adventure", "english": "Pokemon 4D: Pikachu's Ocean Adventure"}, "type": "ANIME", "status": "FINISHED", "description": "When Pikachu and friends decide to stop by a tropical island for some rest and relaxation, they got more than they had bargained for after Chatot discovers a Treasure Map! They follow the map to Wailord&rsquo;s Tear, a mysterious place located in a sunken pirate ship. Will Pikachu and friends find the treasure? What mysteries and dangers are in store? Will our pals return safely? Find out in Pikachu&rsquo;s Ocean Adventure! <br><br>\n(Source: Bulbapedia)", "startDate": {"year": 2006, "month": 5, "day": 20}, "endDate": {"year": 2006, "month": 5, "day": 20}, "season": "SPRING", "episodes": 1, "duration": 14, "genres": ["Adventure", "Comedy"], "averageScore": 62, "trending": 0, "popularity": 458, "streamingEpisodes": [], "coverImage": {"large": "https://s3.anilist.co/media/anime/cover/medium/11009.jpg", "medium": "https://s3.anilist.co/media/anime/cover/small/11009.jpg"}, "bannerImage": null, "isAdult": false, "format": "SPECIAL"}, {"id": 11013, "title": {"romaji": "Inu x Boku SS", "english": "Inu X Boku Secret Service"}, "type": "ANIME", "status": "FINISHED", "description": "The Shirakiin house's daughter, Shirakiin Ririchiyo, who has a complex about being unable to live independently and unprotected, feels the need to move out and live on her own under the condition of residing in the mansion named \"Ayakashi Kan.\" In this mansion, only those who have cleared a very strict examination could reside in it, and for each resident, they are accompanied with one agent of the Secret Service (S.S.). Although Riricho has rejected the company of the S.S., while residing in the mansion she finds out that the agent dedicated to protecting her is actually the Fox Spirit. ", "startDate": {"year": 2012, "month": 1, "day": 13}, "endDate": {"year": 2012, "month": 3, "day": 30}, "season": "WINTER", "episodes": 12, "duration": 24, "genres": ["Comedy", "Romance", "Supernatural"], "averageScore": 71, "trending": 1, "popularity": 18481, "streamingEpisodes": [{"title": "Episode 1 - Dog and Me", "url": "http://www.crunchyroll.com/inu-x-boku-secret-service/episode-1-dog-and-me-590038"}, {"title": "Episode 2 - A Lonely Dog", "url": "http://www.crunchyroll.com/inu-x-boku-secret-service/episode-2-a-lonely-dog-590040"}, {"title": "Episode 3 - The Real Contract", "url": "http://www.crunchyroll.com/inu-x-boku-secret-service/episode-3-the-real-contract-590042"}, {"title": "Episode 4 - Ayakashi Kan Walk Rally", "url": "http://www.crunchyroll.com/inu-x-boku-secret-service/episode-4-ayakashi-kan-walk-rally-590044"}, {"title": "Episode 5 - Kagerou of the Spring", "url": "http://www.crunchyroll.com/inu-x-boku-secret-service/episode-5-kagerou-of-the-spring-590046"}, {"title": "Episode 6 - Don't Think Don't Think", "url": "http://www.crunchyroll.com/inu-x-boku-secret-service/episode-6-dont-think-dont-think-590048"}, {"title": "Episode 7 - Their Night Alone", "url": "http://www.crunchyroll.com/inu-x-boku-secret-service/episode-7-their-night-alone-590050"}, {"title": "Episode 8 - Tea and Distance", "url": "http://www.crunchyroll.com/inu-x-boku-secret-service/episode-8-tea-and-distance-590052"}, {"title": "Episode 9 - The Day of the Promise", "url": "http://www.crunchyroll.com/inu-x-boku-secret-service/episode-9-the-day-of-the-promise-590054"}, {"title": "Episode 10 - The Unfaithful Dog", "url": "http://www.crunchyroll.com/inu-x-boku-secret-service/episode-10-the-unfaithful-dog-590056"}, {"title": "Episode 11 - Kagerou", "url": "http://www.crunchyroll.com/inu-x-boku-secret-service/episode-11-kagerou-590058"}, {"title": "Episode 12 - The Day We Came Together", "url": "http://www.crunchyroll.com/inu-x-boku-secret-service/episode-12-the-day-we-came-together-590060"}], "coverImage": {"large": "https://s3.anilist.co/media/anime/cover/medium/11013.jpg", "medium": "https://s3.anilist.co/media/anime/cover/small/11013.jpg"}, "bannerImage": "https://s3.anilist.co/media/anime/banner/11013.jpg", "isAdult": false, "format": "TV"}, {"id": 11017, "title": {"romaji": "Battle Spirits: Heroes", "english": null}, "type": "ANIME", "status": "FINISHED", "description": "An anime project adapted from an original trading card game, in which cards represent dragons, demons, birds, insects, and other spirits that the players can control in battles.", "startDate": {"year": 2011, "month": 9, "day": 18}, "endDate": {"year": 2012, "month": 9, "day": 2}, "season": "FALL", "episodes": 50, "duration": 24, "genres": ["Action"], "averageScore": null, "trending": 0, "popularity": 111, "streamingEpisodes": [], "coverImage": {"large": "https://s3.anilist.co/media/anime/cover/medium/11017.jpg", "medium": "https://s3.anilist.co/media/anime/cover/small/11017.jpg"}, "bannerImage": null, "isAdult": false, "format": "TV"}, {"id": 11019, "title": {"romaji": "Pokemon 3D Adventure: Mew wo Sagase!", "english": "Pokemon 3D Adventure: Find Mew!"}, "type": "ANIME", "status": "FINISHED", "description": "Pikachu and Meowth are on a search: a search for the elusive Pok&eacute;mon, Mew. They search everywhere! The sea, the sky, the woods...will they ever find Mew? <br><br>\n(Source: Bulbapedia)", "startDate": {"year": 2005, "month": 3, "day": 18}, "endDate": {"year": 2005, "month": 3, "day": 18}, "season": "SPRING", "episodes": 1, "duration": 11, "genres": ["Adventure", "Comedy"], "averageScore": 61, "trending": 0, "popularity": 479, "streamingEpisodes": [], "coverImage": {"large": "https://s3.anilist.co/media/anime/cover/medium/11019.jpg", "medium": "https://s3.anilist.co/media/anime/cover/small/11019.jpg"}, "bannerImage": null, "isAdult": false, "format": "SPECIAL"}, {"id": 11021, "title": {"romaji": "Muv-Luv Alternative: Total Eclipse", "english": null}, "type": "ANIME", "status": "FINISHED", "description": "Since 1973, an invasion of aliens known as BETA upon Earth is driving human civilization into nearly collapse. Facing an enormous mass of enemy force, mankind has developed large humanoid arms called as Tactical Surface Fighters and deployed them to its defense lines through out the world. However, all those efforts could slow down defeats but could not stop BETA, and mankind is forced to abandon major area of the Eurasian Continent. For 30 years, mankind is bogged down in an endless war against BETA without any hopes of victory.<br><br>\nIn 2001, the Imperial Japan faces difficulties in the development of a next-generation main Tactical Surface Fighters (TSF) as it defends the front lines of the Far East. The UN has proposed a joint development program between the Imperial Japan and the United States as a part of its international mutual development project of TSF, the Prominence Project.<br><br>\nYui Takamura, a surface pilot of the Imperial Royal Guards of Japan, is given responsibility for the project and sets off to Alaska. Meanwhile, Yuya Bridges, also a surface pilot of the US Army, was heading to the same destination.<br><br>\nYet they never knew that their encounter would change their destiny drastically.<br><br>\nThis story with exciting human dramas and robot actions takes place in the development of a new Tactical Surface Fighters, the most important and effective weapons against BETA, at a crisis of human extinction.<br><br>\n(Source: Muv-Luv Total Eclipse Official English Website)", "startDate": {"year": 2012, "month": 7, "day": 2}, "endDate": {"year": 2012, "month": 12, "day": 24}, "season": "SUMMER", "episodes": 24, "duration": 24, "genres": ["Action", "Mecha", "Sci-Fi"], "averageScore": 65, "trending": 1, "popularity": 5895, "streamingEpisodes": [{"title": "PV 3", "url": "http://www.crunchyroll.com/total-eclipse/total-eclipse-pv-3-601937"}, {"title": "PV 1", "url": "http://www.crunchyroll.com/total-eclipse/total-eclipse-pv-1-600983"}, {"title": "Episode 1 - The Imperial Capital Burns - Part 1", "url": "http://www.crunchyroll.com/total-eclipse/episode-1-the-imperial-capital-burns-part-1-601589"}, {"title": "Episode 2 - The Imperial Capitol Burns - Part 2", "url": "http://www.crunchyroll.com/total-eclipse/episode-2-the-imperial-capitol-burns-part-2-601591"}, {"title": "Episode 3 - Verdant Yukon", "url": "http://www.crunchyroll.com/total-eclipse/episode-3-verdant-yukon-601593"}, {"title": "Episode 4 - A Flock of Hazy Moons", "url": "http://www.crunchyroll.com/total-eclipse/episode-4-a-flock-of-hazy-moons-601595"}, {"title": "Episode 5 - The Right Stuff", "url": "http://www.crunchyroll.com/total-eclipse/episode-5-the-right-stuff-601597"}, {"title": "Episode 6 - Ultramarine", "url": "http://www.crunchyroll.com/total-eclipse/episode-6-ultramarine-601599"}, {"title": "Episode 7 - Wanderer's Whereabouts", "url": "http://www.crunchyroll.com/total-eclipse/episode-7-wanderers-whereabouts-601601"}, {"title": "Episode 8 - The Far East Front Lines", "url": "http://www.crunchyroll.com/total-eclipse/episode-8-the-far-east-front-lines-601603"}, {"title": "Episode 9 - Falling Tears", "url": "http://www.crunchyroll.com/total-eclipse/episode-9-falling-tears-601605"}, {"title": "Episode 10 - Premonition", "url": "http://www.crunchyroll.com/total-eclipse/episode-10-premonition-601607"}, {"title": "Episode 11 - BETA Offensive", "url": "http://www.crunchyroll.com/total-eclipse/episode-11-beta-offensive-601609"}, {"title": "Episode 12 - The End of a Deadly Battle", "url": "http://www.crunchyroll.com/total-eclipse/episode-12-the-end-of-a-deadly-battle-601611"}, {"title": "Episode 13 - The Price of a Choice", "url": "http://www.crunchyroll.com/total-eclipse/episode-13-the-price-of-a-choice-601613"}, {"title": "Episode 14 - An Eishi's Honor", "url": "http://www.crunchyroll.com/total-eclipse/episode-14-an-eishis-honor-601615"}, {"title": "Episode 15 - Cross To Bear", "url": "http://www.crunchyroll.com/total-eclipse/episode-15-cross-to-bear-601617"}, {"title": "Episode 16 - Pale Blue Flame", "url": "http://www.crunchyroll.com/total-eclipse/episode-16-pale-blue-flame-601619"}, {"title": "Episode 17 - Dark Recollection", "url": "http://www.crunchyroll.com/total-eclipse/episode-17-dark-recollection-601621"}, {"title": "Episode 18 - The Sound of Twisted Wings", "url": "http://www.crunchyroll.com/total-eclipse/episode-18-the-sound-of-twisted-wings-601623"}, {"title": "Episode 19 - Deep Green", "url": "http://www.crunchyroll.com/total-eclipse/episode-19-deep-green-601625"}, {"title": "Episode 20 - Pre-Climax Special", "url": "http://www.crunchyroll.com/total-eclipse/episode-20-pre-climax-special-601627"}, {"title": "Episode 21 - The World Bares Its Fangs", "url": "http://www.crunchyroll.com/total-eclipse/episode-21-the-world-bares-its-fangs-601629"}, {"title": "Episode 22 - Something or Another", "url": "http://www.crunchyroll.com/total-eclipse/episode-22-something-or-another-601631"}, {"title": "Episode 23 - Untainted Revenge", "url": "http://www.crunchyroll.com/total-eclipse/episode-23-untainted-revenge-601633"}, {"title": "Episode 24 - The Victory Song of the Dead", "url": "http://www.crunchyroll.com/total-eclipse/episode-24-the-victory-song-of-the-dead-601635"}, {"title": "Episode 25 - White Darkness", "url": "http://www.crunchyroll.com/total-eclipse/episode-25-white-darkness-601637"}], "coverImage": {"large": "https://s3.anilist.co/media/anime/cover/medium/11021.jpg", "medium": "https://s3.anilist.co/media/anime/cover/small/11021.jpg"}, "bannerImage": "https://s3.anilist.co/media/anime/banner/11021-werBtOlKb8pW.jpg", "isAdult": false, "format": "TV"}, {"id": 11031, "title": {"romaji": "Vampire", "english": null}, "type": "ANIME", "status": "FINISHED", "description": "Based on H-game: Kyonyuu Majo produced by Waffle.<br><br>\nYuuto Akiyama, a butler with ancient powers, begins serving a household of busty vampires! Yuuto must satisfy these women, and figure out the secret of the strange house.", "startDate": {"year": 2011, "month": 9, "day": 16}, "endDate": {"year": 2012, "month": 1, "day": 20}, "season": "FALL", "episodes": 2, "duration": 30, "genres": ["Hentai", "Supernatural"], "averageScore": 54, "trending": 0, "popularity": 260, "streamingEpisodes": [], "coverImage": {"large": "https://s3.anilist.co/media/anime/cover/medium/11031.jpg", "medium": "https://s3.anilist.co/media/anime/cover/small/11031.jpg"}, "bannerImage": null, "isAdult": true, "format": "OVA"}, {"id": 11033, "title": {"romaji": "Natsuiro Egao de 1, 2, Jump!", "english": null}, "type": "ANIME", "status": "FINISHED", "description": "Third single for the anime-idol group, &micro;'s!", "startDate": {"year": 2011, "month": 8, "day": 24}, "endDate": {"year": 2011, "month": 8, "day": 24}, "season": null, "episodes": 1, "duration": 5, "genres": ["Music"], "averageScore": 67, "trending": 0, "popularity": 1421, "streamingEpisodes": [], "coverImage": {"large": "https://s3.anilist.co/media/anime/cover/medium/11033.jpg", "medium": "https://s3.anilist.co/media/anime/cover/small/11033.jpg"}, "bannerImage": null, "isAdult": false, "format": "MUSIC"}, {"id": 11043, "title": {"romaji": "Install Pilot", "english": null}, "type": "ANIME", "status": "FINISHED", "description": "Kamiyashiro Chikage was raised as a fighter of Shumisen, a secret society to seal mononke demons using special spirits called \"In\". When he was small, his father was killed by traitors to Shumisen and the trauma had made him withdraw into himself. Some years later, he gains the skill of \"In\" and is assigned an undercover mission to execute the traitors in the society.", "startDate": {"year": 2011, "month": 7, "day": 18}, "endDate": {"year": 2011, "month": 7, "day": 18}, "season": "SUMMER", "episodes": 1, "duration": 12, "genres": ["Action", "Sci-Fi"], "averageScore": null, "trending": 0, "popularity": 87, "streamingEpisodes": [], "coverImage": {"large": "https://s3.anilist.co/media/anime/cover/medium/11043.jpg", "medium": "https://s3.anilist.co/media/anime/cover/small/11043.jpg"}, "bannerImage": null, "isAdult": false, "format": "SPECIAL"}, {"id": 11049, "title": {"romaji": "Shin Maple Town Monogatari: Palm Town Hen - Konnichiwa! Atarashii Machi", "english": null}, "type": "ANIME", "status": "FINISHED", "description": "An extended version of the first episode of the TV series. ", "startDate": {"year": 1987, "month": 3, "day": 14}, "endDate": {"year": 1987, "month": 3, "day": 14}, "season": "SPRING", "episodes": 1, "duration": 30, "genres": ["Fantasy", "Slice of Life"], "averageScore": null, "trending": 0, "popularity": 24, "streamingEpisodes": [], "coverImage": {"large": "https://s3.anilist.co/media/anime/cover/medium/11049.jpg", "medium": "https://s3.anilist.co/media/anime/cover/small/11049.jpg"}, "bannerImage": null, "isAdult": false, "format": "MOVIE"}, {"id": 11053, "title": {"romaji": "Doraemon: Nobita and the Miracle Island - Animal Adventure", "english": null}, "type": "ANIME", "status": "FINISHED", "description": null, "startDate": {"year": 2012, "month": 3, "day": 3}, "endDate": {"year": 2012, "month": 3, "day": 3}, "season": "SPRING", "episodes": 1, "duration": 100, "genres": ["Adventure", "Comedy", "Fantasy"], "averageScore": 58, "trending": 0, "popularity": 122, "streamingEpisodes": [], "coverImage": {"large": "https://s3.anilist.co/media/anime/cover/medium/11053.jpg", "medium": "https://s3.anilist.co/media/anime/cover/small/11053.jpg"}, "bannerImage": null, "isAdult": false, "format": "MOVIE"}, {"id": 11061, "title": {"romaji": "Hunter x Hunter (2011)", "english": "Hunter x Hunter (2011)"}, "type": "ANIME", "status": "FINISHED", "description": "A new adaption of the manga of the same name by Togashi Yoshihiro.<br><br>\nA Hunter is one who travels the world doing all sorts of dangerous tasks. From capturing criminals to searching deep within uncharted lands for any lost treasures. Gon is a young boy whose father disappeared long ago, being a Hunter. He believes if he could also follow his father's path, he could one day reunite with him.<br><br>\nAfter becoming 12, Gon leaves his home and takes on the task of entering the Hunter exam, notorious for its low success rate and high probability of death to become an official Hunter. He befriends the revenge-driven Kurapika, the doctor-to-be Leorio and the rebellious ex-assassin Killua in the exam, with their friendship prevailing throughout the many trials and threats they come upon taking on the dangerous career of a Hunter.", "startDate": {"year": 2011, "month": 10, "day": 2}, "endDate": {"year": 2014, "month": 9, "day": 24}, "season": "FALL", "episodes": 148, "duration": 23, "genres": ["Action", "Adventure"], "averageScore": 90, "trending": 10, "popularity": 41134, "streamingEpisodes": [{"title": "Episode 1 - Departure x And x Friends", "url": "http://www.crunchyroll.com/hunter-x-hunter/episode-1-departure-x-and-x-friends-584886"}, {"title": "Episode 2 - Test x Of x Tests", "url": "http://www.crunchyroll.com/hunter-x-hunter/episode-2-test-x-of-x-tests-584888"}, {"title": "Episode 3 - Rivals x In x Survival", "url": "http://www.crunchyroll.com/hunter-x-hunter/episode-3-rivals-x-in-x-survival-585044"}, {"title": "Episode 4 - Hope x And x Ambition", "url": "http://www.crunchyroll.com/hunter-x-hunter/episode-4-hope-x-and-x-ambition-585046"}, {"title": "Episode 5 - Hisoka x Is So x Sneaky ", "url": "http://www.crunchyroll.com/hunter-x-hunter/episode-5-hisoka-x-is-so-x-sneaky-585048"}, {"title": "Episode 6 - A x Surprising x Challenge! ", "url": "http://www.crunchyroll.com/hunter-x-hunter/episode-6-a-x-surprising-x-challenge-585050"}, {"title": "Episode 7 - Showdown x On The x Airship", "url": "http://www.crunchyroll.com/hunter-x-hunter/episode-7-showdown-x-on-the-x-airship-585052"}, {"title": "Episode 8 - Decision X By X Majority?", "url": "http://www.crunchyroll.com/hunter-x-hunter/episode-8-decision-x-by-x-majority-585054"}, {"title": "Episode 9 - Beware X Of X Prisoners", "url": "http://www.crunchyroll.com/hunter-x-hunter/episode-9-beware-x-of-x-prisoners-585056"}, {"title": "Episode 10 - Trick X To The X Trick", "url": "http://www.crunchyroll.com/hunter-x-hunter/episode-10-trick-x-to-the-x-trick-585058"}, {"title": "Episode 11 - Trouble X With The X Gamble!", "url": "http://www.crunchyroll.com/hunter-x-hunter/episode-11-trouble-x-with-the-x-gamble-585060"}, {"title": "Episode 12 - Last X Test Of X Resolve", "url": "http://www.crunchyroll.com/hunter-x-hunter/episode-12-last-x-test-of-x-resolve-585062"}, {"title": "Episode 13 - Letter X From X Gon ", "url": "http://www.crunchyroll.com/hunter-x-hunter/episode-13-letter-x-from-x-gon-586858"}, {"title": "Episode 14 - Hit x The x Target ", "url": "http://www.crunchyroll.com/hunter-x-hunter/episode-14-hit-x-the-x-target-586860"}, {"title": "Episode 15 - Explosion X Of x Deception", "url": "http://www.crunchyroll.com/hunter-x-hunter/episode-15-explosion-x-of-x-deception-586862"}, {"title": "Episode 16 - Defeat X And X Disgrace", "url": "http://www.crunchyroll.com/hunter-x-hunter/episode-16-defeat-x-and-x-disgrace-586864"}, {"title": "Episode 17 - Trap X In The X Hole", "url": "http://www.crunchyroll.com/hunter-x-hunter/episode-17-trap-x-in-the-x-hole-586866"}, {"title": "Episode 18 - Big X Time X Interview", "url": "http://www.crunchyroll.com/hunter-x-hunter/episode-18-big-x-time-x-interview-586868"}, {"title": "Episode 19 - Can't Win X And X Can't Lose", "url": "http://www.crunchyroll.com/hunter-x-hunter/episode-19-cant-win-x-and-x-cant-lose-586870"}, {"title": "Episode 20 - Baffling X Turn Of X Events ", "url": "http://www.crunchyroll.com/hunter-x-hunter/episode-20-baffling-x-turn-of-x-events-586872"}, {"title": "Episode 21 - Some X Brother X Trouble", "url": "http://www.crunchyroll.com/hunter-x-hunter/episode-21-some-x-brother-x-trouble-586874"}, {"title": "Episode 22 - A X Dangerous X Watchdog", "url": "http://www.crunchyroll.com/hunter-x-hunter/episode-22-a-x-dangerous-x-watchdog-586876"}, {"title": "Episode 23 - The X Guard's X Duty", "url": "http://www.crunchyroll.com/hunter-x-hunter/episode-23-the-x-guards-x-duty-586878"}, {"title": "Episode 24 - The X Zoldyck X Family", "url": "http://www.crunchyroll.com/hunter-x-hunter/episode-24-the-x-zoldyck-x-family-586880"}, {"title": "Episode 25 - Can't See X If X You're Blind", "url": "http://www.crunchyroll.com/hunter-x-hunter/episode-25-cant-see-x-if-x-youre-blind-586882"}, {"title": "Episode 26 - Then X And X After", "url": "http://www.crunchyroll.com/hunter-x-hunter/episode-26-then-x-and-x-after-592015"}, {"title": "Episode 27 - Arrival X At The X Arena", "url": "http://www.crunchyroll.com/hunter-x-hunter/episode-27-arrival-x-at-the-x-arena-592017"}, {"title": "Episode 28 - Nen X \"Nen\"", "url": "http://www.crunchyroll.com/hunter-x-hunter/episode-28-nen-x-nen-592019"}, {"title": "Episode 29 - Awakening X And X Potential", "url": "http://www.crunchyroll.com/hunter-x-hunter/episode-29-awakening-x-and-x-potential-592021"}, {"title": "Episode 30 - Fierce X And X Ferocious", "url": "http://www.crunchyroll.com/hunter-x-hunter/episode-30-fierce-x-and-x-ferocious-592023"}, {"title": "Episode 31 - Destiny X And X Tenacity", "url": "http://www.crunchyroll.com/hunter-x-hunter/episode-31-destiny-x-and-x-tenacity-592025"}, {"title": "Episode 32 - A X Surprising X Win", "url": "http://www.crunchyroll.com/hunter-x-hunter/episode-32-a-x-surprising-x-win-592027"}, {"title": "Episode 33 - An X Empty X Threat", "url": "http://www.crunchyroll.com/hunter-x-hunter/episode-33-an-x-empty-x-threat-592029"}, {"title": "Episode 34 - Power X To X Avenge", "url": "http://www.crunchyroll.com/hunter-x-hunter/episode-34-power-x-to-x-avenge-592031"}, {"title": "Episode 35 - The X True X Pass", "url": "http://www.crunchyroll.com/hunter-x-hunter/episode-35-the-x-true-x-pass-592033"}, {"title": "Episode 36 - A Big Debt X And X A Small Kick", "url": "http://www.crunchyroll.com/hunter-x-hunter/episode-36-a-big-debt-x-and-x-a-small-kick-592035"}, {"title": "Episode 37 - Ging X And X Gon", "url": "http://www.crunchyroll.com/hunter-x-hunter/episode-37-ging-x-and-x-gon-592037"}, {"title": "Episode 38 - Reply X From X Dad", "url": "http://www.crunchyroll.com/hunter-x-hunter/episode-38-reply-x-from-x-dad-592039"}, {"title": "Episode 39 - Wish X And X Promise", "url": "http://www.crunchyroll.com/hunter-x-hunter/episode-39-wish-x-and-x-promise-592041"}, {"title": "Episode 40 - Nen X Users X Unite", "url": "http://www.crunchyroll.com/hunter-x-hunter/episode-40-nen-x-users-x-unite-592043"}, {"title": "Episode 41 - Gathering X Of X Heroes", "url": "http://www.crunchyroll.com/hunter-x-hunter/episode-41-gathering-x-of-x-heroes-601019"}, {"title": "Episode 42 - Defend X And X Attack", "url": "http://www.crunchyroll.com/hunter-x-hunter/episode-42-defend-x-and-x-attack-601021"}, {"title": "Episode 43 - A X Shocking X Tragedy", "url": "http://www.crunchyroll.com/hunter-x-hunter/episode-43-a-x-shocking-x-tragedy-601023"}, {"title": "Episode 44 - Build-up X To A X Fierce Battle", "url": "http://www.crunchyroll.com/hunter-x-hunter/episode-44-build-up-x-to-a-x-fierce-battle-601025"}, {"title": "Episode 45 - Restraint x And x Vow", "url": "http://www.crunchyroll.com/hunter-x-hunter/episode-45-restraint-x-and-x-vow-601027"}, {"title": "Episode 46 - Chasing X And X Waiting", "url": "http://www.crunchyroll.com/hunter-x-hunter/episode-46-chasing-x-and-x-waiting-601029"}, {"title": "Episode 47 - Condition X And X Condition", "url": "http://www.crunchyroll.com/hunter-x-hunter/episode-47-condition-x-and-x-condition-601031"}, {"title": "Episode 48 - Very X Sharp X Eye", "url": "http://www.crunchyroll.com/hunter-x-hunter/episode-48-very-x-sharp-x-eye-601033"}, {"title": "Episode 49 - Pursuit X And X Analysis", "url": "http://www.crunchyroll.com/hunter-x-hunter/episode-49-pursuit-x-and-x-analysis-601035"}, {"title": "Episode 50 - Ally X And X Sword", "url": "http://www.crunchyroll.com/hunter-x-hunter/episode-50-ally-x-and-x-sword-609005"}, {"title": "Episode 51 - A X Brutal X Battlefield", "url": "http://www.crunchyroll.com/hunter-x-hunter/episode-51-a-x-brutal-x-battlefield-611489"}, {"title": "Episode 52 - Assault X And X Impact", "url": "http://www.crunchyroll.com/hunter-x-hunter/episode-52-assault-x-and-x-impact-611491"}, {"title": "Episode 53 - Fake X And X Psyche", "url": "http://www.crunchyroll.com/hunter-x-hunter/episode-53-fake-x-and-x-psyche-611493"}, {"title": "Episode 54 - Fortunes X Aren't X Right?", "url": "http://www.crunchyroll.com/hunter-x-hunter/episode-54-fortunes-x-arent-x-right-611495"}, {"title": "Episode 55 - Allies X And X Lies", "url": "http://www.crunchyroll.com/hunter-x-hunter/episode-55-allies-x-and-x-lies-611497"}, {"title": "Episode 56 - Beloved X and X Beleaguered ", "url": "http://www.crunchyroll.com/hunter-x-hunter/episode-56-beloved-x-and-x-beleaguered-611499"}, {"title": "Episode 57 - Initiative X and X Law", "url": "http://www.crunchyroll.com/hunter-x-hunter/episode-57-initiative-x-and-x-law-611501"}, {"title": "Episode 58 - Signal X To X Retreat", "url": "http://www.crunchyroll.com/hunter-x-hunter/episode-58-signal-x-to-x-retreat-611503"}, {"title": "Episode 59 - Bid X And X Haste", "url": "http://www.crunchyroll.com/hunter-x-hunter/episode-59-bid-x-and-x-haste-611505"}, {"title": "Episode 60 - End x And X Beginning", "url": "http://www.crunchyroll.com/hunter-x-hunter/episode-60-end-x-and-x-beginning-611507"}, {"title": "Episode 61 - Invitation X and X Friend", "url": "http://www.crunchyroll.com/hunter-x-hunter/episode-61-invitation-x-and-x-friend-611509"}, {"title": "Episode 62 - Reality X And X Raw", "url": "http://www.crunchyroll.com/hunter-x-hunter/episode-62-reality-x-and-x-raw-611511"}, {"title": "Episode 63 - A X Hard X Master", "url": "http://www.crunchyroll.com/hunter-x-hunter/episode-63-a-x-hard-x-master-611513"}, {"title": "Episode 64 - Strengthen X And Threaten", "url": "http://www.crunchyroll.com/hunter-x-hunter/episode-64-strengthen-x-and-threaten-611515"}, {"title": "Episode 65 - Evil Fist X And Rock, Paper, Scissors!", "url": "http://www.crunchyroll.com/hunter-x-hunter/episode-65-evil-fist-x-and-rock-paper-scissors-615485"}, {"title": "Episode 66 - Strategy X And X Scheme", "url": "http://www.crunchyroll.com/hunter-x-hunter/episode-66-strategy-x-and-x-scheme-615487"}, {"title": "Episode 67 - 15 X 15", "url": "http://www.crunchyroll.com/hunter-x-hunter/episode-67-15-x-15-615489"}, {"title": "Episode 68 - Pirates X And X Guesses", "url": "http://www.crunchyroll.com/hunter-x-hunter/episode-68-pirates-x-and-x-guesses-615491"}, {"title": "Episode 69 - A X Heated X Showdown", "url": "http://www.crunchyroll.com/hunter-x-hunter/episode-69-a-x-heated-x-showdown-615493"}, {"title": "Episode 70 - Guts x And x Courage", "url": "http://www.crunchyroll.com/hunter-x-hunter/episode-70-guts-x-and-x-courage-615495"}, {"title": "Episode 71 - Bargain X And X Deal", "url": "http://www.crunchyroll.com/hunter-x-hunter/episode-71-bargain-x-and-x-deal-615497"}, {"title": "Episode 72 - Chase X And X Chance", "url": "http://www.crunchyroll.com/hunter-x-hunter/episode-72-chase-x-and-x-chance-615499"}, {"title": "Episode 73 - Insanity and Sanity", "url": "http://www.crunchyroll.com/hunter-x-hunter/episode-73-insanity-and-sanity-615501"}, {"title": "Episode 74 - Victor and Loser", "url": "http://www.crunchyroll.com/hunter-x-hunter/episode-74-victor-and-loser-615503"}, {"title": "Episode 75 - Ging's Friends X and True Friends", "url": "http://www.crunchyroll.com/hunter-x-hunter/episode-75-gings-friends-x-and-true-friends-615505"}, {"title": "Episode 76 - Reunion X And X Understanding", "url": "http://www.crunchyroll.com/hunter-x-hunter/episode-76-reunion-x-and-x-understanding-622993"}, {"title": "Episode 77 - Unease X And Sighting", "url": "http://www.crunchyroll.com/hunter-x-hunter/episode-77-unease-x-and-sighting-622995"}, {"title": "Episode 78 - Very X Rapid X  Reproduction", "url": "http://www.crunchyroll.com/hunter-x-hunter/episode-78-very-x-rapid-x-reproduction-622997"}, {"title": "Episode 79 - No X Good X NGL", "url": "http://www.crunchyroll.com/hunter-x-hunter/episode-79-no-x-good-x-ngl-622999"}, {"title": "Episode 80 - Evil X and X Terrible", "url": "http://www.crunchyroll.com/hunter-x-hunter/episode-80-evil-x-and-x-terrible-623003"}, {"title": "Episode 81 - The X Fight X Begins", "url": "http://www.crunchyroll.com/hunter-x-hunter/episode-81-the-x-fight-x-begins-623005"}, {"title": "Episode 82 - Kite X And X Slots", "url": "http://www.crunchyroll.com/hunter-x-hunter/episode-82-kite-x-and-x-slots-623007"}, {"title": "Episode 83 - Inspiration X To X Evolve", "url": "http://www.crunchyroll.com/hunter-x-hunter/episode-83-inspiration-x-to-x-evolve-623009"}, {"title": "Episode 84 - A X Fated X Awakening", "url": "http://www.crunchyroll.com/hunter-x-hunter/episode-84-a-x-fated-x-awakening-623011"}, {"title": "Episode 85 - Light X And X Dark", "url": "http://www.crunchyroll.com/hunter-x-hunter/episode-85-light-x-and-x-dark-623013"}, {"title": "Episode 86 - Promise X and X Reunion", "url": "http://www.crunchyroll.com/hunter-x-hunter/episode-86-promise-x-and-x-reunion-623015"}, {"title": "Episode 87 - Duel X And X Escape", "url": "http://www.crunchyroll.com/hunter-x-hunter/episode-87-duel-x-and-x-escape-624779"}, {"title": "Episode 88 - Rock, Paper, Scissors X and X Weakness", "url": "http://www.crunchyroll.com/hunter-x-hunter/episode-88-rock-paper-scissors-x-and-x-weakness-628485"}, {"title": "Episode 89 - Compassion and Strength", "url": "http://www.crunchyroll.com/hunter-x-hunter/episode-89-compassion-and-strength-628487"}, {"title": "Episode 90 - Interest x And x Curse", "url": "http://www.crunchyroll.com/hunter-x-hunter/episode-90-interest-x-and-x-curse-628489"}, {"title": "Episode 91 - The Strong X and X The Weak", "url": "http://www.crunchyroll.com/hunter-x-hunter/episode-91-the-strong-x-and-x-the-weak-642325"}, {"title": "Episode 92 - One Wish X and X Two Promises", "url": "http://www.crunchyroll.com/hunter-x-hunter/episode-92-one-wish-x-and-x-two-promises-642327"}, {"title": "Episode 93 - Date X With X Palm", "url": "http://www.crunchyroll.com/hunter-x-hunter/episode-93-date-x-with-x-palm-642411"}, {"title": "Episode 94 - Friend X And X Journey", "url": "http://www.crunchyroll.com/hunter-x-hunter/episode-94-friend-x-and-x-journey-642329"}, {"title": "Episode 95 - Grudge X And X Dread", "url": "http://www.crunchyroll.com/hunter-x-hunter/episode-95-grudge-x-and-x-dread-642331"}, {"title": "Episode 96 - A X Lawless X Home", "url": "http://www.crunchyroll.com/hunter-x-hunter/episode-96-a-x-lawless-x-home-642333"}, {"title": "Episode 97 - Carnage X And X Devastation", "url": "http://www.crunchyroll.com/hunter-x-hunter/episode-97-carnage-x-and-x-devastation-642335"}, {"title": "Episode 98 - Infiltration X And X Selection", "url": "http://www.crunchyroll.com/hunter-x-hunter/episode-98-infiltration-x-and-x-selection-642337"}, {"title": "Episode 99 - Combination X And X Evolution", "url": "http://www.crunchyroll.com/hunter-x-hunter/episode-99-combination-x-and-x-evolution-642339"}, {"title": "Episode 100 - Tracking X And X Pursuit", "url": "http://www.crunchyroll.com/hunter-x-hunter/episode-100-tracking-x-and-x-pursuit-642341"}, {"title": "Episode 101 - Ikalgo X And X Lighting", "url": "http://www.crunchyroll.com/hunter-x-hunter/episode-101-ikalgo-x-and-x-lighting-646045"}, {"title": "Episode 102 - Power X And X Games", "url": "http://www.crunchyroll.com/hunter-x-hunter/episode-102-power-x-and-x-games-646047"}, {"title": "Episode 103 - Check X And X Mate", "url": "http://www.crunchyroll.com/hunter-x-hunter/episode-103-check-x-and-x-mate-646049"}, {"title": "Episode 104 - Doubt X And X Hesitation", "url": "http://www.crunchyroll.com/hunter-x-hunter/episode-104-doubt-x-and-x-hesitation-646051"}, {"title": "Episode 105 - Resolve X And Awakening", "url": "http://www.crunchyroll.com/hunter-x-hunter/episode-105-resolve-x-and-awakening-646053"}, {"title": "Episode 106 - Knov and Morel", "url": "http://www.crunchyroll.com/hunter-x-hunter/episode-106-knov-and-morel-646055"}, {"title": "Episode 107 - Return X And X Retire", "url": "http://www.crunchyroll.com/hunter-x-hunter/episode-107-return-x-and-x-retire-646057"}, {"title": "Episode 108 - Gungi X Of X Komugi", "url": "http://www.crunchyroll.com/hunter-x-hunter/episode-108-gungi-x-of-x-komugi-646059"}, {"title": "Episode 109 - Taking Stock X And X Taking Action", "url": "http://www.crunchyroll.com/hunter-x-hunter/episode-109-taking-stock-x-and-x-taking-action-646061"}, {"title": "Episode 110 - Confusion X And X Expectation", "url": "http://www.crunchyroll.com/hunter-x-hunter/episode-110-confusion-x-and-x-expectation-646063"}, {"title": "Episode 111 - Charge x And x Invade", "url": "http://www.crunchyroll.com/hunter-x-hunter/episode-111-charge-x-and-x-invade-646067"}, {"title": "Episode 112 - Monster x And x Monster", "url": "http://www.crunchyroll.com/hunter-x-hunter/episode-112-monster-x-and-x-monster-646069"}, {"title": "Episode 113 - An x Indebted x Insect.", "url": "http://www.crunchyroll.com/hunter-x-hunter/episode-113-an-x-indebted-x-insect-646071"}, {"title": "Episode 114 - Divide x And x Conquer.", "url": "http://www.crunchyroll.com/hunter-x-hunter/episode-114-divide-x-and-x-conquer-646073"}, {"title": "Episode 115 - Duty X And X Question", "url": "http://www.crunchyroll.com/hunter-x-hunter/episode-115-duty-x-and-x-question-646075"}, {"title": "Episode 116 - Revenge X And Recovery", "url": "http://www.crunchyroll.com/hunter-x-hunter/episode-116-revenge-x-and-recovery-646077"}, {"title": "Episode 117 - Insult X And X Payback", "url": "http://www.crunchyroll.com/hunter-x-hunter/episode-117-insult-x-and-x-payback-646079"}, {"title": "Episode 118 - A X False X Rage", "url": "http://www.crunchyroll.com/hunter-x-hunter/episode-118-a-x-false-x-rage-646081"}, {"title": "Episode 119 - Strong X Or X Weak", "url": "http://www.crunchyroll.com/hunter-x-hunter/episode-119-strong-x-or-x-weak-646083"}, {"title": "Episode 120 - Fake X And X Real", "url": "http://www.crunchyroll.com/hunter-x-hunter/episode-120-fake-x-and-x-real-646085"}, {"title": "Episode 121 - Defeat X and X Dignity.", "url": "http://www.crunchyroll.com/hunter-x-hunter/episode-121-defeat-x-and-x-dignity-646087"}, {"title": "Episode 122 - Pose X and X Name", "url": "http://www.crunchyroll.com/hunter-x-hunter/episode-122-pose-x-and-x-name-646089"}, {"title": "Episode 123 - Centipede X And X Memory", "url": "http://www.crunchyroll.com/hunter-x-hunter/episode-123-centipede-x-and-x-memory-646091"}, {"title": "Episode 124 - Breakdown x And x Awakening", "url": "http://www.crunchyroll.com/hunter-x-hunter/episode-124-breakdown-x-and-x-awakening-646093"}, {"title": "Episode 125 - Great Power x And x Ultimate Power", "url": "http://www.crunchyroll.com/hunter-x-hunter/episode-125-great-power-x-and-x-ultimate-power-646095"}, {"title": "Episode 126 - Zero x And x Rose.", "url": "http://www.crunchyroll.com/hunter-x-hunter/episode-126-zero-x-and-x-rose-646097"}, {"title": "Episode 127 - Hostility x And x Determination", "url": "http://www.crunchyroll.com/hunter-x-hunter/episode-127-hostility-x-and-x-determination-653997"}, {"title": "Episode 128 - Unparalleled Joy x And x Unconditional Love", "url": "http://www.crunchyroll.com/hunter-x-hunter/episode-128-unparalleled-joy-x-and-x-unconditional-love-653999"}, {"title": "Episode 129 - Formidable Enemy x And x Clear Objective", "url": "http://www.crunchyroll.com/hunter-x-hunter/episode-129-formidable-enemy-x-and-x-clear-objective-654001"}, {"title": "Episode 130 - Magic X to X Destroy", "url": "http://www.crunchyroll.com/hunter-x-hunter/episode-130-magic-x-to-x-destroy-654003"}, {"title": "Episode 131 - Anger X And X Light", "url": "http://www.crunchyroll.com/hunter-x-hunter/episode-131-anger-x-and-x-light-654005"}, {"title": "Episode 132 - Flash x And x Start", "url": "http://www.crunchyroll.com/hunter-x-hunter/episode-132-flash-x-and-x-start-654007"}, {"title": "Episode 133 - Deadline x To x Live", "url": "http://www.crunchyroll.com/hunter-x-hunter/episode-133-deadline-x-to-x-live-654009"}, {"title": "Episode 134 - The Word x Is x You.", "url": "http://www.crunchyroll.com/hunter-x-hunter/episode-134-the-word-x-is-x-you-654011"}, {"title": "Episode 135 - This Person x And x This Moment", "url": "http://www.crunchyroll.com/hunter-x-hunter/episode-135-this-person-x-and-x-this-moment-654013"}, {"title": "Episode 136 - Homecoming x And x True Name", "url": "http://www.crunchyroll.com/hunter-x-hunter/episode-136-homecoming-x-and-x-true-name-654015"}, {"title": "Episode 137 - Debate x Among x Zodiacs", "url": "http://www.crunchyroll.com/hunter-x-hunter/episode-137-debate-x-among-x-zodiacs-654017"}, {"title": "Episode 138 - Request x And x Wish", "url": "http://www.crunchyroll.com/hunter-x-hunter/episode-138-request-x-and-x-wish-654019"}, {"title": "Episode 139 - Alluka x And x Something", "url": "http://www.crunchyroll.com/hunter-x-hunter/episode-139-alluka-x-and-x-something-654021"}, {"title": "Episode 140 - Join Battle x And x Open Battle", "url": "http://www.crunchyroll.com/hunter-x-hunter/episode-140-join-battle-x-and-x-open-battle-654023"}, {"title": "Episode 141 - Magician X And X Butler", "url": "http://www.crunchyroll.com/hunter-x-hunter/episode-141-magician-x-and-x-butler-654025"}, {"title": "Episode 142 - Needles x And x Debt", "url": "http://www.crunchyroll.com/hunter-x-hunter/episode-142-needles-x-and-x-debt-654027"}, {"title": "Episode 143 - Sin x And x Claw", "url": "http://www.crunchyroll.com/hunter-x-hunter/episode-143-sin-x-and-x-claw-654029"}, {"title": "Episode 144 - Approval x And x Coalition.", "url": "http://www.crunchyroll.com/hunter-x-hunter/episode-144-approval-x-and-x-coalition-654031"}, {"title": "Episode 145 - Defeat x And x Reunion", "url": "http://www.crunchyroll.com/hunter-x-hunter/episode-145-defeat-x-and-x-reunion-654033"}, {"title": "Episode 146 - Chairman x And x Release", "url": "http://www.crunchyroll.com/hunter-x-hunter/episode-146-chairman-x-and-x-release-654035"}, {"title": "Episode 147 - Salvation x And x Future", "url": "http://www.crunchyroll.com/hunter-x-hunter/episode-147-salvation-x-and-x-future-654037"}, {"title": "Episode 148 - Past x And x Future", "url": "http://www.crunchyroll.com/hunter-x-hunter/episode-148-past-x-and-x-future-654039"}], "coverImage": {"large": "https://s3.anilist.co/media/anime/cover/medium/11061-FwaFxnnMG4hT.jpg", "medium": "https://s3.anilist.co/media/anime/cover/small/11061-FwaFxnnMG4hT.jpg"}, "bannerImage": "https://s3.anilist.co/media/anime/banner/11061-RBkHku43bn2J.jpg", "isAdult": false, "format": "TV"}, {"id": 11065, "title": {"romaji": "Shoukoujo The Animation", "english": null}, "type": "ANIME", "status": "FINISHED", "description": "Kazuma returns home after a long absence and becomes a part-time home tutor to his younger sister and a few other girls. ", "startDate": {"year": 2011, "month": 10, "day": 28}, "endDate": {"year": 2012, "month": 1, "day": 27}, "season": "FALL", "episodes": 2, "duration": 30, "genres": ["Hentai"], "averageScore": 59, "trending": 0, "popularity": 511, "streamingEpisodes": [], "coverImage": {"large": "https://s3.anilist.co/media/anime/cover/medium/11065.jpg", "medium": "https://s3.anilist.co/media/anime/cover/small/11065.jpg"}, "bannerImage": null, "isAdult": true, "format": "OVA"}, {"id": 11067, "title": {"romaji": "Oppai Heart: Kanojo wa Kedamono Hatsujouki!?", "english": null}, "type": "ANIME", "status": "FINISHED", "description": "Ryuya has an older sister, Miya.  He lives a peaceful school life with his friends.  But one day, he and his friends accidentally drink a medicine juice.  Once you drink it, you'll become sexually sensitive and get excited.  The breasts of the girls who drink it will get bigger and they will need to have sex to cool down.  Also, to make a vaccine, they will need to get pregnant.  Ryuya starts having sex with the girls to cool them down and make a vaccine.<br><br>\n(Source: ErogeShop)", "startDate": {"year": 2011, "month": 10, "day": 28}, "endDate": {"year": 2012, "month": 2, "day": 24}, "season": "FALL", "episodes": 2, "duration": 30, "genres": ["Hentai"], "averageScore": 58, "trending": 0, "popularity": 412, "streamingEpisodes": [], "coverImage": {"large": "https://s3.anilist.co/media/anime/cover/medium/11067.jpg", "medium": "https://s3.anilist.co/media/anime/cover/small/11067.jpg"}, "bannerImage": null, "isAdult": true, "format": "OVA"}, {"id": 11069, "title": {"romaji": "Pokemon: Pikachu no Fushigi na Fushigi na Daibouken", "english": "Pokemon: Pikachu's Big Mysterious Adventure"}, "type": "ANIME", "status": "FINISHED", "description": "While being let out to play by their trainers, Pikachu and Piplup wind up separated from their Pok&eacute;mon friends and wind up travelling with a Skitty into a strange dimension, unknowingly followed by Croagunk, Team Rocket's Pok&eacute;mon and a Marill that's desperate to have someone hear her sing... <br><br>\n(Source: Bulbapedia)", "startDate": {"year": 2010, "month": 8, "day": 1}, "endDate": {"year": 2010, "month": 8, "day": 1}, "season": "SUMMER", "episodes": 1, "duration": 21, "genres": [], "averageScore": 55, "trending": 0, "popularity": 435, "streamingEpisodes": [], "coverImage": {"large": "https://s3.anilist.co/media/anime/cover/medium/11069.jpg", "medium": "https://s3.anilist.co/media/anime/cover/small/11069.jpg"}, "bannerImage": null, "isAdult": false, "format": "SPECIAL"}, {"id": 11073, "title": {"romaji": "Pokemon: Ash's Journey", "english": null}, "type": "ANIME", "status": "FINISHED", "description": "A very short introduction used before the first five theatrical Pokemon movies, narrated by Brock. It introduces the \"World of Pokemon,\" and tells the viewer about Ash Ketchum's journey. Features some redone animation from the first episode.", "startDate": {"year": 1998, "month": 7, "day": 18}, "endDate": {"year": 1998, "month": 7, "day": 18}, "season": "SUMMER", "episodes": 1, "duration": 2, "genres": ["Fantasy"], "averageScore": 57, "trending": 0, "popularity": 643, "streamingEpisodes": [], "coverImage": {"large": "https://s3.anilist.co/media/anime/cover/medium/11073.jpg", "medium": "https://s3.anilist.co/media/anime/cover/small/11073.jpg"}, "bannerImage": null, "isAdult": false, "format": "SPECIAL"}, {"id": 11077, "title": {"romaji": "Hellsing: The Dawn", "english": null}, "type": "ANIME", "status": "FINISHED", "description": "It is September 1944 and World War II is raging in Europe. To get an advantage on the field, Nazis are experimenting with artificial vampire technologies, they are still far away from achieving their initial goal, but even the intermediate stages of such researches are possesing a great threat to The anti-German coalition. In an attempt to stop the Nazi project and to protect England and The Allies current head of the Hellsing House, Sir Arthur Hellsing, is sending his best agents&mdash;Walter C. Dornes and Alucard&mdash;into German-occupied Poland where monstrous experiments are being conducted.<br><br>\nHellsing: The Dawn Specials can be found on the bonus discs, bundled with Hellsing Ultimate Limited Edition volumes starting from volume 8.", "startDate": {"year": 2011, "month": 7, "day": 27}, "endDate": {"year": 2012, "month": 12, "day": 26}, "season": "SUMMER", "episodes": 3, "duration": 9, "genres": ["Action", "Horror", "Supernatural"], "averageScore": 68, "trending": 2, "popularity": 4303, "streamingEpisodes": [], "coverImage": {"large": "https://s3.anilist.co/media/anime/cover/medium/11077.jpg", "medium": "https://s3.anilist.co/media/anime/cover/small/11077.jpg"}, "bannerImage": null, "isAdult": false, "format": "SPECIAL"}, {"id": 11079, "title": {"romaji": "Kill Me Baby", "english": "Kill Me Baby"}, "type": "ANIME", "status": "FINISHED", "description": "Kill Me Baby is the touching story of Yasuna, a normal (?) high school girl, and Sonya, her best friend who happens to be an assassin. Unfortunately, little Sonya's trained assassin instincts often work against her and others in her daily high school life, as Yasuna's often-broken wrist can attest to. She just wanted a hug, but she ended up with a broken neck. Isn't it sad? No, it's hilarious.<br><br>\nNot even Yasuna's intense ninja training can prepare her for the exciting adventures in this explosive 4-panel manga adaptation.", "startDate": {"year": 2012, "month": 1, "day": 6}, "endDate": {"year": 2012, "month": 3, "day": 30}, "season": "WINTER", "episodes": 13, "duration": 24, "genres": ["Comedy"], "averageScore": 64, "trending": 1, "popularity": 7382, "streamingEpisodes": [], "coverImage": {"large": "https://s3.anilist.co/media/anime/cover/medium/11079.jpg", "medium": "https://s3.anilist.co/media/anime/cover/small/11079.jpg"}, "bannerImage": "https://s3.anilist.co/media/anime/banner/11079-mY3J1Wwndhhh.jpg", "isAdult": false, "format": "TV"}]}}}