{"data": {"Page": {"pageInfo": {"total": 12298, "hasNextPage": true}, "media": [{"id": 99819, "title": {"romaji": "Ryuudouji Shimon no Inbou", "english": null}, "type": "ANIME", "status": "FINISHED", "description": "Based on the erotic game by Mink.<br>\n<br>\nAlternative Story: A former science teacher receives a mysterious recruitment document, inviting him to a prestigious school. However, this school is not what it seems...<br>\n<br>\nDetails Story: Teacher Ryuudouji Shimon is known as a teacher who trains people into sex slaves. On the orders of his old friend Sayaka, Mr. Ryuudouji was asked to conquer many women in school into his sex slaves. For the sake of pleasure and harem of torture, Ryuudouji is very happy to do so, especially Sayaka promises rewards to him.<br>\n<br>\n(Source: Nekopoi and Has Been Translated)", "startDate": {"year": 2017, "month": 10, "day": 20}, "endDate": {"year": 2018, "month": 4, "day": 20}, "season": "FALL", "episodes": 2, "duration": 29, "genres": ["Hentai"], "averageScore": 51, "trending": 0, "popularity": 206, "streamingEpisodes": [], "coverImage": {"large": "https://s3.anilist.co/media/anime/cover/medium/nx99819-AuZyCsDrxmB9.jpg", "medium": "https://s3.anilist.co/media/anime/cover/small/nx99819-AuZyCsDrxmB9.jpg"}, "bannerImage": null, "isAdult": true, "format": "OVA"}, {"id": 99839, "title": {"romaji": "Blame! Movie 2", "english": null}, "type": "ANIME", "status": "NOT_YET_RELEASED", "description": "Second movie adaption of the Blame! manga.", "startDate": {"year": null, "month": null, "day": null}, "endDate": {"year": null, "month": null, "day": null}, "season": null, "episodes": 1, "duration": null, "genres": ["Action", "Drama", "Mecha", "Psychological", "Sci-Fi"], "averageScore": null, "trending": 0, "popularity": 229, "streamingEpisodes": [], "coverImage": {"large": "https://s3.anilist.co/media/anime/cover/medium/99839-aaXe8aEMoVkE.jpg", "medium": "https://s3.anilist.co/media/anime/cover/small/99839-aaXe8aEMoVkE.jpg"}, "bannerImage": null, "isAdult": false, "format": "MOVIE"}, {"id": 99841, "title": {"romaji": "Bakuon!! no Kobeya", "english": null}, "type": "ANIME", "status": "FINISHED", "description": "Short specials included with the Bakuon!! BD/DVD volumes.<br>\n<br>\n(Source: MAL)", "startDate": {"year": 2016, "month": 8, "day": 4}, "endDate": {"year": 2016, "month": 11, "day": 18}, "season": "SUMMER", "episodes": 4, "duration": 2, "genres": ["Comedy", "Slice of Life", "Sports"], "averageScore": 51, "trending": 0, "popularity": 293, "streamingEpisodes": [], "coverImage": {"large": "https://s3.anilist.co/media/anime/cover/medium/99841-HndwUWpPY3CC.jpg", "medium": "https://s3.anilist.co/media/anime/cover/small/99841-HndwUWpPY3CC.jpg"}, "bannerImage": null, "isAdult": false, "format": "SPECIAL"}, {"id": 99843, "title": {"romaji": "Tong Zhi Zhe", "english": null}, "type": "ANIME", "status": "FINISHED", "description": "A Jack of All Trades is a person who can competently do all kinds of jobs. The loser Zhang Dabao is a professional Jack of All Trades, but his living conditions are, shall we say, less than satisfactory. One day, a beautiful woman who is being harassed by a pervert approaches him for help. He accepts, and soon embarks on a mission like nothing the world has seen before.<br>\n<br>\n(Source: MAL)", "startDate": {"year": 2015, "month": 12, "day": 31}, "endDate": {"year": 2016, "month": 3, "day": 17}, "season": "WINTER", "episodes": 10, "duration": 10, "genres": ["Adventure", "Horror"], "averageScore": null, "trending": 0, "popularity": 88, "streamingEpisodes": [], "coverImage": {"large": "https://s3.anilist.co/media/anime/cover/medium/99843-T4rxvZxiJuAb.jpg", "medium": "https://s3.anilist.co/media/anime/cover/small/99843-T4rxvZxiJuAb.jpg"}, "bannerImage": null, "isAdult": false, "format": "ONA"}, {"id": 99845, "title": {"romaji": "Gui Shui Yi Yun", "english": null}, "type": "ANIME", "status": "FINISHED", "description": "A villa, involved in strange circumstances in the 1990s, is bulldozed and new homes are built on top. The ostensibly peaceful town and its inhabitants will soon have its cover blown wide open. Mysterious forces are at play, rooted in a disturbing truth.<br>\n<br>\n(Source: MAL)", "startDate": {"year": 2015, "month": 7, "day": 16}, "endDate": {"year": 2016, "month": 4, "day": 7}, "season": "SUMMER", "episodes": 12, "duration": 10, "genres": ["Horror", "Mystery", "Supernatural"], "averageScore": null, "trending": 0, "popularity": 59, "streamingEpisodes": [], "coverImage": {"large": "https://s3.anilist.co/media/anime/cover/medium/99845-wkffiZ4OE5DB.jpg", "medium": "https://s3.anilist.co/media/anime/cover/small/99845-wkffiZ4OE5DB.jpg"}, "bannerImage": null, "isAdult": false, "format": "ONA"}, {"id": 99847, "title": {"romaji": "Xiang Ling Ji", "english": null}, "type": "ANIME", "status": "FINISHED", "description": "", "startDate": {"year": 2017, "month": 3, "day": 22}, "endDate": {"year": 2017, "month": 8, "day": 16}, "season": "SPRING", "episodes": 15, "duration": 15, "genres": ["Fantasy", "Supernatural"], "averageScore": null, "trending": 0, "popularity": 55, "streamingEpisodes": [], "coverImage": {"large": "https://s3.anilist.co/media/anime/cover/medium/99847-ICYAIThpZlXo.jpg", "medium": "https://s3.anilist.co/media/anime/cover/small/99847-ICYAIThpZlXo.jpg"}, "bannerImage": "https://s3.anilist.co/media/anime/banner/n99847-nwCMdDXMl6tE.jpg", "isAdult": false, "format": "TV"}, {"id": 99856, "title": {"romaji": "Oretacha Youkai Ningen", "english": null}, "type": "ANIME", "status": "FINISHED", "description": "Short TV anime series celebrating the 50th anniversary of Youkai Ningen Bem.", "startDate": {"year": 2017, "month": 10, "day": 4}, "endDate": {"year": 2018, "month": 3, "day": 14}, "season": "FALL", "episodes": 24, "duration": 2, "genres": ["Horror"], "averageScore": null, "trending": 0, "popularity": 156, "streamingEpisodes": [], "coverImage": {"large": "https://s3.anilist.co/media/anime/cover/medium/nx99856-f4AJlEqKKGwg.jpg", "medium": "https://s3.anilist.co/media/anime/cover/small/nx99856-f4AJlEqKKGwg.jpg"}, "bannerImage": null, "isAdult": false, "format": "TV_SHORT"}, {"id": 99858, "title": {"romaji": "Lan Mo De Hua", "english": "Lan Mo's Flower"}, "type": "ANIME", "status": "FINISHED", "description": "Ordinary girl Lan Mo once got a headdress flower which could transform her into a dream girl. She use this image to chase her childhood sweetheart, Liu Yi Feng. The story happens between them is sweet and touching.<br>\n<br>\n(Source: MAL)", "startDate": {"year": 2017, "month": 7, "day": 13}, "endDate": {"year": 2017, "month": 8, "day": 14}, "season": "SUMMER", "episodes": 9, "duration": 15, "genres": ["Romance"], "averageScore": 54, "trending": 0, "popularity": 193, "streamingEpisodes": [], "coverImage": {"large": "https://s3.anilist.co/media/anime/cover/medium/nx99858-PURnZ9HytoF9.jpg", "medium": "https://s3.anilist.co/media/anime/cover/small/nx99858-PURnZ9HytoF9.jpg"}, "bannerImage": "https://s3.anilist.co/media/anime/banner/99858-BMc6Arkh2EtU.jpg", "isAdult": false, "format": "ONA"}, {"id": 99883, "title": {"romaji": "Hetalia: The World Twinkle Extra episodes", "english": "Hetalia: The World Twinkle Extra episodes"}, "type": "ANIME", "status": "FINISHED", "description": "Extra episodes included in the Hetalia: The World Twinkle Extra Disc.", "startDate": {"year": 2015, "month": 7, "day": 3}, "endDate": {"year": 2015, "month": 10, "day": 9}, "season": "SUMMER", "episodes": 4, "duration": 5, "genres": ["Comedy"], "averageScore": null, "trending": 1, "popularity": 98, "streamingEpisodes": [], "coverImage": {"large": "https://s3.anilist.co/media/anime/cover/medium/99883-Y0NbTuFYDGQR.jpg", "medium": "https://s3.anilist.co/media/anime/cover/small/99883-Y0NbTuFYDGQR.jpg"}, "bannerImage": null, "isAdult": false, "format": "OVA"}, {"id": 99884, "title": {"romaji": "Ala de: Suming Zhi Men", "english": "Dungeon Fighter Online: The Fate of Arad"}, "type": "ANIME", "status": "FINISHED", "description": "", "startDate": {"year": 2017, "month": 4, "day": 28}, "endDate": {"year": 2017, "month": 9, "day": 8}, "season": "SPRING", "episodes": 20, "duration": 15, "genres": ["Action", "Adventure", "Fantasy"], "averageScore": null, "trending": 0, "popularity": 38, "streamingEpisodes": [], "coverImage": {"large": "https://s3.anilist.co/media/anime/cover/medium/99884-2T0g49MO5GPr.jpg", "medium": "https://s3.anilist.co/media/anime/cover/small/99884-2T0g49MO5GPr.jpg"}, "bannerImage": null, "isAdult": false, "format": "TV"}, {"id": 99888, "title": {"romaji": "Kaijuu Girls: Ultra Kaijuu Gijinka Keikaku 2", "english": null}, "type": "ANIME", "status": "FINISHED", "description": "Season of Kaijuu Girls: Ultra Kaijuu Gijinka Keikaku, a show that transforms kaijuu (monsters) from the Ultraman live-action special-effects series into cute, female anthropomorphised monsters.", "startDate": {"year": 2018, "month": 1, "day": 9}, "endDate": {"year": 2018, "month": 3, "day": 27}, "season": "WINTER", "episodes": 12, "duration": 4, "genres": ["Comedy", "Fantasy"], "averageScore": 53, "trending": 0, "popularity": 465, "streamingEpisodes": [{"title": "Episode 1 - We're Kaiju Girls?!", "url": "http://www.crunchyroll.com/kaiju-girls/episode-1-were-kaiju-girls-720777"}, {"title": "Episode 2 - Transform? Kaiju Girls!?", "url": "http://www.crunchyroll.com/kaiju-girls/episode-2-transform-kaiju-girls-720779"}, {"title": "Episode 3 - Transform! Kaiju Girls!?", "url": "http://www.crunchyroll.com/kaiju-girls/episode-3-transform-kaiju-girls-720781"}, {"title": "Episode 4 - Hand Them Out! Kaiju Girls!?", "url": "http://www.crunchyroll.com/kaiju-girls/episode-4-hand-them-out-kaiju-girls-720783"}, {"title": "Episode 5 - Senpai! Kaiju Girl!?", "url": "http://www.crunchyroll.com/kaiju-girls/episode-5-senpai-kaiju-girl-720785"}, {"title": "Episode 6 - Worry! Kaiju Girls!?", "url": "http://www.crunchyroll.com/kaiju-girls/episode-6-worry-kaiju-girls-720787"}, {"title": "Episode 7 - Fight! Kaiju Girls!?", "url": "http://www.crunchyroll.com/kaiju-girls/episode-7-fight-kaiju-girls-720789"}, {"title": "Episode 8 - Joke! Kaiju Girls!?", "url": "http://www.crunchyroll.com/kaiju-girls/episode-8-joke-kaiju-girls-720791"}, {"title": "Episode 9 - Going Berserk? Kaiju Girls!?", "url": "http://www.crunchyroll.com/kaiju-girls/episode-9-going-berserk-kaiju-girls-720793"}, {"title": "Episode 10 - Jump! Kaiju Girls!?", "url": "http://www.crunchyroll.com/kaiju-girls/episode-10-jump-kaiju-girls-720795"}, {"title": "Episode 11 - Exam! Kaiju Girls!?", "url": "http://www.crunchyroll.com/kaiju-girls/episode-11-exam-kaiju-girls-720797"}, {"title": "Episode 12 - We are Kaiju! Girls!!", "url": "http://www.crunchyroll.com/kaiju-girls/episode-12-we-are-kaiju-girls-720799"}], "coverImage": {"large": "https://s3.anilist.co/media/anime/cover/medium/99888-q8TLXKmRv4uC.jpg", "medium": "https://s3.anilist.co/media/anime/cover/small/99888-q8TLXKmRv4uC.jpg"}, "bannerImage": null, "isAdult": false, "format": "TV_SHORT"}, {"id": 99893, "title": {"romaji": "Tokimeki Restaurant\u2606\u2606\u2606 Miracle6", "english": "Tokimeki Restaurant\u2606\u2606\u2606 Miracle6"}, "type": "ANIME", "status": "FINISHED", "description": "Based on the mobile game, Tokimeki Restaurant\u2606\u2606\u2606, where players control a new chef at a small restaurant who meets several male idols who live nearby that they have the option to romance.", "startDate": {"year": 2018, "month": 2, "day": 10}, "endDate": {"year": 2018, "month": 2, "day": 10}, "season": "WINTER", "episodes": 1, "duration": null, "genres": [], "averageScore": null, "trending": 0, "popularity": 171, "streamingEpisodes": [], "coverImage": {"large": "https://s3.anilist.co/media/anime/cover/medium/nx99893-tf4kOUmzby2i.jpg", "medium": "https://s3.anilist.co/media/anime/cover/small/nx99893-tf4kOUmzby2i.jpg"}, "bannerImage": null, "isAdult": false, "format": "MOVIE"}, {"id": 99894, "title": {"romaji": "Omiai Aite wa Oshiego, Tsuyoki na, Mondaiji", "english": "Omiai Aite wa Oshiego, Tsuyoki na, Mondaiji"}, "type": "ANIME", "status": "FINISHED", "description": "The two are female teacher and her student... but they are engaged!?\n\nNano is a popular teacher who is admired by students. Only Souji, a male student, gives her trouble. One day, someone she knows introduced her for an arranged marriage. Nano is worried at first, but later becomes frank with the man who she meets and is in a good mood. Later, she realized that he is Souji who disguised as someone else! Even though she rejects the arranged marriage, Souji still comes to pursuit her.<br>\n<br>\nWill Nano, the serious teacher, be able to reject Souji's love...?<br>\n<br>\n(Source: MAL)", "startDate": {"year": 2017, "month": 10, "day": 2}, "endDate": {"year": 2017, "month": 12, "day": 18}, "season": "FALL", "episodes": 12, "duration": 5, "genres": ["Ecchi", "Hentai", "Romance"], "averageScore": 46, "trending": 0, "popularity": 2654, "streamingEpisodes": [], "coverImage": {"large": "https://s3.anilist.co/media/anime/cover/medium/nx99894-IJDBENkpPsKI.jpg", "medium": "https://s3.anilist.co/media/anime/cover/small/nx99894-IJDBENkpPsKI.jpg"}, "bannerImage": "https://s3.anilist.co/media/anime/banner/99894-MWIuMGnDIg1x.jpg", "isAdult": true, "format": "TV_SHORT"}, {"id": 99900, "title": {"romaji": "Eiga Daisuki Pompo-san", "english": "Eiga Daisuki Pompo-san"}, "type": "ANIME", "status": "NOT_YET_RELEASED", "description": "The manga depicts the craft of movie-making and revolves around Joelle Davidovich \"Pompo\" Pomponette, a talented movie producer who looks like a girl.\n<br><br>\nOperating out of the movie capital \"Nyallywood,\" Pompo has been shooting one B-grade entertainment flick after another that anyone would enjoy. One day, Pompo's \"movie buff\" assistant Gene spots a new script written by Pompo, and is moved by its exquisite story. In a fit of passion, he proclaims, \"I want to see this as a finished work in theaters as soon as possible!\"\n<br><br>\nHowever, Pompo tells him, \"So you shoot this film.\" Thus, Gene takes on his first directing gig. Meanwhile, Natalie, an ordinary girl who just arrived in town with movie actress dreams, has been discovered by Pompo.\n<br><br>\n(Source: ANN)", "startDate": {"year": null, "month": null, "day": null}, "endDate": {"year": null, "month": null, "day": null}, "season": null, "episodes": null, "duration": null, "genres": [], "averageScore": null, "trending": 0, "popularity": 14, "streamingEpisodes": [], "coverImage": {"large": "https://s3.anilist.co/media/anime/cover/medium/99900-3pU6LnRLSQVu.jpg", "medium": "https://s3.anilist.co/media/anime/cover/small/99900-3pU6LnRLSQVu.jpg"}, "bannerImage": null, "isAdult": false, "format": "TV"}, {"id": 99911, "title": {"romaji": "Kagirohi: Shaku Kei - Another", "english": null}, "type": "ANIME", "status": "RELEASING", "description": "Based on the erotic game by Shelf.<br>\n<br>\nAnother series from Kagirohi: Shaku Kei. The death of Kirishima Kaede's hanging self is still a mystery. The protagonist as Kaede's new boyfriend wanted to find out who the perpetrator was from this death. Because he believed it was not suicide, but murder. The first person he suspected was Minazuki Ajisai, because she was the one Kaede talked about before she died. Especially again, Ajisai is a mysterious girl at school, who rarely talks and greets anyone.<br>\n<br>\n(Source: Nekopoi and Has Been Translated)", "startDate": {"year": 2017, "month": 10, "day": 27}, "endDate": {"year": null, "month": null, "day": null}, "season": "FALL", "episodes": null, "duration": 20, "genres": ["Hentai", "Romance"], "averageScore": 51, "trending": 0, "popularity": 241, "streamingEpisodes": [], "coverImage": {"large": "https://s3.anilist.co/media/anime/cover/medium/nx99911-k4o5hseHXUwY.jpg", "medium": "https://s3.anilist.co/media/anime/cover/small/nx99911-k4o5hseHXUwY.jpg"}, "bannerImage": "https://s3.anilist.co/media/anime/banner/n99911-f6G6W1H9Cg75.jpg", "isAdult": true, "format": "OVA"}, {"id": 99912, "title": {"romaji": "Kyonyuu Daikazoku Saimin", "english": null}, "type": "ANIME", "status": "FINISHED", "description": "Based on the erotic game by Lune.<br>\n<br>\nIt has been a few days since the protagonist received the hypnotic penlight and began venting his desire on the women in the family.<br>\n<br>\nHowever, some rumors have started: \"That family is doing something suspicious...\"<br>\nThe Mamiya family, which was given the cold shoulder\u200b by the whole town, is going to be forced to leave.<br>\n<br>\nWhile being caught in a dilemma, Yuuichi noted that most of the wives in town are sexually frustrated.<br>\n\"I want them to be in my 'family'.\"<br>\nThus, dark lust starts to cover the neighborhood, and even more hypnotic life begins...<br>\n<br>\n(Source: Visual Novel Database)", "startDate": {"year": 2017, "month": 12, "day": 1}, "endDate": {"year": 2018, "month": 1, "day": 26}, "season": "FALL", "episodes": 2, "duration": 17, "genres": ["Hentai"], "averageScore": 54, "trending": 0, "popularity": 281, "streamingEpisodes": [], "coverImage": {"large": "https://s3.anilist.co/media/anime/cover/medium/99912-gPyFLkU47npr.jpg", "medium": "https://s3.anilist.co/media/anime/cover/small/99912-gPyFLkU47npr.jpg"}, "bannerImage": "https://s3.anilist.co/media/anime/banner/n99912-fdTLY967fSUZ.jpg", "isAdult": true, "format": "OVA"}, {"id": 99916, "title": {"romaji": "Asagao to Kase-san", "english": "Asagao to Kase-san"}, "type": "ANIME", "status": "FINISHED", "description": "Yamada may be shy and rather clumsy, but the flower gardens at her school have always brought her happiness. Suddenly, a different sort of beauty catches her eye\u2014the vivacious track star, Kase-san. Although the two girls don't seem to have much in common, they soon start a romance where each must learn an important lesson in tending their budding relationship. Can the two girls, so different from each other, learn how to make their first love blossom?<br><br>\n\n(Source: Seven Seas)", "startDate": {"year": 2018, "month": 6, "day": 9}, "endDate": {"year": 2018, "month": 6, "day": 9}, "season": "SPRING", "episodes": 1, "duration": 59, "genres": ["Romance"], "averageScore": 77, "trending": 0, "popularity": 3242, "streamingEpisodes": [], "coverImage": {"large": "https://s3.anilist.co/media/anime/cover/medium/nx99916-BvB7lDcW6eBu.jpg", "medium": "https://s3.anilist.co/media/anime/cover/small/nx99916-BvB7lDcW6eBu.jpg"}, "bannerImage": "https://s3.anilist.co/media/anime/banner/99916-HUWOxw4E8HZn.jpg", "isAdult": false, "format": "OVA"}, {"id": 99934, "title": {"romaji": "The King of Fighters: Destiny", "english": null}, "type": "ANIME", "status": "FINISHED", "description": "CG anime adaptation of The King of Fighters fighting game franchise.<br>\n<br>\n(Source: MAL)", "startDate": {"year": 2017, "month": 8, "day": 3}, "endDate": {"year": 2018, "month": 1, "day": 18}, "season": "SUMMER", "episodes": 24, "duration": 20, "genres": ["Action", "Adventure", "Drama", "Romance"], "averageScore": 54, "trending": 0, "popularity": 195, "streamingEpisodes": [], "coverImage": {"large": "https://s3.anilist.co/media/anime/cover/medium/99934-JP3LNp42tWM1.jpg", "medium": "https://s3.anilist.co/media/anime/cover/small/99934-JP3LNp42tWM1.jpg"}, "bannerImage": "https://s3.anilist.co/media/anime/banner/99934-6xTdPbQPS2cj.jpg", "isAdult": false, "format": "ONA"}, {"id": 99935, "title": {"romaji": "Tong Ling Fei", "english": null}, "type": "ANIME", "status": "RELEASING", "description": null, "startDate": {"year": 2017, "month": 4, "day": 20}, "endDate": {"year": null, "month": null, "day": null}, "season": null, "episodes": null, "duration": 10, "genres": ["Romance", "Comedy"], "averageScore": null, "trending": 0, "popularity": 24, "streamingEpisodes": [], "coverImage": {"large": "https://s3.anilist.co/media/anime/cover/medium/nx99935-ZW6MiZ5W9RWn.jpg", "medium": "https://s3.anilist.co/media/anime/cover/small/nx99935-ZW6MiZ5W9RWn.jpg"}, "bannerImage": null, "isAdult": false, "format": "ONA"}, {"id": 99937, "title": {"romaji": "Baja no Studio", "english": null}, "type": "ANIME", "status": "FINISHED", "description": "\"My name is Baja. That's what everyone calls me, so it's probably Baja. I came here from the outside world when I was little. As for what happened when I was born, I don't remember much of it.\"<br>\n<br>\nKohata Anime Studio is a place full of dreams where animation is made. Baja was raised in this studio by the people who create animation. Floating in a pond outside are his friends the ducks. Baja enjoys a fun and blissful daily life. One night, when all the people are no longer at the studio, Baja takes a peek outside and finds that his duck friends are being attacked by a cat. Will Baja be able to save his friends? A wondrous night adventure begins!<br>\n<br>\n(Source: MAL News)", "startDate": {"year": 2017, "month": 10, "day": 28}, "endDate": {"year": 2017, "month": 10, "day": 28}, "season": "FALL", "episodes": 1, "duration": 22, "genres": ["Fantasy"], "averageScore": 63, "trending": 0, "popularity": 417, "streamingEpisodes": [], "coverImage": {"large": "https://s3.anilist.co/media/anime/cover/medium/99937-zTemPQ1fnUmF.jpg", "medium": "https://s3.anilist.co/media/anime/cover/small/99937-zTemPQ1fnUmF.jpg"}, "bannerImage": null, "isAdult": false, "format": "OVA"}, {"id": 99938, "title": {"romaji": "Girls und Panzer Saishuushou", "english": "Girls und Panzer das Finale"}, "type": "ANIME", "status": "RELEASING", "description": "The first of a six-part theatrical event anime announced at the 20th Oarai Anglerfish Festival.\n<br><br>\n(Source: ANN)", "startDate": {"year": 2017, "month": 12, "day": 9}, "endDate": {"year": null, "month": null, "day": null}, "season": "FALL", "episodes": 6, "duration": 47, "genres": [], "averageScore": 78, "trending": 0, "popularity": 2498, "streamingEpisodes": [], "coverImage": {"large": "https://s3.anilist.co/media/anime/cover/medium/nx99938-y5OStLjDkef2.jpg", "medium": "https://s3.anilist.co/media/anime/cover/small/nx99938-y5OStLjDkef2.jpg"}, "bannerImage": null, "isAdult": false, "format": "MOVIE"}, {"id": 99939, "title": {"romaji": "Nekopara", "english": null}, "type": "ANIME", "status": "FINISHED", "description": "What's NEKOPARA? Why, it's a cat paradise!<br>\n<br>\nKashou Minazuki, the son of a long line of Japanese confection makers moved out to open his own shop \"La Soleil\" as a patisserie.<br>\n<br>\nBut upon moving out, hidden amongst his things were two of the catgirls (\"neko\"), Chocola and Vanilla, that the family had been raising. When he tried to send them back, they begged and pleaded until he gave in and now they've opened La Soleil together.<br>\n<br>\nWith two nekos who really, REALLY love their master trying their very best and occasionally failing -- a heartful comedy opens for business!<br>\n<br>\n(Source: Official Website)", "startDate": {"year": 2017, "month": 12, "day": 22}, "endDate": {"year": 2017, "month": 12, "day": 22}, "season": "FALL", "episodes": 1, "duration": 58, "genres": ["Comedy", "Romance"], "averageScore": 65, "trending": 0, "popularity": 4945, "streamingEpisodes": [], "coverImage": {"large": "https://s3.anilist.co/media/anime/cover/medium/99939-DbjDY83nNnKz.jpg", "medium": "https://s3.anilist.co/media/anime/cover/small/99939-DbjDY83nNnKz.jpg"}, "bannerImage": "https://s3.anilist.co/media/anime/banner/99939-kDhj9oc1G79o.jpg", "isAdult": false, "format": "OVA"}, {"id": 99940, "title": {"romaji": "Ito Junji: Collection", "english": "Junji Ito Collection"}, "type": "ANIME", "status": "FINISHED", "description": "Stories from both the 11-volume Ito Junji Kessaku-shuu series and the <i>Fragments of Horror</i> book will be adapted.", "startDate": {"year": 2018, "month": 1, "day": 5}, "endDate": {"year": 2018, "month": 3, "day": 23}, "season": "WINTER", "episodes": 12, "duration": 24, "genres": ["Drama", "Horror", "Mystery", "Psychological", "Supernatural"], "averageScore": 54, "trending": 0, "popularity": 6257, "streamingEpisodes": [{"title": "Episode 1 - Souichi\u2019s Convenient Curse / Hell Doll Funeral", "url": "http://www.crunchyroll.com/junji-ito-collection/episode-1-souichis-convenient-curse-hell-doll-funeral-757805"}, {"title": "Episode 2 - Fashion Model / The Long Dream", "url": "http://www.crunchyroll.com/junji-ito-collection/episode-2-fashion-model-the-long-dream-757807"}, {"title": "Episode 3 - Boy at the Crossroads /Slug Girl", "url": "http://www.crunchyroll.com/junji-ito-collection/episode-3-boy-at-the-crossroads-slug-girl-757809"}, {"title": "Episode 4 - Shiver / Marionette Mansion", "url": "http://www.crunchyroll.com/junji-ito-collection/episode-4-shiver-marionette-mansion-757811"}, {"title": "Episode 5 - The Ongoing Tale of Oshikiri Collection \\ Cloth Teacher", "url": "http://www.crunchyroll.com/junji-ito-collection/episode-5-the-ongoing-tale-of-oshikiri-collection-cloth-teacher-757813"}, {"title": "Episode 6 - Window Next Door / Gentle Goodbye", "url": "http://www.crunchyroll.com/junji-ito-collection/episode-6-window-next-door-gentle-goodbye-757815"}, {"title": "Episode 7 - Used Record /  Town of No Roads", "url": "http://www.crunchyroll.com/junji-ito-collection/episode-7-used-record-town-of-no-roads-757817"}, {"title": "Episode 8 - Honored Ancestors / The Circus Comes To Town", "url": "http://www.crunchyroll.com/junji-ito-collection/episode-8-honored-ancestors-the-circus-comes-to-town-757819"}, {"title": "Episode 9 - Painter / Blood-bubble Bushes", "url": "http://www.crunchyroll.com/junji-ito-collection/episode-9-painter-blood-bubble-bushes-757821"}, {"title": "Episode 10 - Greased / Bridge", "url": "http://www.crunchyroll.com/junji-ito-collection/episode-10-greased-bridge-757823"}, {"title": "Episode 11 - Supernatural Transfer Student / Scarecrow", "url": "http://www.crunchyroll.com/junji-ito-collection/episode-11-supernatural-transfer-student-scarecrow-757825"}, {"title": "Episode 12 - Smashed / Rumors", "url": "http://www.crunchyroll.com/junji-ito-collection/episode-12-smashed-rumors-757827"}, {"title": "Unknown", "url": "http://www.crunchyroll.com/junji-ito-collection/junji-ito-collection-unknown-776930"}, {"title": "Unknown", "url": "http://www.crunchyroll.com/junji-ito-collection/junji-ito-collection-unknown-776931"}], "coverImage": {"large": "https://s3.anilist.co/media/anime/cover/medium/nx99940-pxsliSVHi0sj.jpg", "medium": "https://s3.anilist.co/media/anime/cover/small/nx99940-pxsliSVHi0sj.jpg"}, "bannerImage": "https://s3.anilist.co/media/anime/banner/99940-8bx0fUZME8wl.jpg", "isAdult": false, "format": "TV"}, {"id": 99945, "title": {"romaji": "Kemono Friends x Animelo 2017", "english": "Animelo Summer Live 2017 x Kemono Friends"}, "type": "ANIME", "status": "FINISHED", "description": "A Kemono Friends short that served as the intro for all three days of the 2017 Animelo Summer Live -THE CARD- anisong event. \n\nThe Friends are asked by the PPP to clean up the abandoned Saitama Super Arena stage so they can use it for a concert. While the rest of the Friends take care of business, Northern White-faced Owl and Eurasian Eagle Owl discover and read from cards left behind by humans explaining event etiquette. The short features two alternate endings.\n\n(Source: YouTube)", "startDate": {"year": 2017, "month": 8, "day": 25}, "endDate": {"year": 2017, "month": 8, "day": 25}, "season": "SUMMER", "episodes": 1, "duration": 5, "genres": ["Comedy"], "averageScore": 54, "trending": 0, "popularity": 273, "streamingEpisodes": [], "coverImage": {"large": "https://s3.anilist.co/media/anime/cover/medium/nx99945-0DykHJDG9Wli.jpg", "medium": "https://s3.anilist.co/media/anime/cover/small/nx99945-0DykHJDG9Wli.jpg"}, "bannerImage": null, "isAdult": false, "format": "ONA"}, {"id": 99948, "title": {"romaji": "00:08", "english": "00:08"}, "type": "ANIME", "status": "FINISHED", "description": "This piece takes 8 seconds, and creates intervals between the frames, and then makes them bigger. It's about expansion and enlargement, not the passage of time. 8 seconds becomes that much more luxuriant.<br>\n<br>\n(Source: Official channel)", "startDate": {"year": 2014, "month": 6, "day": 8}, "endDate": {"year": 2014, "month": 6, "day": 8}, "season": "SPRING", "episodes": 1, "duration": 6, "genres": ["Psychological"], "averageScore": 46, "trending": 0, "popularity": 611, "streamingEpisodes": [], "coverImage": {"large": "https://s3.anilist.co/media/anime/cover/medium/99948-nYkw8EQuBz2n.jpg", "medium": "https://s3.anilist.co/media/anime/cover/small/99948-nYkw8EQuBz2n.jpg"}, "bannerImage": "https://s3.anilist.co/media/anime/banner/99948-BUiDvdgzs0vT.jpg", "isAdult": false, "format": "MOVIE"}, {"id": 99950, "title": {"romaji": "Crazy for It", "english": "Crazy for It"}, "type": "ANIME", "status": "FINISHED", "description": "Yuutarou Kubo's graduation film.", "startDate": {"year": 2012, "month": null, "day": null}, "endDate": {"year": 2012, "month": null, "day": null}, "season": null, "episodes": 1, "duration": 4, "genres": ["Psychological", "Music"], "averageScore": 52, "trending": 0, "popularity": 194, "streamingEpisodes": [], "coverImage": {"large": "https://s3.anilist.co/media/anime/cover/medium/99950-UvZsocdCNsMR.jpg", "medium": "https://s3.anilist.co/media/anime/cover/small/99950-UvZsocdCNsMR.jpg"}, "bannerImage": "https://s3.anilist.co/media/anime/banner/99950-6wAOxD77Z4yQ.jpg", "isAdult": false, "format": "MOVIE"}, {"id": 99963, "title": {"romaji": "Nil Admirari no Tenbin", "english": "Libra of Nil Admirari"}, "type": "ANIME", "status": "FINISHED", "description": "The Taishou era didn\u2019t end in 15 years, but went on for another 25.<br><br>\n\nIn order to protect her waning family, a girl resolves to marry a man she doesn\u2019t even know the name of. However, just before the marriage was to take place, the girl\u2019s younger brother mysteriously committed suicide by self-immolation and was found holding an old book in his hands.<br><br>\n\nAppearing before the bewildered young girl was the \u201cImperial Library Intelligence Asset Management Bureau\u201d- more commonly referred to as \u201cFukurou\u201d.<br><br>\n\nAccording to these men, there exists \u201cMaremono\u201d, which are books that greatly affects its readers. On top of that, ever since the incident involving the girl\u2019s younger brother, she unwittingly gains the ability to see \u201cAuras\u201d (the sentiments of the Maremono which manifest as bright lights and are usually invisible to humans). It was as though fate were trying to drag the young girl in its flames.<br><br>\n\nAnd then, even though apprehensive, the girl chooses to venture outside her bird cage.<br><br>\n\nJealousy, hatred, scorn, compassion and love.\nWhat awaited the girl was the darkness of betrayal that had already begun to bewitchingly inlay the imperial capital.<br><br>\n\nToyed by and swayed within that darkness, will the young girl finally reach the truth after her struggles, or\u2026?<br><br>\n\n(Source: VNDB)", "startDate": {"year": 2018, "month": 4, "day": 8}, "endDate": {"year": 2018, "month": 6, "day": 24}, "season": "SPRING", "episodes": 12, "duration": 23, "genres": ["Romance"], "averageScore": 54, "trending": 0, "popularity": 2113, "streamingEpisodes": [{"title": "Episode 1 - The Glow of the Cursed Tome", "url": "http://www.crunchyroll.com/libra-of-nil-admirari/episode-1-the-glow-of-the-cursed-tome-769075"}, {"title": "Episode 2 - The Imperial Library Intelligence Asset Management Bureau -Fukurou-", "url": "http://www.crunchyroll.com/libra-of-nil-admirari/episode-2-the-imperial-library-intelligence-asset-management-bureau-fukurou-769077"}, {"title": "Episode 3 - Those Who Take the Name of the God of Flames -Kagutsuchi-", "url": "http://www.crunchyroll.com/libra-of-nil-admirari/episode-3-those-who-take-the-name-of-the-god-of-flames-kagutsuchi-769079"}, {"title": "Episode 4 - Nightingale Ball -Nachtigal-", "url": "http://www.crunchyroll.com/libra-of-nil-admirari/episode-4-nightingale-ball-nachtigal-769081"}, {"title": "Episode 5 - Akatsuki Evening -Lilac-", "url": "http://www.crunchyroll.com/libra-of-nil-admirari/episode-5-akatsuki-evening-lilac-769083"}, {"title": "Episode 6 - Mother's Face -Kingfisher-", "url": "http://www.crunchyroll.com/libra-of-nil-admirari/episode-6-mothers-face-kingfisher-769085"}, {"title": "Episode 7 - Movie Theater After the Rain -Tears-", "url": "http://www.crunchyroll.com/libra-of-nil-admirari/episode-7-movie-theater-after-the-rain-tears-769087"}, {"title": "Episode 8 - The Colors of the Flames of Love -Tragedy-", "url": "http://www.crunchyroll.com/libra-of-nil-admirari/episode-8-the-colors-of-the-flames-of-love-tragedy-769089"}, {"title": "Episode 9 - Dance of the Evil Bird -Karasu-", "url": "http://www.crunchyroll.com/libra-of-nil-admirari/episode-9-dance-of-the-evil-bird-karasu-769091"}, {"title": "Episode 10 - White-Walled Birdcage -Trauma-", "url": "http://www.crunchyroll.com/libra-of-nil-admirari/episode-10-white-walled-birdcage-trauma-769093"}, {"title": "Episode 12 - Bewitching Tales of the Imperial Capital -Nil Admirari-", "url": "http://www.crunchyroll.com/libra-of-nil-admirari/episode-12-bewitching-tales-of-the-imperial-capital-nil-admirari-769097"}], "coverImage": {"large": "https://s3.anilist.co/media/anime/cover/medium/nx99963-Ba9A0PJqmv3F.jpg", "medium": "https://s3.anilist.co/media/anime/cover/small/nx99963-Ba9A0PJqmv3F.jpg"}, "bannerImage": "https://s3.anilist.co/media/anime/banner/99963-JCefe2KfQj0y.jpg", "isAdult": false, "format": "TV"}, {"id": 99964, "title": {"romaji": "Baku Ane 2: Otouto Ippai Shibocchau zo! The Animation", "english": null}, "type": "ANIME", "status": "FINISHED", "description": "Based on the erotic game by Atelier Kaguya.<br>\n<br>\nProtagonist Munetaka is invited to have sex with his girlfriend, Miran, at the Hotel Lala.  Traumatised by his past, Munetaka fails his first time with Miran, straining his relationship with her.  However, to help overcome his trauma, his older sisters and cousin intend to help by providing him with sex lessons.  Between Ritsuka, Wakana, and Mashiro, who will Munetaka choose as his sex coach?<br>\n<br>\n(Source: Translated and Edited from Nekopoi)", "startDate": {"year": 2017, "month": 11, "day": 24}, "endDate": {"year": 2017, "month": 11, "day": 24}, "season": "FALL", "episodes": 1, "duration": 31, "genres": ["Hentai", "Romance"], "averageScore": 62, "trending": 0, "popularity": 386, "streamingEpisodes": [], "coverImage": {"large": "https://s3.anilist.co/media/anime/cover/medium/nx99964-i6Lx84vsgMJn.jpg", "medium": "https://s3.anilist.co/media/anime/cover/small/nx99964-i6Lx84vsgMJn.jpg"}, "bannerImage": "https://s3.anilist.co/media/anime/banner/99964-T0mP33fGieP1.jpg", "isAdult": true, "format": "OVA"}, {"id": 99966, "title": {"romaji": "Shirotan: Shirotan ga Ippai!", "english": null}, "type": "ANIME", "status": "RELEASING", "description": "Described as a \"soft and fluffy\" story, the anime features the adventures of Sirotan, a baby seal who likes to nap and dream about many different relaxing activities.\n<br><br>\n(Source: Crunchyroll)", "startDate": {"year": 2017, "month": 8, "day": 12}, "endDate": {"year": null, "month": null, "day": null}, "season": "SUMMER", "episodes": 24, "duration": 1, "genres": [], "averageScore": null, "trending": 0, "popularity": 36, "streamingEpisodes": [], "coverImage": {"large": "https://s3.anilist.co/media/anime/cover/medium/99966-xDVEEQ1FXsKL.jpg", "medium": "https://s3.anilist.co/media/anime/cover/small/99966-xDVEEQ1FXsKL.jpg"}, "bannerImage": null, "isAdult": false, "format": "ONA"}, {"id": 99994, "title": {"romaji": "Pingu in the City", "english": null}, "type": "ANIME", "status": "FINISHED", "description": "Pingu and his family move from their small village to a big city, where there are many people with many different occupations. The ever-curious Pingu tries to join them at their jobs, but his mischievous side gets the better of him and he ends up messing things up.<br>\n<br>\n(Source: ANN)", "startDate": {"year": 2017, "month": 10, "day": 7}, "endDate": {"year": 2018, "month": 3, "day": 31}, "season": "FALL", "episodes": 26, "duration": 7, "genres": ["Comedy", "Slice of Life"], "averageScore": 74, "trending": 0, "popularity": 2414, "streamingEpisodes": [], "coverImage": {"large": "https://s3.anilist.co/media/anime/cover/medium/99994-WNEHz0ArDfr4.png", "medium": "https://s3.anilist.co/media/anime/cover/small/99994-WNEHz0ArDfr4.png"}, "bannerImage": "https://s3.anilist.co/media/anime/banner/99994-9t3JqV9AO3Zc.jpg", "isAdult": false, "format": "TV_SHORT"}, {"id": 99995, "title": {"romaji": "Pingu in the City 2", "english": null}, "type": "ANIME", "status": "RELEASING", "description": "The second season of Pingu in the City.", "startDate": {"year": 2018, "month": 10, "day": 6}, "endDate": {"year": null, "month": null, "day": null}, "season": "FALL", "episodes": 26, "duration": 7, "genres": ["Comedy", "Slice of Life"], "averageScore": null, "trending": 0, "popularity": 214, "streamingEpisodes": [], "coverImage": {"large": "https://s3.anilist.co/media/anime/cover/medium/nx99995-lR1k6Q3EeHBP.jpg", "medium": "https://s3.anilist.co/media/anime/cover/small/nx99995-lR1k6Q3EeHBP.jpg"}, "bannerImage": "https://s3.anilist.co/media/anime/banner/99995-uje6S32KFU72.png", "isAdult": false, "format": "TV_SHORT"}, {"id": 100003, "title": {"romaji": "Katainaka ni Totsui de Kita Russia Musume to H Shimakuru Ohanashi", "english": "Ecchi with a Rural Russian Housewife"}, "type": "ANIME", "status": "RELEASING", "description": "Based on the CG collection by TORYA!/Otona teikoku (TORYA!/\u30aa\u30c8\u30ca\u30c6\u30a4\u30b3\u30af).<br>\n<br>\nIt was a hot summer.\nOut of work, the protagonist visited his family's house in the countryside.\nHis ambitions were in tatters. He forewent a job hunt in favor of lazing around the house.\nThat's how he got close with his brother's wife.\nHer name was Arisa.\nShe was a stunningly beautiful Russian bride transplanted to Japan.\nHer interest in Japanese was strong, and she was refreshingly open and tender.\nIt wasn't long before the bitter protagonist fantasized about stealing her.\nAround the same time, his brother went on a trip.\nThe night before his brother left, he overheard that Arisa and his brother were in a basically sexless marriage.\nWhat could be more perfect?\nThe protagonist had his brother beat in two departments: virility and perversion.\nMore than just making Arisa his own... could he get her to fall in love with him?\n<br><br>\nSource: DLsite English", "startDate": {"year": 2017, "month": 11, "day": 24}, "endDate": {"year": null, "month": null, "day": null}, "season": "FALL", "episodes": null, "duration": 20, "genres": ["Hentai"], "averageScore": 56, "trending": 0, "popularity": 356, "streamingEpisodes": [], "coverImage": {"large": "https://s3.anilist.co/media/anime/cover/medium/nx100003-zLLjPbFyYZzp.jpg", "medium": "https://s3.anilist.co/media/anime/cover/small/nx100003-zLLjPbFyYZzp.jpg"}, "bannerImage": "https://s3.anilist.co/media/anime/banner/100003-SRYoZI0xvzsS.jpg", "isAdult": true, "format": "OVA"}, {"id": 100004, "title": {"romaji": "Succuba Mist Story: Non-Human Life The Animation", "english": null}, "type": "ANIME", "status": "FINISHED", "description": "Dream interruption by Succubus Lidi's classmate and also Kaito's childhood friend to squeeze sperm makes Kaito feel uncomfortable. Kaito requests her master's request to avenge, with sperm exchange if his petition is granted. However, because of this, making Kaito and Lidi's relationship worse.<br>\n<br>\n(Source: Nekopoi and Has Been Translated)", "startDate": {"year": 2017, "month": 10, "day": 6}, "endDate": {"year": 2017, "month": 10, "day": 6}, "season": "FALL", "episodes": 1, "duration": 16, "genres": ["Hentai", "Romance", "Fantasy"], "averageScore": 52, "trending": 0, "popularity": 245, "streamingEpisodes": [], "coverImage": {"large": "https://s3.anilist.co/media/anime/cover/medium/nx100004-4XWPfkiRvHP4.jpg", "medium": "https://s3.anilist.co/media/anime/cover/small/nx100004-4XWPfkiRvHP4.jpg"}, "bannerImage": null, "isAdult": true, "format": "OVA"}, {"id": 100006, "title": {"romaji": "Jukujo Shigan: Kinbaku", "english": null}, "type": "ANIME", "status": "RELEASING", "description": "Desire for sex with next door neighbor's Aunt. making this young man who fell in love with a newly moved aunt. This wet dream and masturbation every day is done to vent his desire. Because of his curiosity towards the next aunt, he tried to peek and it turns out he knows a very surprising thing.<br>\n<br>\n(Source: Nekopoi and Has Been Translated and Edited)", "startDate": {"year": 2017, "month": 9, "day": 29}, "endDate": {"year": null, "month": null, "day": null}, "season": "FALL", "episodes": null, "duration": 23, "genres": ["Hentai"], "averageScore": null, "trending": 0, "popularity": 111, "streamingEpisodes": [], "coverImage": {"large": "https://s3.anilist.co/media/anime/cover/medium/nx100006-v4p95uFp5dTv.jpg", "medium": "https://s3.anilist.co/media/anime/cover/small/nx100006-v4p95uFp5dTv.jpg"}, "bannerImage": "https://s3.anilist.co/media/anime/banner/n100006-EFhNvF29vlMt.jpg", "isAdult": true, "format": "OVA"}, {"id": 100009, "title": {"romaji": "Uchuu Senkan Tiramisu", "english": "Space Battleship Tiramisu"}, "type": "ANIME", "status": "FINISHED", "description": "The human race extended it's life field and greed to the vast reaches of space... In Space Era 0156, a war breaks out amidst all of the colonies. Earth begins to construct a new space battleship called Tiramisu in secret. Just as the war begins, one genius pilot steers the Tiramisu as a beacon of hope for humanity.\n<br><br>\n(Source: MU, edited)", "startDate": {"year": 2018, "month": 4, "day": 3}, "endDate": {"year": 2018, "month": 6, "day": 26}, "season": "SPRING", "episodes": 13, "duration": 7, "genres": ["Comedy", "Sci-Fi", "Slice of Life", "Mecha"], "averageScore": 58, "trending": 0, "popularity": 2420, "streamingEpisodes": [{"title": "Episode 3 - FREEZE! / EYES OF THE HERO", "url": "http://www.crunchyroll.com/space-battleship-tiramisu/episode-3-freeze-eyes-of-the-hero-777499"}, {"title": "Episode 2 - REUNION / NEO UNIVERSE...", "url": "http://www.crunchyroll.com/space-battleship-tiramisu/episode-2-reunion-neo-universe-777498"}, {"title": "Episode 1 - COCKPIT ADDICTION / IT FALLS INTO THE CHRYSLER", "url": "http://www.crunchyroll.com/space-battleship-tiramisu/episode-1-cockpit-addiction-it-falls-into-the-chrysler-777497"}], "coverImage": {"large": "https://s3.anilist.co/media/anime/cover/medium/nx100009-1d7604sGIszI.jpg", "medium": "https://s3.anilist.co/media/anime/cover/small/nx100009-1d7604sGIszI.jpg"}, "bannerImage": "https://s3.anilist.co/media/anime/banner/100009-KUxEsZ8NTUzY.png", "isAdult": false, "format": "TV_SHORT"}, {"id": 100010, "title": {"romaji": "Mahou Shoujo Site", "english": "MAGICAL GIRL SITE"}, "type": "ANIME", "status": "FINISHED", "description": "Asagiri Aya is a young girl who has fallen victim to bullies at her school. Looking for a way to escape her troubles, she looks to the internet for distraction, when a mysterious website called \"Magical Girl Site\" appears. Simply viewing the page is all it takes to hurtle Aya headlong into the deadly world of the Magical Girl Apocalypse. There, it\u2019s fight or die, against a seemingly endless array of savagely adorable, frilly-skirted killing machines, each armed with magical powers and an unquenchable thirst for blood and chaos. \n<br><br>\n(Source: Seven Seas Entertainment)", "startDate": {"year": 2018, "month": 4, "day": 7}, "endDate": {"year": 2018, "month": 6, "day": 23}, "season": "SPRING", "episodes": 12, "duration": 25, "genres": ["Drama", "Horror", "Psychological", "Supernatural", "Mahou Shoujo"], "averageScore": 58, "trending": 0, "popularity": 9707, "streamingEpisodes": [], "coverImage": {"large": "https://s3.anilist.co/media/anime/cover/medium/nx100010-pL6r0CxkXh2q.jpg", "medium": "https://s3.anilist.co/media/anime/cover/small/nx100010-pL6r0CxkXh2q.jpg"}, "bannerImage": "https://s3.anilist.co/media/anime/banner/100010-WZMK7JXMAi2i.jpg", "isAdult": false, "format": "TV"}, {"id": 100049, "title": {"romaji": "Re:Zero kara Hajimeru Isekai Seikatsu OVA", "english": null}, "type": "ANIME", "status": "RELEASING", "description": "<i>Memory Snow</i> takes place after Subaru and friends defeat the Demon Beast Wolgarm, the source of the curse, and save the children of Irlam village. The characters finally get a moment of peace, and Subaru goes on a certain secret mission that he must not let anyone find out about. However, even though Subaru is wearing a disguise, Petra and other children of the village immediately figure out who he is. Now that his mission was exposed within five seconds of it starting, Subaru's \"date course\" with Emilia could be ruined.<br><br>\n\n(Source: ANN)<br><br>\n\n<i>Hyouketsu no Kizuna</i> adapts the original <i>Re:Zero Kara Hajimeru Zenjitsu-tan: Hyouketsu no Kizuna</i> prequel novel which tells the story Emilia and Puck's meeting.", "startDate": {"year": 2018, "month": 10, "day": 6}, "endDate": {"year": null, "month": null, "day": null}, "season": "FALL", "episodes": 2, "duration": 30, "genres": ["Drama", "Fantasy", "Psychological", "Thriller"], "averageScore": 71, "trending": 0, "popularity": 8972, "streamingEpisodes": [], "coverImage": {"large": "https://s3.anilist.co/media/anime/cover/medium/nx100049-EEYPcy3piULA.jpg", "medium": "https://s3.anilist.co/media/anime/cover/small/nx100049-EEYPcy3piULA.jpg"}, "bannerImage": "https://s3.anilist.co/media/anime/banner/100049-DQHwnQ5Gazvm.jpg", "isAdult": false, "format": "OVA"}, {"id": 100050, "title": {"romaji": "LibraryCross\u221e", "english": "Library Cross Infinite"}, "type": "ANIME", "status": "NOT_YET_RELEASED", "description": "Based on Otomate's puzzle role-playing game.\n<br><br>\nA medical student named Shiina and nine male partners are trapped in a certain dimensional realm with many ancient texts and an enormous mysterious clock. Together, they must find a way to escape by uncovering clues before the clock strikes \"13.\"\n<br><br>\n(Source: ANN)", "startDate": {"year": null, "month": null, "day": null}, "endDate": {"year": null, "month": null, "day": null}, "season": null, "episodes": 0, "duration": null, "genres": [], "averageScore": null, "trending": 0, "popularity": 73, "streamingEpisodes": [], "coverImage": {"large": "https://s3.anilist.co/media/anime/cover/medium/100050-iyLeXYqEh6V5.jpg", "medium": "https://s3.anilist.co/media/anime/cover/small/100050-iyLeXYqEh6V5.jpg"}, "bannerImage": null, "isAdult": false, "format": "TV"}, {"id": 100071, "title": {"romaji": "Anitore! EX: Jigoku no Training", "english": null}, "type": "ANIME", "status": "FINISHED", "description": "Special episodes bundled with Blu-ray volume of Anitore! EX.<br>\n<br>\n(Source: MAL)", "startDate": {"year": 2016, "month": 2, "day": 26}, "endDate": {"year": 2016, "month": 2, "day": 26}, "season": "WINTER", "episodes": 5, "duration": 6, "genres": ["Sports"], "averageScore": 47, "trending": 0, "popularity": 243, "streamingEpisodes": [], "coverImage": {"large": "https://s3.anilist.co/media/anime/cover/medium/100071-8LCECzqyhA5e.jpg", "medium": "https://s3.anilist.co/media/anime/cover/small/100071-8LCECzqyhA5e.jpg"}, "bannerImage": null, "isAdult": false, "format": "SPECIAL"}, {"id": 100072, "title": {"romaji": "Anitore! XX: Jigoku no Training", "english": null}, "type": "ANIME", "status": "FINISHED", "description": "Special episodes bundled with Blu-ray volume of Anitore! XX.<br>\n<br>\n(Source: MAL)", "startDate": {"year": 2017, "month": 3, "day": 17}, "endDate": {"year": 2017, "month": 3, "day": 17}, "season": "SPRING", "episodes": 6, "duration": 5, "genres": ["Ecchi", "Sports"], "averageScore": null, "trending": 0, "popularity": 70, "streamingEpisodes": [], "coverImage": {"large": "https://s3.anilist.co/media/anime/cover/medium/100072-rSOIAyfeBmH8.jpg", "medium": "https://s3.anilist.co/media/anime/cover/small/100072-rSOIAyfeBmH8.jpg"}, "bannerImage": null, "isAdult": false, "format": "SPECIAL"}, {"id": 100077, "title": {"romaji": "Hinamatsuri", "english": "HINAMATSURI"}, "type": "ANIME", "status": "FINISHED", "description": "The comedy manga centers around a super-powered girl named Hina and Nitta, a young member of the yakuza. Hina suddenly appears in Nitta's room and threatens him with her extraordinary powers. However, they end up living together.<br><br>\n\n(Source: ANN)", "startDate": {"year": 2018, "month": 4, "day": 6}, "endDate": {"year": 2018, "month": 6, "day": 22}, "season": "SPRING", "episodes": 12, "duration": 24, "genres": ["Comedy", "Fantasy", "Sci-Fi", "Slice of Life", "Supernatural"], "averageScore": 81, "trending": 3, "popularity": 19769, "streamingEpisodes": [{"title": "Episode 1 - Arrival of the Psychokinetic Girl!", "url": "http://www.crunchyroll.com/hinamatsuri/episode-1-arrival-of-the-psychokinetic-girl-768969"}, {"title": "Episode 2 - This Is how You Have a Superpower Battle!", "url": "http://www.crunchyroll.com/hinamatsuri/episode-2-this-is-how-you-have-a-superpower-battle-769299"}, {"title": "Episode 3 - Hobo Life 101", "url": "http://www.crunchyroll.com/hinamatsuri/episode-3-hobo-life-101-769301"}, {"title": "Episode 4 - Disownment / Rock n' Roll Fever", "url": "http://www.crunchyroll.com/hinamatsuri/episode-4-disownment-rock-n-roll-fever-769303"}, {"title": "Episode 5 - Three Heads Are Better Than One", "url": "http://www.crunchyroll.com/hinamatsuri/episode-5-three-heads-are-better-than-one-769305"}, {"title": "Episode 6 - Nitta-san Has a Dandy Dad", "url": "http://www.crunchyroll.com/hinamatsuri/episode-6-nitta-san-has-a-dandy-dad-769307"}, {"title": "Episode 7 - Anzu Is a Greeter Now", "url": "http://www.crunchyroll.com/hinamatsuri/episode-7-anzu-is-a-greeter-now-769309"}, {"title": "Episode 8 - And It's the Same Old Hina", "url": "http://www.crunchyroll.com/hinamatsuri/episode-8-and-its-the-same-old-hina-769311"}, {"title": "Episode 9 - Life Is About Survival", "url": "http://www.crunchyroll.com/hinamatsuri/episode-9-life-is-about-survival-769313"}, {"title": "Episode 10 - Like a River Stream", "url": "http://www.crunchyroll.com/hinamatsuri/episode-10-like-a-river-stream-769315"}, {"title": "Episode 11 - A Man Thirsty for Blood, Violence, and Money", "url": "http://www.crunchyroll.com/hinamatsuri/episode-11-a-man-thirsty-for-blood-violence-and-money-769317"}, {"title": "Episode 12 - Yukimatsuri", "url": "http://www.crunchyroll.com/hinamatsuri/episode-12-yukimatsuri-769319"}], "coverImage": {"large": "https://s3.anilist.co/media/anime/cover/medium/nx100077-GWWxOmN8WHwe.jpg", "medium": "https://s3.anilist.co/media/anime/cover/small/nx100077-GWWxOmN8WHwe.jpg"}, "bannerImage": "https://s3.anilist.co/media/anime/banner/100077-pABgEL9vOG67.jpg", "isAdult": false, "format": "TV"}, {"id": 100081, "title": {"romaji": "Zero Seiki Movie 1: Emeraldas", "english": null}, "type": "ANIME", "status": "NOT_YET_RELEASED", "description": "An anime movie that was announced at Japan Expo which will air in 2020.", "startDate": {"year": 2020, "month": null, "day": null}, "endDate": {"year": null, "month": null, "day": null}, "season": null, "episodes": 1, "duration": null, "genres": ["Action", "Sci-Fi", "Adventure"], "averageScore": null, "trending": 0, "popularity": 185, "streamingEpisodes": [], "coverImage": {"large": "https://s3.anilist.co/media/anime/cover/medium/nx100081-SkiKHz5hPTtD.jpg", "medium": "https://s3.anilist.co/media/anime/cover/small/nx100081-SkiKHz5hPTtD.jpg"}, "bannerImage": null, "isAdult": false, "format": "MOVIE"}, {"id": 100083, "title": {"romaji": "Butlers ~Chitose Momotose Monogatari~", "english": "Butlers x Battlers"}, "type": "ANIME", "status": "FINISHED", "description": "Koma Jinguji (Jay) is the smart and handsome student council president. His elegant smile captures the hearts of women. Tsubasa Hayakawa is a multi-talented and gentle shop assistant at a caf\u00e9. His cafe latte with owl latte art is very popular with female customers. The two men travel through time to fight their archenemy. The charming \"Butlers,\" as they are called, fight supernatural battles and also experience a slapstick comedic life at their academy.<br><br>\n\n(Source: ANN)", "startDate": {"year": 2018, "month": 4, "day": 12}, "endDate": {"year": 2018, "month": 6, "day": 28}, "season": "SPRING", "episodes": 12, "duration": 23, "genres": ["Comedy", "Supernatural"], "averageScore": 47, "trending": 1, "popularity": 1496, "streamingEpisodes": [{"title": "Episode 1 - The Destined Moment", "url": "http://www.crunchyroll.com/butlers-x-battlers/episode-1-the-destined-moment-769541"}, {"title": "Episode 2 - Outside and Inside", "url": "http://www.crunchyroll.com/butlers-x-battlers/episode-2-outside-and-inside-769543"}, {"title": "Episode 3 - Misunderstandings", "url": "http://www.crunchyroll.com/butlers-x-battlers/episode-3-misunderstandings-769545"}, {"title": "Episode 4 - The Elegant Battle", "url": "http://www.crunchyroll.com/butlers-x-battlers/episode-4-the-elegant-battle-769547"}, {"title": "Episode 5 - The Case Files of the Great Detective Holmes", "url": "http://www.crunchyroll.com/butlers-x-battlers/episode-5-the-case-files-of-the-great-detective-holmes-769549"}, {"title": "Episode 6 - Revenge from the Past", "url": "http://www.crunchyroll.com/butlers-x-battlers/episode-6-revenge-from-the-past-769551"}, {"title": "Episode 7 - The Time of Awakening", "url": "http://www.crunchyroll.com/butlers-x-battlers/episode-7-the-time-of-awakening-769553"}, {"title": "Episode 8 - Shiratori Ren's Day Filled with Melancholy", "url": "http://www.crunchyroll.com/butlers-x-battlers/episode-8-shiratori-rens-day-filled-with-melancholy-769555"}, {"title": "Episode 9 - Message", "url": "http://www.crunchyroll.com/butlers-x-battlers/episode-9-message-769557"}, {"title": "Episode 10 - Attachment", "url": "http://www.crunchyroll.com/butlers-x-battlers/episode-10-attachment-769559"}, {"title": "Episode 11 - Crossroads", "url": "http://www.crunchyroll.com/butlers-x-battlers/episode-11-crossroads-769561"}, {"title": "Episode 12 - A Thousand Years, a Hundred Years", "url": "http://www.crunchyroll.com/butlers-x-battlers/episode-12-a-thousand-years-a-hundred-years-769563"}], "coverImage": {"large": "https://s3.anilist.co/media/anime/cover/medium/nx100083-TdvGpOG6ZYZP.jpg", "medium": "https://s3.anilist.co/media/anime/cover/small/nx100083-TdvGpOG6ZYZP.jpg"}, "bannerImage": null, "isAdult": false, "format": "TV"}, {"id": 100085, "title": {"romaji": "Shichisei no Subaru", "english": "Seven Senses of the Re'Union"}, "type": "ANIME", "status": "FINISHED", "description": "In the popular MMORPG world 'Union' there existed a legendary party. Its name was Subaru. This party, made up of a group of childhood friends and elementary schoolers, exceeded the limits of the game with their various senses. However, due to an incident which resulted in a death, 'Union' ended its service and the group of childhood friends went separate ways... 6 years later, high schooler Haruto logged into the new 'Reunion' and reunited with a single girl. Asahi\u2014one of old 'Subaru' party members, and his childhood friend who should have died 6 years ago. Is she a digital ghost, or...?\n<br><br>\n(Source: NU)", "startDate": {"year": 2018, "month": 7, "day": 6}, "endDate": {"year": 2018, "month": 9, "day": 21}, "season": "SUMMER", "episodes": 12, "duration": 24, "genres": ["Action", "Fantasy", "Sci-Fi"], "averageScore": 56, "trending": 0, "popularity": 6394, "streamingEpisodes": [], "coverImage": {"large": "https://s3.anilist.co/media/anime/cover/medium/nx100085-vlkcAE221VeM.jpg", "medium": "https://s3.anilist.co/media/anime/cover/small/nx100085-vlkcAE221VeM.jpg"}, "bannerImage": "https://s3.anilist.co/media/anime/banner/100085-odD0sJpRe3eF.jpg", "isAdult": false, "format": "TV"}, {"id": 100093, "title": {"romaji": "Gaikotsu Shotenin Honda-san", "english": "Skull-face Bookseller Honda-san"}, "type": "ANIME", "status": "RELEASING", "description": "Honda-san is at war - with business, with out-of-print books, and with people who love manga! Who knew there were so many laughs to be found at the manga counter of a bookstore?! These are the day-to-day happenings that take place at a certain bookstore where the love of manga is abundant.<br>\n<br>\n(Source: Crunchyroll)", "startDate": {"year": 2018, "month": 10, "day": 7}, "endDate": {"year": null, "month": null, "day": null}, "season": "FALL", "episodes": 12, "duration": 12, "genres": ["Comedy"], "averageScore": 64, "trending": 19, "popularity": 3780, "streamingEpisodes": [{"title": "Episode 2 - Let Me Introduce My Crazy Colleagues in This Bookstore!", "url": "http://www.crunchyroll.com/skull-face-bookseller-honda-san/episode-2-let-me-introduce-my-crazy-colleagues-in-this-bookstore-777823"}, {"title": "Episode 1 - The Handsome Guy is First in Line \\ Yaoi Girls from OVERSEAS!!!", "url": "http://www.crunchyroll.com/skull-face-bookseller-honda-san/episode-1-the-handsome-guy-is-first-in-line-yaoi-girls-from-overseas-777822"}], "coverImage": {"large": "https://s3.anilist.co/media/anime/cover/medium/nx100093-OZswKrGxD6KL.jpg", "medium": "https://s3.anilist.co/media/anime/cover/small/nx100093-OZswKrGxD6KL.jpg"}, "bannerImage": null, "isAdult": false, "format": "TV_SHORT"}, {"id": 100108, "title": {"romaji": "Kiniitta Chitsu ni Ikinari Nakadashi OK na Resort Shima", "english": "Resort of Cumpie Fantasies"}, "type": "ANIME", "status": "RELEASING", "description": "As male customers arrive at the resort hotel of this tropical island paradise...<br>\nThey are greeted by the jiggly breasts of busty hotel women!<br>\n<br>\nIt turns out that on this island here, you can do whatever you please with the girls.<br>\nAnytime, anywhere, anything! They've been raised as fine young ladies,<br>\ntheir bodies and souls exist exclusively for your manly pleasures!<br>\n<br>\n...and with not a moment to spare, the hotel women begin to undress...<br>\n<br>\n(Source: DLsite English)", "startDate": {"year": 2017, "month": 9, "day": 20}, "endDate": {"year": null, "month": null, "day": null}, "season": "FALL", "episodes": 0, "duration": 17, "genres": ["Hentai"], "averageScore": null, "trending": 0, "popularity": 103, "streamingEpisodes": [], "coverImage": {"large": "https://s3.anilist.co/media/anime/cover/medium/nx100108-d2FJWDR60OXC.jpg", "medium": "https://s3.anilist.co/media/anime/cover/small/nx100108-d2FJWDR60OXC.jpg"}, "bannerImage": "https://s3.anilist.co/media/anime/banner/100108-txPi9nWiBUGx.jpg", "isAdult": true, "format": "OVA"}, {"id": 100110, "title": {"romaji": "Dragon Fist", "english": null}, "type": "ANIME", "status": "FINISHED", "description": "The story follows Ling Fei-long, a Chinese transfer student living in Japan. Ling is the son of the leader of the White Dragon clan, one of four clans who live in the mountains of China and are descended from mythical beasts. After killing an ordinary human, Ling is banished to Japan so that he might learn about humanity and how to control his powers around them.<br>\n<br>\n(Source: MAL)", "startDate": {"year": 1991, "month": 3, "day": 20}, "endDate": {"year": 1991, "month": 3, "day": 20}, "season": "SPRING", "episodes": 1, "duration": 40, "genres": ["Drama", "Fantasy"], "averageScore": null, "trending": 0, "popularity": 82, "streamingEpisodes": [], "coverImage": {"large": "https://s3.anilist.co/media/anime/cover/medium/100110-k8IxDtClOhVD.jpg", "medium": "https://s3.anilist.co/media/anime/cover/small/100110-k8IxDtClOhVD.jpg"}, "bannerImage": null, "isAdult": false, "format": "OVA"}, {"id": 100112, "title": {"romaji": "Kenja no Mago", "english": null}, "type": "ANIME", "status": "NOT_YET_RELEASED", "description": "A young man is reborn in another world where he is adopted as a baby by the hero Merlin Wolford and named Shin. By his 15th birthday, Shin has accumulated all kinds of power by studying under Merlin, but one thing his adoptive grandfather didn't give him was a lick of common sense. <br><br>\n(Source: ANN)", "startDate": {"year": 2019, "month": 4, "day": null}, "endDate": {"year": null, "month": null, "day": null}, "season": "SPRING", "episodes": null, "duration": null, "genres": ["Action", "Fantasy", "Comedy"], "averageScore": null, "trending": 0, "popularity": 711, "streamingEpisodes": [], "coverImage": {"large": "https://s3.anilist.co/media/anime/cover/medium/nx100112-3991okVYpCto.jpg", "medium": "https://s3.anilist.co/media/anime/cover/small/nx100112-3991okVYpCto.jpg"}, "bannerImage": null, "isAdult": false, "format": "TV"}, {"id": 100130, "title": {"romaji": "Katsugeki Touken Ranbu Movie", "english": "Katsugeki TOUKEN RANBU Movie"}, "type": "ANIME", "status": "NOT_YET_RELEASED", "description": "Announced at the end of the 13th and final episode of the anime series.", "startDate": {"year": null, "month": null, "day": null}, "endDate": {"year": null, "month": null, "day": null}, "season": null, "episodes": null, "duration": null, "genres": ["Action", "Fantasy", "Drama"], "averageScore": null, "trending": 0, "popularity": 517, "streamingEpisodes": [], "coverImage": {"large": "https://s3.anilist.co/media/anime/cover/medium/nx100130-pvEFV3DdFS8j.jpg", "medium": "https://s3.anilist.co/media/anime/cover/small/nx100130-pvEFV3DdFS8j.jpg"}, "bannerImage": null, "isAdult": false, "format": "MOVIE"}, {"id": 100133, "title": {"romaji": "One Room 2", "english": "One Room SECOND SEASON"}, "type": "ANIME", "status": "FINISHED", "description": "The second season of <i>One Room</i>.<br><br>\n\n<i>Includes episode 0, Hanasaka Yui's Prologue.</i>", "startDate": {"year": 2018, "month": 7, "day": 3}, "endDate": {"year": 2018, "month": 9, "day": 25}, "season": "SUMMER", "episodes": 13, "duration": 5, "genres": ["Slice of Life"], "averageScore": 60, "trending": 0, "popularity": 2597, "streamingEpisodes": [{"title": "Episode 12 - Amatsuki Mashiro Is Waiting", "url": "http://www.crunchyroll.com/oneroom/episode-12-amatsuki-mashiro-is-waiting-774702"}, {"title": "Episode 11 - Amatsuki Mashiro Remembers", "url": "http://www.crunchyroll.com/oneroom/episode-11-amatsuki-mashiro-remembers-774701"}, {"title": "Episode 10 - Amatsuki Mashiro Gives It a Try", "url": "http://www.crunchyroll.com/oneroom/episode-10-amatsuki-mashiro-gives-it-a-try-774700"}, {"title": "Episode 9 - Amatsuki Mashiro Is Searching", "url": "http://www.crunchyroll.com/oneroom/episode-9-amatsuki-mashiro-is-searching-774699"}, {"title": "Episode 8 - Nanahashi Minori Is Right Here", "url": "http://www.crunchyroll.com/oneroom/episode-8-nanahashi-minori-is-right-here-774698"}, {"title": "Episode 7 - Nanahashi Minori Asks For the Impossible", "url": "http://www.crunchyroll.com/oneroom/episode-7-nanahashi-minori-asks-for-the-impossible-774697"}, {"title": "Episode 6 - Nanahashi Minori Has a Heart-to-Heart", "url": "http://www.crunchyroll.com/oneroom/episode-6-nanahashi-minori-has-a-heart-to-heart-774696"}, {"title": "Episode 5 - Nanahashi Minori Comes to Wake You Up", "url": "http://www.crunchyroll.com/oneroom/episode-5-nanahashi-minori-comes-to-wake-you-up-774695"}, {"title": "Episode 4 - Hanasaka Yui Is Near Me", "url": "http://www.crunchyroll.com/oneroom/episode-4-hanasaka-yui-is-near-me-774694"}, {"title": "Episode 3 - Hanasaka Yui Is Sulking", "url": "http://www.crunchyroll.com/oneroom/episode-3-hanasaka-yui-is-sulking-774693"}, {"title": "Episode 2 - Hanasaka Yui Gets Scolded", "url": "http://www.crunchyroll.com/oneroom/episode-2-hanasaka-yui-gets-scolded-774692"}, {"title": "Episode 1 - Hanasaka Yui Is Excited", "url": "http://www.crunchyroll.com/oneroom/episode-1-hanasaka-yui-is-excited-774691"}, {"title": "Episode 0 - Hanasaka Yui's Prologue", "url": "http://www.crunchyroll.com/oneroom/episode-0-hanasaka-yuis-prologue-774690"}], "coverImage": {"large": "https://s3.anilist.co/media/anime/cover/medium/nx100133-ON96W9oFFvZL.jpg", "medium": "https://s3.anilist.co/media/anime/cover/small/nx100133-ON96W9oFFvZL.jpg"}, "bannerImage": null, "isAdult": false, "format": "TV_SHORT"}]}}}