{"data": {"Page": {"pageInfo": {"total": 12297, "hasNextPage": true}, "media": [{"id": 21028, "title": {"romaji": "Eikoku Ikke, Nihon o Taberu", "english": "Sushi and Beyond"}, "type": "ANIME", "status": "FINISHED", "description": "Inspired by a book on Japanese cuisine written by British food writer Michael Booth, this family oriented foodie anime runs the gamut from chanko to yakisoba, and almost everything in between. Booth becomes obsessed with Japanese cuisine after reading about it, so he and his wife and their two young boys travel the length of Japan over three months, devouring everything in their way. If you're curious about okonomiyaki, or fearful of natto, you'll definitely enjoy this fun, light-hearted trans-national food voyage!\n<br>\n<br>\n(Source: Viewster)", "startDate": {"year": 2015, "month": 4, "day": 12}, "endDate": {"year": 2015, "month": 10, "day": 11}, "season": "SPRING", "episodes": 24, "duration": 20, "genres": ["Comedy", "Slice of Life"], "averageScore": null, "trending": 0, "popularity": 154, "streamingEpisodes": [], "coverImage": {"large": "https://s3.anilist.co/media/anime/cover/medium/21028-RPVYPCJoz9W0.jpg", "medium": "https://s3.anilist.co/media/anime/cover/small/21028-RPVYPCJoz9W0.jpg"}, "bannerImage": null, "isAdult": false, "format": "TV"}, {"id": 21029, "title": {"romaji": "Kanojo wa Dare to demo Sex Suru.", "english": null}, "type": "ANIME", "status": "FINISHED", "description": "An OVA based on the adult game of the same name by Orcsoft.", "startDate": {"year": 2015, "month": 2, "day": 20}, "endDate": {"year": 2015, "month": 3, "day": 20}, "season": "WINTER", "episodes": 2, "duration": 20, "genres": ["Hentai"], "averageScore": 56, "trending": 0, "popularity": 415, "streamingEpisodes": [], "coverImage": {"large": "https://s3.anilist.co/media/anime/cover/medium/nx21029-Daq9Vg9w7Dqe.jpg", "medium": "https://s3.anilist.co/media/anime/cover/small/nx21029-Daq9Vg9w7Dqe.jpg"}, "bannerImage": "https://s3.anilist.co/media/anime/banner/21029-GNE4miPwcOCS.jpg", "isAdult": true, "format": "OVA"}, {"id": 21030, "title": {"romaji": "Oni Chichi 2: Harvest", "english": null}, "type": "ANIME", "status": "FINISHED", "description": "Makino has taken it upon herself to turn her father back to normal, but her own desire starts to cloud her judgment. When he comes to her work for her to keep her promise, passion starts to spiral out of control as the other sisters become jealous of her. Does she really want him to return to normal? Or does she just want him for herself?<br>\n<br>\n(Source: H-Moe)", "startDate": {"year": 2015, "month": 1, "day": 30}, "endDate": {"year": 2015, "month": 1, "day": 30}, "season": "WINTER", "episodes": 1, "duration": 30, "genres": ["Hentai"], "averageScore": 58, "trending": 0, "popularity": 633, "streamingEpisodes": [], "coverImage": {"large": "https://s3.anilist.co/media/anime/cover/medium/21030-vmFUbIjBRgTL.png", "medium": "https://s3.anilist.co/media/anime/cover/small/21030-vmFUbIjBRgTL.png"}, "bannerImage": null, "isAdult": true, "format": "OVA"}, {"id": 21031, "title": {"romaji": "Taboo Tattoo", "english": null}, "type": "ANIME", "status": "FINISHED", "description": "The manga which this will be based off follows Justice Akazuka (nickname Seigi), a young man who is good at martial arts. Seigi rescues a homeless old man on the street one day from some thugs, and the man gives Seigi an object that imprints a tattoo on his palm. However, it is not an ordinary tattoo, but a special weapon that gives Seigi supernatural powers such as warping space-time. Seigi then meets a female American agent named Ijii, whose duty is to recover the tattoos. Seigi decides to help her and gets wrapped up in a cross-national conspiracy.<br>\n<br>\n(Source: ANN)", "startDate": {"year": 2016, "month": 7, "day": 5}, "endDate": {"year": 2016, "month": 9, "day": 20}, "season": "SUMMER", "episodes": 12, "duration": 24, "genres": ["Action", "Comedy", "Ecchi"], "averageScore": 53, "trending": 0, "popularity": 11654, "streamingEpisodes": [{"title": "Episode 1 - Tattoo", "url": "http://www.crunchyroll.com/taboo-tattoo/episode-1-tattoo-715111"}, {"title": "Episode 2 - Surprise Attack", "url": "http://www.crunchyroll.com/taboo-tattoo/episode-2-surprise-attack-715113"}, {"title": "Episode 3 - Misery Loves Company", "url": "http://www.crunchyroll.com/taboo-tattoo/episode-3-misery-loves-company-715115"}, {"title": "Episode 4 - Distance", "url": "http://www.crunchyroll.com/taboo-tattoo/episode-4-distance-715117"}, {"title": "Episode 5 - Rescue", "url": "http://www.crunchyroll.com/taboo-tattoo/episode-5-rescue-715119"}, {"title": "Episode 6 - Reunion", "url": "http://www.crunchyroll.com/taboo-tattoo/episode-6-reunion-715121"}, {"title": "Episode 7 - Storm", "url": "http://www.crunchyroll.com/taboo-tattoo/episode-7-storm-715123"}, {"title": "Episode 8 - Creator", "url": "http://www.crunchyroll.com/taboo-tattoo/episode-8-creator-715125"}, {"title": "Episode 9 - The Past", "url": "http://www.crunchyroll.com/taboo-tattoo/episode-9-the-past-715127"}, {"title": "Episode 10 - Letter of Challenge", "url": "http://www.crunchyroll.com/taboo-tattoo/episode-10-letter-of-challenge-715129"}, {"title": "Episode 11 - In the Palm of the Hand", "url": "http://www.crunchyroll.com/taboo-tattoo/episode-11-in-the-palm-of-the-hand-715131"}, {"title": "Episode 12 - The Deciding Battle", "url": "http://www.crunchyroll.com/taboo-tattoo/episode-12-the-deciding-battle-715133"}], "coverImage": {"large": "https://s3.anilist.co/media/anime/cover/medium/21031-q8GKDTABPehD.jpg", "medium": "https://s3.anilist.co/media/anime/cover/small/21031-q8GKDTABPehD.jpg"}, "bannerImage": "https://s3.anilist.co/media/anime/banner/21031-l9ryVOqGrJ6c.jpg", "isAdult": false, "format": "TV"}, {"id": 21032, "title": {"romaji": "Sinbad: Sora Tobu Hime to Himitsu no Shima", "english": null}, "type": "ANIME", "status": "FINISHED", "description": "The story begins when Sinbad, the sailor made famous in the One Thousand and One Nights (Arabian Nights) stories, dreams of voyaging to an unknown world. He and his pet monkey Mimi encounter Sana, a girl riding a flying wooden horse. \"The wind shifted\u2026.\"<br>\n<br>\n(Source: ANN)", "startDate": {"year": 2015, "month": 7, "day": 4}, "endDate": {"year": null, "month": null, "day": null}, "season": "SUMMER", "episodes": 1, "duration": 51, "genres": [], "averageScore": null, "trending": 0, "popularity": 215, "streamingEpisodes": [], "coverImage": {"large": "https://s3.anilist.co/media/anime/cover/medium/21032-IJZDw1QKrGei.png", "medium": "https://s3.anilist.co/media/anime/cover/small/21032-IJZDw1QKrGei.png"}, "bannerImage": null, "isAdult": false, "format": "MOVIE"}, {"id": 21033, "title": {"romaji": "Jitsu wa Watashi wa", "english": "Actually, I Am"}, "type": "ANIME", "status": "FINISHED", "description": "The romantic comedy centers around Asahi Kuromine, who has a crush on a cute girl named Y\u014dko Shiragami. Shiragami just happens to be a vampire. Asahi cannot keep a secret, but he is determined to keep Shiragami's secret anyways.<br>\n<br>\n(Source: ANN)", "startDate": {"year": 2015, "month": 7, "day": 7}, "endDate": {"year": 2015, "month": 9, "day": 29}, "season": "SUMMER", "episodes": 13, "duration": 24, "genres": ["Comedy", "Fantasy", "Romance"], "averageScore": 67, "trending": 0, "popularity": 11164, "streamingEpisodes": [{"title": "Episode 1 - I'll Confess!", "url": "http://www.crunchyroll.com/actually-i-am/episode-1-ill-confess-682269"}, {"title": "Episode 2 - I'll Keep This Secret!", "url": "http://www.crunchyroll.com/actually-i-am/episode-2-ill-keep-this-secret-682271"}, {"title": "Episode 3 - Beware Childhood Friends!", "url": "http://www.crunchyroll.com/actually-i-am/episode-3-beware-childhood-friends-682273"}, {"title": "Episode 4 - Help the Class Rep!", "url": "http://www.crunchyroll.com/actually-i-am/episode-4-help-the-class-rep-682275"}, {"title": "Episode 5 - Let's Go on a... Date?", "url": "http://www.crunchyroll.com/actually-i-am/episode-5-lets-go-on-a-date-682277"}, {"title": "Episode 6 - Beware of the Wolf Man!", "url": "http://www.crunchyroll.com/actually-i-am/episode-6-beware-of-the-wolf-man-682279"}, {"title": "Episode 7 - Let's Get Sexy!", "url": "http://www.crunchyroll.com/actually-i-am/episode-7-lets-get-sexy-682281"}, {"title": "Episode 8 - Let's Save the World!", "url": "http://www.crunchyroll.com/actually-i-am/episode-8-lets-save-the-world-682283"}, {"title": "Episode 9 - Let's Put On Our Swimsuits!", "url": "http://www.crunchyroll.com/actually-i-am/episode-9-lets-put-on-our-swimsuits-682285"}, {"title": "Episode 10 - Let's Be Honest!", "url": "http://www.crunchyroll.com/actually-i-am/episode-10-lets-be-honest-682287"}, {"title": "Episode 11 - Let's Go to the Summer Festival!", "url": "http://www.crunchyroll.com/actually-i-am/episode-11-lets-go-to-the-summer-festival-682289"}, {"title": "Episode 12 - Let's Stop This Confession!", "url": "http://www.crunchyroll.com/actually-i-am/episode-12-lets-stop-this-confession-682291"}, {"title": "Episode 13 - Let's Go Home Together!", "url": "http://www.crunchyroll.com/actually-i-am/episode-13-lets-go-home-together-682293"}], "coverImage": {"large": "https://s3.anilist.co/media/anime/cover/medium/21033-3HMPCgO0A62W.png", "medium": "https://s3.anilist.co/media/anime/cover/small/21033-3HMPCgO0A62W.png"}, "bannerImage": "https://s3.anilist.co/media/anime/banner/21033-4r8mTYGDT5sS.jpg", "isAdult": false, "format": "TV"}, {"id": 21034, "title": {"romaji": "Gochuumon wa Usagi Desu ka??", "english": "Is the Order a Rabbit??"}, "type": "ANIME", "status": "FINISHED", "description": "The second season of Gochuumon wa Usagi Desu ka??<br><br>\nKokoa is still living and working at cafe Rabbit House. This anime follows her and the friends she has made throughout their time working in the cafe.", "startDate": {"year": 2015, "month": 10, "day": 10}, "endDate": {"year": 2015, "month": 12, "day": 26}, "season": "FALL", "episodes": 12, "duration": 23, "genres": ["Comedy", "Slice of Life"], "averageScore": 77, "trending": 1, "popularity": 7954, "streamingEpisodes": [{"title": "PV", "url": "http://www.crunchyroll.com/is-the-order-a-rabbit/is-the-order-a-rabbit-pv-653201"}, {"title": "Episode 1 - I Knew at First Glance That It Was No Ordinary Fluffball", "url": "http://www.crunchyroll.com/is-the-order-a-rabbit/episode-1-i-knew-at-first-glance-that-it-was-no-ordinary-fluffball-653243"}, {"title": "Episode 2 - The Girl Who Loved Wheat and the Girl Loved by Azuki Beans.", "url": "http://www.crunchyroll.com/is-the-order-a-rabbit/episode-2-the-girl-who-loved-wheat-and-the-girl-loved-by-azuki-beans-653245"}, {"title": "Episode 3 - Do You Remember the Day You First Got Drunk? You Tried to Light a Campfire in Your Own Home, Didn't You?", "url": "http://www.crunchyroll.com/is-the-order-a-rabbit/episode-3-do-you-remember-the-day-you-first-got-drunk-you-tried-to-light-a-campfire-in-your-own-home-didnt-you-653247"}, {"title": "Episode 4 - Your Lucky Items Are Vegetables, Crime, and Punishment.", "url": "http://www.crunchyroll.com/is-the-order-a-rabbit/episode-4-your-lucky-items-are-vegetables-crime-and-punishment-653249"}, {"title": "Episode 5 - Cocoa and Murderous Intent Without Malice", "url": "http://www.crunchyroll.com/is-the-order-a-rabbit/episode-5-cocoa-and-murderous-intent-without-malice-653251"}, {"title": "Episode 6 - A Story About Telling a Story", "url": "http://www.crunchyroll.com/is-the-order-a-rabbit/episode-6-a-story-about-telling-a-story-653253"}, {"title": "Episode 7 - Call Me Sister", "url": "http://www.crunchyroll.com/is-the-order-a-rabbit/episode-7-call-me-sister-653255"}, {"title": "Episode 8 - Wet with Pool Water, Wet with Rain, Wet with Tears", "url": "http://www.crunchyroll.com/is-the-order-a-rabbit/episode-8-wet-with-pool-water-wet-with-rain-wet-with-tears-653257"}, {"title": "Episode 9 - Aoyama Slump Mountain", "url": "http://www.crunchyroll.com/is-the-order-a-rabbit/episode-9-aoyama-slump-mountain-653259"}, {"title": "Episode 10 - The Anti-Sister Battle Corps, Also Known As the Chimame Corps", "url": "http://www.crunchyroll.com/is-the-order-a-rabbit/episode-10-the-anti-sister-battle-corps-also-known-as-the-chimame-corps-653261"}, {"title": "Episode 11 - The Girl Dons a Red Coat and Drives a Team of Rabbits Across the Christmas Eve Night Sky", "url": "http://www.crunchyroll.com/is-the-order-a-rabbit/episode-11-the-girl-dons-a-red-coat-and-drives-a-team-of-rabbits-across-the-christmas-eve-night-sky-653263"}, {"title": "Episode 12 - For You, I Can Sleep Late", "url": "http://www.crunchyroll.com/is-the-order-a-rabbit/episode-12-for-you-i-can-sleep-late-653265"}], "coverImage": {"large": "https://s3.anilist.co/media/anime/cover/medium/21034-XuF5VB5vzy5l.jpg", "medium": "https://s3.anilist.co/media/anime/cover/small/21034-XuF5VB5vzy5l.jpg"}, "bannerImage": null, "isAdult": false, "format": "TV"}, {"id": 21035, "title": {"romaji": "Onnanoko tte.", "english": null}, "type": "ANIME", "status": "FINISHED", "description": "The original manga is about the many worries that girls have, such as pimples, dry skin, unwanted hair, drinking while driving, face turning red, and singing well at karaoke. The series explains matters regarding girls' bodies and minds through manga art and answers from experts.<br>\n<br>\n(Source: ANN)", "startDate": {"year": 2015, "month": 2, "day": 5}, "endDate": {"year": 2015, "month": 2, "day": 26}, "season": "WINTER", "episodes": 4, "duration": 1, "genres": ["Slice of Life"], "averageScore": null, "trending": 0, "popularity": 41, "streamingEpisodes": [], "coverImage": {"large": "https://s3.anilist.co/media/anime/cover/medium/21035-oGXN819FtECQ.jpg", "medium": "https://s3.anilist.co/media/anime/cover/small/21035-oGXN819FtECQ.jpg"}, "bannerImage": null, "isAdult": false, "format": "TV_SHORT"}, {"id": 21036, "title": {"romaji": "Saimin Jutsu Zero Special", "english": null}, "type": "ANIME", "status": "FINISHED", "description": "This is a s Short special of the anime Saimin Jutsu Zero. Included in the DVD/Blu-ray Volume 2.<br>\n<br>\nMurakoshi Shinta seems to be just a doctor at school. But secretly he has taken advantage of his position to hypnotize every female student he likes. Now, after putting all the targets under his control, he begins to transform the poor girl into his sex slave...<br>\n<br>\n(Source: Translated from Nekopoi)", "startDate": {"year": 2013, "month": 9, "day": 6}, "endDate": {"year": 2013, "month": 9, "day": 6}, "season": "FALL", "episodes": 1, "duration": 5, "genres": ["Hentai"], "averageScore": 45, "trending": 0, "popularity": 125, "streamingEpisodes": [], "coverImage": {"large": "https://s3.anilist.co/media/anime/cover/medium/21036-h5yasf2u5INh.jpg", "medium": "https://s3.anilist.co/media/anime/cover/small/21036-h5yasf2u5INh.jpg"}, "bannerImage": null, "isAdult": true, "format": "SPECIAL"}, {"id": 21037, "title": {"romaji": "Omakase Mamitasu", "english": null}, "type": "ANIME", "status": "FINISHED", "description": "Based on Shoko Nakagawa's (Shokotan's) stories about her cats. The main characters of Omakase Mamitasu are 10 cats. Shokotan owns 10 cats in real life, and she adores one in particular named Mamitasu, the anime's namesake. The anime depicts the slapstick comedy of the idiosyncratic 10 cats and the folks in the unusual \"Nakagawa family.\"<br>\n<br>\n(Source: ANN)", "startDate": {"year": 2015, "month": 3, "day": 31}, "endDate": {"year": 2016, "month": 2, "day": 23}, "season": "SPRING", "episodes": 32, "duration": 10, "genres": [], "averageScore": null, "trending": 0, "popularity": 34, "streamingEpisodes": [], "coverImage": {"large": "https://s3.anilist.co/media/anime/cover/medium/21037-EO8QpHAXkxQH.jpg", "medium": "https://s3.anilist.co/media/anime/cover/small/21037-EO8QpHAXkxQH.jpg"}, "bannerImage": null, "isAdult": false, "format": "TV_SHORT"}, {"id": 21038, "title": {"romaji": "Ushio to Tora", "english": "Ushio and Tora"}, "type": "ANIME", "status": "FINISHED", "description": "Long ago, a ferocious monster terrorized the land, until a samurai, wielding the legendary \u201cBeast Spear\u201d, sealed him away. 500 years later, a middle school student named Ushio Aotsuki accidently uncovers the monster in a hidden cellar under his family\u2019s temple. The unsealed monster and the spear attract many other supernatural creatures to the temple and Ushio is forced to release the monster in order to defeat them. Ushio names the monster \u201cTora\u201d and unwillingly work together to battle other spirits and demons.<br>\n<br>\n(Source: Crunchyroll)", "startDate": {"year": 2015, "month": 7, "day": 3}, "endDate": {"year": 2015, "month": 12, "day": 25}, "season": "SUMMER", "episodes": 26, "duration": 24, "genres": ["Action", "Comedy", "Drama", "Supernatural"], "averageScore": 73, "trending": 0, "popularity": 10230, "streamingEpisodes": [{"title": "Episode 1 - The Fate that Brings Ushio And Tora Together", "url": "http://www.crunchyroll.com/ushio-and-tora/episode-1-the-fate-that-brings-ushio-and-tora-together-682425"}, {"title": "Episode 2 - Rock Eater", "url": "http://www.crunchyroll.com/ushio-and-tora/episode-2-rock-eater-683127"}, {"title": "Episode 3 - The Demon That Dwells in the Painting", "url": "http://www.crunchyroll.com/ushio-and-tora/episode-3-the-demon-that-dwells-in-the-painting-683129"}, {"title": "Episode 4 - Tora Goes to the City", "url": "http://www.crunchyroll.com/ushio-and-tora/episode-4-tora-goes-to-the-city-683131"}, {"title": "Episode 5 - Exorcist Hyou", "url": "http://www.crunchyroll.com/ushio-and-tora/episode-5-exorcist-hyou-683133"}, {"title": "Episode 6 - The Sea of the Ayakashi", "url": "http://www.crunchyroll.com/ushio-and-tora/episode-6-the-sea-of-the-ayakashi-683135"}, {"title": "Episode 7 - Legend", "url": "http://www.crunchyroll.com/ushio-and-tora/episode-7-legend-683137"}, {"title": "Episode 8 - He Is in the Sky", "url": "http://www.crunchyroll.com/ushio-and-tora/episode-8-he-is-in-the-sky-683139"}, {"title": "Episode 9 - Mad Wind", "url": "http://www.crunchyroll.com/ushio-and-tora/episode-9-mad-wind-683141"}, {"title": "Episode 10 - The House Where the Child Lives", "url": "http://www.crunchyroll.com/ushio-and-tora/episode-10-the-house-where-the-child-lives-683143"}, {"title": "Episode 11 - Mirror of a Single Strike", "url": "http://www.crunchyroll.com/ushio-and-tora/episode-11-mirror-of-a-single-strike-683145"}, {"title": "Episode 12 - The Road to the Touno Youkai Battle ~Part One~", "url": "http://www.crunchyroll.com/ushio-and-tora/episode-12-the-road-to-the-touno-youkai-battle-part-one-683147"}, {"title": "Episode 13 - The Road to the Touno Youkai Battle ~Part Two~", "url": "http://www.crunchyroll.com/ushio-and-tora/episode-13-the-road-to-the-touno-youkai-battle-part-two-683149"}, {"title": "Episode 14 - Hiyou Pursuit~Successor", "url": "http://www.crunchyroll.com/ushio-and-tora/episode-14-hiyou-pursuitsuccessor-686623"}, {"title": "Episode 15 - The Crossroads of the Pursuit ~Successor", "url": "http://www.crunchyroll.com/ushio-and-tora/episode-15-the-crossroads-of-the-pursuit-successor-686625"}, {"title": "Episode 16 - Transformation", "url": "http://www.crunchyroll.com/ushio-and-tora/episode-16-transformation-686627"}, {"title": "Episode 17 - To Kamuikotan", "url": "http://www.crunchyroll.com/ushio-and-tora/episode-17-to-kamuikotan-686629"}, {"title": "Episode 18 - Revival~And Finally...", "url": "http://www.crunchyroll.com/ushio-and-tora/episode-18-revivaland-finally-686631"}, {"title": "Episode 19 - The Demon That Turns Back Time", "url": "http://www.crunchyroll.com/ushio-and-tora/episode-19-the-demon-that-turns-back-time-686633"}, {"title": "Episode 20 - The Demon Returns", "url": "http://www.crunchyroll.com/ushio-and-tora/episode-20-the-demon-returns-686635"}, {"title": "Episode 21 - The Fourth: Kirio", "url": "http://www.crunchyroll.com/ushio-and-tora/episode-21-the-fourth-kirio-686637"}, {"title": "Episode 22 - Great Summoning~Destruction of the Beast Spear", "url": "http://www.crunchyroll.com/ushio-and-tora/episode-22-great-summoningdestruction-of-the-beast-spear-686639"}, {"title": "Episode 23 - Eternal Solitude", "url": "http://www.crunchyroll.com/ushio-and-tora/episode-23-eternal-solitude-686641"}, {"title": "Episode 24 - The Fools Gather at the Banquet", "url": "http://www.crunchyroll.com/ushio-and-tora/episode-24-the-fools-gather-at-the-banquet-686643"}, {"title": "Episode 25 - H.A.M.M.R~The H.A.M.M.R Institute", "url": "http://www.crunchyroll.com/ushio-and-tora/episode-25-hammrthe-hammr-institute-686645"}, {"title": "Episode 26 - TATARI BREAKER", "url": "http://www.crunchyroll.com/ushio-and-tora/episode-26-tatari-breaker-686647"}, {"title": "Episode 27 - The Wind Blows", "url": "http://www.crunchyroll.com/ushio-and-tora/episode-27-the-wind-blows-702245"}, {"title": "Episode 28 - I Won't Lose Anyone Else", "url": "http://www.crunchyroll.com/ushio-and-tora/episode-28-i-wont-lose-anyone-else-702247"}, {"title": "Episode 29 - The Night of the Crescent Moon", "url": "http://www.crunchyroll.com/ushio-and-tora/episode-29-the-night-of-the-crescent-moon-702249"}, {"title": "Episode 30 - The Journey of No Return", "url": "http://www.crunchyroll.com/ushio-and-tora/episode-30-the-journey-of-no-return-702251"}, {"title": "Episode 31 - To the Sea of Chaos", "url": "http://www.crunchyroll.com/ushio-and-tora/episode-31-to-the-sea-of-chaos-702253"}, {"title": "Episode 32 - Mother", "url": "http://www.crunchyroll.com/ushio-and-tora/episode-32-mother-702255"}, {"title": "Episode 33 - The Beast Spear Destroyed", "url": "http://www.crunchyroll.com/ushio-and-tora/episode-33-the-beast-spear-destroyed-702257"}, {"title": "Episode 34 - Tora", "url": "http://www.crunchyroll.com/ushio-and-tora/episode-34-tora-702259"}, {"title": "Episode 35 - Hope", "url": "http://www.crunchyroll.com/ushio-and-tora/episode-35-hope-702261"}, {"title": "Episode 36 - To the Promised Night", "url": "http://www.crunchyroll.com/ushio-and-tora/episode-36-to-the-promised-night-702263"}, {"title": "Episode 37 - The Ultimate Insult", "url": "http://www.crunchyroll.com/ushio-and-tora/episode-37-the-ultimate-insult-702265"}, {"title": "Episode 38 - The End", "url": "http://www.crunchyroll.com/ushio-and-tora/episode-38-the-end-702267"}, {"title": "Episode 39 - The Fate of Ushio and Tora", "url": "http://www.crunchyroll.com/ushio-and-tora/episode-39-the-fate-of-ushio-and-tora-702269"}], "coverImage": {"large": "https://s3.anilist.co/media/anime/cover/medium/21038-hbRdHhHqZsxv.jpg", "medium": "https://s3.anilist.co/media/anime/cover/small/21038-hbRdHhHqZsxv.jpg"}, "bannerImage": "https://s3.anilist.co/media/anime/banner/21038-JFoGwVb7bkni.jpg", "isAdult": false, "format": "TV"}, {"id": 21039, "title": {"romaji": "Shigatsu wa Kimi no Uso: Moments", "english": "Your Lie in April: Moments"}, "type": "ANIME", "status": "FINISHED", "description": "OVA bundled with the 11th Shigatsu wa Kimi no Uso manga volume.<br>\n<br>\nThe OVA focuses on Kousei, Emi and Takeshi when they were younger, showing their troubles during their competitions and the beginning of their rivalry.<br>\n<br>\n(Source: Shigatsu wa Kimi no Uso Wikia)", "startDate": {"year": 2015, "month": 5, "day": 15}, "endDate": {"year": null, "month": null, "day": null}, "season": "SPRING", "episodes": 1, "duration": 24, "genres": [], "averageScore": 74, "trending": 1, "popularity": 6299, "streamingEpisodes": [], "coverImage": {"large": "https://s3.anilist.co/media/anime/cover/medium/21039-X68Dgfa7VG2v.jpg", "medium": "https://s3.anilist.co/media/anime/cover/small/21039-X68Dgfa7VG2v.jpg"}, "bannerImage": null, "isAdult": false, "format": "OVA"}, {"id": 21040, "title": {"romaji": "Vampire Holmes", "english": null}, "type": "ANIME", "status": "FINISHED", "description": "An anime adaptation of the smartphone game that features a character named Holmes in London, but against his name, he is a private detective who dose not reason, or not even explain mysteries. However, he always solves the cases requested. He secretly undertakes a mission from the Metropolitan Police of London to search vampires.<br>\n<br>\n(Source: CR)", "startDate": {"year": 2015, "month": 4, "day": 4}, "endDate": {"year": 2015, "month": 6, "day": 20}, "season": "SPRING", "episodes": 12, "duration": 5, "genres": ["Mystery", "Supernatural"], "averageScore": 27, "trending": 0, "popularity": 1495, "streamingEpisodes": [], "coverImage": {"large": "https://s3.anilist.co/media/anime/cover/medium/21040-230JtRLv8cg5.jpg", "medium": "https://s3.anilist.co/media/anime/cover/small/21040-230JtRLv8cg5.jpg"}, "bannerImage": "https://s3.anilist.co/media/anime/banner/21040-7rg6UrT1xZh2.jpg", "isAdult": false, "format": "TV_SHORT"}, {"id": 21041, "title": {"romaji": "Bokura wa Minna Kawaisou: Shiro-san to Ore", "english": "The Kawai Complex Guide to Manors and Hostel Behavior: Shiro-san and I"}, "type": "ANIME", "status": "FINISHED", "description": "Based on the 4-koma manga stories of Bokura wa Minna Kawaisou. Included in Blu-ray/DVD volumes 1-7.", "startDate": {"year": 2014, "month": 7, "day": 2}, "endDate": {"year": 2015, "month": 1, "day": 30}, "season": "SUMMER", "episodes": 14, "duration": 1, "genres": ["Comedy"], "averageScore": 63, "trending": 0, "popularity": 986, "streamingEpisodes": [], "coverImage": {"large": "https://s3.anilist.co/media/anime/cover/medium/21041-8dC5Lj75ILZp.png", "medium": "https://s3.anilist.co/media/anime/cover/small/21041-8dC5Lj75ILZp.png"}, "bannerImage": null, "isAdult": false, "format": "SPECIAL"}, {"id": 21042, "title": {"romaji": "Glass no Hana to Kowasu Sekai", "english": "Garakowa -Restore the World-"}, "type": "ANIME", "status": "FINISHED", "description": "A floating space without gravity where an infinite number of lights shine in different colors: The \"Box of Wisdom.\" Inside of this box, there are multiple worlds, multiple timelines, and there used to be many different people. This is where Dual and Dorothy were fighting with enemies called \"Viruses.\" Worlds infected by viruses must be erased. That is the duty, the job of these girls. However, one day, Dual and Dorothy feel the presence of a new Virus. Arriving at the scene, they see a girl being attacked by Viruses. After saving the girl, the duo wait for her to awaken so they can ask who she is, where she came from, and where she is going. Finally, when the girl opened her eyes, she gave her name, Rimo, and whispered only one sentence... \"I must return to the flower patch...\"<br>\n<br>\n(Source: ANN)", "startDate": {"year": 2016, "month": 1, "day": 10}, "endDate": {"year": 2016, "month": 1, "day": 10}, "season": "WINTER", "episodes": 1, "duration": 67, "genres": [], "averageScore": 63, "trending": 0, "popularity": 3475, "streamingEpisodes": [], "coverImage": {"large": "https://s3.anilist.co/media/anime/cover/medium/21042-yIZohi0iy7vH.jpg", "medium": "https://s3.anilist.co/media/anime/cover/small/21042-yIZohi0iy7vH.jpg"}, "bannerImage": null, "isAdult": false, "format": "MOVIE"}, {"id": 21043, "title": {"romaji": "Aria The Avvenire", "english": null}, "type": "ANIME", "status": "FINISHED", "description": "The first episode's story starts with Ai practicing on the gondola with Akari. As they travel through a canal, they meet Aika and Alice. All three have not had much time to meet since becoming Prima undines. Considering even the little time they spend together a \"miracle,\" Akari remembers a certain incident and relates it to Ai.<br>\n<br>\nThe second episode's story begins with Ai relating a story to Akari of her experiencing a \"miracle\" while she was practicing. She saw Cait Sith as she was traveling down an unfamiliar path. When she disembarks from her gondola to follow it, she meets two Single undines from Himeya company and Orange Planet in the middle of practice.<br>\n<br>\n(Source: ANN)", "startDate": {"year": 2015, "month": 12, "day": 25}, "endDate": {"year": 2016, "month": 6, "day": 24}, "season": "WINTER", "episodes": 3, "duration": 21, "genres": ["Fantasy", "Slice of Life"], "averageScore": 78, "trending": 0, "popularity": 2357, "streamingEpisodes": [], "coverImage": {"large": "https://s3.anilist.co/media/anime/cover/medium/21043-ZS0itya4AIxC.jpg", "medium": "https://s3.anilist.co/media/anime/cover/small/21043-ZS0itya4AIxC.jpg"}, "bannerImage": "https://s3.anilist.co/media/anime/banner/21043-tFLGFDhVvA4Y.jpg", "isAdult": false, "format": "SPECIAL"}, {"id": 21044, "title": {"romaji": "Million Doll", "english": null}, "type": "ANIME", "status": "FINISHED", "description": "Million Doll centers on an idol-loving hikkomori named Suko who has a special ability. She can make any idol popular just by writing about them on her blog! One day, while being forced to go to the supermarket by her sister, she happens to see a live performance from the Fukuoka based idol group \"Itrio.\" Suko decides that she will do everything in her power to push them into stardom. Unfortunately, she has compete with the charismatic otaku blogger Ryu-san who supports the underground idol Mariko!<br>\n<br>\n(Source: Crunchyroll)", "startDate": {"year": 2015, "month": 7, "day": 7}, "endDate": {"year": 2015, "month": 9, "day": 22}, "season": "SUMMER", "episodes": 11, "duration": 8, "genres": [], "averageScore": 43, "trending": 0, "popularity": 1376, "streamingEpisodes": [{"title": "Episode 1 - Untitled", "url": "http://www.crunchyroll.com/million-doll/episode-1-untitled-682775"}, {"title": "Episode 2 - Untitled", "url": "http://www.crunchyroll.com/million-doll/episode-2-untitled-682777"}, {"title": "Episode 3 - Untitled", "url": "http://www.crunchyroll.com/million-doll/episode-3-untitled-682779"}, {"title": "Episode 4 - Untitled", "url": "http://www.crunchyroll.com/million-doll/episode-4-untitled-682781"}, {"title": "Episode 5 - Untitled", "url": "http://www.crunchyroll.com/million-doll/episode-5-untitled-682783"}, {"title": "Episode 5.5 - Untitled", "url": "http://www.crunchyroll.com/million-doll/episode-55-untitled-682785"}, {"title": "Episode 6 - Untitled", "url": "http://www.crunchyroll.com/million-doll/episode-6-untitled-682787"}, {"title": "Episode 7 - Untitled", "url": "http://www.crunchyroll.com/million-doll/episode-7-untitled-682789"}, {"title": "Episode 8 - Untitled", "url": "http://www.crunchyroll.com/million-doll/episode-8-untitled-682791"}, {"title": "Episode 9 - Untitled", "url": "http://www.crunchyroll.com/million-doll/episode-9-untitled-682793"}, {"title": "Episode 10 - Untitled", "url": "http://www.crunchyroll.com/million-doll/episode-10-untitled-682795"}, {"title": "Episode 11 - Untitled", "url": "http://www.crunchyroll.com/million-doll/episode-11-untitled-682797"}], "coverImage": {"large": "https://s3.anilist.co/media/anime/cover/medium/21044-b3K1tm50Jy4B.png", "medium": "https://s3.anilist.co/media/anime/cover/small/21044-b3K1tm50Jy4B.png"}, "bannerImage": null, "isAdult": false, "format": "TV_SHORT"}, {"id": 21045, "title": {"romaji": "Dance with Devils", "english": null}, "type": "ANIME", "status": "FINISHED", "description": "The story revolves around Rikka Tachibana, a female second-year high school student who attends Shiko Academy in Shiko Town. She enjoyed her school life while living with her mother Maria, but one day, that balance fell into ruin. The anime is a story of Rikka being loved and being attracted to demons.<br>\n<br>\n(Source: ANN)", "startDate": {"year": 2015, "month": 10, "day": 7}, "endDate": {"year": 2015, "month": 12, "day": 23}, "season": "FALL", "episodes": 12, "duration": 23, "genres": ["Romance", "Supernatural"], "averageScore": 58, "trending": 0, "popularity": 3787, "streamingEpisodes": [], "coverImage": {"large": "https://s3.anilist.co/media/anime/cover/medium/21045-CKeIhNErHGaA.jpg", "medium": "https://s3.anilist.co/media/anime/cover/small/21045-CKeIhNErHGaA.jpg"}, "bannerImage": "https://s3.anilist.co/media/anime/banner/21045-OvBEXjy3FhDq.jpg", "isAdult": false, "format": "TV"}, {"id": 21046, "title": {"romaji": "Diabolik Lovers More,Blood", "english": "Diabolik Lovers \u2161 : More,blood"}, "type": "ANIME", "status": "FINISHED", "description": "The second season of Diabolik Lovers.<br><br>\n\nKomori Yui is still adapting to the life of living with the sadistic Sakamaki vampire brothers, how will her relationship fare between them throughout the rest of her time in high school?", "startDate": {"year": 2015, "month": 9, "day": 24}, "endDate": {"year": 2015, "month": 12, "day": 10}, "season": "FALL", "episodes": 12, "duration": 15, "genres": ["Supernatural"], "averageScore": 50, "trending": 0, "popularity": 2973, "streamingEpisodes": [{"title": "Episode 1 - Untitled", "url": "http://www.crunchyroll.com/diabolik-lovers/episode-1-untitled-644153"}, {"title": "Episode 2 - Untitled", "url": "http://www.crunchyroll.com/diabolik-lovers/episode-2-untitled-644155"}, {"title": "Episode 3 - Untitled", "url": "http://www.crunchyroll.com/diabolik-lovers/episode-3-untitled-644157"}, {"title": "Episode 4 - Untitled", "url": "http://www.crunchyroll.com/diabolik-lovers/episode-4-untitled-644159"}, {"title": "Episode 5 - Untitled", "url": "http://www.crunchyroll.com/diabolik-lovers/episode-5-untitled-644161"}, {"title": "Episode 6 - Untitled", "url": "http://www.crunchyroll.com/diabolik-lovers/episode-6-untitled-644163"}, {"title": "Episode 6.5 - Untitled", "url": "http://www.crunchyroll.com/diabolik-lovers/episode-65-untitled-644165"}, {"title": "Episode 7 - Untitled", "url": "http://www.crunchyroll.com/diabolik-lovers/episode-7-untitled-644167"}, {"title": "Episode 8 - Untitled", "url": "http://www.crunchyroll.com/diabolik-lovers/episode-8-untitled-644169"}, {"title": "Episode 9 - Untitled", "url": "http://www.crunchyroll.com/diabolik-lovers/episode-9-untitled-644171"}, {"title": "Episode 10 - Untitled", "url": "http://www.crunchyroll.com/diabolik-lovers/episode-10-untitled-644173"}, {"title": "Episode 11 - Untitled", "url": "http://www.crunchyroll.com/diabolik-lovers/episode-11-untitled-644175"}, {"title": "Episode 12 - Untitled", "url": "http://www.crunchyroll.com/diabolik-lovers/episode-12-untitled-646501"}], "coverImage": {"large": "https://s3.anilist.co/media/anime/cover/medium/21046-BI1mpnNIYw3o.jpg", "medium": "https://s3.anilist.co/media/anime/cover/small/21046-BI1mpnNIYw3o.jpg"}, "bannerImage": "https://s3.anilist.co/media/anime/banner/21046-Fe5SPHoFcsGo.jpg", "isAdult": false, "format": "TV_SHORT"}, {"id": 21047, "title": {"romaji": "Washimo", "english": null}, "type": "ANIME", "status": "FINISHED", "description": null, "startDate": {"year": 2014, "month": 3, "day": 10}, "endDate": {"year": 2014, "month": 3, "day": 21}, "season": "WINTER", "episodes": 10, "duration": 10, "genres": ["Comedy", "Slice of Life"], "averageScore": null, "trending": 0, "popularity": 30, "streamingEpisodes": [], "coverImage": {"large": "https://s3.anilist.co/media/anime/cover/medium/21047-XOt1yPdIiOL1.jpg", "medium": "https://s3.anilist.co/media/anime/cover/small/21047-XOt1yPdIiOL1.jpg"}, "bannerImage": null, "isAdult": false, "format": "TV_SHORT"}, {"id": 21048, "title": {"romaji": "Washimo 2", "english": null}, "type": "ANIME", "status": "FINISHED", "description": "Season 2 of Washimo.", "startDate": {"year": 2015, "month": 1, "day": 5}, "endDate": {"year": 2015, "month": 3, "day": 24}, "season": "WINTER", "episodes": 24, "duration": 10, "genres": ["Comedy", "Slice of Life"], "averageScore": null, "trending": 0, "popularity": 24, "streamingEpisodes": [], "coverImage": {"large": "https://s3.anilist.co/media/anime/cover/medium/21048-DhhLcofd8qOp.jpg", "medium": "https://s3.anilist.co/media/anime/cover/small/21048-DhhLcofd8qOp.jpg"}, "bannerImage": null, "isAdult": false, "format": "TV_SHORT"}, {"id": 21049, "title": {"romaji": "ReLife", "english": null}, "type": "ANIME", "status": "FINISHED", "description": "The story follows Kaizaki Arata, a 27-year-old jobless man, who fails at every job interview he had after quitting his last company. His life changes after he met Yoake Ryou of the ReLife Research Institute, who offered him a drug that can change his appearance to 17-years-old and to become a subject in an experiment for one year. Thus, he begins his life as a high school student once more.<br>\n<br>\n(Source: MU)", "startDate": {"year": 2016, "month": 7, "day": 2}, "endDate": {"year": 2016, "month": 7, "day": 2}, "season": "SUMMER", "episodes": 13, "duration": 24, "genres": ["Comedy", "Drama", "Romance", "Slice of Life"], "averageScore": 79, "trending": 2, "popularity": 28655, "streamingEpisodes": [{"title": "PV", "url": "http://www.crunchyroll.com/relife/relife-pv-714665"}, {"title": "Episode 1 - Kaizaki Arata (27), Unemployed", "url": "http://www.crunchyroll.com/relife/episode-1-kaizaki-arata-27-unemployed-714853"}, {"title": "Episode 2 - Communication Skills: Zero", "url": "http://www.crunchyroll.com/relife/episode-2-communication-skills-zero-714855"}, {"title": "Episode 3 - You're Old Now", "url": "http://www.crunchyroll.com/relife/episode-3-youre-old-now-714857"}, {"title": "Episode 4 - Fall", "url": "http://www.crunchyroll.com/relife/episode-4-fall-714859"}, {"title": "Episode 5 - Overlap", "url": "http://www.crunchyroll.com/relife/episode-5-overlap-714861"}, {"title": "Episode 6 - This Isn't the First Time", "url": "http://www.crunchyroll.com/relife/episode-6-this-isnt-the-first-time-714863"}, {"title": "Episode 7 - Test Subject 001 -> 002", "url": "http://www.crunchyroll.com/relife/episode-7-test-subject-001-002-714865"}, {"title": "Episode 8 - Rift", "url": "http://www.crunchyroll.com/relife/episode-8-rift-714867"}, {"title": "Episode 9 - Revenge", "url": "http://www.crunchyroll.com/relife/episode-9-revenge-714869"}, {"title": "Episode 10 - Everyone's Selfish Desires", "url": "http://www.crunchyroll.com/relife/episode-10-everyones-selfish-desires-714871"}, {"title": "Episode 11 - A Trip to the Past", "url": "http://www.crunchyroll.com/relife/episode-11-a-trip-to-the-past-714873"}, {"title": "Episode 12 - Double Panic", "url": "http://www.crunchyroll.com/relife/episode-12-double-panic-714875"}, {"title": "Episode 13 - Confession", "url": "http://www.crunchyroll.com/relife/episode-13-confession-714877"}], "coverImage": {"large": "https://s3.anilist.co/media/anime/cover/medium/21049-pInHRTX8CJEL.jpg", "medium": "https://s3.anilist.co/media/anime/cover/small/21049-pInHRTX8CJEL.jpg"}, "bannerImage": "https://s3.anilist.co/media/anime/banner/21049-PeKXMMYru3Xl.png", "isAdult": false, "format": "TV"}, {"id": 21050, "title": {"romaji": "Momokuri", "english": "Momokuri"}, "type": "ANIME", "status": "FINISHED", "description": "The story revolves around Yuki Kurihara, a girl who has finally been granted her wish of dating her crush Momo. At first glance, she just looks like a normal but very cute girl. However, she is in fact a maniac over Momo, taking notes of his activities and never missing the chance to see him in a cute moment. Momo, on the other hand, is inexperienced in love, and just wants to make Yuki happy.<br>\n<br>\n(Source: ANN)", "startDate": {"year": 2015, "month": 12, "day": 24}, "endDate": {"year": 2016, "month": 2, "day": 4}, "season": "WINTER", "episodes": 26, "duration": 13, "genres": ["Comedy", "Romance", "Slice of Life"], "averageScore": 67, "trending": 0, "popularity": 4601, "streamingEpisodes": [], "coverImage": {"large": "https://s3.anilist.co/media/anime/cover/medium/21050-6b5zBrThe7NX.jpg", "medium": "https://s3.anilist.co/media/anime/cover/small/21050-6b5zBrThe7NX.jpg"}, "bannerImage": null, "isAdult": false, "format": "ONA"}, {"id": 21051, "title": {"romaji": "Nanbaka", "english": "NANBAKA"}, "type": "ANIME", "status": "FINISHED", "description": "Four men are assigned to the prison: Juugo, a man who attempted to break out of prison and ended up extending his jail time; Uno, a man who likes to gamble with women; Rokku, a man who likes to get into fights; and Nico, a man who likes anime.<br>\n<br>\n(Source: ANN)", "startDate": {"year": 2016, "month": 10, "day": 5}, "endDate": {"year": 2016, "month": 12, "day": 28}, "season": "FALL", "episodes": 13, "duration": 23, "genres": ["Action", "Comedy", "Drama"], "averageScore": 67, "trending": 0, "popularity": 10156, "streamingEpisodes": [{"title": "Episode 1 - Idiots with Numbers!", "url": "http://www.crunchyroll.com/nanbaka/episode-1-idiots-with-numbers-721083"}, {"title": "Episode 2 - The Inmates Are Stupid! The Guards Are Kind of Stupid, Too!", "url": "http://www.crunchyroll.com/nanbaka/episode-2-the-inmates-are-stupid-the-guards-are-kind-of-stupid-too-721085"}, {"title": "Episode 3 - Another Idiot Has Come!!", "url": "http://www.crunchyroll.com/nanbaka/episode-3-another-idiot-has-come-721087"}, {"title": "Episode 4 - Happy New Year! The New Year's Tournament Is Where We Get Serious!!", "url": "http://www.crunchyroll.com/nanbaka/episode-4-happy-new-year-the-new-years-tournament-is-where-we-get-serious-721089"}, {"title": "Episode 5 - A Fraud and a Hero", "url": "http://www.crunchyroll.com/nanbaka/episode-5-a-fraud-and-a-hero-721091"}, {"title": "Episode 6 - The Booster Episode", "url": "http://www.crunchyroll.com/nanbaka/episode-6-the-booster-episode-721093"}, {"title": "Episode 7 - It's a Surprisingly Sad Story", "url": "http://www.crunchyroll.com/nanbaka/episode-7-its-a-surprisingly-sad-story-721095"}, {"title": "Episode 8 - A Monster and a Gorilla", "url": "http://www.crunchyroll.com/nanbaka/episode-8-a-monster-and-a-gorilla-721097"}, {"title": "Episode 9 - You're Empty!!", "url": "http://www.crunchyroll.com/nanbaka/episode-9-youre-empty-721099"}, {"title": "Episode 10 - A Melancholy Day for the Dog, Monkey, and Pheasant", "url": "http://www.crunchyroll.com/nanbaka/episode-10-a-melancholy-day-for-the-dog-monkey-and-pheasant-721101"}, {"title": "Episode 11 - We Got Our Rewards", "url": "http://www.crunchyroll.com/nanbaka/episode-11-we-got-our-rewards-721103"}, {"title": "Episode 12 - The Room, the Billiards, the Darts, and Me", "url": "http://www.crunchyroll.com/nanbaka/episode-12-the-room-the-billiards-the-darts-and-me-721105"}, {"title": "Episode 13 - Real Idiot", "url": "http://www.crunchyroll.com/nanbaka/episode-13-real-idiot-721107"}, {"title": "Episode 14 - Nanbaka Is a Comedy Anime", "url": "http://www.crunchyroll.com/nanbaka/episode-14-nanbaka-is-a-comedy-anime-728379"}, {"title": "Episode 15 - Super Hitoshi-kun", "url": "http://www.crunchyroll.com/nanbaka/episode-15-super-hitoshi-kun-728381"}, {"title": "Episode 16 - The Traitorous Building 5", "url": "http://www.crunchyroll.com/nanbaka/episode-16-the-traitorous-building-5-728383"}, {"title": "Episode 17 - Something Is Breaking", "url": "http://www.crunchyroll.com/nanbaka/episode-17-something-is-breaking-728385"}, {"title": "Episode 18 - You Are Weak", "url": "http://www.crunchyroll.com/nanbaka/episode-18-you-are-weak-728387"}, {"title": "Episode 19 - One's Own Freedom", "url": "http://www.crunchyroll.com/nanbaka/episode-19-ones-own-freedom-728389"}, {"title": "Episode 20 - A Fool", "url": "http://www.crunchyroll.com/nanbaka/episode-20-a-fool-728391"}, {"title": "Episode 21 - Awakening Poison", "url": "http://www.crunchyroll.com/nanbaka/episode-21-awakening-poison-728393"}, {"title": "Episode 22 - Washed Away...", "url": "http://www.crunchyroll.com/nanbaka/episode-22-washed-away-728395"}, {"title": "Episode 23 - Sound and Words", "url": "http://www.crunchyroll.com/nanbaka/episode-23-sound-and-words-728397"}, {"title": "Episode 24 - Move Forward!", "url": "http://www.crunchyroll.com/nanbaka/episode-24-move-forward-728399"}, {"title": "Episode 25 - Sarabaka", "url": "http://www.crunchyroll.com/nanbaka/episode-25-sarabaka-728401"}, {"title": "Episode 26 - Untitled", "url": "http://www.crunchyroll.com/nanbaka/episode-26-untitled-728403"}], "coverImage": {"large": "https://s3.anilist.co/media/anime/cover/medium/21051-vKFXptyZ8dym.jpg", "medium": "https://s3.anilist.co/media/anime/cover/small/21051-vKFXptyZ8dym.jpg"}, "bannerImage": "https://s3.anilist.co/media/anime/banner/21051-YontUG3ul3wZ.jpg", "isAdult": false, "format": "TV"}, {"id": 21052, "title": {"romaji": "Super Short Comics", "english": null}, "type": "ANIME", "status": "FINISHED", "description": null, "startDate": {"year": 2015, "month": 11, "day": 2}, "endDate": {"year": 2015, "month": 12, "day": 21}, "season": "FALL", "episodes": 8, "duration": 5, "genres": ["Comedy"], "averageScore": null, "trending": 0, "popularity": 54, "streamingEpisodes": [], "coverImage": {"large": "https://s3.anilist.co/media/anime/cover/medium/21052-bD2R9pRsF7F9.jpg", "medium": "https://s3.anilist.co/media/anime/cover/small/21052-bD2R9pRsF7F9.jpg"}, "bannerImage": null, "isAdult": false, "format": "ONA"}, {"id": 21053, "title": {"romaji": "Amagi Brilliant Park: Wakuwaku Mini Theater Rakugaki Backstage", "english": null}, "type": "ANIME", "status": "FINISHED", "description": "Specials included in the Blu-ray and DVD volumes of Amagi Brilliant Park.", "startDate": {"year": 2014, "month": 12, "day": 26}, "endDate": {"year": 2015, "month": 6, "day": 26}, "season": "WINTER", "episodes": 7, "duration": 5, "genres": ["Comedy"], "averageScore": 62, "trending": 0, "popularity": 2604, "streamingEpisodes": [], "coverImage": {"large": "https://s3.anilist.co/media/anime/cover/medium/21053-kUZcHN0oZrkq.jpg", "medium": "https://s3.anilist.co/media/anime/cover/small/21053-kUZcHN0oZrkq.jpg"}, "bannerImage": null, "isAdult": false, "format": "SPECIAL"}, {"id": 21054, "title": {"romaji": "Ameiro Cocoa", "english": "Rainy Cocoa"}, "type": "ANIME", "status": "FINISHED", "description": "Due to various circumstances, college freshman Aoi Tokura begins part-timing at the caf\u00e9 \"Rainy Color\" run by Shion Koga and owned by Kouji Amami. Attending the caf\u00e9 are the cool and handsome Keiichi Iwase and the confident Ryouta Sakurai. Aoi's life gets a lot more hectic, but fun.<br>\n<br>\n(Source: ANN)", "startDate": {"year": 2015, "month": 4, "day": 5}, "endDate": {"year": 2015, "month": 6, "day": 21}, "season": "SPRING", "episodes": 12, "duration": 3, "genres": ["Comedy", "Slice of Life"], "averageScore": 40, "trending": 0, "popularity": 1867, "streamingEpisodes": [], "coverImage": {"large": "https://s3.anilist.co/media/anime/cover/medium/21054-STylaR9Kpac8.jpg", "medium": "https://s3.anilist.co/media/anime/cover/small/21054-STylaR9Kpac8.jpg"}, "bannerImage": null, "isAdult": false, "format": "TV_SHORT"}, {"id": 21055, "title": {"romaji": "Chaos Dragon: Sekiryuu Sen'eki", "english": "Chaos Dragon"}, "type": "ANIME", "status": "FINISHED", "description": "The story takes place in the sparkling era year 3015, where the great nations Donatia and Kouran divide the world in a cold war as they fight for supremacy. In the middle of this standoff is island country Nil Kamui, which has lost its independence.<br>\n<br>\n(Source: ANN)", "startDate": {"year": 2015, "month": 7, "day": 2}, "endDate": {"year": 2015, "month": 9, "day": 17}, "season": "SUMMER", "episodes": 12, "duration": 24, "genres": ["Action", "Fantasy", "Supernatural"], "averageScore": 49, "trending": 0, "popularity": 7492, "streamingEpisodes": [], "coverImage": {"large": "https://s3.anilist.co/media/anime/cover/medium/21055-C1YXQeUymnXF.jpg", "medium": "https://s3.anilist.co/media/anime/cover/small/21055-C1YXQeUymnXF.jpg"}, "bannerImage": "https://s3.anilist.co/media/anime/banner/21055-NKyn3byd6gH3.jpg", "isAdult": false, "format": "TV"}, {"id": 21056, "title": {"romaji": "Koukaku Kidoutai ARISE: ALTERNATIVE ARCHITECTURE", "english": "Ghost in the Shell Arise: Alternative Architecture"}, "type": "ANIME", "status": "FINISHED", "description": "A TV anime version of Ghost in the Shell: Arise. The first eight episodes are an edited version of the four movies while the last two are new content.", "startDate": {"year": 2015, "month": 4, "day": 5}, "endDate": {"year": 2015, "month": 6, "day": 14}, "season": "SPRING", "episodes": 10, "duration": 24, "genres": ["Action", "Mecha", "Psychological", "Sci-Fi"], "averageScore": 68, "trending": 0, "popularity": 3124, "streamingEpisodes": [], "coverImage": {"large": "https://s3.anilist.co/media/anime/cover/medium/21056-p3PMv7TogHoM.jpg", "medium": "https://s3.anilist.co/media/anime/cover/small/21056-p3PMv7TogHoM.jpg"}, "bannerImage": "https://s3.anilist.co/media/anime/banner/21056-QaHHmTJ7qpJh.jpg", "isAdult": false, "format": "TV"}, {"id": 21057, "title": {"romaji": "Koukaku Kidoutai: Shin Gekijouban", "english": "Ghost in the Shell: The New Movie"}, "type": "ANIME", "status": "FINISHED", "description": "Set in a futuristic Japan after the end of a brutal world war, science has advanced by leaps and bounds giving humanity the choice to prolong life and reduce suffering with the use of sophisticated cybernetics. With all of humanity linked into one system of minds and personalities known as ghosts, the biggest threat to civilization is the cyber terrorists capable of hijacking people's bodies and memories. When a ghost-infecting virus known as Fire-Starter begins spreading through the system resulting in the assassination of the Japanese Prime Minister, Major Motoko Kusanagi and her elite team of special operatives are called in to track down its source. As they delve deeper and deeper into their investigation, they uncover traces of government corruption and a shadowy broker that bears an all-too-familiar face.<br><br>\n\n(Source: ANN)", "startDate": {"year": 2015, "month": 6, "day": 20}, "endDate": {"year": null, "month": null, "day": null}, "season": "SPRING", "episodes": 1, "duration": 100, "genres": ["Action", "Mecha", "Psychological", "Sci-Fi"], "averageScore": 71, "trending": 0, "popularity": 2706, "streamingEpisodes": [], "coverImage": {"large": "https://s3.anilist.co/media/anime/cover/medium/21057-TqxtuVtmnhI2.jpg", "medium": "https://s3.anilist.co/media/anime/cover/small/21057-TqxtuVtmnhI2.jpg"}, "bannerImage": null, "isAdult": false, "format": "MOVIE"}, {"id": 21058, "title": {"romaji": "Akagami no Shirayuki-hime", "english": "Snow White with the Red Hair"}, "type": "ANIME", "status": "FINISHED", "description": "In the kingdom of Tanbarun lives Shirayuki, an independent and strong-willed young woman. Her resourceful intelligence has led her become a skilled pharmacist, but her most defining trait is her shock of beautiful apple-red hair. Her dazzling mane gets her noticed by the prince of the kingdom, but instead of romancing her, he demands she be his concubine. Shirayuki refuses, chops off her lovely locks, and runs away to the neighboring kingdom of Clarines. There, she befriends a young man named Zen, who, SURPRISE, is also a prince, although with a much better temperament than the previous one. Watch as Shirayuki finds her place in the new kingdom, and in Zen\u2019s heart.<br>\n<br>\n(Source: FUNimation)", "startDate": {"year": 2015, "month": 7, "day": 7}, "endDate": {"year": 2015, "month": 9, "day": 22}, "season": "SUMMER", "episodes": 12, "duration": 24, "genres": ["Drama", "Fantasy", "Romance"], "averageScore": 76, "trending": 1, "popularity": 18993, "streamingEpisodes": [{"title": "Episode 1 - Encounter... Changing the Color of Fate", "url": "http://www.crunchyroll.com/snow-white-with-the-red-hair/episode-1-encounter-changing-the-color-of-fate-753573"}, {"title": "Episode 2 - Following the Sound of Your Heart", "url": "http://www.crunchyroll.com/snow-white-with-the-red-hair/episode-2-following-the-sound-of-your-heart-753575"}, {"title": "Episode 3 - Shining Time of Promise", "url": "http://www.crunchyroll.com/snow-white-with-the-red-hair/episode-3-shining-time-of-promise-753579"}, {"title": "Episode 4 - From the Small Hand, a Burgeoning Concerto Resonates", "url": "http://www.crunchyroll.com/snow-white-with-the-red-hair/episode-4-from-the-small-hand-a-burgeoning-concerto-resonates-753583"}, {"title": "Episode 5 - This Path, the Crystallization of Premonition", "url": "http://www.crunchyroll.com/snow-white-with-the-red-hair/episode-5-this-path-the-crystallization-of-premonition-753585"}, {"title": "Episode 6 - The Back Full of Meaning", "url": "http://www.crunchyroll.com/snow-white-with-the-red-hair/episode-6-the-back-full-of-meaning-753589"}, {"title": "Episode 7 - Let Me Hear the Melody of Your Smile", "url": "http://www.crunchyroll.com/snow-white-with-the-red-hair/episode-7-let-me-hear-the-melody-of-your-smile-753593"}, {"title": "Episode 8 - Memories Draw Spirals of the Past\u2026", "url": "http://www.crunchyroll.com/snow-white-with-the-red-hair/episode-8-memories-draw-spirals-of-the-past-753597"}, {"title": "Episode 9 - Feelings that Connect and Reach", "url": "http://www.crunchyroll.com/snow-white-with-the-red-hair/episode-9-feelings-that-connect-and-reach-753599"}, {"title": "Episode 10 - Inexperienced Heart, Going Deeper", "url": "http://www.crunchyroll.com/snow-white-with-the-red-hair/episode-10-inexperienced-heart-going-deeper-753605"}, {"title": "Episode 11 - Encountering... A Color for the First Time", "url": "http://www.crunchyroll.com/snow-white-with-the-red-hair/episode-11-encountering-a-color-for-the-first-time-753607"}, {"title": "Episode 12 - Goodbye to the Beginning", "url": "http://www.crunchyroll.com/snow-white-with-the-red-hair/episode-12-goodbye-to-the-beginning-753611"}, {"title": "Episode 13 - The Red that Spins Fate", "url": "http://www.crunchyroll.com/snow-white-with-the-red-hair/episode-13-the-red-that-spins-fate-753615"}, {"title": "Episode 14 - Eyes that Protect and Look Forward", "url": "http://www.crunchyroll.com/snow-white-with-the-red-hair/episode-14-eyes-that-protect-and-look-forward-753621"}, {"title": "Episode 15 - Indecision Caused By Confusion", "url": "http://www.crunchyroll.com/snow-white-with-the-red-hair/episode-15-indecision-caused-by-confusion-753623"}, {"title": "Episode 16 - The Name of that Step Is Change", "url": "http://www.crunchyroll.com/snow-white-with-the-red-hair/episode-16-the-name-of-that-step-is-change-753627"}, {"title": "Episode 17 - Prologue of the Quietly Twisting Night", "url": "http://www.crunchyroll.com/snow-white-with-the-red-hair/episode-17-prologue-of-the-quietly-twisting-night-753631"}, {"title": "Episode 18 - Many Different Resolves", "url": "http://www.crunchyroll.com/snow-white-with-the-red-hair/episode-18-many-different-resolves-753635"}, {"title": "Episode 19 - Wave of Determination", "url": "http://www.crunchyroll.com/snow-white-with-the-red-hair/episode-19-wave-of-determination-753641"}, {"title": "Episode 20 - The Temperature of a Smile, a Cherished Place", "url": "http://www.crunchyroll.com/snow-white-with-the-red-hair/episode-20-the-temperature-of-a-smile-a-cherished-place-753643"}, {"title": "Episode 21 - When I'm with You\u2026", "url": "http://www.crunchyroll.com/snow-white-with-the-red-hair/episode-21-when-im-with-you-753647"}, {"title": "Episode 22 - The Spring of Intent Will Quench Your Thirst", "url": "http://www.crunchyroll.com/snow-white-with-the-red-hair/episode-22-the-spring-of-intent-will-quench-your-thirst-753649"}, {"title": "Episode 23 - The Future Because of Who You Are", "url": "http://www.crunchyroll.com/snow-white-with-the-red-hair/episode-23-the-future-because-of-who-you-are-753663"}, {"title": "Episode 24 - My Story, My Path", "url": "http://www.crunchyroll.com/snow-white-with-the-red-hair/episode-24-my-story-my-path-753681"}], "coverImage": {"large": "https://s3.anilist.co/media/anime/cover/medium/21058-zV6KknGdm8PH.jpg", "medium": "https://s3.anilist.co/media/anime/cover/small/21058-zV6KknGdm8PH.jpg"}, "bannerImage": "https://s3.anilist.co/media/anime/banner/21058-Kxl8fq3kEgeH.png", "isAdult": false, "format": "TV"}, {"id": 21059, "title": {"romaji": "Danchigai", "english": "Danchigai"}, "type": "ANIME", "status": "FINISHED", "description": "The original manga follows the everyday lives of five siblings, four sisters and one brother, who share a multi-unit apartment.<br>\n<br>\n(Source: ANN)", "startDate": {"year": 2015, "month": 7, "day": 10}, "endDate": {"year": 2015, "month": 9, "day": 25}, "season": "SUMMER", "episodes": 12, "duration": 5, "genres": ["Comedy", "Slice of Life"], "averageScore": 61, "trending": 0, "popularity": 5866, "streamingEpisodes": [{"title": "Episode 1 - Building One: The Yumeno Apartments", "url": "http://www.crunchyroll.com/danchigai/episode-1-building-one-the-yumeno-apartments-682461"}, {"title": "Episode 2 - Building Two: The Twins' Homework", "url": "http://www.crunchyroll.com/danchigai/episode-2-building-two-the-twins-homework-682463"}, {"title": "Episode 3 - Building Three: Mutsuki's True Colors", "url": "http://www.crunchyroll.com/danchigai/episode-3-building-three-mutsukis-true-colors-682465"}, {"title": "Episode 4 - Building Four: Curry and Rice", "url": "http://www.crunchyroll.com/danchigai/episode-4-building-four-curry-and-rice-682467"}, {"title": "Episode 5 - Building Five: Satsuki's Anime Clock", "url": "http://www.crunchyroll.com/danchigai/episode-5-building-five-satsukis-anime-clock-682469"}, {"title": "Episode 6 - Building Six: The Siblings\u2019 Multiplication", "url": "http://www.crunchyroll.com/danchigai/episode-6-building-six-the-siblings-multiplication-682471"}, {"title": "Episode 7 - Building Seven: The Apartment Complex's Pool Opening?!", "url": "http://www.crunchyroll.com/danchigai/episode-7-building-seven-the-apartment-complexs-pool-opening-682473"}, {"title": "Episode 8 - Building Eight: Definitely Siblings", "url": "http://www.crunchyroll.com/danchigai/episode-8-building-eight-definitely-siblings-682475"}, {"title": "Episode 9 - Building Nine: For the Love of Pranks?!", "url": "http://www.crunchyroll.com/danchigai/episode-9-building-nine-for-the-love-of-pranks-682477"}, {"title": "Episode 10 - Building Ten: Mutsuki\u2019s Request?!", "url": "http://www.crunchyroll.com/danchigai/episode-10-building-ten-mutsukis-request-682479"}, {"title": "Episode 11 - Building Eleven: How Yayoi Nurses?!", "url": "http://www.crunchyroll.com/danchigai/episode-11-building-eleven-how-yayoi-nurses-682481"}, {"title": "Episode 12 - Building Twelve: The Bond Between Haruki and His Sisters.", "url": "http://www.crunchyroll.com/danchigai/episode-12-building-twelve-the-bond-between-haruki-and-his-sisters-682483"}], "coverImage": {"large": "https://s3.anilist.co/media/anime/cover/medium/21059-hiwZMOWm2khS.jpg", "medium": "https://s3.anilist.co/media/anime/cover/small/21059-hiwZMOWm2khS.jpg"}, "bannerImage": null, "isAdult": false, "format": "TV_SHORT"}, {"id": 21060, "title": {"romaji": "Kansen: Ball Buster - The Animation", "english": null}, "type": "ANIME", "status": "FINISHED", "description": "OVA based on the the erotic game made by Speed.<br>\n<br>\nViruses that make people become sex addicts appear again. This epidemic instantly spreads. Especially in school. Tsugumi and Kasumi are brothers and sister who are trying to survive this virus outbreak.<br>\n<br>\n(Source: Translated and Edited from Nekopoi)", "startDate": {"year": 2013, "month": 11, "day": 1}, "endDate": {"year": 2013, "month": 11, "day": 1}, "season": "FALL", "episodes": 1, "duration": 22, "genres": ["Hentai"], "averageScore": 49, "trending": 0, "popularity": 250, "streamingEpisodes": [], "coverImage": {"large": "https://s3.anilist.co/media/anime/cover/medium/21060-CAOekPi19kKH.jpg", "medium": "https://s3.anilist.co/media/anime/cover/small/21060-CAOekPi19kKH.jpg"}, "bannerImage": null, "isAdult": true, "format": "OVA"}, {"id": 21061, "title": {"romaji": "Toki wa Meguru: Tokyo Station", "english": "Passage of Time: Tokyo Station"}, "type": "ANIME", "status": "FINISHED", "description": "Misaki, a twenty-nine year old woman, is planning to get married soon. <br>\nOne day, she finds an old pocket watch which belonged to her late father. Unfortunately, it was broken and did not move. <br>\nMisaki finds out that this watch originally belonged to her grandfather. It was her grandfather who gave it to her father. They both worked at the Tokyo Station.<br>\nMisaki's father was always strict and severe, especially to her. That was the only memory she would remember about him. She regrets how they could not connect with each other because she could not communicate with him very well when she was in her teens. <br>\nMisaki visits the Tokyo station, hoping to repair this memorable watch. However, the repair shop was already gone. <br>\nShe drops her shoulders and walks on the platform of the station. Suddenly, she finds a station employee who looks just like her father. <br>\nShe runs and follows this person without even thinking...<br>\n<br>\n(Source: YouTube)", "startDate": {"year": 2014, "month": 6, "day": 24}, "endDate": {"year": 2014, "month": 6, "day": 24}, "season": "SPRING", "episodes": 1, "duration": 5, "genres": ["Slice of Life"], "averageScore": 59, "trending": 0, "popularity": 508, "streamingEpisodes": [], "coverImage": {"large": "https://s3.anilist.co/media/anime/cover/medium/21061-CNmHayOGNBLq.jpg", "medium": "https://s3.anilist.co/media/anime/cover/small/21061-CNmHayOGNBLq.jpg"}, "bannerImage": "https://s3.anilist.co/media/anime/banner/21061-EgxRCSM2b78h.jpg", "isAdult": false, "format": "ONA"}, {"id": 21062, "title": {"romaji": "Futabu!", "english": null}, "type": "ANIME", "status": "FINISHED", "description": "Based on Adult Manga by Bosshi.<br>\n<br>\nNiimura Akane is a well-liked girl who has taken her to join Futa Club as someone who is responsible for \"service duty\". However, he must pass the entrance test first. Some members are a little bigger than he initially would have bid, but there are some people who are anxious, he is more of a challenge. So, began daily events with four futanari in the club.<br>\n<br>\n(Source: Translated and Edited from Nekopoi)", "startDate": {"year": 2014, "month": 2, "day": 21}, "endDate": {"year": 2014, "month": 5, "day": 2}, "season": "WINTER", "episodes": 2, "duration": 19, "genres": ["Hentai"], "averageScore": 61, "trending": 0, "popularity": 1077, "streamingEpisodes": [], "coverImage": {"large": "https://s3.anilist.co/media/anime/cover/medium/21062-Y5CxBvbA6WbM.png", "medium": "https://s3.anilist.co/media/anime/cover/small/21062-Y5CxBvbA6WbM.png"}, "bannerImage": null, "isAdult": true, "format": "OVA"}, {"id": 21063, "title": {"romaji": "Kichiku: Haha Shimai Choukyou Nikki", "english": null}, "type": "ANIME", "status": "FINISHED", "description": "A pharmaceutical student is sick of his life. He never gets laid and nobody seems to give him the time of day. He decides to use the pharmaceutical skills he has picked up at school on his own family members\u2014by drugging and raping them until they're actually begging for his fat cock.<br>\n<br>\nSource: Hentai Haven", "startDate": {"year": 2013, "month": 11, "day": 22}, "endDate": {"year": 2014, "month": 12, "day": 5}, "season": "FALL", "episodes": 3, "duration": 23, "genres": ["Hentai"], "averageScore": 57, "trending": 0, "popularity": 266, "streamingEpisodes": [], "coverImage": {"large": "https://s3.anilist.co/media/anime/cover/medium/nx21063-AaiDmhE1vuqy.jpg", "medium": "https://s3.anilist.co/media/anime/cover/small/nx21063-AaiDmhE1vuqy.jpg"}, "bannerImage": null, "isAdult": true, "format": "OVA"}, {"id": 21064, "title": {"romaji": "Trinity Seven OVA", "english": null}, "type": "ANIME", "status": "FINISHED", "description": "Bundled with limited edition of the 11th compiled volume of the manga.<br>\n<br>\nThe premise of the OVA will be written by Kenji Saitou and will deal with a \"hilarious festival.\"<br>\n<br>\n(Source: MAL)", "startDate": {"year": 2015, "month": 3, "day": 25}, "endDate": {"year": 2015, "month": 3, "day": 25}, "season": "WINTER", "episodes": 1, "duration": 30, "genres": ["Action", "Comedy", "Ecchi", "Romance"], "averageScore": 71, "trending": 0, "popularity": 5845, "streamingEpisodes": [], "coverImage": {"large": "https://s3.anilist.co/media/anime/cover/medium/21064-HchJJfkPjq1P.jpg", "medium": "https://s3.anilist.co/media/anime/cover/small/21064-HchJJfkPjq1P.jpg"}, "bannerImage": null, "isAdult": false, "format": "OVA"}, {"id": 21065, "title": {"romaji": "Nyuru Nyuru!! Kakusen-kun 2", "english": null}, "type": "ANIME", "status": "FINISHED", "description": "The anime revolves around little creatures called \"Kakusen\" who live in the skin pores of humans. Nyuruo is newborn Kakusen who was born in the nose, Nyuruo is ignorant of the world around him, but he is honest. His hobby is stamp rallies and his dream is to become a government worker.<br>\n<br>\n(Source: ANN)", "startDate": {"year": 2015, "month": 4, "day": 6}, "endDate": {"year": 2015, "month": 6, "day": 29}, "season": "SPRING", "episodes": 13, "duration": 2, "genres": ["Comedy"], "averageScore": null, "trending": 0, "popularity": 33, "streamingEpisodes": [], "coverImage": {"large": "https://s3.anilist.co/media/anime/cover/medium/21065-Ix0t1eGCKIdK.jpg", "medium": "https://s3.anilist.co/media/anime/cover/small/21065-Ix0t1eGCKIdK.jpg"}, "bannerImage": null, "isAdult": false, "format": "TV_SHORT"}, {"id": 21066, "title": {"romaji": "Sakurako-san no Ashimoto ni wa Shitai ga Umatteiru", "english": "Beautiful Bones -Sakurako's Investigation-"}, "type": "ANIME", "status": "FINISHED", "description": "Shoutarou Tatewaki, a high schooler living in Asahikawa City, Hokkaido, meets Sakurako Kujou, a bone-loving ojou-san who has an ability to analyze specimen. Because of meeting her, he has to accompany her to various cases. <br>\n<br>\n(Source: MAL)", "startDate": {"year": 2015, "month": 10, "day": 8}, "endDate": {"year": 2015, "month": 12, "day": 24}, "season": "FALL", "episodes": 12, "duration": 24, "genres": ["Mystery"], "averageScore": 70, "trending": 0, "popularity": 12886, "streamingEpisodes": [], "coverImage": {"large": "https://s3.anilist.co/media/anime/cover/medium/21066-ErgfzRWuxSvM.jpg", "medium": "https://s3.anilist.co/media/anime/cover/small/21066-ErgfzRWuxSvM.jpg"}, "bannerImage": "https://s3.anilist.co/media/anime/banner/21066-lVZ7TkvwpbPf.jpg", "isAdult": false, "format": "TV"}, {"id": 21067, "title": {"romaji": "Itadaki! Seieki\u2665", "english": "Gimme That Semen!\u2665"}, "type": "ANIME", "status": "FINISHED", "description": "A half-Vampire and half Succubus woman sent a love letter to humans to meet in the gymnasium. But until then, the woman asks for help to provide a life energy for food, The man also received it by giving it Sperm for nutrients.<br>\n<br>\n(Source: Translated from Nekopoi)", "startDate": {"year": 2014, "month": 3, "day": 28}, "endDate": {"year": 2014, "month": 3, "day": 28}, "season": "SPRING", "episodes": 1, "duration": 23, "genres": ["Hentai", "Romance"], "averageScore": 66, "trending": 0, "popularity": 1202, "streamingEpisodes": [], "coverImage": {"large": "https://s3.anilist.co/media/anime/cover/medium/21067-wY14EvSKjpev.png", "medium": "https://s3.anilist.co/media/anime/cover/small/21067-wY14EvSKjpev.png"}, "bannerImage": null, "isAdult": true, "format": "OVA"}, {"id": 21068, "title": {"romaji": "Durarara!!x2 Shou: Watashi no Kokoro wa Nabe Moyou", "english": "Durarara!! X2: Watashi no Kokoro wa Nabe Moyou"}, "type": "ANIME", "status": "FINISHED", "description": "An extra episode airing at theatres.", "startDate": {"year": 2015, "month": 5, "day": 30}, "endDate": {"year": null, "month": null, "day": null}, "season": "SPRING", "episodes": 1, "duration": 25, "genres": ["Supernatural"], "averageScore": 74, "trending": 0, "popularity": 3806, "streamingEpisodes": [], "coverImage": {"large": "https://s3.anilist.co/media/anime/cover/medium/21068-i2dmSOiZDBPa.jpg", "medium": "https://s3.anilist.co/media/anime/cover/small/21068-i2dmSOiZDBPa.jpg"}, "bannerImage": "https://s3.anilist.co/media/anime/banner/21068-m0OY3msjv5Fc.jpg", "isAdult": false, "format": "MOVIE"}, {"id": 21069, "title": {"romaji": "Aki no Kanade", "english": null}, "type": "ANIME", "status": "FINISHED", "description": "Aki Miyagawa moved to Tokyo to pursue her dream to be a taiko drummer, but had a hard time balancing her strict training regimen with her part-time job. Now, after 15 years, she's returning to coach others for a taiko festival.<br>\n<br>\n(Source: ANN)<br>\n<br>\nProject by J.C.Staff announced to be part of Anime Mirai 2015.<br>\n<br>\n(Source: MAL)", "startDate": {"year": 2015, "month": 3, "day": 22}, "endDate": {"year": 2015, "month": 3, "day": 22}, "season": "WINTER", "episodes": 1, "duration": 24, "genres": ["Music", "Slice of Life"], "averageScore": 67, "trending": 0, "popularity": 1899, "streamingEpisodes": [], "coverImage": {"large": "https://s3.anilist.co/media/anime/cover/medium/21069-e4f5ya6HS1Wf.jpg", "medium": "https://s3.anilist.co/media/anime/cover/small/21069-e4f5ya6HS1Wf.jpg"}, "bannerImage": null, "isAdult": false, "format": "MOVIE"}, {"id": 21070, "title": {"romaji": "Happy ComeCome", "english": null}, "type": "ANIME", "status": "FINISHED", "description": "Hiroshi is tired of living alone so he orders a maid robot from a company called Happy Come Come, but ends up with the robot mom Yoshiko instead. Yoshiko acts more motherly than Hiroshi's real mother, and over time she is able to heal his heart.<br>\n<br>\n(Source: ANN)<br>\n<br>\nProject by SynergySP announced to be part of Anime Mirai 2015.<br>\n<br>\n(Source: MAL)", "startDate": {"year": 2015, "month": 3, "day": 22}, "endDate": {"year": 2015, "month": 3, "day": 22}, "season": "WINTER", "episodes": 1, "duration": 25, "genres": ["Comedy", "Sci-Fi", "Slice of Life"], "averageScore": 46, "trending": 0, "popularity": 200, "streamingEpisodes": [], "coverImage": {"large": "https://s3.anilist.co/media/anime/cover/medium/21070-cJJKAoeP0BOZ.jpg", "medium": "https://s3.anilist.co/media/anime/cover/small/21070-cJJKAoeP0BOZ.jpg"}, "bannerImage": null, "isAdult": false, "format": "MOVIE"}, {"id": 21071, "title": {"romaji": "Ongaku Shoujo", "english": null}, "type": "ANIME", "status": "FINISHED", "description": "Eri, a girl who likes to stay indoors, meets a mysterious but enthusiastic transfer student named Haru. Eri used to love to sing and Haru loves Eri's singing. The story follows the two during one summer of their high school life as their love sometimes overlaps and sometimes passes by each other.<br>\n<br>\n(Source: ANN)<br>\n<br>\nProject by Studio Deen announced to be part of Anime Mirai 2015.<br>\n<br>\n(Source: MAL)", "startDate": {"year": 2015, "month": 3, "day": 22}, "endDate": {"year": 2015, "month": 3, "day": 22}, "season": "WINTER", "episodes": 1, "duration": 25, "genres": ["Music", "Slice of Life"], "averageScore": 59, "trending": 0, "popularity": 1521, "streamingEpisodes": [], "coverImage": {"large": "https://s3.anilist.co/media/anime/cover/medium/21071-MKndcKkp4xpa.jpg", "medium": "https://s3.anilist.co/media/anime/cover/small/21071-MKndcKkp4xpa.jpg"}, "bannerImage": null, "isAdult": false, "format": "MOVIE"}, {"id": 21072, "title": {"romaji": "Kumi to Tulip", "english": null}, "type": "ANIME", "status": "FINISHED", "description": "Kumi is a little girl who lives in a world with sparkling metal skyscrapers, and where robots support everything. Kumi's playground is a garden by one of those skyscrapers with a man-made water fountain, artificial vegetation, and digital water and butterflies. Kumi meets an old man who visits the park every day to paint the artificial flowers. The old man tells Kumi of when he discovered a \"breathing\" tulip sprouting amidst the artificial flowers, and the two decide to watch over the tulip together as it grows.<br>\n<br>\n(Source: ANN)<br>\n<br>\nProject by Tezuka Productions announced to be part of Anime Mirai 2015.<br>\n<br>\n(Source: MAL)", "startDate": {"year": 2015, "month": 3, "day": 22}, "endDate": {"year": 2015, "month": 3, "day": 22}, "season": "WINTER", "episodes": 1, "duration": 24, "genres": ["Sci-Fi"], "averageScore": 52, "trending": 0, "popularity": 266, "streamingEpisodes": [], "coverImage": {"large": "https://s3.anilist.co/media/anime/cover/medium/21072-lkgk3ZCHmQe1.jpg", "medium": "https://s3.anilist.co/media/anime/cover/small/21072-lkgk3ZCHmQe1.jpg"}, "bannerImage": null, "isAdult": false, "format": "MOVIE"}, {"id": 21073, "title": {"romaji": "Himekishi Olivia", "english": null}, "type": "ANIME", "status": "FINISHED", "description": "OVA based off of the adult PC game by Silky's", "startDate": {"year": 2013, "month": 12, "day": 6}, "endDate": {"year": 2014, "month": 6, "day": 6}, "season": "WINTER", "episodes": 2, "duration": 26, "genres": ["Hentai"], "averageScore": 53, "trending": 0, "popularity": 277, "streamingEpisodes": [], "coverImage": {"large": "https://s3.anilist.co/media/anime/cover/medium/nx21073-yyLwtgQPoIKQ.jpg", "medium": "https://s3.anilist.co/media/anime/cover/small/nx21073-yyLwtgQPoIKQ.jpg"}, "bannerImage": null, "isAdult": true, "format": "OVA"}, {"id": 21074, "title": {"romaji": "Koakuma Kanojo The Animation", "english": null}, "type": "ANIME", "status": "FINISHED", "description": "Based off the manga by Hisasi.<br>\n<br>\nEpisode 1<br>\nThere is a rumor that says about the Cursed DVD, where if anyone watches the DVD then he will be exposed to a curse. Akuno Mika who does not believe the rumor, then try to watch the DVD. And at night, her was sleeping. Suddenly her was cursed into Succubus, and suddenly again, her oppai (Breasts) grew bigger and also sprouted tail that could spurt.<br>\n<br>\nEpisode 2<br>\nThere is a wizarding school where the school is where people learn about magic, and there is a scene about the famous drug / stimulant problem that makes people lust and can also fall in love with the drug. The protagonist tried to use the stimulant to seize the person he liked named Elena. The elf girl who is very beautiful and popular in the school.<br>\n<br>\n(Source: Translated and Edited from Nekopoi)", "startDate": {"year": 2013, "month": 12, "day": 20}, "endDate": {"year": 2016, "month": 2, "day": 26}, "season": "WINTER", "episodes": 2, "duration": 30, "genres": ["Hentai", "Romance"], "averageScore": 64, "trending": 0, "popularity": 808, "streamingEpisodes": [], "coverImage": {"large": "https://s3.anilist.co/media/anime/cover/medium/21074-BumDa4qtJWG5.png", "medium": "https://s3.anilist.co/media/anime/cover/small/21074-BumDa4qtJWG5.png"}, "bannerImage": null, "isAdult": true, "format": "OVA"}, {"id": 21075, "title": {"romaji": "Big Order OVA", "english": null}, "type": "ANIME", "status": "FINISHED", "description": "Bundled with the 8th volume of the manga \"Big Order.\"", "startDate": {"year": 2015, "month": 10, "day": 3}, "endDate": {"year": 2015, "month": 10, "day": 3}, "season": "FALL", "episodes": 1, "duration": 23, "genres": ["Action"], "averageScore": 52, "trending": 0, "popularity": 2396, "streamingEpisodes": [], "coverImage": {"large": "https://s3.anilist.co/media/anime/cover/medium/21075-iSBxHiiJ9p5l.jpg", "medium": "https://s3.anilist.co/media/anime/cover/small/21075-iSBxHiiJ9p5l.jpg"}, "bannerImage": null, "isAdult": false, "format": "OVA"}, {"id": 21076, "title": {"romaji": "Futabu!!", "english": null}, "type": "ANIME", "status": "FINISHED", "description": "Based on the adult manga by BOSSHI.", "startDate": {"year": 2015, "month": 2, "day": 20}, "endDate": {"year": 2015, "month": 5, "day": 1}, "season": "WINTER", "episodes": 2, "duration": 21, "genres": ["Hentai"], "averageScore": 63, "trending": 0, "popularity": 788, "streamingEpisodes": [], "coverImage": {"large": "https://s3.anilist.co/media/anime/cover/medium/21076-5IHULTvLumja.jpg", "medium": "https://s3.anilist.co/media/anime/cover/small/21076-5IHULTvLumja.jpg"}, "bannerImage": null, "isAdult": true, "format": "OVA"}, {"id": 21077, "title": {"romaji": "Amagi Brilliant Park: Nonbirishiteiru Hima ga Nai!", "english": null}, "type": "ANIME", "status": "FINISHED", "description": "Unaired episode bundled with the seventh Blu-ray and DVD volume of Amagi Brilliant Park.", "startDate": {"year": 2015, "month": 6, "day": 26}, "endDate": {"year": null, "month": null, "day": null}, "season": "SPRING", "episodes": 1, "duration": 24, "genres": [], "averageScore": 70, "trending": 1, "popularity": 5710, "streamingEpisodes": [], "coverImage": {"large": "https://s3.anilist.co/media/anime/cover/medium/21077-WQ0VcULTDHof.jpg", "medium": "https://s3.anilist.co/media/anime/cover/small/21077-WQ0VcULTDHof.jpg"}, "bannerImage": null, "isAdult": false, "format": "SPECIAL"}]}}}