{"data": {"Page": {"pageInfo": {"total": 12297, "hasNextPage": true}, "media": [{"id": 4638, "title": {"romaji": "Milkyway", "english": null}, "type": "ANIME", "status": "FINISHED", "description": "Based on the hentai PC game of the same name by Witch. A series about a man who owns a cafe called \"Milkyway\" and the group of young women who help him tend it.<br><br>\n(Source: Anime Mikomi)", "startDate": {"year": 2003, "month": 6, "day": 25}, "endDate": {"year": 2003, "month": 8, "day": 25}, "season": "SUMMER", "episodes": 2, "duration": 30, "genres": ["Hentai", "Romance"], "averageScore": null, "trending": 0, "popularity": 65, "streamingEpisodes": [], "coverImage": {"large": "https://s3.anilist.co/media/anime/cover/medium/4638.jpg", "medium": "https://s3.anilist.co/media/anime/cover/small/4638.jpg"}, "bannerImage": null, "isAdult": true, "format": "OVA"}, {"id": 4639, "title": {"romaji": "Gosenzo-sama Banbanzai!", "english": null}, "type": "ANIME", "status": "FINISHED", "description": "The Yomota family is small and typical: father Kinekuni (42), mother Tamiko (38), and son Inumaru (17). One day, a beautiful girl appears at their front door, calling herself \"Maroko Yomota,\" granddaughter of Inumaru who travels back in time with a time machine to visit her ancestors. Even with Tamiko's strong objection, Kinekuni and Inumaru welcome her to stay with them, and the structure of a happy family has begun to collapse. <br><br>\n(Source: ANN)", "startDate": {"year": 1989, "month": 8, "day": 5}, "endDate": {"year": 1990, "month": 1, "day": 25}, "season": "SUMMER", "episodes": 6, "duration": 30, "genres": ["Comedy", "Sci-Fi"], "averageScore": 64, "trending": 1, "popularity": 676, "streamingEpisodes": [], "coverImage": {"large": "https://s3.anilist.co/media/anime/cover/medium/4639-8fPHLernCd6z.png", "medium": "https://s3.anilist.co/media/anime/cover/small/4639-8fPHLernCd6z.png"}, "bannerImage": null, "isAdult": false, "format": "OVA"}, {"id": 4640, "title": {"romaji": "Maroko", "english": null}, "type": "ANIME", "status": "FINISHED", "description": "Summary for the Gosenzosama Banbanzai! OVA.<br><br>", "startDate": {"year": 1990, "month": 3, "day": 19}, "endDate": {"year": 1990, "month": 3, "day": 19}, "season": "SPRING", "episodes": 1, "duration": 90, "genres": ["Comedy", "Sci-Fi"], "averageScore": null, "trending": 0, "popularity": 76, "streamingEpisodes": [], "coverImage": {"large": "https://s3.anilist.co/media/anime/cover/medium/4640-PJ3p9VGEoVUb.png", "medium": "https://s3.anilist.co/media/anime/cover/small/4640-PJ3p9VGEoVUb.png"}, "bannerImage": null, "isAdult": false, "format": "MOVIE"}, {"id": 4644, "title": {"romaji": "Injoku no Heya", "english": "Lewd Room"}, "type": "ANIME", "status": "FINISHED", "description": "Kazuki, a wealthy young man, yet struck by a terminal illness, lives in his big mansion with numerous female servants. Among them is Nanase, who fell in love with Kazuki. She is trying her best to make him understand the joys of life. <br><br>\nHowever, ever since Kazuki's sister noticed her feelings, jealousy drives her to discipline Nanase whenever possible in her \"torture chamber\"... <br><br>\n(Source: AniDB)", "startDate": {"year": 2001, "month": 6, "day": 18}, "endDate": {"year": 2001, "month": 6, "day": 18}, "season": "SUMMER", "episodes": 1, "duration": 30, "genres": ["Hentai", "Romance"], "averageScore": null, "trending": 0, "popularity": 53, "streamingEpisodes": [], "coverImage": {"large": "https://s3.anilist.co/media/anime/cover/medium/4644.jpg", "medium": "https://s3.anilist.co/media/anime/cover/small/4644.jpg"}, "bannerImage": null, "isAdult": true, "format": "OVA"}, {"id": 4645, "title": {"romaji": "Kirameki no Kyoudai: Sex Crime", "english": null}, "type": "ANIME", "status": "FINISHED", "description": "Brother and sister incest.", "startDate": {"year": 2000, "month": 5, "day": 25}, "endDate": {"year": 2000, "month": 5, "day": 25}, "season": "SPRING", "episodes": 1, "duration": 30, "genres": ["Hentai"], "averageScore": null, "trending": 0, "popularity": 84, "streamingEpisodes": [], "coverImage": {"large": "https://s3.anilist.co/media/anime/cover/medium/4645.jpg", "medium": "https://s3.anilist.co/media/anime/cover/small/4645.jpg"}, "bannerImage": null, "isAdult": true, "format": "OVA"}, {"id": 4646, "title": {"romaji": "Cobra the Animation: The Psycho-Gun", "english": null}, "type": "ANIME", "status": "FINISHED", "description": "When Utopia More discovers an ancient record that holds the key to unlocking the secrets of the universe, she becomes the target of the ruthless Gypsy Doc of the Pirate Guild. Utopia finds herself saved by the easy-going yet legendary space pirate, Cobra, whose custom made Psychogun makes him a force to be reckoned with. Together, the two of them attempt to stop Gypsy Doc (along with Cobra's revived arch-nemesis, Crystal Boy) and his efforts to steal the record and use its secrets to rule the universe.", "startDate": {"year": 2008, "month": 8, "day": 29}, "endDate": {"year": 2009, "month": 2, "day": 27}, "season": "SUMMER", "episodes": 4, "duration": 30, "genres": ["Action", "Adventure", "Mecha", "Sci-Fi"], "averageScore": 61, "trending": 0, "popularity": 372, "streamingEpisodes": [], "coverImage": {"large": "https://s3.anilist.co/media/anime/cover/medium/4646.jpg", "medium": "https://s3.anilist.co/media/anime/cover/small/4646.jpg"}, "bannerImage": null, "isAdult": false, "format": "OVA"}, {"id": 4650, "title": {"romaji": "Outlaw Star Pilot", "english": "Outlaw Star"}, "type": "ANIME", "status": "FINISHED", "description": "A two minute long promo for the re-mastered series. Contains animation not used in the TV series.", "startDate": {"year": 2008, "month": 2, "day": 16}, "endDate": {"year": 2008, "month": 2, "day": 16}, "season": "WINTER", "episodes": 1, "duration": 2, "genres": ["Action", "Sci-Fi"], "averageScore": 58, "trending": 0, "popularity": 433, "streamingEpisodes": [], "coverImage": {"large": "https://s3.anilist.co/media/anime/cover/medium/4650.jpg", "medium": "https://s3.anilist.co/media/anime/cover/small/4650.jpg"}, "bannerImage": null, "isAdult": false, "format": "SPECIAL"}, {"id": 4651, "title": {"romaji": "Yume no Crayon Oukoku", "english": "Crayon Kingdom of Dreams"}, "type": "ANIME", "status": "FINISHED", "description": "The civilians of the Crayon Kingdom have always view their Princess Silver as a twelve-year old girl with a beautiful smile. However, unknown to them, the princess has 12 bad habits. This has created much distress to the Chameleon Prime Minister and the Crayon ministers for it would be embarassing if this gets out. One day, a party was held to celebrate Princess Silver's twelvth birthday. The princess was trying to seek her Prince Charming that she forgot to take notice of her bad habits. One of the boys at the party was so angry that he changed Silver's parents, the King and Queen, into stone. In order to break the curse and save her parents, Silver decided to set on a journey to locate the boy. Together with her companions, Silver begins her adventure.", "startDate": {"year": 1997, "month": 9, "day": 7}, "endDate": {"year": 1999, "month": 1, "day": 31}, "season": "FALL", "episodes": 70, "duration": 20, "genres": ["Adventure", "Comedy", "Fantasy"], "averageScore": null, "trending": 0, "popularity": 217, "streamingEpisodes": [], "coverImage": {"large": "https://s3.anilist.co/media/anime/cover/medium/4651.jpg", "medium": "https://s3.anilist.co/media/anime/cover/small/4651.jpg"}, "bannerImage": null, "isAdult": false, "format": "TV"}, {"id": 4653, "title": {"romaji": "Shakkin Shimai", "english": "Debt Sisters"}, "type": "ANIME", "status": "FINISHED", "description": "Based on the adult game by Selen.<br>\n<br>\nHiroyuki is a high school student. He happens to know that Kaho, his classmate, and Kasumi, his classroom teacher, have a lot of outstanding debts their deceased father left. He feels sorry and offers Kasumi to lend some money, but she refuses it. Her attitude makes him mad and he decides to make them his sex slaves...<br>\n<br>\n(Source: Visual Novel Database)", "startDate": {"year": 2007, "month": 10, "day": 25}, "endDate": {"year": 2008, "month": 3, "day": 25}, "season": "FALL", "episodes": 2, "duration": 33, "genres": ["Hentai"], "averageScore": 48, "trending": 0, "popularity": 202, "streamingEpisodes": [], "coverImage": {"large": "https://s3.anilist.co/media/anime/cover/medium/4653.jpg", "medium": "https://s3.anilist.co/media/anime/cover/small/4653.jpg"}, "bannerImage": null, "isAdult": true, "format": "OVA"}, {"id": 4654, "title": {"romaji": "Toaru Majutsu no Index", "english": "A Certain Magical Index"}, "type": "ANIME", "status": "FINISHED", "description": "Set in a city of scientifically advanced superhuman students, but in a world where magic is also real. Touma Kamijou&rsquo;s right hand, the Imagine Breaker, will negate all magic, psychic, or divine powers, but not his own bad luck. One day he finds a young girl hanging on his balcony railing. She turns out to be a nun from the Church of England, and her mind has been implanted with the Index-Librorum-Prohibitorum - all the magical texts the Church has removed from circulation.", "startDate": {"year": 2008, "month": 10, "day": 5}, "endDate": {"year": 2009, "month": 3, "day": 19}, "season": "FALL", "episodes": 24, "duration": 23, "genres": ["Action", "Sci-Fi"], "averageScore": 73, "trending": 0, "popularity": 30391, "streamingEpisodes": [{"title": "Episode 2 - The Right Seat of God", "url": "http://www.crunchyroll.com/a-certain-magical-index/episode-2-the-right-seat-of-god-777949"}, {"title": "Episode 1 - Unrest", "url": "http://www.crunchyroll.com/a-certain-magical-index/episode-1-unrest-777723"}], "coverImage": {"large": "https://s3.anilist.co/media/anime/cover/medium/4654.jpg", "medium": "https://s3.anilist.co/media/anime/cover/small/4654.jpg"}, "bannerImage": "https://s3.anilist.co/media/anime/banner/4654-YLc90XaeWvPb.jpg", "isAdult": false, "format": "TV"}, {"id": 4657, "title": {"romaji": "Arad Senki: Slap Up Party", "english": null}, "type": "ANIME", "status": "FINISHED", "description": "The anime will follow the adventures of Baron, a man living on continent of Arad in the year 981 after \"the cursed light of Kazan\" has fallen across the land. Thanks to the curse, one of his arms has become possessed. After finding a sword that has been possessed by the spirit Roxy, he embarks on a quest to unravel the secret of the curse and meets various people who also join his party.<br><br>\n(Source: ANN)", "startDate": {"year": 2009, "month": 4, "day": 4}, "endDate": {"year": 2009, "month": 9, "day": 26}, "season": "SPRING", "episodes": 26, "duration": 25, "genres": ["Action", "Adventure", "Comedy", "Fantasy"], "averageScore": 57, "trending": 0, "popularity": 745, "streamingEpisodes": [], "coverImage": {"large": "https://s3.anilist.co/media/anime/cover/medium/4657.jpg", "medium": "https://s3.anilist.co/media/anime/cover/small/4657.jpg"}, "bannerImage": null, "isAdult": false, "format": "TV"}, {"id": 4660, "title": {"romaji": "Yoshino no Hime", "english": "The Princess of Yoshino"}, "type": "ANIME", "status": "FINISHED", "description": "A girl prays to the Princess of Yoshino for a cherry to be in full bloom tomorrow. That is because the Princess is one of the spirit family governing all the cherries in the world and because the brother of the girl will go campaigning tomorrow.<br><br>\nSince it's a ONA click on <em>website</em> to watch the video in raw Japanese.", "startDate": {"year": 2005, "month": null, "day": null}, "endDate": {"year": 2005, "month": null, "day": null}, "season": null, "episodes": 1, "duration": 8, "genres": ["Comedy", "Fantasy", "Slice of Life"], "averageScore": null, "trending": 0, "popularity": 69, "streamingEpisodes": [], "coverImage": {"large": "https://s3.anilist.co/media/anime/cover/medium/4660.jpg", "medium": "https://s3.anilist.co/media/anime/cover/small/4660.jpg"}, "bannerImage": null, "isAdult": false, "format": "ONA"}, {"id": 4662, "title": {"romaji": "Neo Angelique Abyss: Second Age", "english": null}, "type": "ANIME", "status": "FINISHED", "description": "Continuing where the first season left off, the sudden increase of Thanatos with the disappearance of the Aube Hunters has now left Arcadia in ruin. Desperation reigns high as the Religious Organization fights to battle the Thanatos. Six months had already past since Hidamari mansion burned to ashes, the Aube Hunters, once hailed as heroes, is now blamed for the appearance of Thanatos. Nevertheless, hope still exists for the reappearance of the Queen's Egg one day, who will become the savior of Arcadia. Unknown to many however, the Aube Hunters have actually been silently waiting for the awakening of Angelique, who has been asleep the entire time.", "startDate": {"year": 2008, "month": 7, "day": 7}, "endDate": {"year": 2008, "month": 9, "day": 29}, "season": "SUMMER", "episodes": 13, "duration": 25, "genres": ["Adventure", "Fantasy"], "averageScore": 60, "trending": 0, "popularity": 622, "streamingEpisodes": [{"title": "Episode 1 - The Girl of Miracles", "url": "http://www.crunchyroll.com/neo-angelique-abyss/episode-1-the-girl-of-miracles-510364"}, {"title": "Episode 2 - Under the Table", "url": "http://www.crunchyroll.com/neo-angelique-abyss/episode-2-under-the-table-510366"}, {"title": "Episode 3 - The Silver Knight", "url": "http://www.crunchyroll.com/neo-angelique-abyss/episode-3-the-silver-knight-510368"}, {"title": "Episode 4 - The Black Attack", "url": "http://www.crunchyroll.com/neo-angelique-abyss/episode-4-the-black-attack-510370"}, {"title": "Episode 5 - The Journey of Determination", "url": "http://www.crunchyroll.com/neo-angelique-abyss/episode-5-the-journey-of-determination-510372"}, {"title": "Episode 6 - The Pilgrimage to a Holy City", "url": "http://www.crunchyroll.com/neo-angelique-abyss/episode-6-the-pilgrimage-to-a-holy-city-510374"}, {"title": "Episode 7 - The Seeds of Happiness", "url": "http://www.crunchyroll.com/neo-angelique-abyss/episode-7-the-seeds-of-happiness-510376"}, {"title": "Episode 8 - Jinx", "url": "http://www.crunchyroll.com/neo-angelique-abyss/episode-8-jinx-510378"}, {"title": "Episode 9 - A Day Off In Wodon", "url": "http://www.crunchyroll.com/neo-angelique-abyss/episode-9-a-day-off-in-wodon-510380"}, {"title": "Episode 10 - Rondo of Time", "url": "http://www.crunchyroll.com/neo-angelique-abyss/episode-10-rondo-of-time-510382"}, {"title": "Episode 11 - Dark Clouds", "url": "http://www.crunchyroll.com/neo-angelique-abyss/episode-11-dark-clouds-510384"}, {"title": "Episode 12 - Imprisonment of Angelique", "url": "http://www.crunchyroll.com/neo-angelique-abyss/episode-12-imprisonment-of-angelique-510386"}, {"title": "Episode 13 - Repatriation, And Then...", "url": "http://www.crunchyroll.com/neo-angelique-abyss/episode-13-repatriation-and-then-510388"}], "coverImage": {"large": "https://s3.anilist.co/media/anime/cover/medium/4662.jpg", "medium": "https://s3.anilist.co/media/anime/cover/small/4662.jpg"}, "bannerImage": null, "isAdult": false, "format": "TV"}, {"id": 4663, "title": {"romaji": "Tekken Chinmi", "english": "Iron Fist Chinmi"}, "type": "ANIME", "status": "FINISHED", "description": "The Ironfist Chinmi or Tekken is kung-fu adventure of a teenage who will complete the art of kung-fu a temple which is Dairin Temple. Adventure background is a huge China Kingdom with a huge history in it and even it's very big territorial. This teenager&rsquo;s name is Chinmi and companion with a funny monkey, which usually called Go Ku, to across the wide of kung-fu's world. Chinmi is an orphan teenage that only have an older sister, Mei Lin. They both, before Chinmi's going to explore his talent in kungfu in Dairin temple, lived near the Choko River in a small restaurant owned by them. It was Master Yosen who gave the first time to Chinmi an inner power kung-fu's style which becomes the first style to rely on every fight in Chinmi's adventure.<br><br>\n(Source: ANN)", "startDate": {"year": 1988, "month": 7, "day": 2}, "endDate": {"year": 1988, "month": 12, "day": 24}, "season": "SUMMER", "episodes": 20, "duration": 24, "genres": ["Action", "Adventure"], "averageScore": 58, "trending": 0, "popularity": 190, "streamingEpisodes": [], "coverImage": {"large": "https://s3.anilist.co/media/anime/cover/medium/4663-5Xf9Mmx1p8vG.png", "medium": "https://s3.anilist.co/media/anime/cover/small/4663-5Xf9Mmx1p8vG.png"}, "bannerImage": null, "isAdult": false, "format": "TV"}, {"id": 4664, "title": {"romaji": "Rurouni Kenshin: Special Techniques", "english": null}, "type": "ANIME", "status": "FINISHED", "description": "Similiar to the \"Himura Kenshin's Greatest Hits\" from the first special, this episode goes through every technique of the Hiten Mitsurugi Ryuu and explains how it works.", "startDate": {"year": 1997, "month": 10, "day": 21}, "endDate": {"year": 1997, "month": 10, "day": 21}, "season": "FALL", "episodes": 1, "duration": 25, "genres": ["Action", "Comedy"], "averageScore": 62, "trending": 0, "popularity": 590, "streamingEpisodes": [], "coverImage": {"large": "https://s3.anilist.co/media/anime/cover/medium/4664.jpg", "medium": "https://s3.anilist.co/media/anime/cover/small/4664.jpg"}, "bannerImage": null, "isAdult": false, "format": "SPECIAL"}, {"id": 4667, "title": {"romaji": "B-Densetsu! Battle Bedaman Enkon", "english": null}, "type": "ANIME", "status": "FINISHED", "description": "In B-Daworld, B-Daplayers are searching for the legendary Strike Shot, a type of B-Daball made from fallen star that can enhance B-Daman's abilities. Along the way, B-DaMage gives out hints through B-Daman Broadcasting, for individuals entering Winners tournament, which requires Strike Shot to be eligible to compete.<br><br>\n(Source: Wikipedia)", "startDate": {"year": 2005, "month": 1, "day": 10}, "endDate": {"year": 2005, "month": 12, "day": 26}, "season": "WINTER", "episodes": 51, "duration": 23, "genres": ["Adventure", "Comedy"], "averageScore": 53, "trending": 0, "popularity": 257, "streamingEpisodes": [], "coverImage": {"large": "https://s3.anilist.co/media/anime/cover/medium/4667.jpg", "medium": "https://s3.anilist.co/media/anime/cover/small/4667.jpg"}, "bannerImage": null, "isAdult": false, "format": "TV"}, {"id": 4672, "title": {"romaji": "Koukaku Kidoutai 2.0", "english": "Ghost in the Shell 2.0"}, "type": "ANIME", "status": "FINISHED", "description": "Mamoru Oshii's first Ghost in the Shell cyberspace film will return to five Japanese theaters in an enhanced Ghost in the Shell 2.0 edition on July 12. The new edition will include new computer graphics and digital effects for some scenes and a reunion of most of the cast members for a new 6.1 surround sound recording. Academy-Award-winning sound mixer/editor Randy Thom (Ghost in the Shell 2: Innocence, The Incredibles, The Right Stuff) has overseen the new soundtrack with Kenji Kawai's original music and a final mix that has been produced at Thom and Lucas Digital's Skywalker Sound studio in California.<br><br>\r\nIn the new edition, the enigmatic Puppet Master character will be played by Yoshiko Sakakibara (Ghost in the Shell 2: Innocence's Harraway, Ghost in the Shell: Stand Alone Complex's Prime Minister Yoko Kayabuki). Iemasa Kayumi (Giant Robo's Chief Chuujou Shizuo, RahXephon's Ernst Von B\u00e4hbem) played the role in the original edition.<br><br>\r\nThe film will screen in Tokyo, Osaka, Nagoya, Fukuoka, and Sapporo. Not coincidentally, Oshii's latest film, The Sky Crawlers, will open one month after Ghost in the Shell 2.0 on August 2. <br><br>\r\n(Source: ANN)", "startDate": {"year": 2008, "month": 7, "day": 12}, "endDate": {"year": 2008, "month": 7, "day": 12}, "season": "SUMMER", "episodes": 1, "duration": 85, "genres": ["Action", "Mecha", "Sci-Fi"], "averageScore": 76, "trending": 0, "popularity": 4855, "streamingEpisodes": [], "coverImage": {"large": "https://s3.anilist.co/media/anime/cover/medium/4672.jpg", "medium": "https://s3.anilist.co/media/anime/cover/small/4672.jpg"}, "bannerImage": null, "isAdult": false, "format": "MOVIE"}, {"id": 4675, "title": {"romaji": "Detective File 1: Kindan no Ai", "english": "Bondage House"}, "type": "ANIME", "status": "FINISHED", "description": "Private detective Takayasu Higishino rescues Ayane from two men who cornered her in an alley. Ayane is startled by Takayasu's appearance, he looks just like her presumedly dead brother Shingo. Shingo's car accident occured under strange circumstances, and Ayane has hired Takayasu to help her find out what really happened. Takayasu suspects Ayane's family maybe involved, so he heads back with Ayane to her family mansion, posing as Shingo, hoping to uncover the truth.<br><br>\n(Source: ANN) ", "startDate": {"year": 1999, "month": 7, "day": 29}, "endDate": {"year": 1999, "month": 7, "day": 29}, "season": "SUMMER", "episodes": 1, "duration": 28, "genres": ["Hentai"], "averageScore": null, "trending": 0, "popularity": 72, "streamingEpisodes": [], "coverImage": {"large": "https://s3.anilist.co/media/anime/cover/medium/4675.jpg", "medium": "https://s3.anilist.co/media/anime/cover/small/4675.jpg"}, "bannerImage": null, "isAdult": true, "format": "OVA"}, {"id": 4680, "title": {"romaji": "Botchan", "english": null}, "type": "ANIME", "status": "FINISHED", "description": "This is a different version of the story than the one included in the <em>Seishun Anime Zenshu</em> TV series.<br><br>\nBotchan, a recent graduate, sets out for his first teaching assignment&hellip; never anticipating what awaits him. He must contend with students who spy on him and pull nasty stunts and with a landlord who constantly tries to sell him worthless antiques. While on a fishing trip to boost his spirits, Botchan suspects Hotta, his one friend in the village, as the cause of all of his misery. But this is just beginning of his problems&hellip;During a meeting to discuss the students&rsquo; disrespectful behavior towards Botchan, the proposed punishment is surprisingly mild despite the severity of the acts. Yet, Botchan&rsquo;s suspected adversary defends him! Were the other faculty members lying about Hotta? Botchan may soon discover the truth, for when evidence of the dean&rsquo;s activities surface, Botchan and Hotta must team up to corner the dean in his own scandalous game! <br><br>\n(Source: ANN) ", "startDate": {"year": 1980, "month": 6, "day": 13}, "endDate": {"year": 1980, "month": 6, "day": 13}, "season": "SUMMER", "episodes": 1, "duration": 72, "genres": [], "averageScore": null, "trending": 0, "popularity": 46, "streamingEpisodes": [], "coverImage": {"large": "https://s3.anilist.co/media/anime/cover/medium/4680.jpg", "medium": "https://s3.anilist.co/media/anime/cover/small/4680.jpg"}, "bannerImage": null, "isAdult": false, "format": "SPECIAL"}, {"id": 4681, "title": {"romaji": "Ultra Nyan: Hoshizora kara Maiorita Fushigi Neko", "english": null}, "type": "ANIME", "status": "FINISHED", "description": "Haruka finds a cat in an abandoned building and names it \"Nyan\".  Little does she know that this cat is actually \"Ultra-Nyan\" who has come from outer space.  Using his mysterious powers, Ultra-Nyan helps Haruka and her friends foil the plans of a couple of no-good catnappers.", "startDate": {"year": 1997, "month": 4, "day": 12}, "endDate": {"year": 1997, "month": 4, "day": 12}, "season": "SPRING", "episodes": 1, "duration": 30, "genres": ["Comedy"], "averageScore": null, "trending": 0, "popularity": 46, "streamingEpisodes": [], "coverImage": {"large": "https://s3.anilist.co/media/anime/cover/medium/4681.jpg", "medium": "https://s3.anilist.co/media/anime/cover/small/4681.jpg"}, "bannerImage": null, "isAdult": false, "format": "MOVIE"}, {"id": 4682, "title": {"romaji": "Ultra Nyan 2: The Great Happy Operation", "english": null}, "type": "ANIME", "status": "FINISHED", "description": "Ultra-Nyan's adventures continue. This time, he is tasked with finding the cause of the crows' sudden declaration of war upon the cats. ", "startDate": {"year": 1998, "month": 3, "day": 14}, "endDate": {"year": 1998, "month": 3, "day": 14}, "season": "SPRING", "episodes": 1, "duration": 30, "genres": ["Comedy"], "averageScore": null, "trending": 0, "popularity": 26, "streamingEpisodes": [], "coverImage": {"large": "https://s3.anilist.co/media/anime/cover/medium/4682.jpg", "medium": "https://s3.anilist.co/media/anime/cover/small/4682.jpg"}, "bannerImage": null, "isAdult": false, "format": "MOVIE"}, {"id": 4684, "title": {"romaji": "Scarecrowman", "english": "Scarecrowman"}, "type": "ANIME", "status": "FINISHED", "description": "A regular old scarecrow has stood in a field for twenty years when one day, after a lightning storm, he comes to life. He becomes friends with the daughter of a scarecrow shop owner.", "startDate": {"year": 2008, "month": 7, "day": 3}, "endDate": {"year": 2008, "month": 12, "day": 25}, "season": "SUMMER", "episodes": 26, "duration": 25, "genres": ["Fantasy"], "averageScore": null, "trending": 0, "popularity": 16, "streamingEpisodes": [], "coverImage": {"large": "https://s3.anilist.co/media/anime/cover/medium/4684.jpg", "medium": "https://s3.anilist.co/media/anime/cover/small/4684.jpg"}, "bannerImage": null, "isAdult": false, "format": "TV"}, {"id": 4685, "title": {"romaji": "Takane no Jitensha", "english": "Takane's Bicycle"}, "type": "ANIME", "status": "FINISHED", "description": "An 11-year-old boy, Takasumi Takane, will be given a new bicycle if his exam results are in the top 100, but his results put him in 112th place. He tells his mother a lie that he placed 92nd, and he tears the answer sheets apart. On his way home from cram school, he accidently breaks the old bicycle that he is supposed to hand down to his little sister, Tamaki. This angers Tamaki. Furthermore, Tamaki accuses him of telling a lie, and he begins to think of her as a nuisance. One night, when he goes to a shrine to look for his missing dog, Chris, he encounters a young man named Yoyogi. Somehow, Yoyogi has the answer sheet marked as &ldquo;92nd.\" Yoyogi proposes a trade, but threatens to return the answer sheet to its original owner unless he is given something Takane doesn't need. Takane offers him his sister, Tamaki. At that very moment, Tamaki arrives, searching for Takane and Chris. Yoyogi turns Tamaki into a shining object and swallows her. Takane decides that he was wrong and wants to save her. Yoyogi agrees to restore Tamaki to her original form if Takane wins a race against him, with his broken bicycle. Can Takane win the race rescue Tamaki?<br><br>\n(Source: AnimeNFO)", "startDate": {"year": 2008, "month": 7, "day": 6}, "endDate": {"year": 2008, "month": 7, "day": 6}, "season": "SUMMER", "episodes": 1, "duration": 24, "genres": ["Fantasy"], "averageScore": 52, "trending": 0, "popularity": 193, "streamingEpisodes": [], "coverImage": {"large": "https://s3.anilist.co/media/anime/cover/medium/4685.jpg", "medium": "https://s3.anilist.co/media/anime/cover/small/4685.jpg"}, "bannerImage": null, "isAdult": false, "format": "SPECIAL"}, {"id": 4688, "title": {"romaji": "Minna Agechau", "english": null}, "type": "ANIME", "status": "FINISHED", "description": "A beautiful day Rokurou, a student, was to masturbate when a beautiful girl knocks on his door: You need a virgin? And so begins the story. Rokurou did not know what it was that this beautiful girl was a millionaire family.", "startDate": {"year": 1987, "month": 3, "day": 28}, "endDate": {"year": 1987, "month": 3, "day": 28}, "season": "SPRING", "episodes": 1, "duration": 45, "genres": ["Hentai"], "averageScore": 45, "trending": 0, "popularity": 110, "streamingEpisodes": [], "coverImage": {"large": "https://s3.anilist.co/media/anime/cover/medium/4688.jpg", "medium": "https://s3.anilist.co/media/anime/cover/small/4688.jpg"}, "bannerImage": null, "isAdult": true, "format": "OVA"}, {"id": 4689, "title": {"romaji": "Kaze no Toori Michi", "english": "The Path of Wind"}, "type": "ANIME", "status": "FINISHED", "description": "Animated video for Horishita Sayuri's Kaze no Toori Michi produced for NHK's Minna no Uta. Direction and animation by Mochizuki Tomomi, Kondou Katsuya and Tanaka Naoya from Ghibli.", "startDate": {"year": 2004, "month": 12, "day": 8}, "endDate": {"year": 2004, "month": 12, "day": 8}, "season": "WINTER", "episodes": 1, "duration": 5, "genres": ["Music"], "averageScore": 55, "trending": 0, "popularity": 260, "streamingEpisodes": [], "coverImage": {"large": "https://s3.anilist.co/media/anime/cover/medium/4689.jpg", "medium": "https://s3.anilist.co/media/anime/cover/small/4689.jpg"}, "bannerImage": null, "isAdult": false, "format": "MUSIC"}, {"id": 4690, "title": {"romaji": "Cyborg 009 (1979)", "english": "Cyborg 009"}, "type": "ANIME", "status": "FINISHED", "description": "Nine people are tricked and forced by a evil organization called The Neo-Black Ghosts into becoming cyborgs. But they refuse to become the neo-black ghosts killing machines, and guided by Dr. Gilmore the cyborgs escape. They team up in order to fight the neo-black ghosts and injustice where ever it shows it's face.<br><br>\n(Source: ANN)", "startDate": {"year": 1979, "month": 3, "day": 6}, "endDate": {"year": 1980, "month": 3, "day": 25}, "season": "SPRING", "episodes": 50, "duration": 24, "genres": ["Action", "Adventure", "Mecha", "Sci-Fi"], "averageScore": 61, "trending": 0, "popularity": 440, "streamingEpisodes": [], "coverImage": {"large": "https://s3.anilist.co/media/anime/cover/medium/4690.jpg", "medium": "https://s3.anilist.co/media/anime/cover/small/4690.jpg"}, "bannerImage": null, "isAdult": false, "format": "TV"}, {"id": 4692, "title": {"romaji": "Tragic Silence", "english": "Tragic Silence"}, "type": "ANIME", "status": "FINISHED", "description": "Luticia is a vampire. However, she has fallen in love with her childhood friend, a human named Shou. She is afraid that their love will not be able to overcome their differences... <br><br>\nRick, a vampire from Luticia&rsquo;s Clan, is murdered by a woman from Shou&rsquo;s village. Rick had been having an affair with her, and the vampires are enraged to find out that Rick has been sleeping with humans instead of preying on them. Regardless, the clan starts planning to revenge the murder of their own kind. Humans are also enraged to discover thee existence of vampires in the vicinity and they are also planning to find nad destroy the vampires. <br><br>\nWhat will happen to Luticia and Shou? Will their love survive the hatred between their people? <br>\n(source:animeondvd.com)", "startDate": {"year": 2003, "month": 2, "day": 18}, "endDate": {"year": 2003, "month": 2, "day": 18}, "season": "WINTER", "episodes": 1, "duration": 25, "genres": ["Hentai"], "averageScore": null, "trending": 0, "popularity": 69, "streamingEpisodes": [], "coverImage": {"large": "https://s3.anilist.co/media/anime/cover/medium/4692.jpg", "medium": "https://s3.anilist.co/media/anime/cover/small/4692.jpg"}, "bannerImage": null, "isAdult": true, "format": "OVA"}, {"id": 4693, "title": {"romaji": "The Gigolo: Dochinpira", "english": "The Gigolo"}, "type": "ANIME", "status": "FINISHED", "description": "Jin is one horny hunk, a twenty-two year old stud with lady killer looks. He's challenged by gorgeous Ai Mizushima to \"make me scream with pleasure\" it's a wager he can't refuse especially the when the prize is a brand new sports car.<br><br>\n(Source: AniDB)", "startDate": {"year": 1993, "month": 8, "day": 27}, "endDate": {"year": 1993, "month": 8, "day": 27}, "season": "SUMMER", "episodes": 1, "duration": 45, "genres": ["Action", "Comedy", "Hentai"], "averageScore": null, "trending": 0, "popularity": 58, "streamingEpisodes": [], "coverImage": {"large": "https://s3.anilist.co/media/anime/cover/medium/4693.jpg", "medium": "https://s3.anilist.co/media/anime/cover/small/4693.jpg"}, "bannerImage": null, "isAdult": true, "format": "OVA"}, {"id": 4695, "title": {"romaji": "Saikano Special", "english": "Saikano"}, "type": "ANIME", "status": "FINISHED", "description": "It's  the making of  \"saikano\", intreviews with the staff and etc...", "startDate": {"year": 2002, "month": 11, "day": 28}, "endDate": {"year": 2002, "month": 11, "day": 28}, "season": "FALL", "episodes": 1, "duration": 23, "genres": ["Drama", "Romance", "Sci-Fi"], "averageScore": null, "trending": 0, "popularity": 120, "streamingEpisodes": [], "coverImage": {"large": "https://s3.anilist.co/media/anime/cover/medium/4695.jpg", "medium": "https://s3.anilist.co/media/anime/cover/small/4695.jpg"}, "bannerImage": null, "isAdult": false, "format": "SPECIAL"}, {"id": 4697, "title": {"romaji": "Chimera", "english": null}, "type": "ANIME", "status": "FINISHED", "description": "Her name is Rei, the Chimera, Angel of Death. The dark wasteland of the underworld is her home. She`s an expert marksman, a silent assassin, and more woman than meets the eye. The mafia boss who killed her parents, John Roy, also took the pleasure of raping their son. John Roy now rules the Hong Kong underground, and Rei works for him. (ANN) ", "startDate": {"year": 1997, "month": 10, "day": 10}, "endDate": {"year": 1997, "month": 10, "day": 10}, "season": "FALL", "episodes": 1, "duration": 47, "genres": ["Hentai"], "averageScore": null, "trending": 0, "popularity": 77, "streamingEpisodes": [], "coverImage": {"large": "https://s3.anilist.co/media/anime/cover/medium/4697.jpg", "medium": "https://s3.anilist.co/media/anime/cover/small/4697.jpg"}, "bannerImage": null, "isAdult": true, "format": "OVA"}, {"id": 4698, "title": {"romaji": "Jokei Kazoku: Inbou", "english": "The Immorals"}, "type": "ANIME", "status": "FINISHED", "description": "An evil politician Arimori Kamoshige have been a local governor for 40 years,. Abusing his power, he has gained wealth and women. The protagonist&rsquo;s father has managed Arimori&rsquo;s black money as a right hand person, but later, he was expelled being charged false crime. He got discouraged and called his runaway son, Tatsuya. He asked Tatsuya his revenge on Kamoshige. Soon his father died, and Kamoshige hired Tatsuya as the third secretary. However, Kamo also died 3 months later. Just before his death, he changed the pass code of a safebox which hidden black money was in. Then, the power balance of Arimori Family changed. The person who obtains the hidden money will get become the next ruler. While Arimori Family is conflict for the hidden money, Tatsuya begins his revenge.<br><br>\n(Source: AniDB)", "startDate": {"year": 2006, "month": 8, "day": 25}, "endDate": {"year": 2006, "month": 10, "day": 25}, "season": "SUMMER", "episodes": 2, "duration": 30, "genres": ["Hentai"], "averageScore": 55, "trending": 0, "popularity": 266, "streamingEpisodes": [], "coverImage": {"large": "https://s3.anilist.co/media/anime/cover/medium/4698.jpg", "medium": "https://s3.anilist.co/media/anime/cover/small/4698.jpg"}, "bannerImage": null, "isAdult": true, "format": "OVA"}, {"id": 4699, "title": {"romaji": "Eisai Kyoiku", "english": null}, "type": "ANIME", "status": "FINISHED", "description": "Based on the H-game by Amalgame. <br><br>\nCertain subjects being taught these days at college aren't always on the curriculum... <br><br>\nSex education is one of them! Here at our all-girls school, one male teacher takes it upon himself to best educate students in the ways of carnal knowledge. Using (and abusing) his authority, he lures the hottest students into his lair and has his sleazy way with them! In the the end, these girls will learn some lessons they'll never forget. <br><br>\nAt another college, a glowing phallus-shaped artifact possesses magical powers that turn innocent girls into raging sex maniacs. When a teacher is seduced by a student, he soon finds himself endowed with a power that the girls cannot resist... <br><br>\n(Source: AniDB) ", "startDate": {"year": 2007, "month": 7, "day": 25}, "endDate": {"year": 2007, "month": 7, "day": 25}, "season": "SUMMER", "episodes": 1, "duration": 19, "genres": ["Hentai"], "averageScore": 45, "trending": 0, "popularity": 121, "streamingEpisodes": [], "coverImage": {"large": "https://s3.anilist.co/media/anime/cover/medium/4699.jpg", "medium": "https://s3.anilist.co/media/anime/cover/small/4699.jpg"}, "bannerImage": null, "isAdult": true, "format": "OVA"}, {"id": 4700, "title": {"romaji": "Vixens", "english": null}, "type": "ANIME", "status": "FINISHED", "description": "Episodes 1-2: (\"SM Snake\", \"Miracle Alien\")<br>\nUsing his computer, a frustrated 19-year-old computer nerd accidentally summons a sexy android named Doreimon from the 22nd century! Using her futuristic powers, she'll try to help him score with the woman of his dreams by \"compensating\" him for his shortcomings!<br><br>\nEpisode 3: (\"Skydiving in Love\")<br>\nKoban and Sameo have a very strange arrangement. Koban gets Sameo's leftovers, but he also pays for Sameo's dates! One day, Koban rescues a pretty girl named Shiori from an attacker in the park. Koban immediately falls for Shiori, but is too shy to say anything. Sameo then proceeds to set up Koban and Shiori... on a skydiving date!<br><br>\nEpisode 4: (\"New Century Queen\")<br>\nMai Inoue desperately wants to become a showbiz personality, and she's ready to do just about anything to make her dream come true. Mai decides to join the upcoming beauty pagent \"New Century Queen\", where claiming the title may be her ticket to fame. To improve her chances, Mai decides to get acquainted with the handsome producer Akagi. But Akagi has plans of his own...<br><br>\nEpisode 5: (\"The Vampire Tradition\")<br>\nBeautiful co-eds are disappearing from St. Stoker University. Witnesses report seeing shadowy, bat-winged creatures in the night. The Student President suspects... vampires! When her friends are kidnapped, Kanna&mdash;a 19-year-old transfer student from Europe&mdash;must reveal her true identity!<br><br>\n(Source: AniDB)", "startDate": {"year": 1995, "month": 8, "day": 25}, "endDate": {"year": 1996, "month": 4, "day": 21}, "season": "SUMMER", "episodes": 5, "duration": 30, "genres": ["Hentai"], "averageScore": null, "trending": 0, "popularity": 117, "streamingEpisodes": [], "coverImage": {"large": "https://s3.anilist.co/media/anime/cover/medium/4700.jpg", "medium": "https://s3.anilist.co/media/anime/cover/small/4700.jpg"}, "bannerImage": null, "isAdult": true, "format": "OVA"}, {"id": 4701, "title": {"romaji": "Yama Hime no Mi", "english": null}, "type": "ANIME", "status": "FINISHED", "description": "Based on the manga by Sanbun Kyouden. Two separate stories about sons witnessing their mothers gradually being taken over by lust and pleasure.", "startDate": {"year": 2007, "month": 10, "day": 26}, "endDate": {"year": 2010, "month": 10, "day": 15}, "season": "FALL", "episodes": 3, "duration": 24, "genres": ["Hentai"], "averageScore": 47, "trending": 0, "popularity": 206, "streamingEpisodes": [], "coverImage": {"large": "https://s3.anilist.co/media/anime/cover/medium/4701.jpg", "medium": "https://s3.anilist.co/media/anime/cover/small/4701.jpg"}, "bannerImage": null, "isAdult": true, "format": "OVA"}, {"id": 4703, "title": {"romaji": "Yes! Precure 5 GoGo! Movie: Okashi no Kuni no Happy Birthday", "english": null}, "type": "ANIME", "status": "FINISHED", "description": "It's Nozomi's birthday, but it is disturbed by Bunbee chasing after a girl from another world, Chocola. When Pretty Cure rescue her, she thanks them by taking them to her country, Dessert Kingdom. In this cockaigne with rivers of juice and candy growing on trees, they feel very comfortable. But then they meet the evil Mushiban and his two subordinates Dry and Bitter. They want to take over the kingdom and change Pretty Cure into sweets. In order to save not only Nozomi's Birthday but also the whole Dessert Kingdom, Pretty Cure have to fight their way against Dry and Bitter and also against their own friend: Coco, who is being brainwashed by Mushiban. ", "startDate": {"year": 2008, "month": 11, "day": 8}, "endDate": {"year": 2008, "month": 11, "day": 8}, "season": "FALL", "episodes": 1, "duration": 75, "genres": ["Fantasy", "Mahou Shoujo", "Romance"], "averageScore": 63, "trending": 0, "popularity": 346, "streamingEpisodes": [], "coverImage": {"large": "https://s3.anilist.co/media/anime/cover/medium/4703.jpg", "medium": "https://s3.anilist.co/media/anime/cover/small/4703.jpg"}, "bannerImage": null, "isAdult": false, "format": "MOVIE"}, {"id": 4705, "title": {"romaji": "Tengen Toppa Gurren Lagann: Parallel Works", "english": null}, "type": "ANIME", "status": "FINISHED", "description": "An anthology of animated shorts featuring characters from Gurren Lagann in alternative worlds. Every clip is animated by a particular animator of GAINAX.<br><br>\nCreators are Akira Amemiya, Shin Itagaki, Hirokazu Kojima, SUEZEN, Ryouji Masuyama, Hiroyuki Yamaga, Yoh Yoshinari, and Keisuke Watanabe", "startDate": {"year": 2008, "month": 6, "day": 16}, "endDate": {"year": 2008, "month": 9, "day": 14}, "season": "SUMMER", "episodes": 8, "duration": 3, "genres": ["Music"], "averageScore": 66, "trending": 0, "popularity": 2443, "streamingEpisodes": [], "coverImage": {"large": "https://s3.anilist.co/media/anime/cover/medium/4705.jpg", "medium": "https://s3.anilist.co/media/anime/cover/small/4705.jpg"}, "bannerImage": null, "isAdult": false, "format": "MUSIC"}, {"id": 4709, "title": {"romaji": "Aesop's World", "english": null}, "type": "ANIME", "status": "FINISHED", "description": "Three kids living in the Watermill Village were planning a picnic in the mountains. Of course Pico, a young hamster kid wanted to go to the mountain peak with her friends Tocho and Fufu. The three of them fall in a hidden lake beneath the mountains and discovered a giant fish named Aesop floating. The knew that the fish wanted to fly again, in order to do that, they must collect mystical scales all across the world. Because of this, they start their search for the mystical scales in order for Aesop's dream to come true.<br><br>\n(Source:ANN)", "startDate": {"year": 1999, "month": 4, "day": 5}, "endDate": {"year": 1999, "month": 12, "day": 31}, "season": "SPRING", "episodes": 26, "duration": 11, "genres": [], "averageScore": null, "trending": 0, "popularity": 28, "streamingEpisodes": [], "coverImage": {"large": "https://s3.anilist.co/media/anime/cover/medium/4709.jpg", "medium": "https://s3.anilist.co/media/anime/cover/small/4709.jpg"}, "bannerImage": null, "isAdult": false, "format": "TV_SHORT"}, {"id": 4712, "title": {"romaji": "Digimon Savers: Agumon! Gaomon! Lalamon! Bakuretsu! Jougai Last Battle!", "english": null}, "type": "ANIME", "status": "FINISHED", "description": "A recap of the whole Digimon Savers TV series in one episode, with original commentary by Agumon, Gaomon, and Lalamon, included in the final volume of the DVD releases.<br><br>", "startDate": {"year": 2007, "month": 8, "day": 24}, "endDate": {"year": 2007, "month": 8, "day": 24}, "season": "SUMMER", "episodes": 1, "duration": 23, "genres": ["Action", "Adventure", "Comedy", "Fantasy", "Sci-Fi", "Supernatural"], "averageScore": 56, "trending": 0, "popularity": 406, "streamingEpisodes": [], "coverImage": {"large": "https://s3.anilist.co/media/anime/cover/medium/4712.jpg", "medium": "https://s3.anilist.co/media/anime/cover/small/4712.jpg"}, "bannerImage": null, "isAdult": false, "format": "SPECIAL"}, {"id": 4713, "title": {"romaji": "Heart no Kuni no Alice: Wonderful Wonder World", "english": null}, "type": "ANIME", "status": "FINISHED", "description": "The girly but bloody otome game re-imagining of Lewis Carroll's classic fantasy novel Alice's Adventures in Wonderland with bishounen characters and added romance.<br><br>\nA parody of Alice's Adventures in Wonderland where Alice is smart and non-doormatlike.<br><br>\nIn this story, Alice is not all what she seems. She is practical, strong, yet darkly cynical. Instead of the tradition story, Alice is kidnapped unwillingly by a mysterious (yet somewhat bishie-looking) man with bunny ears into a place call Heartland. Stuck in Heartland due to a trick by the mysterious bunny eared man, she meets the residents of this world. Along the way, Alice meets Blood, handsome mafia leader; Ace, the psycho yet charming knight and more... What should Alice do in such a world!?<br><br>\n(Source: MU)", "startDate": {"year": 2011, "month": 7, "day": 30}, "endDate": {"year": 2011, "month": 7, "day": 30}, "season": "SUMMER", "episodes": 1, "duration": 84, "genres": ["Fantasy", "Romance"], "averageScore": 53, "trending": 0, "popularity": 1370, "streamingEpisodes": [], "coverImage": {"large": "https://s3.anilist.co/media/anime/cover/medium/4713.jpg", "medium": "https://s3.anilist.co/media/anime/cover/small/4713.jpg"}, "bannerImage": null, "isAdult": false, "format": "MOVIE"}, {"id": 4714, "title": {"romaji": "The Rapeman", "english": "The Rapeman"}, "type": "ANIME", "status": "FINISHED", "description": "The main character and \"anti-hero\", The Rapeman, is a high school teacher by day and dispenses his surreal brand of \"justice\" at night under the business \"Rapeman Services\", which is co-run with his uncle, a former surgeon. He uses rape as his weapon. The business' motto is \"Righting wrongs through penetration\".<br><br>\n(Source: Wikipedia)", "startDate": {"year": 1994, "month": 10, "day": 28}, "endDate": {"year": 1994, "month": 10, "day": 28}, "season": "FALL", "episodes": 2, "duration": 30, "genres": ["Hentai"], "averageScore": 56, "trending": 0, "popularity": 436, "streamingEpisodes": [], "coverImage": {"large": "https://s3.anilist.co/media/anime/cover/medium/4714.jpg", "medium": "https://s3.anilist.co/media/anime/cover/small/4714.jpg"}, "bannerImage": null, "isAdult": true, "format": "OVA"}, {"id": 4715, "title": {"romaji": "Shigofumi Special", "english": "Shigofumi: Letters from the Departed Special"}, "type": "ANIME", "status": "FINISHED", "description": "The 13th episode of Shigofumi.", "startDate": {"year": 2008, "month": 9, "day": 26}, "endDate": {"year": 2008, "month": 9, "day": 26}, "season": "FALL", "episodes": 1, "duration": 24, "genres": ["Drama", "Fantasy", "Psychological", "Thriller"], "averageScore": 70, "trending": 0, "popularity": 1453, "streamingEpisodes": [], "coverImage": {"large": "https://s3.anilist.co/media/anime/cover/medium/4715.jpg", "medium": "https://s3.anilist.co/media/anime/cover/small/4715.jpg"}, "bannerImage": null, "isAdult": false, "format": "SPECIAL"}, {"id": 4717, "title": {"romaji": "Chijoku Kankin", "english": null}, "type": "ANIME", "status": "FINISHED", "description": "Nurse hentai.", "startDate": {"year": 2001, "month": 9, "day": 21}, "endDate": {"year": 2001, "month": 9, "day": 21}, "season": "FALL", "episodes": 1, "duration": 27, "genres": ["Hentai"], "averageScore": null, "trending": 0, "popularity": 88, "streamingEpisodes": [], "coverImage": {"large": "https://s3.anilist.co/media/anime/cover/medium/4717.jpg", "medium": "https://s3.anilist.co/media/anime/cover/small/4717.jpg"}, "bannerImage": null, "isAdult": true, "format": "OVA"}, {"id": 4718, "title": {"romaji": "AIKa: Special Trial", "english": null}, "type": "ANIME", "status": "FINISHED", "description": "A bonus ep about Aika and company moving to a new office. ", "startDate": {"year": 1998, "month": 5, "day": 25}, "endDate": {"year": 1998, "month": 5, "day": 25}, "season": "SPRING", "episodes": 1, "duration": 10, "genres": ["Ecchi"], "averageScore": 50, "trending": 0, "popularity": 464, "streamingEpisodes": [], "coverImage": {"large": "https://s3.anilist.co/media/anime/cover/medium/4718-gQihrbSchdyN.jpg", "medium": "https://s3.anilist.co/media/anime/cover/small/4718-gQihrbSchdyN.jpg"}, "bannerImage": null, "isAdult": false, "format": "SPECIAL"}, {"id": 4719, "title": {"romaji": "Queen's Blade: Rurou no Senshi", "english": "Queen's Blade: The Exiled Virgin"}, "type": "ANIME", "status": "FINISHED", "description": "In a land where a queen is chosen every few years solely by winning a tournament, there can be no short supply of formidable opponents. For one woman warrior however, an early defeat clearly shows her that she is lacking in experience though she may be bountiful in body.<br><br>\nFortunately, while defeat could spell one's doom, her life is saved by a powerful stranger. But unfortunately for this savior, less-than-pure motives and shrewd family members mean her reward is a prison cell. Her release is prompt when the unseasoned warrior she saved, tired of her current lifestyle of nobility, sets off to prove herself.<br><br>\n(Source: Media Blasters)", "startDate": {"year": 2009, "month": 4, "day": 2}, "endDate": {"year": 2009, "month": 6, "day": 18}, "season": "SPRING", "episodes": 12, "duration": 24, "genres": ["Action", "Adventure", "Ecchi", "Fantasy"], "averageScore": 55, "trending": 0, "popularity": 4656, "streamingEpisodes": [], "coverImage": {"large": "https://s3.anilist.co/media/anime/cover/medium/4719.jpg", "medium": "https://s3.anilist.co/media/anime/cover/small/4719.jpg"}, "bannerImage": null, "isAdult": false, "format": "TV"}, {"id": 4720, "title": {"romaji": "White Album", "english": null}, "type": "ANIME", "status": "FINISHED", "description": "Adapted from the Leaf eroge.<br><br>\nThe White Album game centers around Touya Fujii, a college student dating a rising idol singer named Yuki Morikawa. The game deals with the challenges to the couple&rsquo;s relationship from the other people at Fujii's college, Morikawa&rsquo;s work, and elsewhere.<br><br>\n(Source: ANN)", "startDate": {"year": 2009, "month": 1, "day": 4}, "endDate": {"year": 2009, "month": 3, "day": 29}, "season": "WINTER", "episodes": 13, "duration": 25, "genres": ["Drama", "Music", "Romance"], "averageScore": 61, "trending": 2, "popularity": 5679, "streamingEpisodes": [{"title": "Episode 1 - Yes, maybe the button was already pushed by then.", "url": "http://www.crunchyroll.com/white-album/episode-1-yes-maybe-the-button-was-already-pushed-by-then-535030"}, {"title": "Episode 2 - Do you believe in long-plotted encounters?", "url": "http://www.crunchyroll.com/white-album/episode-2-do-you-believe-in-long-plotted-encounters-535032"}, {"title": "Episode 3 - Hand in hand, shoulder to shoulder,  back to back, and then... we don't have to take off our clothes.", "url": "http://www.crunchyroll.com/white-album/episode-3-hand-in-hand-shoulder-to-shoulder-back-to-back-and-then-we-dont-have-to-take-off-our-clothes-535034"}, {"title": "Episode 4 - Sometimes you feel like you understand someone beyond imagination. A lot of times it's the opposite though.", "url": "http://www.crunchyroll.com/white-album/episode-4-sometimes-you-feel-like-you-understand-someone-beyond-imagination-a-lot-of-times-its-the-opposite-though-535036"}, {"title": "Episode 5 - It's not only those who are close to you that get in your way. The less you know someone, the harsher you are.", "url": "http://www.crunchyroll.com/white-album/episode-5-its-not-only-those-who-are-close-to-you-that-get-in-your-way-the-less-you-know-someone-the-harsher-you-are-535038"}, {"title": "Episode 6 - A good way to forget your troubles...How about getting involved in somebody else's?", "url": "http://www.crunchyroll.com/white-album/episode-6-a-good-way-to-forget-your-troubleshow-about-getting-involved-in-somebody-elses-535040"}, {"title": "Episode 7 - A mental image is something that needs constant building up. It crumbles easily.", "url": "http://www.crunchyroll.com/white-album/episode-7-a-mental-image-is-something-that-needs-constant-building-up-it-crumbles-easily-535042"}, {"title": "Episode 8 - The less time you have,  the more you can do. The more you do. Of course, love is no exception.", "url": "http://www.crunchyroll.com/white-album/episode-8-the-less-time-you-have-the-more-you-can-do-the-more-you-do-of-course-love-is-no-exception-535044"}, {"title": "Episode 9 - Memories don't need to be prettied up like a play. The minute you say them aloud, they're all lies.", "url": "http://www.crunchyroll.com/white-album/episode-9-memories-dont-need-to-be-prettied-up-like-a-play-the-minute-you-say-them-aloud-theyre-all-lies-535046"}, {"title": "Episode 10 - Sumo Wrestling by yourself isn't lonely just because you don't have a partner. The eyes of the audience sting, too.", "url": "http://www.crunchyroll.com/white-album/episode-10-sumo-wrestling-by-yourself-isnt-lonely-just-because-you-dont-have-a-partner-the-eyes-of-the-audience-sting-too-535022"}, {"title": "Episode 11 - Time won't take care of the feelings building up in your heart. It just labels them \"forgotten.\"", "url": "http://www.crunchyroll.com/white-album/episode-11-time-wont-take-care-of-the-feelings-building-up-in-your-heart-it-just-labels-them-forgotten-535024"}, {"title": "Episode 12 - \u201cRestriction.  Deception.  Deprivation.  Giving.  Waiting is more trying than all of these.\u201d", "url": "http://www.crunchyroll.com/white-album/episode-12-restriction-deception-deprivation-giving-waiting-is-more-trying-than-all-of-these-535026"}, {"title": "Episode 13 - Even though the glass was tipped over, didn't you notice? Not even one drop of water remained.", "url": "http://www.crunchyroll.com/white-album/episode-13-even-though-the-glass-was-tipped-over-didnt-you-notice-not-even-one-drop-of-water-remained-535028"}, {"title": "Episode 14 - I've never been able to tune properly. I keep thinking that it could sound better.", "url": "http://www.crunchyroll.com/white-album/episode-14-ive-never-been-able-to-tune-properly-i-keep-thinking-that-it-could-sound-better-535160"}, {"title": "Episode 15 - The things you can't find will destroy what's around you. Because they're not there, there's nothing that can be done.", "url": "http://www.crunchyroll.com/white-album/episode-15-the-things-you-cant-find-will-destroy-whats-around-you-because-theyre-not-there-theres-nothing-that-can-be-done-535162"}, {"title": "Episode 16 - When I think back to my childhood, the embarrassment I feel is agonizing. Compared to that...", "url": "http://www.crunchyroll.com/white-album/episode-16-when-i-think-back-to-my-childhood-the-embarrassment-i-feel-is-agonizing-compared-to-that-535164"}, {"title": "Episode 17 - There are lies one wants exposed. There are truths one does not want to believe in. There is one of each.", "url": "http://www.crunchyroll.com/white-album/episode-17-there-are-lies-one-wants-exposed-there-are-truths-one-does-not-want-to-believe-in-there-is-one-of-each-535166"}, {"title": "Episode 18 - Don't bugs have it too easy? They shut themselves away in their shells, and yet they're claustrophobic.", "url": "http://www.crunchyroll.com/white-album/episode-18-dont-bugs-have-it-too-easy-they-shut-themselves-away-in-their-shells-and-yet-theyre-claustrophobic-535168"}, {"title": "Episode 19 - They usually say you move on to the next when you're bored with what you have. Although, I usually seem  to be bored well before moving on.", "url": "http://www.crunchyroll.com/white-album/episode-19-they-usually-say-you-move-on-to-the-next-when-youre-bored-with-what-you-have-although-i-usually-seem-to-be-bored-well-before-moving-on-535956"}, {"title": "Episode 20 - Love is not rational. The lovers who said this were poets, critics, and philosophers.", "url": "http://www.crunchyroll.com/white-album/episode-20-love-is-not-rational-the-lovers-who-said-this-were-poets-critics-and-philosophers-535958"}, {"title": "Episode 21 - I want to return to the fork in the road. I should have gone right instead. I've regretted every second since then.", "url": "http://www.crunchyroll.com/white-album/episode-21-i-want-to-return-to-the-fork-in-the-road-i-should-have-gone-right-instead-ive-regretted-every-second-since-then-535960"}, {"title": "Episode 22 - Worried you're not a good speaker? Try talking with your eyes. It'll make you want to talk in no time.", "url": "http://www.crunchyroll.com/white-album/episode-22-worried-youre-not-a-good-speaker-try-talking-with-your-eyes-itll-make-you-want-to-talk-in-no-time-535962"}, {"title": "Episode 23 - We hope to catch colds in order to be nursed and fed. We don't even imagine the pain we're about to endure.", "url": "http://www.crunchyroll.com/white-album/episode-23-we-hope-to-catch-colds-in-order-to-be-nursed-and-fed-we-dont-even-imagine-the-pain-were-about-to-endure-535964"}, {"title": "Episode 24 - Night does nothing for you. The sun is what makes things fade.", "url": "http://www.crunchyroll.com/white-album/episode-24-night-does-nothing-for-you-the-sun-is-what-makes-things-fade-537128"}, {"title": "Episode 25 - It's somebody else's fault. Not mine. It's all somebody's else's fault. And not at all...", "url": "http://www.crunchyroll.com/white-album/episode-25-its-somebody-elses-fault-not-mine-its-all-somebodys-elses-fault-and-not-at-all-537130"}, {"title": "Episode 26 - And thus we sit together now, and all night long we have not stirred,", "url": "http://www.crunchyroll.com/white-album/episode-26-and-thus-we-sit-together-now-and-all-night-long-we-have-not-stirred-537132"}], "coverImage": {"large": "https://s3.anilist.co/media/anime/cover/medium/4720.jpg", "medium": "https://s3.anilist.co/media/anime/cover/small/4720.jpg"}, "bannerImage": "https://s3.anilist.co/media/anime/banner/4720-kuH3bRSfgnKg.jpg", "isAdult": false, "format": "TV"}, {"id": 4722, "title": {"romaji": "Skip Beat!", "english": null}, "type": "ANIME", "status": "FINISHED", "description": "The story revolves around a young girl named Kyouko who went with her childhood friend, Shou, to Tokyo to pursue his dream of becoming an idol. Despite her supporting him, she overhears him dismissing her as a boring wallflower. Furious, Kyouko vows to get her revenge by defeating him in the entertainment world. ", "startDate": {"year": 2008, "month": 10, "day": 6}, "endDate": {"year": 2009, "month": 3, "day": 30}, "season": "FALL", "episodes": 25, "duration": 24, "genres": ["Comedy", "Drama", "Romance"], "averageScore": 78, "trending": 0, "popularity": 7318, "streamingEpisodes": [{"title": "Episode 1 - And the Box was Opened", "url": "http://www.crunchyroll.com/skip-beat/episode-1-and-the-box-was-opened-509916"}, {"title": "Episode 2 - The Feast of Horror", "url": "http://www.crunchyroll.com/skip-beat/episode-2-the-feast-of-horror-509918"}, {"title": "Episode 3 - The Emotion She Lacks", "url": "http://www.crunchyroll.com/skip-beat/episode-3-the-emotion-she-lacks-509920"}, {"title": "Episode 4 - The Labyrinth of Reunion", "url": "http://www.crunchyroll.com/skip-beat/episode-4-the-labyrinth-of-reunion-509922"}, {"title": "Episode 5 - Danger Zone", "url": "http://www.crunchyroll.com/skip-beat/episode-5-danger-zone-509924"}, {"title": "Episode 6 - Invitation to the Ball", "url": "http://www.crunchyroll.com/skip-beat/episode-6-invitation-to-the-ball-509926"}, {"title": "Episode 7 - Princess Revolution", "url": "http://www.crunchyroll.com/skip-beat/episode-7-princess-revolution-509928"}, {"title": "Episode 8 - Sink or Swim Together", "url": "http://www.crunchyroll.com/skip-beat/episode-8-sink-or-swim-together-509930"}, {"title": "Episode 9 - The Miraculous Language of Angels", "url": "http://www.crunchyroll.com/skip-beat/episode-9-the-miraculous-language-of-angels-509932"}, {"title": "Episode 10 - The Blue on Her Palm", "url": "http://www.crunchyroll.com/skip-beat/episode-10-the-blue-on-her-palm-509934"}, {"title": "Episode 11 - The True Face of the Storm", "url": "http://www.crunchyroll.com/skip-beat/episode-11-the-true-face-of-the-storm-509936"}, {"title": "Episode 12 - Her Open Wound", "url": "http://www.crunchyroll.com/skip-beat/episode-12-her-open-wound-509938"}, {"title": "Episode 13 - The Battle Girls", "url": "http://www.crunchyroll.com/skip-beat/episode-13-the-battle-girls-517698"}, {"title": "Episode 14 - The Secret Stamp Book", "url": "http://www.crunchyroll.com/skip-beat/episode-14-the-secret-stamp-book-517104"}, {"title": "Episode 15 - Together in the Minefield", "url": "http://www.crunchyroll.com/skip-beat/episode-15-together-in-the-minefield-517304"}, {"title": "Episode 16 - Dislike vs. Dislike", "url": "http://www.crunchyroll.com/skip-beat/episode-16-dislike-vs-dislike-517306"}, {"title": "Episode 17 - Date of Fate", "url": "http://www.crunchyroll.com/skip-beat/episode-17-date-of-fate-517308"}, {"title": "Episode 18 - Sin Like an Angel", "url": "http://www.crunchyroll.com/skip-beat/episode-18-sin-like-an-angel-517310"}, {"title": "Episode 19 - Last Rites", "url": "http://www.crunchyroll.com/skip-beat/episode-19-last-rites-518022"}, {"title": "Episode 20 - Invitation to the Moon", "url": "http://www.crunchyroll.com/skip-beat/episode-20-invitation-to-the-moon-518024"}, {"title": "Episode 21 - The One Who Deserves to Be", "url": "http://www.crunchyroll.com/skip-beat/episode-21-the-one-who-deserves-to-be-519884"}, {"title": "Episode 22 - The Day the World Shattered", "url": "http://www.crunchyroll.com/skip-beat/episode-22-the-day-the-world-shattered-519886"}, {"title": "Episode 23 - And the Trigger was Pulled", "url": "http://www.crunchyroll.com/skip-beat/episode-23-and-the-trigger-was-pulled-519888"}, {"title": "Episode 24 - The Permissible Encounter", "url": "http://www.crunchyroll.com/skip-beat/episode-24-the-permissible-encounter-519890"}, {"title": "Episode 25 - And Then the Door Opens", "url": "http://www.crunchyroll.com/skip-beat/episode-25-and-then-the-door-opens-519892"}], "coverImage": {"large": "https://s3.anilist.co/media/anime/cover/medium/4722.jpg", "medium": "https://s3.anilist.co/media/anime/cover/small/4722.jpg"}, "bannerImage": "https://s3.anilist.co/media/anime/banner/4722-ZPCSfocx149r.jpg", "isAdult": false, "format": "TV"}, {"id": 4723, "title": {"romaji": "Seishun Anime Zenshuu", "english": "Animated Classics of Japanese Literature"}, "type": "ANIME", "status": "FINISHED", "description": "A brilliant collection of beautifully animated episodes based on selected masterpieces of Japanese modern literature.<br><br>\nThe aim of this series is to appeal to the viewer at large and to give him or her some idea of the variety and individuality which Japanese literature has developed over the last hundred years.<br><br>\nThe authors range from Higuchi Ichiyou (Takekurabe), Mori Ougai (The Dancing Girl) and Natsume Souseki (Botchan) to Kawabata Yasunari (The Izu Dancer), Nobel laureate of 1968, and Mishima Yukio (The Sound of Waves).<br><br>\n(Source: Official Website)", "startDate": {"year": 1986, "month": 4, "day": 25}, "endDate": {"year": 1986, "month": 12, "day": 26}, "season": "SPRING", "episodes": 32, "duration": 26, "genres": ["Romance"], "averageScore": null, "trending": 0, "popularity": 124, "streamingEpisodes": [], "coverImage": {"large": "https://s3.anilist.co/media/anime/cover/medium/4723.jpg", "medium": "https://s3.anilist.co/media/anime/cover/small/4723.jpg"}, "bannerImage": null, "isAdult": false, "format": "TV"}, {"id": 4725, "title": {"romaji": "Ga-Rei-Zero", "english": "Ga-Rei-Zero"}, "type": "ANIME", "status": "FINISHED", "description": "\"Will you kill someone you love because of love?\"<br><br>\nThe Japanese Ministry of Defense has an anti-paranormal special forces group called the Supernatural Disaster Prevention Office. They are the ones responsible to protect Japanese soil and its people from supernatural and paranormal events. However, things didn't go so well in one of their missions...<br><br>\n(Source: ANN)<br><br>\nThis series is a prequel to the manga series, Ga-Rei.", "startDate": {"year": 2008, "month": 10, "day": 6}, "endDate": {"year": 2008, "month": 12, "day": 22}, "season": "FALL", "episodes": 12, "duration": 23, "genres": ["Action", "Thriller"], "averageScore": 73, "trending": 0, "popularity": 12755, "streamingEpisodes": [{"title": "Episode 1 - Above Aoi", "url": "http://www.crunchyroll.com/ga-rei-zero/episode-1-above-aoi-740421"}, {"title": "Episode 2 - Expression of Hatred", "url": "http://www.crunchyroll.com/ga-rei-zero/episode-2-expression-of-hatred-740423"}, {"title": "Episode 3 - The Times of the Chance Encounter", "url": "http://www.crunchyroll.com/ga-rei-zero/episode-3-the-times-of-the-chance-encounter-740425"}, {"title": "Episode 4 - The Cause of the Duty", "url": "http://www.crunchyroll.com/ga-rei-zero/episode-4-the-cause-of-the-duty-740429"}, {"title": "Episode 5 - Obstinate Feelings", "url": "http://www.crunchyroll.com/ga-rei-zero/episode-5-obstinate-feelings-740431"}, {"title": "Episode 6 - Beautiful Enemy", "url": "http://www.crunchyroll.com/ga-rei-zero/episode-6-beautiful-enemy-740433"}, {"title": "Episode 7 - Chains of Blame", "url": "http://www.crunchyroll.com/ga-rei-zero/episode-7-chains-of-blame-740435"}, {"title": "Episode 8 - Whereabouts of Revenge", "url": "http://www.crunchyroll.com/ga-rei-zero/episode-8-whereabouts-of-revenge-740443"}, {"title": "Episode 9 - Spiral of Sin", "url": "http://www.crunchyroll.com/ga-rei-zero/episode-9-spiral-of-sin-740447"}, {"title": "Episode 10 - The Other Side of the Tragedy", "url": "http://www.crunchyroll.com/ga-rei-zero/episode-10-the-other-side-of-the-tragedy-740455"}, {"title": "Episode 11 - Turmoil of Fates", "url": "http://www.crunchyroll.com/ga-rei-zero/episode-11-turmoil-of-fates-740457"}, {"title": "Episode 12 - Yearning Prayer", "url": "http://www.crunchyroll.com/ga-rei-zero/episode-12-yearning-prayer-740459"}], "coverImage": {"large": "https://s3.anilist.co/media/anime/cover/medium/4725.jpg", "medium": "https://s3.anilist.co/media/anime/cover/small/4725.jpg"}, "bannerImage": "https://s3.anilist.co/media/anime/banner/4725-XfHi5n4hywb2.jpg", "isAdult": false, "format": "TV"}, {"id": 4726, "title": {"romaji": "Druaga no Tou: The Sword of Uruk", "english": "Tower of Druaga: The Sword of Uruk"}, "type": "ANIME", "status": "FINISHED", "description": "With broken spirits and enigmatic questions that hold no answers lingering, Jil is still trying to figure everything out. Then, a mysterious girl named Kai appears before him and says: &ldquo;Take me to the top of the tower.&rdquo;<br><br>\nKai&rsquo;s request shrouded in ambiguity, Jil will have another chance to work towards completing his destiny and ascend the Tower. With his hopes and aspirations seemingly slipping out of his hands, Jil must rise to the challenge once again on this never-ending adventure.<br><br>\n(Source: Crunchyroll)", "startDate": {"year": 2009, "month": 1, "day": 9}, "endDate": {"year": 2009, "month": 3, "day": 27}, "season": "WINTER", "episodes": 12, "duration": 24, "genres": ["Adventure", "Fantasy"], "averageScore": 69, "trending": 0, "popularity": 3320, "streamingEpisodes": [{"title": "Trailer 1", "url": "http://www.crunchyroll.com/the-tower-of-druaga-the-sword-of-uruk-/the-tower-of-druaga-the-sword-of-uruk-trailer-1-513454"}, {"title": "Episode 1 - The Tower of Gilgamesh", "url": "http://www.crunchyroll.com/the-tower-of-druaga-the-sword-of-uruk-/episode-1-the-tower-of-gilgamesh-517066"}, {"title": "Episode 2 - Capital City Meskia", "url": "http://www.crunchyroll.com/the-tower-of-druaga-the-sword-of-uruk-/episode-2-capital-city-meskia-517326"}, {"title": "Episode 3 - City of Dreams: Meltland", "url": "http://www.crunchyroll.com/the-tower-of-druaga-the-sword-of-uruk-/episode-3-city-of-dreams-meltland-517324"}, {"title": "Episode 4 - Into the Phantasm", "url": "http://www.crunchyroll.com/the-tower-of-druaga-the-sword-of-uruk-/episode-4-into-the-phantasm-517322"}, {"title": "Episode 5 - The Land of Shadows", "url": "http://www.crunchyroll.com/the-tower-of-druaga-the-sword-of-uruk-/episode-5-the-land-of-shadows-517320"}, {"title": "Episode 6 - The Four Assassins", "url": "http://www.crunchyroll.com/the-tower-of-druaga-the-sword-of-uruk-/episode-6-the-four-assassins-519802"}, {"title": "Episode 7 - The Chateau of Everlasting Spring", "url": "http://www.crunchyroll.com/the-tower-of-druaga-the-sword-of-uruk-/episode-7-the-chateau-of-everlasting-spring-519804"}, {"title": "Episode 8 - Their Past", "url": "http://www.crunchyroll.com/the-tower-of-druaga-the-sword-of-uruk-/episode-8-their-past-519806"}, {"title": "Episode 9 - At the End of the Dream", "url": "http://www.crunchyroll.com/the-tower-of-druaga-the-sword-of-uruk-/episode-9-at-the-end-of-the-dream-519808"}, {"title": "Episode 10 - Last Resort", "url": "http://www.crunchyroll.com/the-tower-of-druaga-the-sword-of-uruk-/episode-10-last-resort-519810"}, {"title": "Episode 11 - Slayer of God", "url": "http://www.crunchyroll.com/the-tower-of-druaga-the-sword-of-uruk-/episode-11-slayer-of-god-519812"}, {"title": "Episode 12 - The Hands that Bind", "url": "http://www.crunchyroll.com/the-tower-of-druaga-the-sword-of-uruk-/episode-12-the-hands-that-bind-519814"}], "coverImage": {"large": "https://s3.anilist.co/media/anime/cover/medium/4726.jpg", "medium": "https://s3.anilist.co/media/anime/cover/small/4726.jpg"}, "bannerImage": null, "isAdult": false, "format": "TV"}, {"id": 4729, "title": {"romaji": "Natural 2: Duo", "english": null}, "type": "ANIME", "status": "FINISHED", "description": "Chisato and Kuu lost their parents years ago and were taken in by an Old man and his grandson, Chisato and Kuu became good friends with his grandson however he left and never came back. Now. Years later Chisato met up with her \"Onii-chan\" her lost love.<br><br>\n(Source: ANN)", "startDate": {"year": 2001, "month": 11, "day": 25}, "endDate": {"year": 2003, "month": 7, "day": 24}, "season": "FALL", "episodes": 4, "duration": 30, "genres": ["Hentai"], "averageScore": null, "trending": 0, "popularity": 93, "streamingEpisodes": [], "coverImage": {"large": "https://s3.anilist.co/media/anime/cover/medium/4729.jpg", "medium": "https://s3.anilist.co/media/anime/cover/small/4729.jpg"}, "bannerImage": null, "isAdult": true, "format": "OVA"}]}}}