{"data": {"Page": {"pageInfo": {"total": 12297, "hasNextPage": true}, "media": [{"id": 1816, "title": {"romaji": "Sonic X", "english": null}, "type": "ANIME", "status": "FINISHED", "description": "Back on Sonic's home planet, Eggman has collected all 7 of the Chaos Emeralds, and is about to have absolute power when Sonic interferes, causing an explosion that sends everyone from their world to Earth. Sonic and his friends team up with 12 year old Christopher Thorndyke to collect all the Chaos Emeralds and defeat the evil Dr. Eggman.<br><br>\n(Source: ANN)", "startDate": {"year": 2003, "month": 4, "day": 6}, "endDate": {"year": 2004, "month": 3, "day": 28}, "season": "SPRING", "episodes": 78, "duration": 24, "genres": ["Adventure", "Comedy", "Mecha", "Sci-Fi"], "averageScore": 58, "trending": 0, "popularity": 2918, "streamingEpisodes": [], "coverImage": {"large": "https://s3.anilist.co/media/anime/cover/medium/1816.jpg", "medium": "https://s3.anilist.co/media/anime/cover/small/1816.jpg"}, "bannerImage": "https://s3.anilist.co/media/anime/banner/1816-Kht0BR1Ft5An.jpg", "isAdult": false, "format": "TV"}, {"id": 1817, "title": {"romaji": "DearS Special", "english": null}, "type": "ANIME", "status": "FINISHED", "description": "Miu wins the grand prize in the local shopping district raffle, which is a free pass for up to four people to Yuniataru Studio, a spa resort. She decides to take Takeya, Ren and Neneko since her grandparents couldn't attend. ", "startDate": {"year": 2005, "month": 3, "day": 16}, "endDate": {"year": 2005, "month": 3, "day": 16}, "season": "SPRING", "episodes": 1, "duration": 23, "genres": ["Comedy", "Ecchi", "Romance", "Sci-Fi"], "averageScore": 61, "trending": 0, "popularity": 1352, "streamingEpisodes": [], "coverImage": {"large": "https://s3.anilist.co/media/anime/cover/medium/1817.jpg", "medium": "https://s3.anilist.co/media/anime/cover/small/1817.jpg"}, "bannerImage": null, "isAdult": false, "format": "SPECIAL"}, {"id": 1818, "title": {"romaji": "Claymore", "english": null}, "type": "ANIME", "status": "FINISHED", "description": "In this world, humans coexist with demonic predators called Yoma. These demonic beasts feast on human innards and can blend into human society by taking on human appearance. As a counter force, a mysterious organization created half-human, half-Yoma warriors known as the \"Silver Eyed Witches\" or \"Claymores\", after the huge claymore swords they carry. They are detested by humanity however necessary.<br><br>\nThe story begins with a young boy, Raki, who has lost everything in a Yoma attack, and the Claymore, Clare, who is generally detested by society. Throughout the series, Clare and Raki show their deeper qualities, powers and Clare's never ending devotion to the goal she swore to fulfill in her childhood. <br><br>\n[Written by MAL Rewrite]", "startDate": {"year": 2007, "month": 4, "day": 4}, "endDate": {"year": 2007, "month": 9, "day": 26}, "season": "SPRING", "episodes": 26, "duration": 23, "genres": ["Action", "Adventure", "Fantasy", "Supernatural"], "averageScore": 74, "trending": 1, "popularity": 19991, "streamingEpisodes": [], "coverImage": {"large": "https://s3.anilist.co/media/anime/cover/medium/1818.jpg", "medium": "https://s3.anilist.co/media/anime/cover/small/1818.jpg"}, "bannerImage": "https://s3.anilist.co/media/anime/banner/1818-7Nt2HYxVIxtA.jpg", "isAdult": false, "format": "TV"}, {"id": 1819, "title": {"romaji": "Daimajuu Gekitou Hagane no Oni", "english": null}, "type": "ANIME", "status": "FINISHED", "description": "In the year 1999, a team of UN scientists in an attempt to tap into a new energy resource on a deserted island called Sansara, unknownigly open a portal to another universe, unleashing dormant biomechanical entities. Three years later, Takuya Goroza returns to the island of Sansara urged by a mysterious request by college chum Haruka Alford. Little does he know, his old friend isn't what he appears to be... <br><br>\n(Source: ANN)", "startDate": {"year": 1987, "month": 12, "day": 10}, "endDate": {"year": 1987, "month": 12, "day": 10}, "season": "WINTER", "episodes": 1, "duration": 56, "genres": ["Horror", "Mecha", "Sci-Fi"], "averageScore": 46, "trending": 0, "popularity": 181, "streamingEpisodes": [], "coverImage": {"large": "https://s3.anilist.co/media/anime/cover/medium/1819.jpg", "medium": "https://s3.anilist.co/media/anime/cover/small/1819.jpg"}, "bannerImage": null, "isAdult": false, "format": "OVA"}, {"id": 1820, "title": {"romaji": "Power Dolls", "english": null}, "type": "ANIME", "status": "FINISHED", "description": "In 2535 A.D., after decades of oppressive policies instituted by the Terran government, the people of the colony world Omni joined together to declare their independence from the tyranny of planet Earth. Lacking an established military or specialized weapons of warfare, the Omni rebellion seemed doomed to failure. However, by adapting the robotic Power Loaders used for unloading spaceships into man-like battle tanks, the Rebel forces instead introduced a whole new era of mechanized combat. Now, the future of the planet Omni rests upon a handful of young female pilots who serve in the special Detachment of Limited Line Service. Their code name: The Power Dolls!<br><br>\n(Source: AniDB)", "startDate": {"year": 1996, "month": 3, "day": 1}, "endDate": {"year": 1998, "month": 3, "day": 1}, "season": "SPRING", "episodes": 2, "duration": 25, "genres": ["Action", "Adventure", "Mecha", "Sci-Fi"], "averageScore": 46, "trending": 0, "popularity": 170, "streamingEpisodes": [], "coverImage": {"large": "https://s3.anilist.co/media/anime/cover/medium/1820.jpg", "medium": "https://s3.anilist.co/media/anime/cover/small/1820.jpg"}, "bannerImage": null, "isAdult": false, "format": "OVA"}, {"id": 1821, "title": {"romaji": "Guren", "english": "Blood Shadow"}, "type": "ANIME", "status": "FINISHED", "description": "In a world where demons lurk behind every shadow, ready to ravage any woman who crosses their path, murder and bloodshed are a way of life. A team of feisty female fighters known as the Crimson Lotus is humanity's last hope for survival. When tragedy strikes and one of their members is slaughtered, it's time for the Crimson Lotus to destroy the demons at their source, and bathe the underworld in the blood of vengeance!", "startDate": {"year": 2001, "month": 9, "day": 7}, "endDate": {"year": 2002, "month": 3, "day": 29}, "season": "FALL", "episodes": 3, "duration": 30, "genres": ["Hentai"], "averageScore": 53, "trending": 0, "popularity": 233, "streamingEpisodes": [], "coverImage": {"large": "https://s3.anilist.co/media/anime/cover/medium/1821.jpg", "medium": "https://s3.anilist.co/media/anime/cover/small/1821.jpg"}, "bannerImage": null, "isAdult": true, "format": "OVA"}, {"id": 1822, "title": {"romaji": "The Hakkenden", "english": "The Hakkenden: Legend of the Dog Warriors"}, "type": "ANIME", "status": "FINISHED", "description": "\"During the blood-soaked feudal wars of Japan, the Awa clan faced certain extinction from a rival clan backed by demonic forces. Their clan's salvation becomes a curse when the family dog brings back the head of the enemy warlord but insists upon marrying the lord's daughter! This unnatural union bears fruit, but they are killed; and their eight unborn pups reincarnate as the eight Dog Warriors - The Hakkenden. The eight reincarnated souls travel their separate paths of violence and retribution, but slowly they come together as a formidable group representing the eight virtues of the bushido to slay the demons and redeem their clan!\"<br><br>\n(Source: DVD Complete Series Back Cover)", "startDate": {"year": 1990, "month": 10, "day": 25}, "endDate": {"year": 1991, "month": 3, "day": 25}, "season": "FALL", "episodes": 6, "duration": 30, "genres": ["Action", "Adventure"], "averageScore": 58, "trending": 0, "popularity": 502, "streamingEpisodes": [], "coverImage": {"large": "https://s3.anilist.co/media/anime/cover/medium/1822.jpg", "medium": "https://s3.anilist.co/media/anime/cover/small/1822.jpg"}, "bannerImage": null, "isAdult": false, "format": "OVA"}, {"id": 1823, "title": {"romaji": "Shin Hakkenden", "english": null}, "type": "ANIME", "status": "FINISHED", "description": "Based on the long cherished, classic Japanese novel Nanso Satomi Hakkenden by Bakin Kyokutei Takizawa (1767), a modified version of it was made into animation.<br><br>\nTaking place in the future, during this time wars were occuring in heaven, mostly for possession between the eight moons created by the savior Fuse that surrounded God's land. When the war ended, there was only one ruling family - that of the Oowaris, and the remaining son gained control of all the moons of heaven, except for one. Meiten, the moon of the pope, where people refrained from war and were therefore out of it's terms.<br><br>\nEight people. Each from one of the eight moons. Each possessing one of the jewels - the elements that compose Earth. They are those who are destined to become saviors of humanity. All of them have sacrificed for these jewels, and are determined to complete their duty to Queen Fuse who entrusted these to them. When the mad emperor Kai threatens to revive a ghost who wants to prevent the restoration of Earth, these eight must battle using the powers given by their jewels in order to create Earth and defeat those who want to prevent it.<br><br>\nSo they all go to Kusanagi, the ship in the center of God's land. They must gather the jewels in the key called Yatsufusa at Kusanagi's center, in order to create Earth.<br><br>\n(Source: AniDB)", "startDate": {"year": 1999, "month": 4, "day": 3}, "endDate": {"year": 1999, "month": 9, "day": 25}, "season": "SPRING", "episodes": 26, "duration": 26, "genres": ["Action", "Adventure", "Sci-Fi"], "averageScore": 59, "trending": 0, "popularity": 293, "streamingEpisodes": [], "coverImage": {"large": "https://s3.anilist.co/media/anime/cover/medium/1823.jpg", "medium": "https://s3.anilist.co/media/anime/cover/small/1823.jpg"}, "bannerImage": null, "isAdult": false, "format": "TV"}, {"id": 1824, "title": {"romaji": "Hadashi no Gen", "english": "Barefoot Gen"}, "type": "ANIME", "status": "FINISHED", "description": "It's the summer of 1945. 3 years have elapsed since the war between Japan and USA began. Gen is a young boy living a struggling yet satisfying life in the city of Hiroshima, that has been strangely spared by the bombing taken in almost every other Japanese City. Food is scarce, and Gen's family is suffering from severe malnutrition, which endangeres his pregnant mother. There isn't much spare time as Gen and his little brother Shinji help their father and mother at work and try to make sure their family survives the tought times. Little do they know, what the Americans have in store for the city of Hiroshima and as of the 6th of August 1945, their lives are about to change dramatically.<br><br>\n(Source: ANN)", "startDate": {"year": 1983, "month": 7, "day": 21}, "endDate": {"year": 1983, "month": 7, "day": 21}, "season": "SUMMER", "episodes": 1, "duration": 83, "genres": ["Drama"], "averageScore": 73, "trending": 0, "popularity": 2380, "streamingEpisodes": [], "coverImage": {"large": "https://s3.anilist.co/media/anime/cover/medium/1824.jpg", "medium": "https://s3.anilist.co/media/anime/cover/small/1824.jpg"}, "bannerImage": "https://s3.anilist.co/media/anime/banner/1824-cmusZCf5PMld.png", "isAdult": false, "format": "MOVIE"}, {"id": 1825, "title": {"romaji": "Hadashi no Gen 2", "english": "Barefoot Gen 2"}, "type": "ANIME", "status": "FINISHED", "description": "Three years have passed since the bombing of Hiroshima and Gen is now a fourth-grader. Hiroshima is still a ruin, and Gen must scrounge for scrap metal to help keep himself and his remaining family fed, but at least commerce has returned to the land. As his mother gradually grows ill from radiation sickness, Gen and Ryuta befriend a group of orphans led by a tough-nosed older child and including a girl who still bears ugly burn scars from the day of the bomb. An old man suffering from depression is also drawn into the group as they come together to support each other and form a makeshift family. Reality is still harsh, however, as many orphans still die lonely deaths and the grim reminders of what happened linger everywhere.<br><br>\n(Source: ANN)", "startDate": {"year": 1986, "month": 6, "day": 14}, "endDate": {"year": 1986, "month": 6, "day": 14}, "season": "SUMMER", "episodes": 1, "duration": 86, "genres": ["Drama"], "averageScore": 67, "trending": 0, "popularity": 640, "streamingEpisodes": [], "coverImage": {"large": "https://s3.anilist.co/media/anime/cover/medium/1825.jpg", "medium": "https://s3.anilist.co/media/anime/cover/small/1825.jpg"}, "bannerImage": "https://s3.anilist.co/media/anime/banner/1825-jmgdWdhcZ6PX.jpg", "isAdult": false, "format": "MOVIE"}, {"id": 1826, "title": {"romaji": "Deltora Quest", "english": null}, "type": "ANIME", "status": "FINISHED", "description": "The evil Shadow Lord has taken control of the kingdom of Deltora and has driven the land and its people into misfortune and suffering. Lief, the son of a blacksmith, has just turned sixteen and is entrusted, along with his two companions Barda and Jasmine, with an important mission: to retrieve the stolen seven magical stones that once reunited within the Belt of Deltora, will bring power to the true heir of Deltora and give him the power to free the kingdom from the tyranny of the Shadow Lord. There is just one problem; the seven stones have been scattered all across Deltora and currently reside in the hands of seven wicked men who are not easily willing to give them up.<br><br>\n(Source: ANN)", "startDate": {"year": 2007, "month": 1, "day": 6}, "endDate": {"year": 2008, "month": 3, "day": 29}, "season": "WINTER", "episodes": 65, "duration": 25, "genres": ["Adventure", "Fantasy"], "averageScore": 60, "trending": 0, "popularity": 1111, "streamingEpisodes": [{"title": "Episode 1 - The Adventure Begins", "url": "http://www.crunchyroll.com/deltora-quest/episode-1-the-adventure-begins-688775"}, {"title": "Episode 2 - Jasmine, Girl of the Forests", "url": "http://www.crunchyroll.com/deltora-quest/episode-2-jasmine-girl-of-the-forests-688777"}, {"title": "Episode 3 - The Golden Knight", "url": "http://www.crunchyroll.com/deltora-quest/episode-3-the-golden-knight-688779"}, {"title": "Episode 4 - The Enigmatic Giant", "url": "http://www.crunchyroll.com/deltora-quest/episode-4-the-enigmatic-giant-688781"}, {"title": "Episode 5 - Nij and Doj\u2019s Trap", "url": "http://www.crunchyroll.com/deltora-quest/episode-5-nij-and-dojs-trap-688783"}, {"title": "Episode 6 - The Monster in the Lake of Tears", "url": "http://www.crunchyroll.com/deltora-quest/episode-6-the-monster-in-the-lake-of-tears-690139"}, {"title": "Episode 7 - Sorceress Thaegan", "url": "http://www.crunchyroll.com/deltora-quest/episode-7-sorceress-thaegan-688785"}, {"title": "Episode 8 - Tom\u2019s Curious Shop", "url": "http://www.crunchyroll.com/deltora-quest/episode-8-toms-curious-shop-688787"}, {"title": "Episode 9 - Noradz the Clean", "url": "http://www.crunchyroll.com/deltora-quest/episode-9-noradz-the-clean-688789"}, {"title": "Episode 10 - Escape", "url": "http://www.crunchyroll.com/deltora-quest/episode-10-escape-688791"}, {"title": "Episode 11 - Cross the River", "url": "http://www.crunchyroll.com/deltora-quest/episode-11-cross-the-river-688793"}, {"title": "Episode 12 - The King of the Rats", "url": "http://www.crunchyroll.com/deltora-quest/episode-12-the-king-of-the-rats-688795"}, {"title": "Episode 13 - Endon and Jarred", "url": "http://www.crunchyroll.com/deltora-quest/episode-13-endon-and-jarred-688797"}, {"title": "Episode 14 - The Stolen Gems", "url": "http://www.crunchyroll.com/deltora-quest/episode-14-the-stolen-gems-688799"}, {"title": "Episode 15 - Good Luck! Bad Luck!", "url": "http://www.crunchyroll.com/deltora-quest/episode-15-good-luck-bad-luck-688801"}, {"title": "Episode 16 - The Rithmere Games", "url": "http://www.crunchyroll.com/deltora-quest/episode-16-the-rithmere-games-688803"}, {"title": "Episode 17 - Test of Endurance", "url": "http://www.crunchyroll.com/deltora-quest/episode-17-test-of-endurance-688805"}, {"title": "Episode 18 - Jasmine vs. Doom", "url": "http://www.crunchyroll.com/deltora-quest/episode-18-jasmine-vs-doom-688807"}, {"title": "Episode 19 - The Boy from the Resistance", "url": "http://www.crunchyroll.com/deltora-quest/episode-19-the-boy-from-the-resistance-688809"}, {"title": "Episode 20 - The Shifting Sands", "url": "http://www.crunchyroll.com/deltora-quest/episode-20-the-shifting-sands-688811"}, {"title": "Episode 21 - The Heavenly Stone", "url": "http://www.crunchyroll.com/deltora-quest/episode-21-the-heavenly-stone-688813"}, {"title": "Episode 22 - Thaegan\u2019s Return", "url": "http://www.crunchyroll.com/deltora-quest/episode-22-thaegans-return-688815"}, {"title": "Episode 23 - Thaegan\u2019s Trap", "url": "http://www.crunchyroll.com/deltora-quest/episode-23-thaegans-trap-688817"}, {"title": "Episode 24 - Meeting Prin", "url": "http://www.crunchyroll.com/deltora-quest/episode-24-meeting-prin-688819"}, {"title": "Episode 25 - Kin to the Air", "url": "http://www.crunchyroll.com/deltora-quest/episode-25-kin-to-the-air-688821"}, {"title": "Episode 26 - Vraal Attack!", "url": "http://www.crunchyroll.com/deltora-quest/episode-26-vraal-attack-688823"}, {"title": "Episode 27 - Trapped under Dread Mountain", "url": "http://www.crunchyroll.com/deltora-quest/episode-27-trapped-under-dread-mountain-688825"}, {"title": "Episode 28 - The Great Gellick!", "url": "http://www.crunchyroll.com/deltora-quest/episode-28-the-great-gellick-688827"}, {"title": "Episode 29 - The End of the Carn Squad?", "url": "http://www.crunchyroll.com/deltora-quest/episode-29-the-end-of-the-carn-squad-688829"}, {"title": "Episode 30 - The Mysterious Ols", "url": "http://www.crunchyroll.com/deltora-quest/episode-30-the-mysterious-ols-688831"}, {"title": "Episode 31 - Goodbye, Jasmine", "url": "http://www.crunchyroll.com/deltora-quest/episode-31-goodbye-jasmine-688833"}, {"title": "Episode 32 - The River Queen", "url": "http://www.crunchyroll.com/deltora-quest/episode-32-the-river-queen-688835"}, {"title": "Episode 33 - Pirate Attack", "url": "http://www.crunchyroll.com/deltora-quest/episode-33-pirate-attack-688837"}, {"title": "Episode 34 - The Pirates\u2019 Feast", "url": "http://www.crunchyroll.com/deltora-quest/episode-34-the-pirates-feast-688839"}, {"title": "Episode 35 - Maze of the Beast", "url": "http://www.crunchyroll.com/deltora-quest/episode-35-maze-of-the-beast-688841"}, {"title": "Episode 36 - Sorceress Thaegan Is Back!", "url": "http://www.crunchyroll.com/deltora-quest/episode-36-sorceress-thaegan-is-back-688843"}, {"title": "Episode 37 - Mirror of Fear", "url": "http://www.crunchyroll.com/deltora-quest/episode-37-mirror-of-fear-688845"}, {"title": "Episode 38 - Sorcerer Oacus", "url": "http://www.crunchyroll.com/deltora-quest/episode-38-sorcerer-oacus-688847"}, {"title": "Episode 39 - The Vow of the Torans", "url": "http://www.crunchyroll.com/deltora-quest/episode-39-the-vow-of-the-torans-688849"}, {"title": "Episode 40 - The Valley of the Lost", "url": "http://www.crunchyroll.com/deltora-quest/episode-40-the-valley-of-the-lost-688851"}, {"title": "Episode 41 - The Last Gem", "url": "http://www.crunchyroll.com/deltora-quest/episode-41-the-last-gem-688853"}, {"title": "Episode 42 - The Seven Gems United", "url": "http://www.crunchyroll.com/deltora-quest/episode-42-the-seven-gems-united-688855"}, {"title": "Episode 43 - Nevets Goes Wild", "url": "http://www.crunchyroll.com/deltora-quest/episode-43-nevets-goes-wild-688857"}, {"title": "Episode 44 - Battle At Withick Mire", "url": "http://www.crunchyroll.com/deltora-quest/episode-44-battle-at-withick-mire-688859"}, {"title": "Episode 45 - The Oath", "url": "http://www.crunchyroll.com/deltora-quest/episode-45-the-oath-688861"}, {"title": "Episode 46 - The Last Battle of Fire", "url": "http://www.crunchyroll.com/deltora-quest/episode-46-the-last-battle-of-fire-688863"}, {"title": "Episode 47 - The Seven Tribes!", "url": "http://www.crunchyroll.com/deltora-quest/episode-47-the-seven-tribes-688865"}, {"title": "Episode 48 - Who Is Dain?", "url": "http://www.crunchyroll.com/deltora-quest/episode-48-who-is-dain-688867"}, {"title": "Episode 49 - A Desperate Rescue", "url": "http://www.crunchyroll.com/deltora-quest/episode-49-a-desperate-rescue-688869"}, {"title": "Episode 50 - Who\u2019s the Next King?", "url": "http://www.crunchyroll.com/deltora-quest/episode-50-whos-the-next-king-688871"}, {"title": "Episode 51 - Battle of the Ak-Babas", "url": "http://www.crunchyroll.com/deltora-quest/episode-51-battle-of-the-ak-babas-688873"}, {"title": "Episode 52 - When the Seven Gems Shine", "url": "http://www.crunchyroll.com/deltora-quest/episode-52-when-the-seven-gems-shine-688875"}], "coverImage": {"large": "https://s3.anilist.co/media/anime/cover/medium/1826.jpg", "medium": "https://s3.anilist.co/media/anime/cover/small/1826.jpg"}, "bannerImage": null, "isAdult": false, "format": "TV"}, {"id": 1827, "title": {"romaji": "Seirei no Moribito", "english": "Moribito: Guardian of the Spirit"}, "type": "ANIME", "status": "FINISHED", "description": "At a time when the balance of nature still held the civilizations of mankind in thrall, a single drought could spell the end of a society and doom its inhabitants to piteous deaths. Prince Chagum has been imbued with the power to stave off the drought and bring new life to his empire. However, this is a suspicious time, and he is accused of possession by an evil spirit.<br><br>\nCourt advisors only see one solution. Chagum must be put to death by his own father's hand. His salvation is in the form of Balsa, a spear woman and mercenary from Kanbal, the kingdom across the mountains. Her skills are legendary, and although reluctant, she is held by a mysterious vow to save eight souls before she dies. Can she fend off an entire empire and make Chagum her eighth soul?<br><br>\n(Source: RightStuf)", "startDate": {"year": 2007, "month": 4, "day": 7}, "endDate": {"year": 2007, "month": 9, "day": 29}, "season": "SPRING", "episodes": 26, "duration": 25, "genres": ["Adventure", "Fantasy"], "averageScore": 79, "trending": 0, "popularity": 9861, "streamingEpisodes": [], "coverImage": {"large": "https://s3.anilist.co/media/anime/cover/medium/1827-kDVw9XzlX6HX.png", "medium": "https://s3.anilist.co/media/anime/cover/small/1827-kDVw9XzlX6HX.png"}, "bannerImage": "https://s3.anilist.co/media/anime/banner/1827-cPDeZs4N6VH6.jpg", "isAdult": false, "format": "TV"}, {"id": 1828, "title": {"romaji": "Catblue: Dynamite", "english": "Catblue Dynamite"}, "type": "ANIME", "status": "FINISHED", "description": "It is the end of 70s. Blue &ndash; a woman with cat ears and tail &ndash; has solved many incidents and troubles with her special ability to see a ghost and her technique to handle three guns at one using her tail.<br><br>\nOne day, two couriers, Bill and Robert are assaulted by mysterious masked men. They don't know why they were assaulted. Blue asks a dead masked man their purpose. It is incredible. What they are aiming at is the cassette tape of Sinatra that Bill owns. Over the cassette tape, a long day begins...<br><br>\n(Source: AniDB)", "startDate": {"year": 2006, "month": 12, "day": 22}, "endDate": {"year": 2006, "month": 12, "day": 22}, "season": "WINTER", "episodes": 1, "duration": 42, "genres": ["Action", "Fantasy"], "averageScore": null, "trending": 0, "popularity": 123, "streamingEpisodes": [], "coverImage": {"large": "https://s3.anilist.co/media/anime/cover/medium/1828.jpg", "medium": "https://s3.anilist.co/media/anime/cover/small/1828.jpg"}, "bannerImage": null, "isAdult": false, "format": "ONA"}, {"id": 1829, "title": {"romaji": "Gedo Senki", "english": "Tales from Earthsea"}, "type": "ANIME", "status": "FINISHED", "description": "Something bizarre has come over the land. The kingdom is deteriorating. People are beginning to act strange... What's even more strange is that people are beginning to see dragons, which shouldn't enter the world of humans. Due to all these bizarre events, Ged, a wandering wizard, is investigating the cause. During his journey, he meets Prince Lebannen, a young distraught teenage boy. While Lebannen may look like a shy young teen, he has a severe dark side, which grants him strength, hatred, ruthlessness and has no mercy, especially when it comes to protecting Tehanu. For the witch Kumo this is a perfect opportunity. She can use the boy's \"fears\" against the very one who would help him, Ged. <br><br>\n(Source: ANN)", "startDate": {"year": 2006, "month": 7, "day": 29}, "endDate": {"year": 2006, "month": 7, "day": 29}, "season": "SUMMER", "episodes": 1, "duration": 115, "genres": ["Adventure", "Fantasy"], "averageScore": 66, "trending": 0, "popularity": 5086, "streamingEpisodes": [], "coverImage": {"large": "https://s3.anilist.co/media/anime/cover/medium/1829.jpg", "medium": "https://s3.anilist.co/media/anime/cover/small/1829.jpg"}, "bannerImage": "https://s3.anilist.co/media/anime/banner/1829-CogP9EXilVsU.jpg", "isAdult": false, "format": "MOVIE"}, {"id": 1830, "title": {"romaji": "Utawarerumono Specials", "english": null}, "type": "ANIME", "status": "FINISHED", "description": "DVD specials of comedic events that occurred during the story of Utawarerumono. The specials are included in the DVD box special disc.", "startDate": {"year": 2006, "month": 8, "day": 23}, "endDate": {"year": 2007, "month": 1, "day": 7}, "season": "SUMMER", "episodes": 4, "duration": 8, "genres": ["Action", "Comedy", "Drama", "Fantasy"], "averageScore": 70, "trending": 0, "popularity": 1105, "streamingEpisodes": [], "coverImage": {"large": "https://s3.anilist.co/media/anime/cover/medium/1830.jpg", "medium": "https://s3.anilist.co/media/anime/cover/small/1830.jpg"}, "bannerImage": null, "isAdult": false, "format": "SPECIAL"}, {"id": 1831, "title": {"romaji": "Iczer-Girl Iczelion", "english": "Iczelion"}, "type": "ANIME", "status": "FINISHED", "description": "Iczelion, the final entry in the \"Icz\" series, is a departure from the previous storyline in most resepcts.<br><br>\nThroughout the galaxy, two villians destory and pillage anything in their path. Their names are Cross and Chaos, and they are ready to invade their next target: Earth. The only defense against these warriors are the Iczelions, a fusion of young girls, and Iczels, sentient body armor. Nagisa is a typical high school girl who is about to become the next Iczelion against her will, to defend the planet and save the human race! But not if she has anything to say about it...<br><br>\n(Source: AniDB)", "startDate": {"year": 1995, "month": 1, "day": 27}, "endDate": {"year": 1995, "month": 3, "day": 24}, "season": "WINTER", "episodes": 2, "duration": 30, "genres": ["Action", "Adventure", "Sci-Fi"], "averageScore": 46, "trending": 0, "popularity": 176, "streamingEpisodes": [], "coverImage": {"large": "https://s3.anilist.co/media/anime/cover/medium/1831.jpg", "medium": "https://s3.anilist.co/media/anime/cover/small/1831.jpg"}, "bannerImage": null, "isAdult": false, "format": "OVA"}, {"id": 1832, "title": {"romaji": "Mei Ou Project Zeorymer", "english": "Zeoraima - Project Hades"}, "type": "ANIME", "status": "FINISHED", "description": "A young man named Akitsu Masato is `captured` by a secret govt. project known as \"Last Guardian\". He is told that his life as a normal student was all a lie, and that his real destiny is to be the pilot of a great robot called \"Zeorymer of the Heavens\". The truth of this is hammered in when Masato sees his `parents` accept payment for raising him. The Last Guardian is preparing for the resurrection of \"Hau Dragon\", an organization bent on world conquest. 15 years ago, Hau Dragon built 8 great robots. Each of the mecha represents a force of nature. However, before any of the robots could be used, their creater Kihara Masaki destroyed the robots except for the leader: Zeorymer. He took Zeorymer and an embryo to the government. The embryo became the boy Masato. Now, Hau Dragon has rebuilt the other 7 mecha and wants the 8th. It will be up to Masato and Himuro to pilot Zeorymer and fight against the Hau Dragon, but neither Masato or Himuro are all that they seem. <br><br>\n(Source: AniDB) ", "startDate": {"year": 1988, "month": 11, "day": 26}, "endDate": {"year": 1990, "month": 2, "day": 21}, "season": "FALL", "episodes": 4, "duration": 25, "genres": ["Adventure", "Mecha"], "averageScore": 55, "trending": 0, "popularity": 423, "streamingEpisodes": [], "coverImage": {"large": "https://s3.anilist.co/media/anime/cover/medium/1832.jpg", "medium": "https://s3.anilist.co/media/anime/cover/small/1832.jpg"}, "bannerImage": null, "isAdult": false, "format": "OVA"}, {"id": 1833, "title": {"romaji": "Hyper-Psychic Geo Garaga", "english": null}, "type": "ANIME", "status": "FINISHED", "description": "The year is 2755. As a result of a system malfunction, the cargo ship XeBeC goes off-course in a warp gate and ends up within the orbit of the distant planet Garaga. After crashing on Garaga's surface, the crew must find ways to survive from hideous monsters, rabid ape soldiers, and a race of mysterious psychics.<br><br>\n(Source: ANN)", "startDate": {"year": 1989, "month": 10, "day": 21}, "endDate": {"year": 1989, "month": 10, "day": 21}, "season": "FALL", "episodes": 1, "duration": 100, "genres": ["Action", "Adventure", "Sci-Fi"], "averageScore": null, "trending": 0, "popularity": 71, "streamingEpisodes": [], "coverImage": {"large": "https://s3.anilist.co/media/anime/cover/medium/1833.jpg", "medium": "https://s3.anilist.co/media/anime/cover/small/1833.jpg"}, "bannerImage": null, "isAdult": false, "format": "MOVIE"}, {"id": 1834, "title": {"romaji": "Dragon Knight 4", "english": "Dragon Knight 4-ever"}, "type": "ANIME", "status": "FINISHED", "description": "Many years have passed since that shining example of knightly virtue, Takeru, performed his heroic deeds. Now it falls to his son, Kakeru, to save the kingdom from encroaching evil. The forces of Lucifon, ruler of the eastern realm of Reimling are on the march, preceded by a black mist that turns everyone it touches to stone.<br><br>\nLed by the mysterious Eto, Kakeru and his (mostly female and scantily clad) friends must take the fight into the very heart of Lucifon's empire or become statues for his garden.<br><br>\n(Source: AniDB)", "startDate": {"year": 1998, "month": 11, "day": 27}, "endDate": {"year": 1999, "month": 8, "day": 27}, "season": "FALL", "episodes": 4, "duration": 31, "genres": ["Adventure", "Hentai", "Fantasy"], "averageScore": 51, "trending": 0, "popularity": 152, "streamingEpisodes": [], "coverImage": {"large": "https://s3.anilist.co/media/anime/cover/medium/1834.jpg", "medium": "https://s3.anilist.co/media/anime/cover/small/1834.jpg"}, "bannerImage": null, "isAdult": true, "format": "OVA"}, {"id": 1835, "title": {"romaji": "Ryuusei no Rockman", "english": "Rockman of the Shooting Star"}, "type": "ANIME", "status": "FINISHED", "description": "In the year 220X, the world has advanced toward radio-wave technology, and the world is connected through the Wave Road. Meet Subaru Hoshikawa, a fifth-grade student who lost his father in a space accident. Subaru meets an extraterrestrial radio-wave being named War-Rock, descending from a distant FM planet. War-Rock claims to know about Subaru's father, but many alien beings are after War-Rock. The two work together and merge into Rockman, a radio-wave human capable of traversing the Wave Road and battling the radio-wave viruses and FMs that threaten the Earth.<br><br>\n(Source: ANN)", "startDate": {"year": 2006, "month": 10, "day": 7}, "endDate": {"year": 2007, "month": 10, "day": 27}, "season": "FALL", "episodes": 55, "duration": 10, "genres": ["Action", "Sci-Fi"], "averageScore": 63, "trending": 0, "popularity": 694, "streamingEpisodes": [], "coverImage": {"large": "https://s3.anilist.co/media/anime/cover/medium/1835.jpg", "medium": "https://s3.anilist.co/media/anime/cover/small/1835.jpg"}, "bannerImage": null, "isAdult": false, "format": "TV_SHORT"}, {"id": 1836, "title": {"romaji": "Shuffle! Memories", "english": null}, "type": "ANIME", "status": "FINISHED", "description": "A recap of the Shuffle world, set ten years in the future. Gods, Demons, and Humans freely visit the other worlds as if traveling overseas, and romance is in the air. Demons, Gods, And Humans together have been falling in love and creating new families, breaking down the wall that once seperated them. Past memories are visited by Rin Tsuchimi and the events that occured between him and Lisianthus, Nerine, Kaede, Asa, and Primula. <br><br>\n(Source: ANN)", "startDate": {"year": 2007, "month": 1, "day": 7}, "endDate": {"year": 2007, "month": 3, "day": 26}, "season": "WINTER", "episodes": 12, "duration": 24, "genres": ["Comedy", "Drama", "Ecchi", "Fantasy", "Romance"], "averageScore": 59, "trending": 0, "popularity": 2432, "streamingEpisodes": [], "coverImage": {"large": "https://s3.anilist.co/media/anime/cover/medium/1836.jpg", "medium": "https://s3.anilist.co/media/anime/cover/small/1836.jpg"}, "bannerImage": null, "isAdult": false, "format": "TV"}, {"id": 1837, "title": {"romaji": "Dokkoida", "english": "Dokkoida?!"}, "type": "ANIME", "status": "FINISHED", "description": "The Galaxy Federation Police (GFP) desperately wants to cover-up its personnel shortage with new mechanized power-suits. Suzuo, 19-years old, desperately needs a job. Tampopo needs an earthling to fit the prototype of her company's suit and declares Suzuo the perfect candidate! Strong competitors and the wacky A-class criminals fight against our hero in diapers, but they must not recognize each other out of costume or the test results will be a failure- but it's OK if they all live in the same apartment building to save money, right? <br><br>\n(Source: Sentai Filmworks)", "startDate": {"year": 2003, "month": 7, "day": 5}, "endDate": {"year": 2003, "month": 9, "day": 20}, "season": "SUMMER", "episodes": 12, "duration": 24, "genres": ["Action", "Adventure", "Comedy", "Sci-Fi"], "averageScore": 54, "trending": 0, "popularity": 378, "streamingEpisodes": [], "coverImage": {"large": "https://s3.anilist.co/media/anime/cover/medium/1837.jpg", "medium": "https://s3.anilist.co/media/anime/cover/small/1837.jpg"}, "bannerImage": null, "isAdult": false, "format": "TV"}, {"id": 1838, "title": {"romaji": "Mitsu x Mitsu Drops", "english": "Honey x Honey Drops"}, "type": "ANIME", "status": "FINISHED", "description": "Hagino Yuzuru is a normal high school student attending Houjou academy. There is a special course within the school called the Kuge course for the rich. Only students with a flower name within their name can enrol in the program. There is a \"Honey system\" where the special student chooses a normal student as his \"honey.\" This relationship is like a master and honey. In return for being a \"honey\" the master pays all of the \"honey's\" tuition and must obey all commands. Hagino Yuzuru gets involved with Renge Kai, one of the special students, and it could be a big mistake for Yuzuru.<br><br>\n(Source: ANN)", "startDate": {"year": 2006, "month": 4, "day": 28}, "endDate": {"year": 2006, "month": 7, "day": 28}, "season": "SPRING", "episodes": 2, "duration": 27, "genres": ["Drama", "Romance"], "averageScore": 49, "trending": 0, "popularity": 856, "streamingEpisodes": [], "coverImage": {"large": "https://s3.anilist.co/media/anime/cover/medium/1838.jpg", "medium": "https://s3.anilist.co/media/anime/cover/small/1838.jpg"}, "bannerImage": null, "isAdult": false, "format": "OVA"}, {"id": 1839, "title": {"romaji": "Jagainu-kun", "english": null}, "type": "ANIME", "status": "FINISHED", "description": "Known in Japan as Jagainu-kun, Dogtato is the heartwarming tale of a dog that`s really a potato...or a potato that`s really a dog. Or something. (Jagaimo = potato, inu = dog, thus the name Jagainu/Dogtato.) Dogtato`s world is full of his lovable half-veggie, half-animal friends who are always getting into wacky hijinks and misadventures.<br><br>\n(Source: AniDB)", "startDate": {"year": 2004, "month": 4, "day": 4}, "endDate": {"year": 2004, "month": 7, "day": 18}, "season": "SPRING", "episodes": 26, "duration": 3, "genres": ["Adventure", "Fantasy", "Slice of Life"], "averageScore": null, "trending": 0, "popularity": 83, "streamingEpisodes": [], "coverImage": {"large": "https://s3.anilist.co/media/anime/cover/medium/1839.jpg", "medium": "https://s3.anilist.co/media/anime/cover/small/1839.jpg"}, "bannerImage": null, "isAdult": false, "format": "TV_SHORT"}, {"id": 1840, "title": {"romaji": "Zero no Tsukaima: Futatsuki no Kishi", "english": "The Familiar of Zero: Knight of the Twin Moons"}, "type": "ANIME", "status": "FINISHED", "description": "This sequel is a continuation of the previous season, not long after the war. Louise and Saito seemingly getting along now since she knows that he had given up his only chance to return to Tokyo for her. The story continues as Louise begins to use Void Magic from a mysterious secret book she had recieved from her majesty Henrietta, while a new villain has appeared in town causing trouble. <br><br>\n(Source: ANN)", "startDate": {"year": 2007, "month": 7, "day": 9}, "endDate": {"year": 2007, "month": 9, "day": 24}, "season": "SUMMER", "episodes": 12, "duration": 24, "genres": ["Action", "Adventure", "Comedy", "Ecchi", "Fantasy"], "averageScore": 72, "trending": 0, "popularity": 17592, "streamingEpisodes": [], "coverImage": {"large": "https://s3.anilist.co/media/anime/cover/medium/1840.jpg", "medium": "https://s3.anilist.co/media/anime/cover/small/1840.jpg"}, "bannerImage": "https://s3.anilist.co/media/anime/banner/1840-dJnYA5qtz0Th.jpg", "isAdult": false, "format": "TV"}, {"id": 1841, "title": {"romaji": "Dai Mahou Touge Omake", "english": null}, "type": "ANIME", "status": "FINISHED", "description": "Omake (extra) of Dai Mahou Touge.", "startDate": {"year": 2006, "month": 3, "day": 20}, "endDate": {"year": 2007, "month": 3, "day": 21}, "season": "SPRING", "episodes": 4, "duration": 1, "genres": ["Comedy"], "averageScore": 63, "trending": 0, "popularity": 631, "streamingEpisodes": [], "coverImage": {"large": "https://s3.anilist.co/media/anime/cover/medium/1841.jpg", "medium": "https://s3.anilist.co/media/anime/cover/small/1841.jpg"}, "bannerImage": null, "isAdult": false, "format": "SPECIAL"}, {"id": 1842, "title": {"romaji": "Major S3", "english": null}, "type": "ANIME", "status": "FINISHED", "description": "After leaving Kaido in a promise to meet them at the Koshien tournament, Goro comes back to his home town once again in an attempt to join up with his old friends. Only this time, things aren't as easy to get back in the groove of.", "startDate": {"year": 2007, "month": 1, "day": 6}, "endDate": {"year": 2007, "month": 6, "day": 30}, "season": "WINTER", "episodes": 26, "duration": 25, "genres": ["Drama", "Sports"], "averageScore": 80, "trending": 0, "popularity": 2596, "streamingEpisodes": [], "coverImage": {"large": "https://s3.anilist.co/media/anime/cover/medium/1842.jpg", "medium": "https://s3.anilist.co/media/anime/cover/small/1842.jpg"}, "bannerImage": null, "isAdult": false, "format": "TV"}, {"id": 1843, "title": {"romaji": "Yomigaeru Sora: Rescue Wings Special", "english": null}, "type": "ANIME", "status": "FINISHED", "description": "Episode 13 of Yomigaeru Sora -Rescue Wings, released as a DVD special. Takes place before the events in the series.", "startDate": {"year": 2006, "month": 6, "day": 17}, "endDate": {"year": 2006, "month": 6, "day": 17}, "season": "SUMMER", "episodes": 1, "duration": 22, "genres": ["Drama"], "averageScore": 59, "trending": 0, "popularity": 254, "streamingEpisodes": [], "coverImage": {"large": "https://s3.anilist.co/media/anime/cover/medium/1843.jpg", "medium": "https://s3.anilist.co/media/anime/cover/small/1843.jpg"}, "bannerImage": null, "isAdult": false, "format": "SPECIAL"}, {"id": 1844, "title": {"romaji": "CLAMP Gakuen Tanteidan", "english": "CLAMP School Detectives"}, "type": "ANIME", "status": "FINISHED", "description": "The CLAMP school, with its integrated curriculum from kindergarten to post-graduate studies, was founded by the largest of Japanese business empires, the House of Imonoyama. Funded entirely out of its own deep pockets, it was hoped that the school would be a haven for young men and women on whose shoulders our future would rest.<br><br>\nThe School is open to any talented individual, irrespective of his or her lineage or financial standing and is known to count scores of singularly talented pupils. It is furthermore also famous for its harboring of a remarkable percentage of party animals. Not even the bright and talented minds of CLAMP School can keep the campus free of crimes and mysteries. Or can they? Join Nokoru, Suoh and Akira, our case-cracking kid detectives, as they save the day and even the odd damsel in distress!<br><br>\n(Source: Bandai Entertainment)", "startDate": {"year": 1997, "month": 5, "day": 3}, "endDate": {"year": 1997, "month": 10, "day": 25}, "season": "SPRING", "episodes": 26, "duration": 24, "genres": ["Action", "Comedy", "Mystery"], "averageScore": 60, "trending": 0, "popularity": 645, "streamingEpisodes": [], "coverImage": {"large": "https://s3.anilist.co/media/anime/cover/medium/1844.jpg", "medium": "https://s3.anilist.co/media/anime/cover/small/1844.jpg"}, "bannerImage": null, "isAdult": false, "format": "TV"}, {"id": 1845, "title": {"romaji": "Gaiking: Legend of Daiku-Maryu", "english": null}, "type": "ANIME", "status": "FINISHED", "description": "A boy, Tsuwabaki Daiya found a black fire in an ocean when he and his father were in a small boat. A big monster came out of the fire, and the father and the crews were disappeared into the sea. When he was about to become the next victim, a large mecka dragon appeared and saved him.<br><br>\n5 years later since then, Daiya becomes a junior high school student. A big monster reappear, and he meets the mecha dragon,\"Daiku Maryu\". The head of the dragon separates from the body, and it turns into the body of a super robot, Gaiking. He gets in Gaiking, fights against the monster, and beats it.<br><br>\nHe learns that there is an enemy that plots to conquer the world, and he leaves for another world, Darius, to stop the plot. <br><br>\n(Source: AnimeNfo)", "startDate": {"year": 2005, "month": 11, "day": 12}, "endDate": {"year": 2006, "month": 9, "day": 24}, "season": "FALL", "episodes": 39, "duration": 25, "genres": ["Action", "Mecha", "Sci-Fi"], "averageScore": 58, "trending": 0, "popularity": 321, "streamingEpisodes": [], "coverImage": {"large": "https://s3.anilist.co/media/anime/cover/medium/1845.jpg", "medium": "https://s3.anilist.co/media/anime/cover/small/1845.jpg"}, "bannerImage": null, "isAdult": false, "format": "TV"}, {"id": 1846, "title": {"romaji": "Princess Nine", "english": null}, "type": "ANIME", "status": "FINISHED", "description": "Keiko Himuro, Chairman of the Kisuragi School, puts together an all-girl baseball team led by Ryo Hayakawa, daughter of a legendary pitcher, in hopes of proving that girls can compete just as well as boys. Their goal: Koshien Stadium, where only the best teams get the opportunity to play. <br><br>\n(Source: ANN)", "startDate": {"year": 1998, "month": 4, "day": 8}, "endDate": {"year": 1998, "month": 10, "day": 14}, "season": "SPRING", "episodes": 26, "duration": 25, "genres": ["Drama", "Romance", "Sports"], "averageScore": 62, "trending": 0, "popularity": 711, "streamingEpisodes": [{"title": "Episode 1 - Hayakawa Ryo, Age 15", "url": "http://www.crunchyroll.com/princess-nine/episode-1-hayakawa-ryo-age-15-691395"}, {"title": "Episode 2 - A Baseball Team at a Prestigious Girls' School?", "url": "http://www.crunchyroll.com/princess-nine/episode-2-a-baseball-team-at-a-prestigious-girls-school-691397"}, {"title": "Episode 3 - In My Father's Footsteps", "url": "http://www.crunchyroll.com/princess-nine/episode-3-in-my-fathers-footsteps-691399"}, {"title": "Episode 4 - Welcome, Seira!", "url": "http://www.crunchyroll.com/princess-nine/episode-4-welcome-seira-691401"}, {"title": "Episode 5 - Wave Motion Swing!", "url": "http://www.crunchyroll.com/princess-nine/episode-5-wave-motion-swing-691403"}, {"title": "Episode 6 - Catch This!", "url": "http://www.crunchyroll.com/princess-nine/episode-6-catch-this-691405"}, {"title": "Episode 7 - We Need You, Izumi", "url": "http://www.crunchyroll.com/princess-nine/episode-7-we-need-you-izumi-691407"}, {"title": "Episode 8 - The Future on the Line", "url": "http://www.crunchyroll.com/princess-nine/episode-8-the-future-on-the-line-691409"}, {"title": "Episode 9 - Winners and Losers", "url": "http://www.crunchyroll.com/princess-nine/episode-9-winners-and-losers-691411"}, {"title": "Episode 10 - The Kisaragi Nine", "url": "http://www.crunchyroll.com/princess-nine/episode-10-the-kisaragi-nine-691413"}, {"title": "Episode 11 - Aim for Koshien!", "url": "http://www.crunchyroll.com/princess-nine/episode-11-aim-for-koshien-691415"}, {"title": "Episode 12 - One Hundred Pitches", "url": "http://www.crunchyroll.com/princess-nine/episode-12-one-hundred-pitches-691417"}, {"title": "Episode 13 - The Girl Strategem", "url": "http://www.crunchyroll.com/princess-nine/episode-13-the-girl-strategem-691419"}, {"title": "Episode 14 - Lightning Ball", "url": "http://www.crunchyroll.com/princess-nine/episode-14-lightning-ball-691421"}, {"title": "Episode 15 - Scandal", "url": "http://www.crunchyroll.com/princess-nine/episode-15-scandal-691423"}, {"title": "Episode 16 - Exile", "url": "http://www.crunchyroll.com/princess-nine/episode-16-exile-691425"}, {"title": "Episode 17 - Visions", "url": "http://www.crunchyroll.com/princess-nine/episode-17-visions-691427"}, {"title": "Episode 18 - The Gift", "url": "http://www.crunchyroll.com/princess-nine/episode-18-the-gift-691429"}, {"title": "Episode 19 - Hearts and Diamonds", "url": "http://www.crunchyroll.com/princess-nine/episode-19-hearts-and-diamonds-691431"}, {"title": "Episode 20 - Back in Training", "url": "http://www.crunchyroll.com/princess-nine/episode-20-back-in-training-691433"}, {"title": "Episode 21 - I Hate You, Takasugi", "url": "http://www.crunchyroll.com/princess-nine/episode-21-i-hate-you-takasugi-691435"}, {"title": "Episode 22 - You're Not Alone, Yuki", "url": "http://www.crunchyroll.com/princess-nine/episode-22-youre-not-alone-yuki-691437"}, {"title": "Episode 23 - Beauties vs. the Beasts", "url": "http://www.crunchyroll.com/princess-nine/episode-23-beauties-vs-the-beasts-691439"}, {"title": "Episode 24 - The Kiss", "url": "http://www.crunchyroll.com/princess-nine/episode-24-the-kiss-691441"}, {"title": "Episode 25 - Field of Broken Dreams", "url": "http://www.crunchyroll.com/princess-nine/episode-25-field-of-broken-dreams-691443"}, {"title": "Episode 26 - Shine, Princess Nine!", "url": "http://www.crunchyroll.com/princess-nine/episode-26-shine-princess-nine-691445"}], "coverImage": {"large": "https://s3.anilist.co/media/anime/cover/medium/1846.jpg", "medium": "https://s3.anilist.co/media/anime/cover/small/1846.jpg"}, "bannerImage": "https://s3.anilist.co/media/anime/banner/1846-uvWNP0EEuUZd.png", "isAdult": false, "format": "TV"}, {"id": 1847, "title": {"romaji": "Rec Special", "english": null}, "type": "ANIME", "status": "FINISHED", "description": "DVD-only special of REC.  This is a special episode 8 of 10 on the DVD, which is episode 7.5 of the original 9.  It is entitled \"The Unforgiven\".", "startDate": {"year": 2006, "month": 6, "day": 30}, "endDate": {"year": 2006, "month": 6, "day": 30}, "season": "SUMMER", "episodes": 1, "duration": 13, "genres": ["Comedy", "Drama", "Romance"], "averageScore": 67, "trending": 0, "popularity": 2018, "streamingEpisodes": [], "coverImage": {"large": "https://s3.anilist.co/media/anime/cover/medium/1847.jpg", "medium": "https://s3.anilist.co/media/anime/cover/small/1847.jpg"}, "bannerImage": null, "isAdult": false, "format": "SPECIAL"}, {"id": 1848, "title": {"romaji": "Haou Daikei Ryuu Knight", "english": "Lord of Lords Ryu Knight"}, "type": "ANIME", "status": "FINISHED", "description": "Adeu the Sonic, brash young pilot of the Ryu Knight Zephyr, is joined in his travels by Princess Paffy, Priest Izumi and Ninja Sarutobi. They encounter various people of the land, including other Ryus. On the way, Adeu seeks to test his Ryu against others and thereby grow in his abilities.<br><br>\n(Source: ANN)", "startDate": {"year": 1994, "month": 4, "day": 5}, "endDate": {"year": 1995, "month": 3, "day": 28}, "season": "SPRING", "episodes": 52, "duration": 25, "genres": ["Action", "Adventure", "Fantasy"], "averageScore": null, "trending": 0, "popularity": 186, "streamingEpisodes": [], "coverImage": {"large": "https://s3.anilist.co/media/anime/cover/medium/1848.jpg", "medium": "https://s3.anilist.co/media/anime/cover/small/1848.jpg"}, "bannerImage": null, "isAdult": false, "format": "TV"}, {"id": 1849, "title": {"romaji": "Haou Daikei Ryuu Knight: Adeu Legend", "english": "Lord of Lords Ryu Knight: Adeu's Legend"}, "type": "ANIME", "status": "FINISHED", "description": "In an old world clash between light and darkness (as always), the evil Lord Uongadis is sealed away under a gigantic monument called the Earth Blade. 20 years have passed since the wars, and now the threat of evil being brought back is greater than ever as demons try to revive their lord.<br><br>\n(Source: ANN)", "startDate": {"year": 1994, "month": 7, "day": 21}, "endDate": {"year": 1995, "month": 9, "day": 25}, "season": "SUMMER", "episodes": 13, "duration": 30, "genres": ["Adventure", "Fantasy", "Mecha"], "averageScore": null, "trending": 0, "popularity": 69, "streamingEpisodes": [], "coverImage": {"large": "https://s3.anilist.co/media/anime/cover/medium/1849.jpg", "medium": "https://s3.anilist.co/media/anime/cover/small/1849.jpg"}, "bannerImage": null, "isAdult": false, "format": "OVA"}, {"id": 1850, "title": {"romaji": "Haou Daikei Ryuu Knight: Adeu Legend II", "english": "Lord of Lords Ryu Knight: Adeu's Legend II"}, "type": "ANIME", "status": "FINISHED", "description": "Continuation of the series.", "startDate": {"year": 1995, "month": 12, "day": 18}, "endDate": {"year": 1996, "month": 4, "day": 25}, "season": "WINTER", "episodes": 3, "duration": 30, "genres": ["Adventure", "Fantasy", "Mecha"], "averageScore": null, "trending": 0, "popularity": 41, "streamingEpisodes": [], "coverImage": {"large": "https://s3.anilist.co/media/anime/cover/medium/1850.jpg", "medium": "https://s3.anilist.co/media/anime/cover/small/1850.jpg"}, "bannerImage": null, "isAdult": false, "format": "OVA"}, {"id": 1851, "title": {"romaji": "Haou Daikei Ryuu Knight: Adeu Legend Final", "english": "Lord of Lords Ryu Knight: Adeu's Legend Final"}, "type": "ANIME", "status": "FINISHED", "description": "End of the series.", "startDate": {"year": 1996, "month": 5, "day": 25}, "endDate": {"year": 1996, "month": 5, "day": 25}, "season": "SPRING", "episodes": 1, "duration": 30, "genres": ["Adventure", "Fantasy", "Mecha"], "averageScore": null, "trending": 0, "popularity": 45, "streamingEpisodes": [], "coverImage": {"large": "https://s3.anilist.co/media/anime/cover/medium/1851.jpg", "medium": "https://s3.anilist.co/media/anime/cover/small/1851.jpg"}, "bannerImage": null, "isAdult": false, "format": "OVA"}, {"id": 1852, "title": {"romaji": "Hidamari Sketch", "english": null}, "type": "ANIME", "status": "FINISHED", "description": "For years, Yuno has dreamed of attending Yamabuki Arts High School, but now that she's been accepted, it means the scary prospect of moving away from her home and family for the first time! Fortunately, Yuno quickly learns that if her new neighbors at the eclectic Hidamari (Sunshine) Apartments aren't technically family, at least the majority share the bond of being fellow art students. From second year students like Hiro and Sae, who try to behave like helpful older sisters (mostly successfully) to her hyperactive new neighbor, classmate and best friend Miyako (who has the scariest apartment ever) Yuno begins to build the support network she'll need for dealing with strange characters like her oddly masculine landlady, her cosplay obsessed home room teacher, her tooth-chattering principal and all of the other odd denizens who inhabit her chosen world of art. <br><br>\r\n(Source: Sentai Filmworks) ", "startDate": {"year": 2007, "month": 1, "day": 11}, "endDate": {"year": 2007, "month": 3, "day": 30}, "season": "WINTER", "episodes": 12, "duration": 24, "genres": ["Comedy", "Slice of Life"], "averageScore": 72, "trending": 0, "popularity": 6969, "streamingEpisodes": [], "coverImage": {"large": "https://s3.anilist.co/media/anime/cover/medium/1852.jpg", "medium": "https://s3.anilist.co/media/anime/cover/small/1852.jpg"}, "bannerImage": "https://s3.anilist.co/media/anime/banner/1852-luCP33l49lkR.jpg", "isAdult": false, "format": "TV"}, {"id": 1853, "title": {"romaji": "Cutey Honey F", "english": "Cutey Honey F"}, "type": "ANIME", "status": "FINISHED", "description": "On her sixteenth birthday, Honey Kisaragi goes to meet her father. However, he shows up injured and on the run. Out of nowhere, a group of thugs and a monster show up. A detective, Seiji Hayama, rescues Honey and her father. Unfortunately, the monster captures Honey`s father. A grieving Honey goes home to find it in ruins, but a handsome man gives her hope and a device to use against the monsters who took her father. With them, Honey can transform into multiple forms and destroy Panther Zora, the evil behind this. <br><br>\n(Source: AnimeNfo)", "startDate": {"year": 1997, "month": 2, "day": 15}, "endDate": {"year": 1998, "month": 1, "day": 31}, "season": "WINTER", "episodes": 39, "duration": 23, "genres": ["Action", "Adventure", "Comedy", "Romance", "Sci-Fi"], "averageScore": 55, "trending": 0, "popularity": 510, "streamingEpisodes": [], "coverImage": {"large": "https://s3.anilist.co/media/anime/cover/medium/1853.jpg", "medium": "https://s3.anilist.co/media/anime/cover/small/1853.jpg"}, "bannerImage": "https://s3.anilist.co/media/anime/banner/1853-jSL6sp2pJIxp.jpg", "isAdult": false, "format": "TV"}, {"id": 1854, "title": {"romaji": "Rockman Hoshi ni Negai wo", "english": "MegaMan: Wishing upon a Star"}, "type": "ANIME", "status": "FINISHED", "description": "\"This Anime (Episode 2, to be exact), where Rockman travels from the Game-World to the real world, to learn some cultural differences about Japan, was intended to be a Special Episode for the original Mega Man Cartoon Series by Ruby-Spears, which aired around 1995 in the US.<br>\nAs it seems, the special was finished before Ruby-Spears decided to redo their whole show with a completely new design, better suited for American audiences.<br><br>\nThus, not fitting the new style anymore, it never was included in the series. Still, two more episodes about the same story were produced a bit later, this time under the main title \"Rockman\" (unlike Episode 2, where he's called Mega Man, even in the japanese dub).<br><br>\nIt's unknown if these 3 Episodes ever saw an official release, until 2002, when Capcom of Japan decided to finally (re)release them on DVD for Rockman's 15th Anniversary (all featuring a Japanese and English dub, but no subs).<br><br>\nIt's unknown if there are any more secret animated works of the original Rockman game-series.\"<br><br>\n(Source: AniDB)", "startDate": {"year": 2002, "month": 9, "day": 20}, "endDate": {"year": 2002, "month": 9, "day": 20}, "season": "FALL", "episodes": 3, "duration": 30, "genres": ["Action", "Adventure", "Sci-Fi"], "averageScore": 52, "trending": 0, "popularity": 197, "streamingEpisodes": [], "coverImage": {"large": "https://s3.anilist.co/media/anime/cover/medium/1854.jpg", "medium": "https://s3.anilist.co/media/anime/cover/small/1854.jpg"}, "bannerImage": null, "isAdult": false, "format": "OVA"}, {"id": 1855, "title": {"romaji": "JaJa Uma! Quartet", "english": "Wild Cardz"}, "type": "ANIME", "status": "FINISHED", "description": "The Crown Knights are a bizarre special force to fight to the criminals who threaten the tranquil Card Kingdom. Each one had a special ability. But these Crown Knights must get down and dirty when they run up against two war machines shaped like gigantic chess pieces. The deck is stacked against them, somehow they've got the checkmate these indestructible invaders before the Card Kingdom topples. <br><br>\n(Source: ANN)", "startDate": {"year": 1997, "month": 5, "day": 21}, "endDate": {"year": 1997, "month": 9, "day": 26}, "season": "SPRING", "episodes": 2, "duration": 30, "genres": ["Adventure", "Comedy", "Fantasy"], "averageScore": 43, "trending": 0, "popularity": 127, "streamingEpisodes": [], "coverImage": {"large": "https://s3.anilist.co/media/anime/cover/medium/1855.jpg", "medium": "https://s3.anilist.co/media/anime/cover/small/1855.jpg"}, "bannerImage": null, "isAdult": false, "format": "OVA"}, {"id": 1856, "title": {"romaji": "Ayu Mayu Gekijou", "english": null}, "type": "ANIME", "status": "FINISHED", "description": "A spin-off show from Kimi ga Nozomu Eien. It's about the daily adventures of Ayu and Mayu, the two waitresses from Sky Temple. <br><br>\n(Source: AniDB)", "startDate": {"year": 2006, "month": 9, "day": 29}, "endDate": {"year": 2007, "month": 2, "day": 23}, "season": "FALL", "episodes": 7, "duration": 5, "genres": ["Comedy"], "averageScore": 55, "trending": 0, "popularity": 517, "streamingEpisodes": [], "coverImage": {"large": "https://s3.anilist.co/media/anime/cover/medium/1856.jpg", "medium": "https://s3.anilist.co/media/anime/cover/small/1856.jpg"}, "bannerImage": null, "isAdult": false, "format": "ONA"}, {"id": 1857, "title": {"romaji": "Taiyou no Mokushiroku: A Spirit of the Sun", "english": "A Spirit of the Sun"}, "type": "ANIME", "status": "FINISHED", "description": "On August 10 2002, the eruption of Mount Fuji, as well as a series of large-scale earthquakes tsunamis inflict tremendous damage to Japan, sending the country into a state of emergency. Furthermore, another massive earthquake hit Japan on August 15, splitting the country into two. While Japanese refugees were taken in by various countries, the Japanese government accepted aid from China and the United States, which eventually caused China to govern the North, and the USA to govern the South. 15 years later, the Japanese refugees residing in Taiwan and the Taiwanese citizens find themselves clashing with one another, due to job competition and the unimproving conditions of the Japanese refugees. Genichiro Ryu is a survivor of the catastrophic events that took place in Japan, but was raised in Taiwan by a couple who adopted him. He gets himself involved in the situation between the Taiwanese and the Japanese, hoping that the two parties will be able to coexist with one another. <br><br>\n(Source: ANN)", "startDate": {"year": 2006, "month": 9, "day": 17}, "endDate": {"year": 2006, "month": 9, "day": 18}, "season": "FALL", "episodes": 2, "duration": 77, "genres": ["Drama", "Sci-Fi"], "averageScore": 55, "trending": 0, "popularity": 230, "streamingEpisodes": [], "coverImage": {"large": "https://s3.anilist.co/media/anime/cover/medium/1857.jpg", "medium": "https://s3.anilist.co/media/anime/cover/small/1857.jpg"}, "bannerImage": null, "isAdult": false, "format": "SPECIAL"}, {"id": 1858, "title": {"romaji": "Gakuen Utopia Manabi Straight!", "english": null}, "type": "ANIME", "status": "FINISHED", "description": "Manabi Straight! follows the lives of a group of young high school girls living in the year 2035 while they attend the all-girl Seioh Private High School. Since the birth rate has dropped dramatically, schools are being closed down due to the sheer lack of students available to teach. Morale in schools has dropped dramatically, and Seioh is no exception.<br><br>\nThe story begins when the main character, Manami Amamiya, transfers to Seioh. After some initial hijinks involving a futuristic scooter and a swim meet, followed by an inspirational school song performance, she is inducted as the student council president. The story that follows pertains to Manami working with Mika Inamori, the only other student council member, and three other classmates named Mutsuki Uehara, Mei Etoh, and Momoha Odori, in student council matters.  After some remodeling of the student council room, Manami and her friends set forth to plan for the upcoming student festival.<br><br>\n(Source: Wikipedia, edited)", "startDate": {"year": 2007, "month": 1, "day": 8}, "endDate": {"year": 2007, "month": 3, "day": 26}, "season": "WINTER", "episodes": 12, "duration": 24, "genres": ["Comedy", "Sci-Fi", "Slice of Life"], "averageScore": 69, "trending": 0, "popularity": 2742, "streamingEpisodes": [], "coverImage": {"large": "https://s3.anilist.co/media/anime/cover/medium/1858.jpg", "medium": "https://s3.anilist.co/media/anime/cover/small/1858.jpg"}, "bannerImage": null, "isAdult": false, "format": "TV"}, {"id": 1859, "title": {"romaji": "Grappler Baki The Ultimate Fighter", "english": null}, "type": "ANIME", "status": "FINISHED", "description": "Baki, a new grappler on the no-holds barred fighting scene, is flying up the ranks. All that is left in his wake are the dead and the defeated. However, no one can tell whether he can keep this up against the previous champion, a fierce fighter who severs his opponents very nerves to win. <br><br>\n(Source: ANN)", "startDate": {"year": 1994, "month": 8, "day": 21}, "endDate": {"year": 1994, "month": 8, "day": 21}, "season": "SUMMER", "episodes": 1, "duration": 45, "genres": ["Action", "Sports"], "averageScore": 58, "trending": 0, "popularity": 501, "streamingEpisodes": [], "coverImage": {"large": "https://s3.anilist.co/media/anime/cover/medium/1859.jpg", "medium": "https://s3.anilist.co/media/anime/cover/small/1859.jpg"}, "bannerImage": null, "isAdult": false, "format": "OVA"}, {"id": 1860, "title": {"romaji": "Tokyo Majin Gakuen Kenpucho: Tou", "english": null}, "type": "ANIME", "status": "FINISHED", "description": "Something evil is stirring in the shadows of Tokyo...<br><br>\nDuring the spring of his senior year in high school, quiet Tatsuma Hiyuu transfers to Magami Academy in Shinjuku. The mysterious boy's \"outsider\" status and his profound skills in martial arts quickly earn him the friendship of class delinquent Kyouichi Houraiji. Through an uncanny connection and a happenstance challenge, he also meets Yuuya Daigo of the wrestling club, the captain of the girls' archery club, Komaki Sakurai, and Aoi Misato, the Student Council President.<br><br>\nDuring their encounter, there is a sudden, harsh disruption of the Ryumyaku (literally Dragon Pulse, otherwise known as Dragon Vein or Dragon Stream), the flow of arcane energy. The surge awakens within the five teenagers a latent power, giving them each a supernatural ability. Enlightened to their newly acquired gifts by Hisui, the young heir of the Kisaragi Clan who maintains his family's antiques shop - as well as their duty to protect Tokyo from Oni (demons) - the Magami students decide to use their power to protect the city from the onslaught of dark forces.<br><br>\nBattling the demons alongside Hisui Kisaragi, the five unlikely friends discover that they may have to face a greater threat to Tokyo other than destroying a few malevolent, random monsters. The Ryumyaku had been disrupted by force, from someone invoking the Dark Arts - and that person has a wicked desire to unleash a long-dead evil.<br><br>\nCan the teenagers overcome their own fears and flaws to fight against the Dark Arts? And soon they will also have to face their own destinies as they discover their Stars of Fate.<br><br>\nThis anime is based on a manga, which was based on the Nintendo role-playing video game originally released in 1998. ", "startDate": {"year": 2007, "month": 1, "day": 19}, "endDate": {"year": 2007, "month": 4, "day": 20}, "season": "WINTER", "episodes": 14, "duration": 24, "genres": ["Action", "Drama", "Fantasy", "Horror"], "averageScore": 66, "trending": 0, "popularity": 2997, "streamingEpisodes": [], "coverImage": {"large": "https://s3.anilist.co/media/anime/cover/medium/1860.jpg", "medium": "https://s3.anilist.co/media/anime/cover/small/1860.jpg"}, "bannerImage": null, "isAdult": false, "format": "TV"}, {"id": 1861, "title": {"romaji": "Slam Dunk Movie 2", "english": null}, "type": "ANIME", "status": "FINISHED", "description": "Set during the Inter High Championships, Shohoku take on Tsukubu, one of this year's dark horses. It's a clash of acquaintances as Anzai will face his former student which is now the coach of Tsukubu, while Akagi &amp; Kogure meet Godai their former classmate and Tsukubu's captain. Finally Sakuragi is irked by the presence of Nango, Tsukubu's center, who vies for Haruko's attention.<br><br>\n(Source: ANN)", "startDate": {"year": 1994, "month": 8, "day": 20}, "endDate": {"year": 1994, "month": 8, "day": 20}, "season": "SUMMER", "episodes": 1, "duration": 45, "genres": ["Comedy", "Drama", "Slice of Life", "Sports"], "averageScore": 69, "trending": 0, "popularity": 769, "streamingEpisodes": [], "coverImage": {"large": "https://s3.anilist.co/media/anime/cover/medium/1861.jpg", "medium": "https://s3.anilist.co/media/anime/cover/small/1861.jpg"}, "bannerImage": null, "isAdult": false, "format": "MOVIE"}, {"id": 1862, "title": {"romaji": "Strike Witches OVA", "english": null}, "type": "ANIME", "status": "FINISHED", "description": "When an alien force eventually called the &ldquo;Neuroi&rdquo; attacks Earth around the 1940&rsquo;s, the world is devastated by destruction. However, one man is able to lead the invention of an anti-Neuroi weapon known as the &ldquo;Striker unit&rdquo; which augments magical power and also enables flight through two mechanical lower-leg coverings known as a sort of witches &ldquo;broom&rdquo;. Young witches from around the world are gathered together to fight back in a force known as Strike Witches. The inventor, however, was thought to have been killed during service. The daughter of the inventor leads a relatively normal life except for her untrained and incredible magical power which she hopes to use one day in healing. However, she is suddenly whisked away on a search to see if her father is actually alive. She encounters his invention and the possibility of perhaps using it herself. <br><br>\n(Source: ANN)", "startDate": {"year": 2007, "month": 1, "day": 1}, "endDate": {"year": 2007, "month": 1, "day": 1}, "season": "WINTER", "episodes": 1, "duration": 23, "genres": ["Action", "Ecchi", "Sci-Fi"], "averageScore": 58, "trending": 0, "popularity": 2165, "streamingEpisodes": [], "coverImage": {"large": "https://s3.anilist.co/media/anime/cover/medium/1862.jpg", "medium": "https://s3.anilist.co/media/anime/cover/small/1862.jpg"}, "bannerImage": "https://s3.anilist.co/media/anime/banner/1862-itACpsSUDb7u.jpg", "isAdult": false, "format": "OVA"}, {"id": 1863, "title": {"romaji": "Silk Road Shounen Yuuto", "english": null}, "type": "ANIME", "status": "FINISHED", "description": "When a boy Yuto visits Qinghai in China, he is involved in the battle between time-travelers, and he is sent to the Silk Road in the past. They are looking for a mysterious treasure, the statue of Yuki Daruma Taishi, which is said to make miracles. Seeing historical events and encountering historical persons, such as Yang Guifei and Xuanzang, he will learn many thinks. Whether will he be able to go back to today?<br><br>\n(Source: AnimeNfo)", "startDate": {"year": 2006, "month": 9, "day": 16}, "endDate": {"year": 2007, "month": 3, "day": 24}, "season": "FALL", "episodes": 26, "duration": 20, "genres": ["Adventure", "Fantasy"], "averageScore": null, "trending": 0, "popularity": 32, "streamingEpisodes": [], "coverImage": {"large": "https://s3.anilist.co/media/anime/cover/medium/1863.jpg", "medium": "https://s3.anilist.co/media/anime/cover/small/1863.jpg"}, "bannerImage": null, "isAdult": false, "format": "TV"}, {"id": 1864, "title": {"romaji": "Koi Suru Tenshi Angelique: Kagayaki no Ashita", "english": "Loving Angel Angelique: Radiant Tomorrow"}, "type": "ANIME", "status": "FINISHED", "description": "Ange is now trapped in the Seijuu Universe, and cannot leave until she awakens Seijuu's Queen. In order to do this, she must gather nine new guardians. It sounds like a fairly simple task, but how can she convince these men to tear away from their own lives and protect the life of another?", "startDate": {"year": 2007, "month": 1, "day": 6}, "endDate": {"year": 2007, "month": 3, "day": 24}, "season": "WINTER", "episodes": 12, "duration": 24, "genres": ["Drama", "Fantasy", "Romance"], "averageScore": 56, "trending": 0, "popularity": 335, "streamingEpisodes": [], "coverImage": {"large": "https://s3.anilist.co/media/anime/cover/medium/1864.jpg", "medium": "https://s3.anilist.co/media/anime/cover/small/1864.jpg"}, "bannerImage": null, "isAdult": false, "format": "TV"}, {"id": 1865, "title": {"romaji": "Getsumen To Heiki Mina", "english": null}, "type": "ANIME", "status": "FINISHED", "description": "An animated spin-off from the Densha Otoko (Trainman) tv drama. <br><br>\nIn the drama, actor Itoh Atsushi plays the otaku Yamada, whose main love in life is the Mina anime, a cutesy busty heroine with floppy rabbit ears and carrots sticking out her rear. <br><br>\nMina itself is a character homage which triggers back to the Daicon Animation done by GAINAX where a similar nameless bunny girl appeared. Densha Otoko futher featured an opening with scenes which were appearing back in the Daicon Animation. <br><br>\n(Source: AniDB)", "startDate": {"year": 2007, "month": 1, "day": 14}, "endDate": {"year": 2007, "month": 3, "day": 25}, "season": "WINTER", "episodes": 11, "duration": 23, "genres": ["Comedy", "Sci-Fi"], "averageScore": 53, "trending": 0, "popularity": 558, "streamingEpisodes": [], "coverImage": {"large": "https://s3.anilist.co/media/anime/cover/medium/1865.jpg", "medium": "https://s3.anilist.co/media/anime/cover/small/1865.jpg"}, "bannerImage": null, "isAdult": false, "format": "TV"}]}}}