{"data": {"Page": {"pageInfo": {"total": 12297, "hasNextPage": true}, "media": [{"id": 15051, "title": {"romaji": "Love Live! School idol project", "english": null}, "type": "ANIME", "status": "FINISHED", "description": "Otonokizaka High School stands on the border of three cities: Akihabara&mdash;a pop culture mecca that's evolving by the minute; Kanda&mdash;a conservative, cultured city where history and tradition reign supreme; and Jinbo&mdash;a quiet area reserved for a more mature, sophisticated population. Amidst this culture clash, the school now faces closure due to the enrollment of fewer and fewer students.<br><br>\nWith the school planning to close within three years, nine female students come together with one thing in mind&mdash;form a pop idol group to revive the school's popularity and keep it from shutting down. \"In order to protect our beloved school, there's only one thing we can do... become pop stars!\"<br><br>\nTheir goal is simple: Become an overnight sensation and use their nationwide media exposure to promote their school and bring in a wave of new students to the ailing area. A simple but solid plan, they figure. Naturally, they're nervous and wonder if this plan can really succeed, but for better or worse their new journey has begun...<br><br>\n\"All we can ask for is just a tiny bit of support from you. We truly believe that with your help, we can change the world around us. We will make our dreams come true!\"<br><br>\n(Source: NIS America)", "startDate": {"year": 2013, "month": 1, "day": 6}, "endDate": {"year": 2013, "month": 3, "day": 31}, "season": "WINTER", "episodes": 13, "duration": 24, "genres": ["Music", "Slice of Life"], "averageScore": 72, "trending": 1, "popularity": 22096, "streamingEpisodes": [{"title": "Episode 1 - May Our Dream Come True!", "url": "http://www.crunchyroll.com/love-live-school-idol-project/episode-1-may-our-dream-come-true-617025"}, {"title": "Episode 2 - Let's be Idols!", "url": "http://www.crunchyroll.com/love-live-school-idol-project/episode-2-lets-be-idols-617027"}, {"title": "Episode 3 - First Concert!", "url": "http://www.crunchyroll.com/love-live-school-idol-project/episode-3-first-concert-617029"}, {"title": "Episode 4 - Maki Rin Pana", "url": "http://www.crunchyroll.com/love-live-school-idol-project/episode-4-maki-rin-pana-617031"}, {"title": "Episode 5 - Nico Attacks", "url": "http://www.crunchyroll.com/love-live-school-idol-project/episode-5-nico-attacks-617033"}, {"title": "Episode 6 - Who is the Center?", "url": "http://www.crunchyroll.com/love-live-school-idol-project/episode-6-who-is-the-center-617035"}, {"title": "Episode 7 - Elichika", "url": "http://www.crunchyroll.com/love-live-school-idol-project/episode-7-elichika-617037"}, {"title": "Episode 8 - What I Want to Do", "url": "http://www.crunchyroll.com/love-live-school-idol-project/episode-8-what-i-want-to-do-617039"}, {"title": "Episode 9 - Wonder Zone", "url": "http://www.crunchyroll.com/love-live-school-idol-project/episode-9-wonder-zone-617041"}, {"title": "Episode 10 - No Senpai Allowed!", "url": "http://www.crunchyroll.com/love-live-school-idol-project/episode-10-no-senpai-allowed-617043"}, {"title": "Episode 11 - The Greatest Concert", "url": "http://www.crunchyroll.com/love-live-school-idol-project/episode-11-the-greatest-concert-617045"}, {"title": "Episode 12 - Friends", "url": "http://www.crunchyroll.com/love-live-school-idol-project/episode-12-friends-617047"}, {"title": "Episode 13 - \u03bc's Music Start!", "url": "http://www.crunchyroll.com/love-live-school-idol-project/episode-13-s-music-start-617049"}], "coverImage": {"large": "https://s3.anilist.co/media/anime/cover/medium/nx15051-NKzcHHzZbzxR.jpg", "medium": "https://s3.anilist.co/media/anime/cover/small/nx15051-NKzcHHzZbzxR.jpg"}, "bannerImage": "https://s3.anilist.co/media/anime/banner/15051.jpg", "isAdult": false, "format": "TV"}, {"id": 15059, "title": {"romaji": "Initial D Fifth Stage", "english": null}, "type": "ANIME", "status": "FINISHED", "description": "Taking place in the sacred land of street running Kanagawa, once more Takumi Fujiwara will show his driving skills on his now legendary Hachi-roku.", "startDate": {"year": 2012, "month": 11, "day": 4}, "endDate": {"year": 2013, "month": 5, "day": 10}, "season": "FALL", "episodes": 14, "duration": 27, "genres": ["Sports"], "averageScore": 77, "trending": 0, "popularity": 4102, "streamingEpisodes": [], "coverImage": {"large": "https://s3.anilist.co/media/anime/cover/medium/15059.jpg", "medium": "https://s3.anilist.co/media/anime/cover/small/15059.jpg"}, "bannerImage": "https://s3.anilist.co/media/anime/banner/15059-1LMQYAjSWMBI.jpg", "isAdult": false, "format": "TV"}, {"id": 15061, "title": {"romaji": "Aikatsu!", "english": null}, "type": "ANIME", "status": "FINISHED", "description": "Ichigo Hoshimiya is a regular, ordinary middle school girl. But when her best friend, Aoi, invites her to join the idol training academy, Starlight Academy, her whole world is turned upside down. As she encounters all kinds of rivals and learns what it takes to be an idol, she uses her Aikatsu Cards to challenge countless auditions. <br><br>\r\n(Source: ANN) ", "startDate": {"year": 2012, "month": 10, "day": 8}, "endDate": {"year": 2013, "month": 9, "day": 26}, "season": "FALL", "episodes": 50, "duration": 24, "genres": ["Music"], "averageScore": 72, "trending": 0, "popularity": 2910, "streamingEpisodes": [], "coverImage": {"large": "https://s3.anilist.co/media/anime/cover/medium/15061-2H7eEBvbxjK4.png", "medium": "https://s3.anilist.co/media/anime/cover/small/15061-2H7eEBvbxjK4.png"}, "bannerImage": "https://s3.anilist.co/media/anime/banner/15061-4QYsTd4mC9i2.png", "isAdult": false, "format": "TV"}, {"id": 15067, "title": {"romaji": "Kaiketsu Zorori Da-Da-Da-Daibouken!", "english": null}, "type": "ANIME", "status": "FINISHED", "description": "The first full-length feature film adaptation of Yutaka Hara's Kaiketsu Zorori.<br><br>\n(Source: ANN)", "startDate": {"year": 2012, "month": 12, "day": 22}, "endDate": {"year": 2012, "month": 12, "day": 22}, "season": "WINTER", "episodes": 1, "duration": 82, "genres": ["Adventure", "Comedy"], "averageScore": null, "trending": 0, "popularity": 32, "streamingEpisodes": [], "coverImage": {"large": "https://s3.anilist.co/media/anime/cover/medium/15067.jpg", "medium": "https://s3.anilist.co/media/anime/cover/small/15067.jpg"}, "bannerImage": null, "isAdult": false, "format": "MOVIE"}, {"id": 15069, "title": {"romaji": "Robin-kun to 100 nin no Otomodachi Season 2", "english": "Robin with his 100 Friends Season 2"}, "type": "ANIME", "status": "FINISHED", "description": "A story that unfolds around the children of the gentle Green Village, where questions as What is ecology? What is friendship? are answered.", "startDate": {"year": 2012, "month": 7, "day": 7}, "endDate": {"year": 2012, "month": 9, "day": 29}, "season": "SUMMER", "episodes": 13, "duration": 20, "genres": [], "averageScore": null, "trending": 0, "popularity": 17, "streamingEpisodes": [], "coverImage": {"large": "https://s3.anilist.co/media/anime/cover/medium/15069.jpg", "medium": "https://s3.anilist.co/media/anime/cover/small/15069.jpg"}, "bannerImage": null, "isAdult": false, "format": "TV"}, {"id": 15077, "title": {"romaji": "Tabisuru Nuigurumi: Traveling Daru", "english": null}, "type": "ANIME", "status": "FINISHED", "description": "Daru, a cherished handmade stuffed toy, gets lost and separated from its owner one day when at the airport. Determined to find her again, Daru sets out on a journey around the world in search of her. As time passes, the girl begins to forget about Daru. Will Daru be able to find and see his beloved owner again?<br><br>\n(Source: Crunchyroll)", "startDate": {"year": 2012, "month": 7, "day": 6}, "endDate": {"year": 2012, "month": 7, "day": 6}, "season": "SUMMER", "episodes": 1, "duration": 10, "genres": ["Slice of Life"], "averageScore": 67, "trending": 0, "popularity": 471, "streamingEpisodes": [{"title": "Traveling Daru Trailer", "url": "http://www.crunchyroll.com/traveling-daru/traveling-daru-traveling-daru-trailer-608639"}, {"title": "Episode 1 - Traveling Daru", "url": "http://www.crunchyroll.com/traveling-daru/episode-1-traveling-daru-608641"}], "coverImage": {"large": "https://s3.anilist.co/media/anime/cover/medium/15077.jpg", "medium": "https://s3.anilist.co/media/anime/cover/small/15077.jpg"}, "bannerImage": null, "isAdult": false, "format": "OVA"}, {"id": 15085, "title": {"romaji": "Amnesia", "english": null}, "type": "ANIME", "status": "FINISHED", "description": "This story takes place in a fictional town, in a fictional country, in a fictional world. One morning, a young lady awakens to find that she has lost all her memories prior to that morning. Her life, her relationships, her very name&mdash;all gone. All that's left is a cell phone with numbers and names she doesn't recognize and Orion, a young boy that only she appears to be able to see. With Orion's guidance, she struggles to make sense of herself, a boyfriend she doesn't know and the thousand and one little things that make up a daily life. But with no memories left, the only alternative is to forge new ones, even if that means leaving old loves behind.<br><br>\n(Source: Sentai Filmworks)", "startDate": {"year": 2013, "month": 1, "day": 7}, "endDate": {"year": 2013, "month": 3, "day": 25}, "season": "WINTER", "episodes": 12, "duration": 23, "genres": ["Fantasy", "Romance"], "averageScore": 54, "trending": 1, "popularity": 9461, "streamingEpisodes": [{"title": "PV", "url": "http://www.crunchyroll.com/amnesia/amnesia-pv-617847"}, {"title": "Episode 1 - I", "url": "http://www.crunchyroll.com/amnesia/episode-1-i-617437"}, {"title": "Episode 2 - II", "url": "http://www.crunchyroll.com/amnesia/episode-2-ii-617439"}, {"title": "Episode 3 - III", "url": "http://www.crunchyroll.com/amnesia/episode-3-iii-617441"}, {"title": "Episode 4 - IV", "url": "http://www.crunchyroll.com/amnesia/episode-4-iv-617443"}, {"title": "Episode 5 - V", "url": "http://www.crunchyroll.com/amnesia/episode-5-v-617445"}, {"title": "Episode 6 - VI", "url": "http://www.crunchyroll.com/amnesia/episode-6-vi-617447"}, {"title": "Episode 7 - VII", "url": "http://www.crunchyroll.com/amnesia/episode-7-vii-617449"}, {"title": "Episode 8 - VIII", "url": "http://www.crunchyroll.com/amnesia/episode-8-viii-617451"}, {"title": "Episode 9 - IX", "url": "http://www.crunchyroll.com/amnesia/episode-9-ix-617453"}, {"title": "Episode 10 - X", "url": "http://www.crunchyroll.com/amnesia/episode-10-x-617455"}, {"title": "Episode 11 - XI", "url": "http://www.crunchyroll.com/amnesia/episode-11-xi-617457"}, {"title": "Episode 12 - XII", "url": "http://www.crunchyroll.com/amnesia/episode-12-xii-617459"}], "coverImage": {"large": "https://s3.anilist.co/media/anime/cover/medium/15085.jpg", "medium": "https://s3.anilist.co/media/anime/cover/small/15085.jpg"}, "bannerImage": "https://s3.anilist.co/media/anime/banner/15085-rz2QJOuIUF3W.jpg", "isAdult": false, "format": "TV"}, {"id": 15093, "title": {"romaji": "Koihime\u2020Musou OVA Omake", "english": null}, "type": "ANIME", "status": "FINISHED", "description": "A special included in the DVD of Koihime&dagger;Musou OVA and the BD-BOX of Koihime&dagger;Musou.", "startDate": {"year": 2009, "month": 4, "day": 1}, "endDate": {"year": 2009, "month": 4, "day": 1}, "season": "SPRING", "episodes": 1, "duration": 12, "genres": ["Adventure", "Comedy", "Fantasy"], "averageScore": null, "trending": 0, "popularity": 145, "streamingEpisodes": [], "coverImage": {"large": "https://s3.anilist.co/media/anime/cover/medium/15093.jpg", "medium": "https://s3.anilist.co/media/anime/cover/small/15093.jpg"}, "bannerImage": null, "isAdult": false, "format": "SPECIAL"}, {"id": 15095, "title": {"romaji": "Shin Koihime\u2020Musou OVA Omake", "english": null}, "type": "ANIME", "status": "FINISHED", "description": "A special included in the DVD of Shin Koihime&dagger;Musou OVA and the BD-BOX of Shin Koihime&dagger;Musou.", "startDate": {"year": 2010, "month": 7, "day": 7}, "endDate": {"year": 2010, "month": 7, "day": 7}, "season": "SUMMER", "episodes": 1, "duration": 12, "genres": ["Adventure", "Comedy", "Fantasy"], "averageScore": null, "trending": 0, "popularity": 153, "streamingEpisodes": [], "coverImage": {"large": "https://s3.anilist.co/media/anime/cover/medium/15095.jpg", "medium": "https://s3.anilist.co/media/anime/cover/small/15095.jpg"}, "bannerImage": null, "isAdult": false, "format": "SPECIAL"}, {"id": 15097, "title": {"romaji": "Tropical Kiss", "english": null}, "type": "ANIME", "status": "FINISHED", "description": "Kaito left his hometown with a dream to be a big man. But he doesn't have any clear ideas, so he just lazily lives every day. It's no good. Kaito decides to work at a newly opened resort facility called \"A LO HA\". But he meets various girls he had relationships before there...<br><br>\n(Source: ErogeShop)", "startDate": {"year": 2012, "month": 10, "day": 26}, "endDate": {"year": 2014, "month": 3, "day": 28}, "season": "FALL", "episodes": 3, "duration": 30, "genres": ["Hentai", "Romance"], "averageScore": 62, "trending": 0, "popularity": 976, "streamingEpisodes": [], "coverImage": {"large": "https://s3.anilist.co/media/anime/cover/medium/15097-KHONgDtBuHhN.png", "medium": "https://s3.anilist.co/media/anime/cover/small/15097-KHONgDtBuHhN.png"}, "bannerImage": "https://s3.anilist.co/media/anime/banner/15097-w1seEryc97TH.jpg", "isAdult": true, "format": "OVA"}, {"id": 15109, "title": {"romaji": "Cuticle Tantei Inaba", "english": "Cuticle Detective Inaba"}, "type": "ANIME", "status": "FINISHED", "description": "In a world where half-human, half-animal chimeras live and work alongside normal people, there are sure to be a few bad apples in the bunch. Unfortunately, half-human criminals means non-human clues that often leave the police stumped. That's where lone wolf detectives like Hiroshi Inaba come in. He's literally part wolf and has the amazing ability to extract critical information just by examining or tasting a sample of someone's hair! Of course, that ability has also resulted in Inaba having a little bit of a hair fetish, but that doesn't seem to be a problem for his two assistants. (Well, at least the cross-dressing one isn't complaining much.) And it's nothing compared to the strange tastes of Inaba's nemesis, the omnivorous (and half goat) crime boss Don Valentino, who has an appetite for green legal tender instead of tender young greens! Inaba's sworn to cut Valentino out of the criminal flock before the Don can wolf down more ill-gotten dough, but he's going to have to chew his way through a lot of evidence to get his goat. Can sheer dogged detective work put the baaaaad guys behind bars?<br><br>\n(Source: Sentai Filmworks)", "startDate": {"year": 2013, "month": 1, "day": 4}, "endDate": {"year": 2013, "month": 3, "day": 22}, "season": "WINTER", "episodes": 12, "duration": 23, "genres": ["Action", "Comedy", "Mystery"], "averageScore": 67, "trending": 0, "popularity": 5475, "streamingEpisodes": [{"title": "PV", "url": "http://www.crunchyroll.com/cuticle-detective-inaba/cuticle-detective-inaba-pv-617255"}, {"title": "Episode 1 - Counterfeit Currency Printing Incident / Inaba Hiroshi Kidnapping Incident", "url": "http://www.crunchyroll.com/cuticle-detective-inaba/episode-1-counterfeit-currency-printing-incident-inaba-hiroshi-kidnapping-incident-617337"}, {"title": "Episode 2 - The Secret Documents / Mother and Child Stalker Case", "url": "http://www.crunchyroll.com/cuticle-detective-inaba/episode-2-the-secret-documents-mother-and-child-stalker-case-617339"}, {"title": "Episode 3 - The Chocolate Enchantment Case / The Wolf Girl Assassination Case", "url": "http://www.crunchyroll.com/cuticle-detective-inaba/episode-3-the-chocolate-enchantment-case-the-wolf-girl-assassination-case-617341"}, {"title": "Episode 4 - Uniformed Police Officer Raid Incident / Cat Lover Enchantment Case", "url": "http://www.crunchyroll.com/cuticle-detective-inaba/episode-4-uniformed-police-officer-raid-incident-cat-lover-enchantment-case-617343"}, {"title": "Episode 5 - The Genius Tag Team Case / The Pleasure Trip Paradise Case", "url": "http://www.crunchyroll.com/cuticle-detective-inaba/episode-5-the-genius-tag-team-case-the-pleasure-trip-paradise-case-617345"}, {"title": "Episode 6 - The Mastermind Black Fang Arrival Case / The Wolf's House!", "url": "http://www.crunchyroll.com/cuticle-detective-inaba/episode-6-the-mastermind-black-fang-arrival-case-the-wolfs-house-617347"}, {"title": "Episode 7 - Acceptance Into Hair Cuticle Academy / Cuticle Life: The Idiot Sons / Bar Ragdoll / Boss Kujou's", "url": "http://www.crunchyroll.com/cuticle-detective-inaba/episode-7-acceptance-into-hair-cuticle-academy-cuticle-life-the-idiot-sons-bar-ragdoll-boss-kujous-617349"}, {"title": "Episode 8 - Sasaki Yuuta Kidnapping Case \\ Inaba Family Breakdown Case (Part One)", "url": "http://www.crunchyroll.com/cuticle-detective-inaba/episode-8-sasaki-yuuta-kidnapping-case-inaba-family-breakdown-case-part-one-617351"}, {"title": "Episode 9 - Inaba Family Breakdown Case (Part Two) \\ Love Flag Jumble Case", "url": "http://www.crunchyroll.com/cuticle-detective-inaba/episode-9-inaba-family-breakdown-case-part-two-love-flag-jumble-case-617353"}, {"title": "Episode 10 - Goat Park Revelry Case\\ Don Power Spot Conspiracy Case", "url": "http://www.crunchyroll.com/cuticle-detective-inaba/episode-10-goat-park-revelry-case-don-power-spot-conspiracy-case-617355"}, {"title": "Episode 11 - Don Valentino Jailbreak Case", "url": "http://www.crunchyroll.com/cuticle-detective-inaba/episode-11-don-valentino-jailbreak-case-617357"}, {"title": "Episode 12 - The Cuticle Phantom Thief Appears Case \\ Evil Organization Expansion Case", "url": "http://www.crunchyroll.com/cuticle-detective-inaba/episode-12-the-cuticle-phantom-thief-appears-case-evil-organization-expansion-case-617359"}], "coverImage": {"large": "https://s3.anilist.co/media/anime/cover/medium/15109.jpg", "medium": "https://s3.anilist.co/media/anime/cover/small/15109.jpg"}, "bannerImage": null, "isAdult": false, "format": "TV"}, {"id": 15111, "title": {"romaji": "Spy Penguin", "english": null}, "type": "ANIME", "status": "FINISHED", "description": "Spy Penguin will revolve around a group of three penguins who protect Paris from those who threaten the peace.<br><br>\r\n(Source: ANN)", "startDate": {"year": 2012, "month": 9, "day": 4}, "endDate": {"year": 2012, "month": 11, "day": 4}, "season": "FALL", "episodes": 3, "duration": 5, "genres": [], "averageScore": null, "trending": 0, "popularity": 22, "streamingEpisodes": [], "coverImage": {"large": "https://s3.anilist.co/media/anime/cover/medium/15111.jpg", "medium": "https://s3.anilist.co/media/anime/cover/small/15111.jpg"}, "bannerImage": null, "isAdult": false, "format": "OVA"}, {"id": 15117, "title": {"romaji": "Kami nomi zo Shiru Sekai: Tenri-hen", "english": "The World God Only Knows: Tenri Arc"}, "type": "ANIME", "status": "FINISHED", "description": " It is summer break and Keima intends to spend all his time on video games. An old acquaintance, the timid girl Tenri, comes back into the neighborhood - and apparently has a lost soul inside her. It is up to Keima and Elysia to unravel the secrets of her heart.<br><br>\r\n(Source: ANN) ", "startDate": {"year": 2012, "month": 10, "day": 18}, "endDate": {"year": 2012, "month": 12, "day": 18}, "season": "FALL", "episodes": 2, "duration": 23, "genres": ["Comedy", "Romance", "Supernatural"], "averageScore": 75, "trending": 0, "popularity": 9183, "streamingEpisodes": [], "coverImage": {"large": "https://s3.anilist.co/media/anime/cover/medium/15117.jpg", "medium": "https://s3.anilist.co/media/anime/cover/small/15117.jpg"}, "bannerImage": "https://s3.anilist.co/media/anime/banner/15117-0SVNSRLlxwcN.jpg", "isAdult": false, "format": "OVA"}, {"id": 15119, "title": {"romaji": "Senran Kagura", "english": "Senran Kagura: Ninja Flash!"}, "type": "ANIME", "status": "FINISHED", "description": "There was a time when there were ninja serving the powerful, hired for intelligence missions, destruction, or assassination. While the times have changed, the need for ninja has not vanished. In a particular school, there are girls who are secretly in training to become ninja. Ninjas-in-training, Asuka, Katsuragi, Hibari, Ikaruga, and Yagyuu each have a secret technique scroll that they protect at all times. This features their tumultuous school life as they pursue the path of the ninja!<br><br>\r\n(Source: AniDB)", "startDate": {"year": 2013, "month": 1, "day": 6}, "endDate": {"year": 2013, "month": 3, "day": 24}, "season": "WINTER", "episodes": 12, "duration": 24, "genres": ["Action", "Ecchi"], "averageScore": 58, "trending": 0, "popularity": 7423, "streamingEpisodes": [], "coverImage": {"large": "https://s3.anilist.co/media/anime/cover/medium/15119.jpg", "medium": "https://s3.anilist.co/media/anime/cover/small/15119.jpg"}, "bannerImage": null, "isAdult": false, "format": "TV"}, {"id": 15125, "title": {"romaji": "Teekyuu", "english": "Teekyuu"}, "type": "ANIME", "status": "FINISHED", "description": "Teekyuu is based on a sports comedy manga of the same name featuring four high school girls who belong to a tennis club. ", "startDate": {"year": 2012, "month": 10, "day": 7}, "endDate": {"year": 2012, "month": 12, "day": 23}, "season": "FALL", "episodes": 12, "duration": 2, "genres": ["Comedy", "Sports", "Slice of Life"], "averageScore": 63, "trending": 0, "popularity": 6495, "streamingEpisodes": [{"title": "Episode 1 - Once in a Lifetime with Senpai", "url": "http://www.crunchyroll.com/teekyu/episode-1-once-in-a-lifetime-with-senpai-612533"}, {"title": "Episode 2 - Caribbean with Senpai", "url": "http://www.crunchyroll.com/teekyu/episode-2-caribbean-with-senpai-612923"}, {"title": "Episode 3 - Gold Rush with Senpai", "url": "http://www.crunchyroll.com/teekyu/episode-3-gold-rush-with-senpai-612941"}, {"title": "Episode 4 - Goonies with Senpai", "url": "http://www.crunchyroll.com/teekyu/episode-4-goonies-with-senpai-612949"}, {"title": "Episode 5 - DENGEKI with Senpai", "url": "http://www.crunchyroll.com/teekyu/episode-5-dengeki-with-senpai-612951"}, {"title": "Episode 6 - Waterworld with Senpai", "url": "http://www.crunchyroll.com/teekyu/episode-6-waterworld-with-senpai-612953"}, {"title": "Episode 7 - From Russia with Love with Senpai", "url": "http://www.crunchyroll.com/teekyu/episode-7-from-russia-with-love-with-senpai-612955"}, {"title": "Episode 8 - Born on the Fourth of July with Senpai", "url": "http://www.crunchyroll.com/teekyu/episode-8-born-on-the-fourth-of-july-with-senpai-612957"}, {"title": "Episode 9 - Dinner Rush with Senpai", "url": "http://www.crunchyroll.com/teekyu/episode-9-dinner-rush-with-senpai-612959"}, {"title": "Episode 10 - Up the Creek with Senpai", "url": "http://www.crunchyroll.com/teekyu/episode-10-up-the-creek-with-senpai-612961"}, {"title": "Episode 11 - Nacho Libre with Senpai", "url": "http://www.crunchyroll.com/teekyu/episode-11-nacho-libre-with-senpai-612963"}, {"title": "Episode 12 - The Sixth Sense with Senpai", "url": "http://www.crunchyroll.com/teekyu/episode-12-the-sixth-sense-with-senpai-612965"}], "coverImage": {"large": "https://s3.anilist.co/media/anime/cover/medium/15125.jpg", "medium": "https://s3.anilist.co/media/anime/cover/small/15125.jpg"}, "bannerImage": "https://s3.anilist.co/media/anime/banner/15125.jpg", "isAdult": false, "format": "TV_SHORT"}, {"id": 15127, "title": {"romaji": "Sakura Taisen: Kanadegumi", "english": null}, "type": "ANIME", "status": "FINISHED", "description": "Sakura Taisen: Kanadegumi follows a girl named Miyabi Neko and her interactions with five attractive young men. The story takes place in Tokyo and centers on an imperial opera company named Kanadegumi. <br><br>\nBundled with a limited first edition of Shimada Chie's Sakura Taisen: Kanadegumi manga. <br><br>\n(Source: ANN) ", "startDate": {"year": 2012, "month": 9, "day": 20}, "endDate": {"year": 2012, "month": 9, "day": 20}, "season": "FALL", "episodes": 1, "duration": 2, "genres": [], "averageScore": 49, "trending": 0, "popularity": 247, "streamingEpisodes": [], "coverImage": {"large": "https://s3.anilist.co/media/anime/cover/medium/15127.jpg", "medium": "https://s3.anilist.co/media/anime/cover/small/15127.jpg"}, "bannerImage": null, "isAdult": false, "format": "OVA"}, {"id": 15129, "title": {"romaji": "Tanpen Animation Junpei Fujita", "english": "Short Animations of Junpei Fujita"}, "type": "ANIME", "status": "FINISHED", "description": "A special airing at the Meguro Museum of Art in Tokyo of three animation shorts created by Junpei Fujita during his school days, using three different animation techniques.<br><br>\n1. The Seasons (2 min; animation)<br>\n2. Eaten Up Planet (30 min;  rotary animation)<br>\n3. Insane Ice (48 min; pixilation &amp; animation)", "startDate": {"year": 2009, "month": 8, "day": 1}, "endDate": {"year": 2009, "month": 8, "day": 1}, "season": "SUMMER", "episodes": 3, "duration": 26, "genres": ["Music"], "averageScore": null, "trending": 0, "popularity": 14, "streamingEpisodes": [], "coverImage": {"large": "https://s3.anilist.co/media/anime/cover/medium/15129.jpg", "medium": "https://s3.anilist.co/media/anime/cover/small/15129.jpg"}, "bannerImage": null, "isAdult": false, "format": "SPECIAL"}, {"id": 15133, "title": {"romaji": "Aoi Sekai no Chuushin de", "english": "World War Blue"}, "type": "ANIME", "status": "FINISHED", "description": "Segua Kingdom has been losing the war against Ninterdo Empire but the tables are turned by the appearance of a boy called Gear. All the characters are parodies of Nintendo or Sega games such as Sonic the Hedgehog, Super Mario Bros., The Legend of Zelda etc.", "startDate": {"year": 2012, "month": 10, "day": 20}, "endDate": {"year": 2013, "month": 4, "day": 4}, "season": "FALL", "episodes": 3, "duration": 23, "genres": ["Action", "Adventure", "Ecchi", "Fantasy"], "averageScore": 51, "trending": 0, "popularity": 2903, "streamingEpisodes": [], "coverImage": {"large": "https://s3.anilist.co/media/anime/cover/medium/15133.jpg", "medium": "https://s3.anilist.co/media/anime/cover/small/15133.jpg"}, "bannerImage": null, "isAdult": false, "format": "SPECIAL"}, {"id": 15137, "title": {"romaji": "Entotsuya Peroo", "english": null}, "type": "ANIME", "status": "FINISHED", "description": "Tale of the chimney sweep, Peroo. ", "startDate": {"year": 1930, "month": 4, "day": 13}, "endDate": {"year": 1930, "month": 4, "day": 13}, "season": "SPRING", "episodes": 1, "duration": 25, "genres": [], "averageScore": null, "trending": 0, "popularity": 42, "streamingEpisodes": [], "coverImage": {"large": "https://s3.anilist.co/media/anime/cover/medium/15137.jpg", "medium": "https://s3.anilist.co/media/anime/cover/small/15137.jpg"}, "bannerImage": null, "isAdult": false, "format": "MOVIE"}, {"id": 15139, "title": {"romaji": "Tsuki no Miya no Oujo-sama", "english": null}, "type": "ANIME", "status": "FINISHED", "description": "A young squirrel princess is kidnapped by an evil frog. A brave young squirrel from the village goes off in search of her and ends up fighting the evil frog in order to rescue his princess. <br><br>\n(Source: AniDB) ", "startDate": {"year": 1934, "month": 10, "day": 25}, "endDate": {"year": 1934, "month": 10, "day": 25}, "season": "FALL", "episodes": 1, "duration": 11, "genres": [], "averageScore": null, "trending": 0, "popularity": 27, "streamingEpisodes": [], "coverImage": {"large": "https://s3.anilist.co/media/anime/cover/medium/15139.jpg", "medium": "https://s3.anilist.co/media/anime/cover/small/15139.jpg"}, "bannerImage": null, "isAdult": false, "format": "MOVIE"}, {"id": 15141, "title": {"romaji": "Yukiwatari", "english": null}, "type": "ANIME", "status": "FINISHED", "description": "A short film based on a story by Japanese writer Miyazawa Kenji. ", "startDate": {"year": 1994, "month": 7, "day": 16}, "endDate": {"year": 1994, "month": 7, "day": 16}, "season": "SUMMER", "episodes": 1, "duration": 24, "genres": ["Fantasy"], "averageScore": null, "trending": 0, "popularity": 36, "streamingEpisodes": [], "coverImage": {"large": "https://s3.anilist.co/media/anime/cover/medium/15141.jpg", "medium": "https://s3.anilist.co/media/anime/cover/small/15141.jpg"}, "bannerImage": null, "isAdult": false, "format": "MOVIE"}, {"id": 15159, "title": {"romaji": "Fantastic Children Special", "english": null}, "type": "ANIME", "status": "FINISHED", "description": "Extended ending showing what happened with Befort Children after the events from the last episode of the TV series. DVD release exclusive.", "startDate": {"year": 2005, "month": 9, "day": 23}, "endDate": {"year": 2005, "month": 9, "day": 23}, "season": "FALL", "episodes": 1, "duration": 6, "genres": ["Slice of Life"], "averageScore": 56, "trending": 0, "popularity": 178, "streamingEpisodes": [], "coverImage": {"large": "https://s3.anilist.co/media/anime/cover/medium/15159.jpg", "medium": "https://s3.anilist.co/media/anime/cover/small/15159.jpg"}, "bannerImage": null, "isAdult": false, "format": "SPECIAL"}, {"id": 15177, "title": {"romaji": "Macross FB7: Ginga Rukon - Ore no Uta wo Kike!", "english": "Ozma Meets Fire Bomber Macross FB7"}, "type": "ANIME", "status": "FINISHED", "description": "In 2059, five decades after the Space War I conflict seen in the first Macross story. Macross Frontier, the 25th New Macross Class super-long-distance colonization fleet, is journeying through the galaxy to a new paradise to call home. However, it is locked in a state of war with a strange enemy called Vajra.<br><br>\r\nMacross FB7 is the 30th anniversary work of the Macross franchise.", "startDate": {"year": 2012, "month": 10, "day": 20}, "endDate": {"year": 2012, "month": 10, "day": 20}, "season": "FALL", "episodes": 1, "duration": 91, "genres": ["Action", "Mecha", "Music", "Romance", "Sci-Fi"], "averageScore": 57, "trending": 0, "popularity": 491, "streamingEpisodes": [], "coverImage": {"large": "https://s3.anilist.co/media/anime/cover/medium/15177.jpg", "medium": "https://s3.anilist.co/media/anime/cover/small/15177.jpg"}, "bannerImage": null, "isAdult": false, "format": "MOVIE"}, {"id": 15195, "title": {"romaji": "Hetalia: The Beautiful World", "english": null}, "type": "ANIME", "status": "FINISHED", "description": "The fifth season of Hetalia. ", "startDate": {"year": 2013, "month": 1, "day": 25}, "endDate": {"year": 2013, "month": 6, "day": 21}, "season": "WINTER", "episodes": 20, "duration": 5, "genres": ["Comedy"], "averageScore": 71, "trending": 1, "popularity": 2692, "streamingEpisodes": [], "coverImage": {"large": "https://s3.anilist.co/media/anime/cover/medium/15195.jpg", "medium": "https://s3.anilist.co/media/anime/cover/small/15195.jpg"}, "bannerImage": null, "isAdult": false, "format": "ONA"}, {"id": 15197, "title": {"romaji": "Code Geass: Boukoku no Akito 2 - Hikisakareshi Yokuryuu", "english": "Code Geass: Akito the Exiled - The Wyvern Divided"}, "type": "ANIME", "status": "FINISHED", "description": "With her previous triumphs under her belt, Leila Malcal has now been promoted to Lieutenant Colonel and commanding officer of W-0. After having foiled an attempt to kidnap the General of the European army, she recruits the three perpetrators in order to make up for the lack of W-0's pilots. Ayano Kosaka, Yukiya Naruse, and ringleader Ryou Sayama accept, in hopes of finding a place to belong. When they are ordered to perform a commando raid by dropping into enemy lines, Leila decides to join them to prevent unnecessary casualties.\n<br><br>\nAs the unit rushes into the fight, Akito finds himself possessed by an uncontrollable lust for violence, slaughtering anyone that gets in his way. Little does he know, he is soon to come face to face with the one responsible for placing the bloodthirsty curse upon him, someone he is far too familiar with...\n<br><br>\n(Source: MAL rewrite)", "startDate": {"year": 2013, "month": 9, "day": 14}, "endDate": {"year": 2013, "month": 9, "day": 14}, "season": "FALL", "episodes": 1, "duration": 56, "genres": ["Action", "Mecha"], "averageScore": 73, "trending": 2, "popularity": 7076, "streamingEpisodes": [], "coverImage": {"large": "https://s3.anilist.co/media/anime/cover/medium/15197.jpg", "medium": "https://s3.anilist.co/media/anime/cover/small/15197.jpg"}, "bannerImage": "https://s3.anilist.co/media/anime/banner/15197-OSkcwbwXkSjn.jpg", "isAdult": false, "format": "OVA"}, {"id": 15199, "title": {"romaji": "Code Geass: Boukoku no Akito 3 - Kagayakumono Ten Yori Otsu", "english": "Code Geass: Akito the Exiled - The Brightness Falls"}, "type": "ANIME", "status": "FINISHED", "description": "After discovering the face of their true enemy\u2014someone who is related to Akito and responsible for the Geass placed upon him\u2014W-0 attempts to return to their base at Castle Weisswolf. However, stranded in Warsaw due to a complication involving their military identification, they are forced to accept the help of local gypsies, allowing the squad to take some time to deepen their bonds.\n<br><br>\nMeanwhile, Britannian advisor Julius Kingsley and his guard Suzaku Kururugi begin working together with the Knights of St. Michael in order to crush the European resistance once and for all, armed with the destructive power of a giant weapon known as the Ark Fleet.\n<br><br>\n(Source: MAL rewrite)", "startDate": {"year": 2015, "month": 5, "day": 2}, "endDate": {"year": null, "month": null, "day": null}, "season": "SPRING", "episodes": 1, "duration": 59, "genres": ["Action", "Mecha"], "averageScore": 70, "trending": 1, "popularity": 5889, "streamingEpisodes": [], "coverImage": {"large": "https://s3.anilist.co/media/anime/cover/medium/15199.jpg", "medium": "https://s3.anilist.co/media/anime/cover/small/15199.jpg"}, "bannerImage": "https://s3.anilist.co/media/anime/banner/15199-TCpFRD98AiJ7.jpg", "isAdult": false, "format": "OVA"}, {"id": 15201, "title": {"romaji": "Code Geass: Boukoku no Akito 4 - Nikushimi no Kioku Kara", "english": "Code Geass: Akito the Exiled - Memories of Hatred"}, "type": "ANIME", "status": "FINISHED", "description": "While W-0 is away, Leila and the remaining crew at base find themselves surrounded by Britannian Knightmares. Piloting the Vercingetorix, Shin Hyuuga leads the enemy charge, having usurped the position of Grand Master in the Knights of St. Michael. With her core members unavailable, it's up to Leila to protect her comrades, but this may be much tougher than she realizes: a spy lurking among them is finally ready to reveal himself.\n<br><br>\nLeft with no choice but to surrender, Leila arranges a meeting with Shin in order to ensure the safety of her squad. But as negotiations begin to fall apart, Akito and an unexpected ally return in the nick of time to turn things around.\n<br><br>\n(Source: MAL rewrite)", "startDate": {"year": 2015, "month": 7, "day": 4}, "endDate": {"year": null, "month": null, "day": null}, "season": "SUMMER", "episodes": 1, "duration": 59, "genres": ["Action", "Mecha"], "averageScore": 69, "trending": 1, "popularity": 5339, "streamingEpisodes": [], "coverImage": {"large": "https://s3.anilist.co/media/anime/cover/medium/15201-xNM03OAG8V3E.jpg", "medium": "https://s3.anilist.co/media/anime/cover/small/15201-xNM03OAG8V3E.jpg"}, "bannerImage": "https://s3.anilist.co/media/anime/banner/15201-B681oTkvmflE.jpg", "isAdult": false, "format": "OVA"}, {"id": 15211, "title": {"romaji": "Nazotoki-hime wa Meitantei\u2665", "english": null}, "type": "ANIME", "status": "FINISHED", "description": "The story centers around Hinami, a bookish, eyeglasses-wearing girl, and her two friends. When there is a mystery to solve, she transforms into the clever Nazotoki-hime (literally, Princess Mystery Time). <br><br>\n(Source: ANN) ", "startDate": {"year": 2012, "month": 8, "day": 3}, "endDate": {"year": 2012, "month": 8, "day": 3}, "season": "SUMMER", "episodes": 1, "duration": null, "genres": ["Mystery"], "averageScore": null, "trending": 0, "popularity": 32, "streamingEpisodes": [], "coverImage": {"large": "https://s3.anilist.co/media/anime/cover/medium/15211.jpg", "medium": "https://s3.anilist.co/media/anime/cover/small/15211.jpg"}, "bannerImage": null, "isAdult": false, "format": "OVA"}, {"id": 15219, "title": {"romaji": ".hack//Versus: The Thanatos Report", "english": null}, "type": "ANIME", "status": "FINISHED", "description": "Bundled along with a free game, .hack//Versus, on the .hack//Sekai no Mukou ni Blu-ray disc, is a special called \"The Thanatos Report\". This special connects the events of the game with the events of the movie and \"reveal the last truth\". The protagonist of the special is Dave; a character who also appears in the main movie. The special takes place in both 2024 (the year in which the movie takes place) and 2025 (the year in which the game .hack//Versus takes place). <br><br>\n(Source: AnimeReviews.co) ", "startDate": {"year": 2012, "month": 6, "day": 28}, "endDate": {"year": 2012, "month": 6, "day": 28}, "season": "SUMMER", "episodes": 1, "duration": 21, "genres": ["Action", "Sci-Fi"], "averageScore": 57, "trending": 0, "popularity": 542, "streamingEpisodes": [], "coverImage": {"large": "https://s3.anilist.co/media/anime/cover/medium/15219.jpg", "medium": "https://s3.anilist.co/media/anime/cover/small/15219.jpg"}, "bannerImage": null, "isAdult": false, "format": "SPECIAL"}, {"id": 15225, "title": {"romaji": "Hentai Ouji to Warawanai Neko.", "english": "HENNEKO \u2013 The Hentai Prince and the Stony Cat -"}, "type": "ANIME", "status": "FINISHED", "description": "Youto Yokodera is always thinking about his carnal desires, but no one acknowledges him as a pervert. He learns about a cat statue that supposedly grants wishes. The boy goes to pray that he will be able to express his lustful thoughts whenever and wherever he wants. At the statue, Youto encounters Tsukiko Tsutsukakushi, a girl from his high school with her own wish\u2014that she would not display her real intentions so readily.<br><br>\r\n(Source: ANN)", "startDate": {"year": 2013, "month": 4, "day": 13}, "endDate": {"year": 2013, "month": 6, "day": 29}, "season": "SPRING", "episodes": 12, "duration": 24, "genres": ["Comedy", "Romance", "Supernatural"], "averageScore": 70, "trending": 2, "popularity": 22343, "streamingEpisodes": [{"title": "PV", "url": "http://www.crunchyroll.com/henneko-the-hentai-prince-and-the-stony-cat-/henneko-the-hentai-prince-and-the-stony-cat-pv-623127"}, {"title": "Episode 1 - Hentai-san and the Stony Cat", "url": "http://www.crunchyroll.com/henneko-the-hentai-prince-and-the-stony-cat-/episode-1-hentai-san-and-the-stony-cat-623199"}, {"title": "Episode 2 - Fairy-san Doesn't Get Angry", "url": "http://www.crunchyroll.com/henneko-the-hentai-prince-and-the-stony-cat-/episode-2-fairy-san-doesnt-get-angry-623201"}, {"title": "Episode 3 - Speak Before Getting Sad", "url": "http://www.crunchyroll.com/henneko-the-hentai-prince-and-the-stony-cat-/episode-3-speak-before-getting-sad-623203"}, {"title": "Episode 4 - How to Defeat the Carefree King", "url": "http://www.crunchyroll.com/henneko-the-hentai-prince-and-the-stony-cat-/episode-4-how-to-defeat-the-carefree-king-623205"}, {"title": "Episode 5 - Goodbye, My Home", "url": "http://www.crunchyroll.com/henneko-the-hentai-prince-and-the-stony-cat-/episode-5-goodbye-my-home-623207"}, {"title": "Episode 6 - Welcome, My Friend", "url": "http://www.crunchyroll.com/henneko-the-hentai-prince-and-the-stony-cat-/episode-6-welcome-my-friend-623209"}, {"title": "Episode 7 - Someday My Family", "url": "http://www.crunchyroll.com/henneko-the-hentai-prince-and-the-stony-cat-/episode-7-someday-my-family-623211"}, {"title": "Episode 8 - 100% Girl", "url": "http://www.crunchyroll.com/henneko-the-hentai-prince-and-the-stony-cat-/episode-8-100-girl-623213"}, {"title": "Episode 9 - The Lucky Prince", "url": "http://www.crunchyroll.com/henneko-the-hentai-prince-and-the-stony-cat-/episode-9-the-lucky-prince-623215"}, {"title": "Episode 10 - To Have Felt the Longest", "url": "http://www.crunchyroll.com/henneko-the-hentai-prince-and-the-stony-cat-/episode-10-to-have-felt-the-longest-623217"}, {"title": "Episode 11 - Inside Tsutsukakushi-san's House", "url": "http://www.crunchyroll.com/henneko-the-hentai-prince-and-the-stony-cat-/episode-11-inside-tsutsukakushi-sans-house-623219"}, {"title": "Episode 12 - Outside the Hentai Prince's Memories", "url": "http://www.crunchyroll.com/henneko-the-hentai-prince-and-the-stony-cat-/episode-12-outside-the-hentai-princes-memories-623221"}], "coverImage": {"large": "https://s3.anilist.co/media/anime/cover/medium/15225.jpg", "medium": "https://s3.anilist.co/media/anime/cover/small/15225.jpg"}, "bannerImage": "https://s3.anilist.co/media/anime/banner/15225.jpg", "isAdult": false, "format": "TV"}, {"id": 15227, "title": {"romaji": "Kono Sekai no Katasumi ni", "english": "In This Corner of the World"}, "type": "ANIME", "status": "FINISHED", "description": "The award-winning story of \"In This Corner of the World\" follows a young lady named Suzu Urano, who in 1944 moves to the small town of Kure in Hiroshima to live with her husband's family. Suzu's life is thrown into chaos when her town is bombed during World War II. Her perseverance and courage underpin this heart-warming and inspirational tale of the everyday challenges faced by the Japanese in the midst of a violent, war-torn country. This beautiful yet poignant tale shows that even in the face of adversity and loss, people can come together and rebuild their lives.<br>\n<br>\n(Source: Shout! Factory)", "startDate": {"year": 2016, "month": 11, "day": 12}, "endDate": {"year": 2016, "month": 11, "day": 12}, "season": "FALL", "episodes": 1, "duration": 130, "genres": ["Drama"], "averageScore": 81, "trending": 0, "popularity": 7396, "streamingEpisodes": [], "coverImage": {"large": "https://s3.anilist.co/media/anime/cover/medium/15227-euOI28ObeK9W.jpg", "medium": "https://s3.anilist.co/media/anime/cover/small/15227-euOI28ObeK9W.jpg"}, "bannerImage": "https://s3.anilist.co/media/anime/banner/15227-yQXL90tfOpRO.jpg", "isAdult": false, "format": "MOVIE"}, {"id": 15279, "title": {"romaji": "Kira Kira 5th Anniversary Live Anime: Kick Start Generation", "english": null}, "type": "ANIME", "status": "FINISHED", "description": "Based on the visual novel by Overdrive. <br><br>\nThe what-if story reunites the Second Literature Club Band members Kirari, Chie, Shikanosuke, and Sarina, several months after the concert in the d2b vs Deardrops ~Cross the Future~ fan disk. <br><br>\n(Source: ANN) ", "startDate": {"year": 2013, "month": 3, "day": 27}, "endDate": {"year": 2013, "month": 3, "day": 27}, "season": "SPRING", "episodes": 1, "duration": null, "genres": ["Music"], "averageScore": 56, "trending": 0, "popularity": 267, "streamingEpisodes": [], "coverImage": {"large": "https://s3.anilist.co/media/anime/cover/medium/15279.jpg", "medium": "https://s3.anilist.co/media/anime/cover/small/15279.jpg"}, "bannerImage": null, "isAdult": false, "format": "OVA"}, {"id": 15291, "title": {"romaji": "Hyakujitsu no Bara Specials", "english": "Maiden Rose Specials"}, "type": "ANIME", "status": "FINISHED", "description": "Specials included in the OVA of Hyakujitsu no Bara.", "startDate": {"year": 2009, "month": 5, "day": 29}, "endDate": {"year": 2009, "month": 10, "day": 23}, "season": "SPRING", "episodes": 2, "duration": 5, "genres": [], "averageScore": 59, "trending": 0, "popularity": 337, "streamingEpisodes": [], "coverImage": {"large": "https://s3.anilist.co/media/anime/cover/medium/15291.jpg", "medium": "https://s3.anilist.co/media/anime/cover/small/15291.jpg"}, "bannerImage": null, "isAdult": false, "format": "SPECIAL"}, {"id": 15307, "title": {"romaji": "Smile Precure! Movie: Ehon no Naka wa Minna Chiguhagu!", "english": null}, "type": "ANIME", "status": "FINISHED", "description": "The movie transports the Precure into a world inside a picture book, where they are guided by Nico, a mysterious inhabitant of the picture book world.", "startDate": {"year": 2012, "month": 10, "day": 27}, "endDate": {"year": 2012, "month": 10, "day": 27}, "season": "FALL", "episodes": 1, "duration": 71, "genres": ["Fantasy", "Mahou Shoujo"], "averageScore": 66, "trending": 0, "popularity": 449, "streamingEpisodes": [], "coverImage": {"large": "https://s3.anilist.co/media/anime/cover/medium/15307.jpg", "medium": "https://s3.anilist.co/media/anime/cover/small/15307.jpg"}, "bannerImage": null, "isAdult": false, "format": "MOVIE"}, {"id": 15313, "title": {"romaji": "Wooser no Sono Higurashi", "english": "Wooser's Hand-to-Mouth Life"}, "type": "ANIME", "status": "FINISHED", "description": "3D shorts centered around Wooser, a mysterious mascot character whose charming appearance belies a corrupt heart. <br><br>\n(Source: ANN) ", "startDate": {"year": 2012, "month": 10, "day": 3}, "endDate": {"year": 2012, "month": 12, "day": 19}, "season": "FALL", "episodes": 12, "duration": 4, "genres": ["Fantasy"], "averageScore": 57, "trending": 0, "popularity": 1329, "streamingEpisodes": [{"title": "Episode 1 - Meat and Pandas and Wooser", "url": "http://www.crunchyroll.com/woosers-hand-to-mouth-life/episode-1-meat-and-pandas-and-wooser-616023"}, {"title": "Episode 2 - Stars and Rock and Wooser", "url": "http://www.crunchyroll.com/woosers-hand-to-mouth-life/episode-2-stars-and-rock-and-wooser-616025"}, {"title": "Episode 3 - Wealth and Power and Wooser", "url": "http://www.crunchyroll.com/woosers-hand-to-mouth-life/episode-3-wealth-and-power-and-wooser-616027"}, {"title": "Episode 4 - Moe and Check it Out and Wooser", "url": "http://www.crunchyroll.com/woosers-hand-to-mouth-life/episode-4-moe-and-check-it-out-and-wooser-616029"}, {"title": "Episode 5 - Bears and Gourmet and Wooser", "url": "http://www.crunchyroll.com/woosers-hand-to-mouth-life/episode-5-bears-and-gourmet-and-wooser-616031"}, {"title": "Episode 6 - Sea and Swimsuits and Wooser", "url": "http://www.crunchyroll.com/woosers-hand-to-mouth-life/episode-6-sea-and-swimsuits-and-wooser-616033"}, {"title": "Episode 7 - Forests and Baths and Wooser", "url": "http://www.crunchyroll.com/woosers-hand-to-mouth-life/episode-7-forests-and-baths-and-wooser-616035"}, {"title": "Episode 8 - Boredom and Machines and Wooser", "url": "http://www.crunchyroll.com/woosers-hand-to-mouth-life/episode-8-boredom-and-machines-and-wooser-616037"}, {"title": "Episode 9 - Bugs and Masks and Wooser", "url": "http://www.crunchyroll.com/woosers-hand-to-mouth-life/episode-9-bugs-and-masks-and-wooser-616039"}, {"title": "Episode 10 - Money and Magic and Wooser", "url": "http://www.crunchyroll.com/woosers-hand-to-mouth-life/episode-10-money-and-magic-and-wooser-616041"}, {"title": "Episode 11 - Ghosts and Opera and Wooser", "url": "http://www.crunchyroll.com/woosers-hand-to-mouth-life/episode-11-ghosts-and-opera-and-wooser-616043"}, {"title": "Episode 12 - Love and Goodbyes and Wooser", "url": "http://www.crunchyroll.com/woosers-hand-to-mouth-life/episode-12-love-and-goodbyes-and-wooser-616045"}], "coverImage": {"large": "https://s3.anilist.co/media/anime/cover/medium/15313.jpg", "medium": "https://s3.anilist.co/media/anime/cover/small/15313.jpg"}, "bannerImage": null, "isAdult": false, "format": "TV_SHORT"}, {"id": 15315, "title": {"romaji": "Mondaiji-tachi ga Isekai kara Kuru sou desu yo?", "english": "Problem Children Are Coming From Another World, Aren't They?"}, "type": "ANIME", "status": "FINISHED", "description": "Izayoi Sakamaki, Asuka Kudou, and You Kasugabe have tremendous psychic powers and are bored with the regular world. An envelope arrives for each person, and when each opens their envelope, they are stunned to see the scenery around them change to a world they had never encountered before. They've been summoned by the Black Rabbit to help the community \"No Name\" to overthrow the Devil King.<br><br>\r\n(Source: Crunchyroll)", "startDate": {"year": 2013, "month": 1, "day": 12}, "endDate": {"year": 2013, "month": 3, "day": 16}, "season": "WINTER", "episodes": 10, "duration": 23, "genres": ["Action", "Comedy", "Fantasy", "Supernatural"], "averageScore": 74, "trending": 1, "popularity": 23604, "streamingEpisodes": [{"title": "Preview", "url": "http://www.crunchyroll.com/problem-children-are-coming-from-another-world-arent-they/problem-children-are-coming-from-another-world-arent-they-preview-617253"}, {"title": "Episode 1 - Problem Children are Coming from Another World, Aren't They?", "url": "http://www.crunchyroll.com/problem-children-are-coming-from-another-world-arent-they/episode-1-problem-children-are-coming-from-another-world-arent-they-617181"}, {"title": "Episode 2 - Seems Like a Crazy Loli Clad in Japanese Clothing?", "url": "http://www.crunchyroll.com/problem-children-are-coming-from-another-world-arent-they/episode-2-seems-like-a-crazy-loli-clad-in-japanese-clothing-617933"}, {"title": "Episode 3 - Sounds Like We're Doing All Sorts of Stuff in the Bath   Together?", "url": "http://www.crunchyroll.com/problem-children-are-coming-from-another-world-arent-they/episode-3-sounds-like-were-doing-all-sorts-of-stuff-in-the-bath-together-617935"}, {"title": "Episode 4 - It Seems Some Pervert is After Black Rabbit?", "url": "http://www.crunchyroll.com/problem-children-are-coming-from-another-world-arent-they/episode-4-it-seems-some-pervert-is-after-black-rabbit-617937"}, {"title": "Episode 5 - The Oath Seems to be Beyond the Stars?", "url": "http://www.crunchyroll.com/problem-children-are-coming-from-another-world-arent-they/episode-5-the-oath-seems-to-be-beyond-the-stars-617939"}, {"title": "Episode 6 - Looks Like the Problem Children are Participating in a Festival?", "url": "http://www.crunchyroll.com/problem-children-are-coming-from-another-world-arent-they/episode-6-looks-like-the-problem-children-are-participating-in-a-festival-617941"}, {"title": "Episode 7 - Someone Might Get All Kissy with Asuka in the Dark?", "url": "http://www.crunchyroll.com/problem-children-are-coming-from-another-world-arent-they/episode-7-someone-might-get-all-kissy-with-asuka-in-the-dark-617943"}, {"title": "Episode 8 - It Seems That a Great Disaster Will Come With the Playing of a Flute?", "url": "http://www.crunchyroll.com/problem-children-are-coming-from-another-world-arent-they/episode-8-it-seems-that-a-great-disaster-will-come-with-the-playing-of-a-flute-617945"}, {"title": "Episode 9 - It Seems That the Smell of Death That Brings About Disaster Is Growing Throughout the Town?", "url": "http://www.crunchyroll.com/problem-children-are-coming-from-another-world-arent-they/episode-9-it-seems-that-the-smell-of-death-that-brings-about-disaster-is-growing-throughout-the-town-617947"}, {"title": "Episode 10 - It Seems That the Problem Children Prove Who's On Top?", "url": "http://www.crunchyroll.com/problem-children-are-coming-from-another-world-arent-they/episode-10-it-seems-that-the-problem-children-prove-whos-on-top-617949"}], "coverImage": {"large": "https://s3.anilist.co/media/anime/cover/medium/15315.jpg", "medium": "https://s3.anilist.co/media/anime/cover/small/15315.jpg"}, "bannerImage": "https://s3.anilist.co/media/anime/banner/15315.jpg", "isAdult": false, "format": "TV"}, {"id": 15323, "title": {"romaji": "One Piece: Episode of Nami - Koukaishi no Namida to Nakama no Kizuna", "english": "Episode of Nami: Tears of a Navigator and the Bonds of Friends"}, "type": "ANIME", "status": "FINISHED", "description": "A retelling of the Arlong Park arc, with new animation.", "startDate": {"year": 2012, "month": 8, "day": 25}, "endDate": {"year": 2012, "month": 8, "day": 25}, "season": "SUMMER", "episodes": 1, "duration": 105, "genres": ["Action", "Adventure", "Comedy", "Drama", "Fantasy"], "averageScore": 79, "trending": 0, "popularity": 2737, "streamingEpisodes": [], "coverImage": {"large": "https://s3.anilist.co/media/anime/cover/medium/15323.jpg", "medium": "https://s3.anilist.co/media/anime/cover/small/15323.jpg"}, "bannerImage": "https://s3.anilist.co/media/anime/banner/15323-zrax5OGlGepE.png", "isAdult": false, "format": "SPECIAL"}, {"id": 15325, "title": {"romaji": "Dakara Boku wa, H ga Dekinai. Recap", "english": "So"}, "type": "ANIME", "status": "FINISHED", "description": "Recap episode aired between episodes 7 and 8. ", "startDate": {"year": 2012, "month": 8, "day": 24}, "endDate": {"year": 2012, "month": 8, "day": 24}, "season": "SUMMER", "episodes": 1, "duration": 24, "genres": ["Comedy", "Ecchi", "Romance", "Supernatural"], "averageScore": 59, "trending": 0, "popularity": 1409, "streamingEpisodes": [], "coverImage": {"large": "https://s3.anilist.co/media/anime/cover/medium/15325.jpg", "medium": "https://s3.anilist.co/media/anime/cover/small/15325.jpg"}, "bannerImage": null, "isAdult": false, "format": "SPECIAL"}, {"id": 15335, "title": {"romaji": "Gintama: Kanketsu-hen - Yorozuya yo Eien Nare", "english": "Gintama: The Final Chapter - Be Forever Yorozuya"}, "type": "ANIME", "status": "FINISHED", "description": "The second Gintama movie. Features an original plot written by the manga author, Hideaki Sorachi.", "startDate": {"year": 2013, "month": 7, "day": 6}, "endDate": {"year": 2013, "month": 7, "day": 6}, "season": "SUMMER", "episodes": 1, "duration": 110, "genres": ["Action", "Comedy", "Sci-Fi"], "averageScore": 88, "trending": 0, "popularity": 8118, "streamingEpisodes": [], "coverImage": {"large": "https://s3.anilist.co/media/anime/cover/medium/15335.jpg", "medium": "https://s3.anilist.co/media/anime/cover/small/15335.jpg"}, "bannerImage": "https://s3.anilist.co/media/anime/banner/15335-uARkRgyx8adp.jpg", "isAdult": false, "format": "MOVIE"}, {"id": 15347, "title": {"romaji": "Meitantei Holmes: Aoi Ruby no Maki / Kaitei no Zaihou no Maki", "english": "Sherlock Hound: The Adventure of the Blue Carbuncle / Treasure Under the Sea"}, "type": "ANIME", "status": "FINISHED", "description": "The famous blue ruby is stolen in such an elaborate way, that only one villain can be suspected - Professor Moriarty. It is up to Sherlock Holmes to return it and, in the process, to turn a young pick-pocket on the right path. In the second part, Moriarty sets his sights even higher, stealing a top-secret submarine from the Navy. What does he need it for? Holmes is once again on the trail.<br><br>\n(Source: BakaBT)", "startDate": {"year": 1984, "month": 3, "day": 11}, "endDate": {"year": 1984, "month": 3, "day": 11}, "season": "SPRING", "episodes": 1, "duration": 46, "genres": ["Adventure", "Comedy", "Mystery"], "averageScore": null, "trending": 0, "popularity": 97, "streamingEpisodes": [], "coverImage": {"large": "https://s3.anilist.co/media/anime/cover/medium/15347.jpg", "medium": "https://s3.anilist.co/media/anime/cover/small/15347.jpg"}, "bannerImage": "https://s3.anilist.co/media/anime/banner/15347-GGc0nclRQjng.jpg", "isAdult": false, "format": "MOVIE"}, {"id": 15359, "title": {"romaji": "Kyousougiga (2012)", "english": null}, "type": "ANIME", "status": "FINISHED", "description": "Three kids are stuck in a strange city causing massive mayhem through the land. They are searching for an atypical rabbit in order to return home. Koto, the eldest of the three, seems to have some sort of connection to this weird place ruled by a monk, a demon, and a priest.", "startDate": {"year": 2012, "month": 8, "day": 31}, "endDate": {"year": 2012, "month": 12, "day": 22}, "season": "SUMMER", "episodes": 5, "duration": 10, "genres": ["Action", "Fantasy", "Supernatural"], "averageScore": 69, "trending": 0, "popularity": 3328, "streamingEpisodes": [], "coverImage": {"large": "https://s3.anilist.co/media/anime/cover/medium/15359.jpg", "medium": "https://s3.anilist.co/media/anime/cover/small/15359.jpg"}, "bannerImage": "https://s3.anilist.co/media/anime/banner/15359.jpg", "isAdult": false, "format": "ONA"}, {"id": 15377, "title": {"romaji": "Hyakka Ryouran: Samurai Bride", "english": "Samurai Bride"}, "type": "ANIME", "status": "FINISHED", "description": "Second season of Hyakka Ryoran: Samurai Girls. ", "startDate": {"year": 2013, "month": 4, "day": 5}, "endDate": {"year": 2013, "month": 6, "day": 21}, "season": "SPRING", "episodes": 12, "duration": 24, "genres": ["Action", "Comedy", "Ecchi", "Romance"], "averageScore": 63, "trending": 0, "popularity": 5199, "streamingEpisodes": [], "coverImage": {"large": "https://s3.anilist.co/media/anime/cover/medium/15377.jpg", "medium": "https://s3.anilist.co/media/anime/cover/small/15377.jpg"}, "bannerImage": null, "isAdult": false, "format": "TV"}, {"id": 15379, "title": {"romaji": "Kotoura-san", "english": "The Troubled Life of Miss Kotoura"}, "type": "ANIME", "status": "FINISHED", "description": "A school love comedy. Kotoura Haruka is a 15-year-old girl who can read people's minds. She has been suffering from troubles caused by her mind-reading ability, and her parents got divorced as a result. She moves to a new high school but tries to keep away from her classmates. Manabe Yoshihisa, one of her classmates, accepts and appreciates her ability and she begins to interact with her friends with his help. <br><br>\n(Source: MAL)", "startDate": {"year": 2013, "month": 1, "day": 11}, "endDate": {"year": 2013, "month": 3, "day": 29}, "season": "WINTER", "episodes": 12, "duration": 23, "genres": ["Comedy", "Drama", "Romance"], "averageScore": 68, "trending": 0, "popularity": 14587, "streamingEpisodes": [{"title": "Episode 1 - Kotoura-san and Manabe-kun", "url": "http://www.crunchyroll.com/kotoura-san/episode-1-kotoura-san-and-manabe-kun-617183"}, {"title": "Episode 2 - The First......", "url": "http://www.crunchyroll.com/kotoura-san/episode-2-the-first-617461"}, {"title": "Episode 3 - So Happy, So Fun", "url": "http://www.crunchyroll.com/kotoura-san/episode-3-so-happy-so-fun-617463"}, {"title": "Episode 4 - Changing World", "url": "http://www.crunchyroll.com/kotoura-san/episode-4-changing-world-617465"}, {"title": "Episode 5 - School Paradise?", "url": "http://www.crunchyroll.com/kotoura-san/episode-5-school-paradise-617467"}, {"title": "Episode 6 - Summer Vacation!", "url": "http://www.crunchyroll.com/kotoura-san/episode-6-summer-vacation-617469"}, {"title": "Episode 7 - In This World, I...", "url": "http://www.crunchyroll.com/kotoura-san/episode-7-in-this-world-i-617471"}, {"title": "Episode 8 - It's Not a Date", "url": "http://www.crunchyroll.com/kotoura-san/episode-8-its-not-a-date-617473"}, {"title": "Episode 9 - Everyone is Around Me", "url": "http://www.crunchyroll.com/kotoura-san/episode-9-everyone-is-around-me-617475"}, {"title": "Episode 10 - But You're Not Here", "url": "http://www.crunchyroll.com/kotoura-san/episode-10-but-youre-not-here-617477"}, {"title": "Episode 11 - Stand By Me", "url": "http://www.crunchyroll.com/kotoura-san/episode-11-stand-by-me-617479"}, {"title": "Episode 12 - The Things I Want to Tell You", "url": "http://www.crunchyroll.com/kotoura-san/episode-12-the-things-i-want-to-tell-you-617481"}], "coverImage": {"large": "https://s3.anilist.co/media/anime/cover/medium/15379.jpg", "medium": "https://s3.anilist.co/media/anime/cover/small/15379.jpg"}, "bannerImage": "https://s3.anilist.co/media/anime/banner/15379.jpg", "isAdult": false, "format": "TV"}, {"id": 15389, "title": {"romaji": "Kremlin", "english": null}, "type": "ANIME", "status": "FINISHED", "description": "A gag, flash animation comedy that centers around a purported college student named Haruo \"Cat\" Kyattsuyama who only went to his school, the low-tier Kunekune College, once. One day, he sees a cute Russian Blue cat named Kan-u abandoned in a cardboard box on the roadside somewhere in Japan. Kyattsuyama pretends not to see the cat, and continues to do so for an entire year. Surprisingly, no one has shown up to try to save the cat, so Kyattsuyama finally decides to pick the cat up \u2014 however, by then, there are now three Russian Blue cats instead of just one. Kyattsuyama asked the cats for their names, and they all said \"Kan-u.\" <br><br>\r\nThe anime shorts are inspired by Kaoru Curry-zawa's \"Kremlin\" cat gag comedy manga. <br><br>\r\n(Source: ANN) ", "startDate": {"year": 2012, "month": 9, "day": 14}, "endDate": {"year": 2013, "month": 2, "day": 22}, "season": "FALL", "episodes": 5, "duration": 2, "genres": ["Comedy"], "averageScore": null, "trending": 0, "popularity": 102, "streamingEpisodes": [], "coverImage": {"large": "https://s3.anilist.co/media/anime/cover/medium/15389.jpg", "medium": "https://s3.anilist.co/media/anime/cover/small/15389.jpg"}, "bannerImage": null, "isAdult": false, "format": "ONA"}, {"id": 15391, "title": {"romaji": "Kagaku na Yatsura", "english": null}, "type": "ANIME", "status": "FINISHED", "description": "A \"science trouble\" romantic comedy OVA bundled with the manga's fourth volume. It follows a high school boy named Komaba Haruki and his two girl friends: the cyborg girl Airi, and the half-dog girl Ayana. The two go to extremes with the power of science, which only gets Haruki involved in ecchi troubles. <br><br>\n(Source: ANN, MAL news) ", "startDate": {"year": 2013, "month": 2, "day": 20}, "endDate": {"year": 2013, "month": 2, "day": 20}, "season": "WINTER", "episodes": 1, "duration": 26, "genres": ["Comedy", "Ecchi", "Romance", "Sci-Fi"], "averageScore": 49, "trending": 0, "popularity": 1588, "streamingEpisodes": [], "coverImage": {"large": "https://s3.anilist.co/media/anime/cover/medium/nx15391-zPs6buo9bIlW.jpg", "medium": "https://s3.anilist.co/media/anime/cover/small/nx15391-zPs6buo9bIlW.jpg"}, "bannerImage": null, "isAdult": false, "format": "OVA"}, {"id": 15393, "title": {"romaji": "Sakura no Ondo", "english": null}, "type": "ANIME", "status": "FINISHED", "description": "Original animated movie by ufotable. Screened at the studio's cinema and at the Sapporo short film festival. ", "startDate": {"year": 2011, "month": 10, "day": 29}, "endDate": {"year": null, "month": null, "day": null}, "season": "FALL", "episodes": 1, "duration": 21, "genres": [], "averageScore": null, "trending": 0, "popularity": 423, "streamingEpisodes": [], "coverImage": {"large": "https://s3.anilist.co/media/anime/cover/medium/15393.jpg", "medium": "https://s3.anilist.co/media/anime/cover/small/15393.jpg"}, "bannerImage": null, "isAdult": false, "format": "MOVIE"}, {"id": 15399, "title": {"romaji": "The Siamese: First Mission", "english": null}, "type": "ANIME", "status": "FINISHED", "description": "June and Naomi are a pair of two attractive women who both work as radio station DJs by day, but when night falls they are elite counter-terrorism agents under the code name The Siamese Cats. <br><br>\n(Source: ANN) ", "startDate": {"year": 2001, "month": 10, "day": 6}, "endDate": {"year": 2001, "month": 10, "day": 6}, "season": "FALL", "episodes": 1, "duration": 90, "genres": ["Action"], "averageScore": null, "trending": 0, "popularity": 35, "streamingEpisodes": [], "coverImage": {"large": "https://s3.anilist.co/media/anime/cover/medium/15399.jpg", "medium": "https://s3.anilist.co/media/anime/cover/small/15399.jpg"}, "bannerImage": null, "isAdult": false, "format": "MOVIE"}, {"id": 15407, "title": {"romaji": "Magical Suite Prism Nana", "english": null}, "type": "ANIME", "status": "RELEASING", "description": "In a future not too distant from ours, Nanagoo City is a beautiful city in Japan surrounded by mountains and ocean-sides. The sensitive, adolescent girls who live there are each opening up doors to their own, unique possibilities. No one wants to forget the path they take to adulthood.<br>\n<br>\n(Source: ANN)", "startDate": {"year": 2015, "month": 11, "day": 29}, "endDate": {"year": null, "month": null, "day": null}, "season": "FALL", "episodes": 7, "duration": 30, "genres": ["Mahou Shoujo", "Fantasy", "Action"], "averageScore": null, "trending": 0, "popularity": 1377, "streamingEpisodes": [], "coverImage": {"large": "https://s3.anilist.co/media/anime/cover/medium/15407.jpg", "medium": "https://s3.anilist.co/media/anime/cover/small/15407.jpg"}, "bannerImage": null, "isAdult": false, "format": "OVA"}, {"id": 15409, "title": {"romaji": "Oyakodon: Oppai Tokumori Bonyuu Tsuyudaku de", "english": null}, "type": "ANIME", "status": "FINISHED", "description": "Special Limited Edition OVA produced by the manga publisher Toranoana. <br><br>\n(Source: AniDB) ", "startDate": {"year": 2012, "month": 8, "day": 10}, "endDate": {"year": 2012, "month": 8, "day": 10}, "season": "SUMMER", "episodes": 1, "duration": 30, "genres": ["Hentai"], "averageScore": 56, "trending": 0, "popularity": 345, "streamingEpisodes": [], "coverImage": {"large": "https://s3.anilist.co/media/anime/cover/medium/15409.jpg", "medium": "https://s3.anilist.co/media/anime/cover/small/15409.jpg"}, "bannerImage": null, "isAdult": true, "format": "OVA"}, {"id": 15411, "title": {"romaji": "Arcana Famiglia: Capriccio - stile Arcana Famiglia", "english": null}, "type": "ANIME", "status": "FINISHED", "description": "An unaired episode of Arcana Famiglia. ", "startDate": {"year": 2013, "month": 3, "day": 27}, "endDate": {"year": 2013, "month": 3, "day": 27}, "season": "SPRING", "episodes": 1, "duration": null, "genres": ["Romance"], "averageScore": 63, "trending": 0, "popularity": 1286, "streamingEpisodes": [], "coverImage": {"large": "https://s3.anilist.co/media/anime/cover/medium/15411.jpg", "medium": "https://s3.anilist.co/media/anime/cover/small/15411.jpg"}, "bannerImage": null, "isAdult": false, "format": "OVA"}]}}}