{"data": {"Page": {"pageInfo": {"total": 12297, "hasNextPage": true}, "media": [{"id": 10379, "title": {"romaji": "Natsume Yuujinchou San", "english": "Natsume's Book of Friends Three"}, "type": "ANIME", "status": "FINISHED", "description": "Natsume Yuujinchou San is the sequel to Zoku Natsume Yuujinchou and is the third season in the Natsume Yuujinchou series.<br><br>\nNatsume Yuujinchou San follows Takashi Natsume, a boy who is able to see youkai. Natsume and his bodyguard Nyanko-sensei continue on their quest to release youkai from their contracts in the Book of Friends.<br><br>\nNatsume comes to terms with his ability to see youkai and stops thinking of it as a curse. As he spends more time with his human and youkai friends, he realizes how much he values them both and decides he doesn't have to choose between the spirit and human worlds to be happy.<br><br>\n[Written by MAL Rewrite]", "startDate": {"year": 2011, "month": 7, "day": 5}, "endDate": {"year": 2011, "month": 9, "day": 27}, "season": "SUMMER", "episodes": 13, "duration": 24, "genres": ["Drama", "Fantasy", "Slice of Life", "Supernatural"], "averageScore": 84, "trending": 0, "popularity": 10272, "streamingEpisodes": [{"title": "Episode 1 - The Cat And The Book Of Friends", "url": "http://www.crunchyroll.com/natsume-yujin-cho/episode-1-the-cat-and-the-book-of-friends-515654"}, {"title": "Episode 2 - The Dew God's Small Shrine", "url": "http://www.crunchyroll.com/natsume-yujin-cho/episode-2-the-dew-gods-small-shrine-515656"}, {"title": "Episode 3 - The Mysterious Person at the Eight Fields", "url": "http://www.crunchyroll.com/natsume-yujin-cho/episode-3-the-mysterious-person-at-the-eight-fields-515658"}, {"title": "Episode 4 - Shigure and the Girl", "url": "http://www.crunchyroll.com/natsume-yujin-cho/episode-4-shigure-and-the-girl-515660"}, {"title": "Episode 5 - Heart-Colored Ticket", "url": "http://www.crunchyroll.com/natsume-yujin-cho/episode-5-heart-colored-ticket-515662"}, {"title": "Episode 6 - Swallow at the Lake Bottom", "url": "http://www.crunchyroll.com/natsume-yujin-cho/episode-6-swallow-at-the-lake-bottom-515664"}, {"title": "Episode 7 - The Little Fox's Hat", "url": "http://www.crunchyroll.com/natsume-yujin-cho/episode-7-the-little-foxs-hat-515666"}, {"title": "Episode 8 - Fleeting Light", "url": "http://www.crunchyroll.com/natsume-yujin-cho/episode-8-fleeting-light-515668"}, {"title": "Episode 9 - Ayakashi Exorcism", "url": "http://www.crunchyroll.com/natsume-yujin-cho/episode-9-ayakashi-exorcism-518746"}, {"title": "Episode 10 - Asagi's Koto", "url": "http://www.crunchyroll.com/natsume-yujin-cho/episode-10-asagis-koto-518748"}, {"title": "Episode 11 - Nyanko's Book of Boredom", "url": "http://www.crunchyroll.com/natsume-yujin-cho/episode-11-nyankos-book-of-boredom-518750"}, {"title": "Episode 12 - Five Day Mark", "url": "http://www.crunchyroll.com/natsume-yujin-cho/episode-12-five-day-mark-518752"}, {"title": "Episode 13 - Autumn Banquet", "url": "http://www.crunchyroll.com/natsume-yujin-cho/episode-13-autumn-banquet-518754"}, {"title": "Episode 14 - Stolen Book Of Friends", "url": "http://www.crunchyroll.com/natsume-yujin-cho/episode-14-stolen-book-of-friends-517700"}, {"title": "Episode 15 - Melting Into Spring", "url": "http://www.crunchyroll.com/natsume-yujin-cho/episode-15-melting-into-spring-517102"}, {"title": "Episode 16 - Youkai Exorcism Amid The Steaming Springs", "url": "http://www.crunchyroll.com/natsume-yujin-cho/episode-16-youkai-exorcism-amid-the-steaming-springs-517296"}, {"title": "Episode 17 - A Chick Hatches", "url": "http://www.crunchyroll.com/natsume-yujin-cho/episode-17-a-chick-hatches-517298"}, {"title": "Episode 18 - Tree Of Promise", "url": "http://www.crunchyroll.com/natsume-yujin-cho/episode-18-tree-of-promise-517300"}, {"title": "Episode 19 - The Maiden's Circle", "url": "http://www.crunchyroll.com/natsume-yujin-cho/episode-19-the-maidens-circle-517302"}, {"title": "Episode 20 - That Which You Must Not Call", "url": "http://www.crunchyroll.com/natsume-yujin-cho/episode-20-that-which-you-must-not-call-519894"}, {"title": "Episode 21 - Emotions Undying", "url": "http://www.crunchyroll.com/natsume-yujin-cho/episode-21-emotions-undying-519896"}, {"title": "Episode 22 - The Man Amidst the Rows of Cherry Trees", "url": "http://www.crunchyroll.com/natsume-yujin-cho/episode-22-the-man-amidst-the-rows-of-cherry-trees-519898"}, {"title": "Episode 23 - Temporary Home", "url": "http://www.crunchyroll.com/natsume-yujin-cho/episode-23-temporary-home-519900"}, {"title": "Episode 24 - Assembly of Conjurers", "url": "http://www.crunchyroll.com/natsume-yujin-cho/episode-24-assembly-of-conjurers-519902"}, {"title": "Episode 25 - The Young Boy in the Empty House", "url": "http://www.crunchyroll.com/natsume-yujin-cho/episode-25-the-young-boy-in-the-empty-house-519904"}, {"title": "Episode 26 - Humans and Youkai", "url": "http://www.crunchyroll.com/natsume-yujin-cho/episode-26-humans-and-youkai-519906"}, {"title": "Episode 27 - The Name Of A Monster", "url": "http://www.crunchyroll.com/natsume-yujin-cho/episode-27-the-name-of-a-monster-580682"}, {"title": "Episode 28 - Ukihara Village", "url": "http://www.crunchyroll.com/natsume-yujin-cho/episode-28-ukihara-village-580770"}, {"title": "Episode 29 - False Friend", "url": "http://www.crunchyroll.com/natsume-yujin-cho/episode-29-false-friend-580946"}, {"title": "Episode 30 - Young Days", "url": "http://www.crunchyroll.com/natsume-yujin-cho/episode-30-young-days-580948"}, {"title": "Episode 31 - The Thing That Lurks In The Storeroom", "url": "http://www.crunchyroll.com/natsume-yujin-cho/episode-31-the-thing-that-lurks-in-the-storeroom-580950"}, {"title": "Episode 32 - That Which Is Not Human", "url": "http://www.crunchyroll.com/natsume-yujin-cho/episode-32-that-which-is-not-human-580952"}, {"title": "Episode 33 - Exorcist", "url": "http://www.crunchyroll.com/natsume-yujin-cho/episode-33-exorcist-580954"}, {"title": "Episode 34 - The Fox Child's Watch", "url": "http://www.crunchyroll.com/natsume-yujin-cho/episode-34-the-fox-childs-watch-580956"}, {"title": "Episode 35 - Through the Autumn Wind", "url": "http://www.crunchyroll.com/natsume-yujin-cho/episode-35-through-the-autumn-wind-580958"}, {"title": "Episode 36 - The Broken Mirror", "url": "http://www.crunchyroll.com/natsume-yujin-cho/episode-36-the-broken-mirror-580960"}, {"title": "Episode 37 - What The Mirror Shows", "url": "http://www.crunchyroll.com/natsume-yujin-cho/episode-37-what-the-mirror-shows-580962"}, {"title": "Episode 38 - A place to go home to", "url": "http://www.crunchyroll.com/natsume-yujin-cho/episode-38-a-place-to-go-home-to-580964"}, {"title": "Episode 39 - Natsume's Book of Play", "url": "http://www.crunchyroll.com/natsume-yujin-cho/episode-39-natsumes-book-of-play-584812"}], "coverImage": {"large": "https://s3.anilist.co/media/anime/cover/medium/10379.jpg", "medium": "https://s3.anilist.co/media/anime/cover/small/10379.jpg"}, "bannerImage": "https://s3.anilist.co/media/anime/banner/10379-QrQ5hQCZzdN1.jpg", "isAdult": false, "format": "TV"}, {"id": 10380, "title": {"romaji": "Oni Chichi: Re-birth", "english": null}, "type": "ANIME", "status": "FINISHED", "description": "Airi keeps her relation with her father but he treats her as an object sometimes which makes her angry. One day while watching a movie she gets assaulted giving start to an affair with one of her school's teachers. <br><br>\n(Source: ANN) ", "startDate": {"year": 2011, "month": 4, "day": 28}, "endDate": {"year": 2011, "month": 4, "day": 28}, "season": "SPRING", "episodes": 1, "duration": 30, "genres": ["Hentai"], "averageScore": 63, "trending": 0, "popularity": 1465, "streamingEpisodes": [], "coverImage": {"large": "https://s3.anilist.co/media/anime/cover/medium/10380.jpg", "medium": "https://s3.anilist.co/media/anime/cover/small/10380.jpg"}, "bannerImage": "https://s3.anilist.co/media/anime/banner/10380-LtSKaoaHQOFl.jpg", "isAdult": true, "format": "OVA"}, {"id": 10384, "title": {"romaji": "Sono Hanabira ni Kuchizuke wo: Reo x Mai Diaries", "english": null}, "type": "ANIME", "status": "FINISHED", "description": "Short picture episodes of Reo and Mai during their daily life as a couple.", "startDate": {"year": 2009, "month": 9, "day": 26}, "endDate": {"year": 2009, "month": 11, "day": 27}, "season": "FALL", "episodes": 10, "duration": 8, "genres": ["Comedy", "Romance"], "averageScore": 57, "trending": 0, "popularity": 758, "streamingEpisodes": [], "coverImage": {"large": "https://s3.anilist.co/media/anime/cover/medium/10384.jpg", "medium": "https://s3.anilist.co/media/anime/cover/small/10384.jpg"}, "bannerImage": null, "isAdult": false, "format": "ONA"}, {"id": 10389, "title": {"romaji": "Momo e no Tegami", "english": "A Letter to Momo"}, "type": "ANIME", "status": "FINISHED", "description": "Momo is a young girl who grew up in a big city. However, following the premature loss of her father, she has to move with her mother to the old family house on a remote island. Here, time seems to have stopped: old wooden buildings, holy shrines surrounded by trees, fields painstakingly carved out from steep hills... and no shopping mall. <br><br>\nNeedless to say, Momo is not too overenthusiastic about this new environment. Most of all, her heart is still feeling uneasy about an unfinished letter left by her father. A letter that contained only two words: \"Dear Momo...\" <br><br>\nWhat was dad going to say? <br><br>\nOne day, exploring the attic of her new big house, Momo finds a dusty and worn out book. And from that moment, something really unexpected starts happening around her... <br><br>\n(Source: Production I.G Official Website) ", "startDate": {"year": 2011, "month": 9, "day": 10}, "endDate": {"year": 2011, "month": 9, "day": 10}, "season": "FALL", "episodes": 1, "duration": 120, "genres": ["Drama", "Supernatural"], "averageScore": 73, "trending": 0, "popularity": 4584, "streamingEpisodes": [], "coverImage": {"large": "https://s3.anilist.co/media/anime/cover/medium/10389-PyBhJzuLij8F.jpg", "medium": "https://s3.anilist.co/media/anime/cover/small/10389-PyBhJzuLij8F.jpg"}, "bannerImage": "https://s3.anilist.co/media/anime/banner/10389-kHDDhvOUNsXm.jpg", "isAdult": false, "format": "MOVIE"}, {"id": 10390, "title": {"romaji": ".hack//Quantum Specials", "english": null}, "type": "ANIME", "status": "FINISHED", "description": "DVD specials for .hack//Quantum. Main girls are being very special creatures and take lessons about the anime.", "startDate": {"year": 2011, "month": 1, "day": 28}, "endDate": {"year": 2011, "month": 4, "day": 7}, "season": "WINTER", "episodes": 3, "duration": 3, "genres": ["Comedy"], "averageScore": 55, "trending": 0, "popularity": 543, "streamingEpisodes": [], "coverImage": {"large": "https://s3.anilist.co/media/anime/cover/medium/10390.jpg", "medium": "https://s3.anilist.co/media/anime/cover/small/10390.jpg"}, "bannerImage": null, "isAdult": false, "format": "SPECIAL"}, {"id": 10391, "title": {"romaji": "Kuragehime: Soreike! Amars Tankentai", "english": "Princess Jellyfish: Go"}, "type": "ANIME", "status": "FINISHED", "description": "The Amars go on an adventure in the forest.", "startDate": {"year": 2010, "month": 8, "day": 12}, "endDate": {"year": 2010, "month": 9, "day": 17}, "season": "SUMMER", "episodes": 6, "duration": null, "genres": ["Adventure", "Comedy"], "averageScore": 51, "trending": 0, "popularity": 757, "streamingEpisodes": [], "coverImage": {"large": "https://s3.anilist.co/media/anime/cover/medium/10391.jpg", "medium": "https://s3.anilist.co/media/anime/cover/small/10391.jpg"}, "bannerImage": null, "isAdult": false, "format": "SPECIAL"}, {"id": 10392, "title": {"romaji": "Pet Life", "english": null}, "type": "ANIME", "status": "FINISHED", "description": "Due to a mix-up, Shizumori's underwear ends up being put into the wrong locker by a classmate after P.E. Shizumori now has to spend half the school day without wearing any underwear until she is finally able to return to the locker room. Once there, she's surprised by Ozaki smelling her underwear. He gives her back her bra, but throws the rest on the ground. When Shizumori's leans down to grab it, he makes a candid shot of her wearing no underwear. Armed with photo-evidence of her being an \"exhibitionist\" he blackmails Shizumori into having sex with him. <br><br>\n(Source: hentaistream) ", "startDate": {"year": 2011, "month": 12, "day": 16}, "endDate": {"year": 2011, "month": 12, "day": 16}, "season": "WINTER", "episodes": 1, "duration": 26, "genres": ["Hentai"], "averageScore": 50, "trending": 0, "popularity": 292, "streamingEpisodes": [], "coverImage": {"large": "https://s3.anilist.co/media/anime/cover/medium/10392.jpg", "medium": "https://s3.anilist.co/media/anime/cover/small/10392.jpg"}, "bannerImage": null, "isAdult": true, "format": "OVA"}, {"id": 10396, "title": {"romaji": "Ben-To", "english": null}, "type": "ANIME", "status": "FINISHED", "description": "Sato Yo is a high school boy who likes SEGA games. One day, he enters a grocery store to buy some food for dinner. When he tries to take a bento box, he loses consciousness. He comes around to find all the bento sold out. He notices there is a war game going on at grocery stores and players called \"Wolves\" compete for the half-priced bento. Yarizui Sen, the leader of the Half-Pricer Club, forces Yo to join the club and he enters the bento war.", "startDate": {"year": 2011, "month": 10, "day": 9}, "endDate": {"year": 2011, "month": 12, "day": 25}, "season": "FALL", "episodes": 12, "duration": 24, "genres": ["Action", "Comedy"], "averageScore": 70, "trending": 0, "popularity": 15298, "streamingEpisodes": [], "coverImage": {"large": "https://s3.anilist.co/media/anime/cover/medium/10396.jpg", "medium": "https://s3.anilist.co/media/anime/cover/small/10396.jpg"}, "bannerImage": "https://s3.anilist.co/media/anime/banner/10396-ohVbPWtbAk9p.jpg", "isAdult": false, "format": "TV"}, {"id": 10397, "title": {"romaji": "Mashiroiro Symphony: The Color of Lovers", "english": "Mashiroiro Symphony"}, "type": "ANIME", "status": "FINISHED", "description": "When boys suddenly get into places where they've never been allowed before, some girls tend to get upset. So when the decision is made to merge the elite Yuihime Girls' Private Academy and the coeducational Kagamidai Private Academy, everyone wants to take extra care in avoiding trouble while bringing the two Privates together. Therefore, rather than just sticking the Kagamidai boys into the Yuihime girls all at once, a plan is concocted in which a group of test males will be inserted into the Girls' Private Academy first. <br><br>\nThus it is that poor young Shingo finds himself being thrown as a sacrificial lamb to the lionesses of Yuihime, who aren't exactly waiting for him with open arms. Will Shingo manage to survive the estrogen soaked death pit that is Yuihime? Can the girls learn to be more receptive to the boys? And just how long until something involving panties will cause emotions to flare, sparks to fly and the battle of the sexes to explode? <br><br>\n(Source: Sentai Filmworks) ", "startDate": {"year": 2011, "month": 10, "day": 5}, "endDate": {"year": 2011, "month": 12, "day": 21}, "season": "FALL", "episodes": 12, "duration": 24, "genres": ["Drama", "Romance"], "averageScore": 68, "trending": 1, "popularity": 7759, "streamingEpisodes": [{"title": "Episode 1 - Pure White Encounter", "url": "http://www.crunchyroll.com/mashiroiro-symphony/episode-1-pure-white-encounter-586412"}, {"title": "Episode 2 - Rejection-Colored Cooking", "url": "http://www.crunchyroll.com/mashiroiro-symphony/episode-2-rejection-colored-cooking-586414"}, {"title": "Episode 3 - Annoyance-Colored Anxiety", "url": "http://www.crunchyroll.com/mashiroiro-symphony/episode-3-annoyance-colored-anxiety-586416"}, {"title": "Episode 4 - Airi-Colored Secret", "url": "http://www.crunchyroll.com/mashiroiro-symphony/episode-4-airi-colored-secret-586418"}, {"title": "Episode 5 - I am a Your-Colored Maid", "url": "http://www.crunchyroll.com/mashiroiro-symphony/episode-5-i-am-a-your-colored-maid-586420"}, {"title": "Episode 6 - Search-Colored Bath Time", "url": "http://www.crunchyroll.com/mashiroiro-symphony/episode-6-search-colored-bath-time-586422"}, {"title": "Episode 7 - Twilight-Colored Swing", "url": "http://www.crunchyroll.com/mashiroiro-symphony/episode-7-twilight-colored-swing-586424"}, {"title": "Episode 8 - Kitten-Colored Black and White", "url": "http://www.crunchyroll.com/mashiroiro-symphony/episode-8-kitten-colored-black-and-white-586426"}, {"title": "Episode 9 - Same Colored Couple", "url": "http://www.crunchyroll.com/mashiroiro-symphony/episode-9-same-colored-couple-586428"}, {"title": "Episode 10 - Tear-Colored Shelter", "url": "http://www.crunchyroll.com/mashiroiro-symphony/episode-10-tear-colored-shelter-586430"}, {"title": "Episode 11 - Mashiroiro Symphony", "url": "http://www.crunchyroll.com/mashiroiro-symphony/episode-11-mashiroiro-symphony-586432"}, {"title": "Episode 12 - Beginning-Colored Season.", "url": "http://www.crunchyroll.com/mashiroiro-symphony/episode-12-beginning-colored-season-586434"}], "coverImage": {"large": "https://s3.anilist.co/media/anime/cover/medium/10397.jpg", "medium": "https://s3.anilist.co/media/anime/cover/small/10397.jpg"}, "bannerImage": "https://s3.anilist.co/media/anime/banner/10397-inMwxx964ND3.jpg", "isAdult": false, "format": "TV"}, {"id": 10405, "title": {"romaji": "Xi Avant", "english": null}, "type": "ANIME", "status": "FINISHED", "description": "Short anime screened in theaters with the stereoscopic 3D conversion of Ghost in the Shell: Stand Alone Complex - Solid State Society movie. The story of Xi Avant is set in Spain and other locales in the near future, and it is tied to the NTT Docomo mobile phone network's next-generation Xi service.<br><br>\n(Source: ANN)", "startDate": {"year": 2011, "month": 3, "day": 26}, "endDate": {"year": 2011, "month": 3, "day": 26}, "season": "SPRING", "episodes": 1, "duration": 4, "genres": ["Adventure", "Sci-Fi"], "averageScore": 54, "trending": 0, "popularity": 298, "streamingEpisodes": [], "coverImage": {"large": "https://s3.anilist.co/media/anime/cover/medium/10405.jpg", "medium": "https://s3.anilist.co/media/anime/cover/small/10405.jpg"}, "bannerImage": null, "isAdult": false, "format": "MOVIE"}, {"id": 10406, "title": {"romaji": "Spelunker Sensei", "english": "Spelunker Is a Teacher"}, "type": "ANIME", "status": "FINISHED", "description": "Based on a parody four-frame manga related to the classic video game \"Spelunker\" (1983).", "startDate": {"year": 2011, "month": 3, "day": 16}, "endDate": {"year": 2011, "month": 3, "day": 16}, "season": "SPRING", "episodes": 1, "duration": 30, "genres": ["Comedy"], "averageScore": 45, "trending": 0, "popularity": 328, "streamingEpisodes": [], "coverImage": {"large": "https://s3.anilist.co/media/anime/cover/medium/10406.jpg", "medium": "https://s3.anilist.co/media/anime/cover/small/10406.jpg"}, "bannerImage": "https://s3.anilist.co/media/anime/banner/10406-0Oe27VyuAnht.jpg", "isAdult": false, "format": "OVA"}, {"id": 10407, "title": {"romaji": "Shimanchu MiRiKa", "english": null}, "type": "ANIME", "status": "FINISHED", "description": "An original anime project promoting the local Okinawa agricultural and industrial businesses and sponsored by the Okinawa Prefecture.<br><br>\nSet in Japan's Okinawa Prefecture the story is about three girls who are into music, dance, Okinawan stage productions and karate. <br><br>\n(Source: AniDB)", "startDate": {"year": 2011, "month": 3, "day": 21}, "endDate": {"year": 2011, "month": 3, "day": 21}, "season": "SPRING", "episodes": 1, "duration": 24, "genres": ["Slice of Life"], "averageScore": null, "trending": 0, "popularity": 51, "streamingEpisodes": [], "coverImage": {"large": "https://s3.anilist.co/media/anime/cover/medium/10407.jpg", "medium": "https://s3.anilist.co/media/anime/cover/small/10407.jpg"}, "bannerImage": null, "isAdult": false, "format": "SPECIAL"}, {"id": 10408, "title": {"romaji": "Hotarubi no Mori e", "english": "Into the Forest of Fireflies' Light"}, "type": "ANIME", "status": "FINISHED", "description": "The story of Hotarubi no Mori e centers around Hotaru, a little girl who gets lost in an enchanted forest where apparitions reside. A young boy, Gin, appears before Hotaru, but she cannot touch him for fear of making him disappear.<br><br>\n(Source: AniDB)", "startDate": {"year": 2011, "month": 9, "day": 17}, "endDate": {"year": 2011, "month": 9, "day": 17}, "season": "FALL", "episodes": 1, "duration": 45, "genres": ["Drama", "Romance", "Supernatural"], "averageScore": 81, "trending": 0, "popularity": 21657, "streamingEpisodes": [], "coverImage": {"large": "https://s3.anilist.co/media/anime/cover/medium/10408.jpg", "medium": "https://s3.anilist.co/media/anime/cover/small/10408.jpg"}, "bannerImage": "https://s3.anilist.co/media/anime/banner/10408-kZhXe0uVrAd2.jpg", "isAdult": false, "format": "MOVIE"}, {"id": 10409, "title": {"romaji": "Kyouhaku: Owaranai Ashita - Special Stage", "english": "The Blackmail: Tomorrow Never Ends - Special Stage"}, "type": "ANIME", "status": "FINISHED", "description": "Events of the original 3 episodes are being retold by Aya.", "startDate": {"year": 2001, "month": 4, "day": 27}, "endDate": {"year": 2001, "month": 4, "day": 27}, "season": "SPRING", "episodes": 1, "duration": 35, "genres": ["Hentai"], "averageScore": null, "trending": 0, "popularity": 44, "streamingEpisodes": [], "coverImage": {"large": "https://s3.anilist.co/media/anime/cover/medium/10409.jpg", "medium": "https://s3.anilist.co/media/anime/cover/small/10409.jpg"}, "bannerImage": null, "isAdult": true, "format": "SPECIAL"}, {"id": 10417, "title": {"romaji": "Gyo", "english": "GYO: Tokyo Fish Attack"}, "type": "ANIME", "status": "FINISHED", "description": "Something in Okinawa reeks, and it isn't long before Kaori and her friends realize that the smell is coming from dead fish, which are walking out of the sea. The fish are fused to metal legs and are infected with a disease contractable by humans that was invented as a weapon by unknown sources. After what happens to Tadashi, Kaori finds herself in a new world very much like the old one but with the stench of death. ", "startDate": {"year": 2012, "month": 2, "day": 15}, "endDate": {"year": 2012, "month": 2, "day": 15}, "season": "WINTER", "episodes": 1, "duration": 70, "genres": ["Horror"], "averageScore": 49, "trending": 0, "popularity": 3476, "streamingEpisodes": [], "coverImage": {"large": "https://s3.anilist.co/media/anime/cover/medium/10417.jpg", "medium": "https://s3.anilist.co/media/anime/cover/small/10417.jpg"}, "bannerImage": "https://s3.anilist.co/media/anime/banner/10417-QmMelMJ9S1vy.jpg", "isAdult": false, "format": "OVA"}, {"id": 10418, "title": {"romaji": "Deadman Wonderland OVA", "english": null}, "type": "ANIME", "status": "FINISHED", "description": "OVA bundled with the eleventh volume of Deadman Wonderland manga. Focuses on Senji's past, with him as the main character.", "startDate": {"year": 2011, "month": 10, "day": 8}, "endDate": {"year": 2011, "month": 10, "day": 8}, "season": "FALL", "episodes": 1, "duration": 27, "genres": ["Action", "Horror", "Sci-Fi"], "averageScore": 65, "trending": 0, "popularity": 6779, "streamingEpisodes": [], "coverImage": {"large": "https://s3.anilist.co/media/anime/cover/medium/10418.jpg", "medium": "https://s3.anilist.co/media/anime/cover/small/10418.jpg"}, "bannerImage": null, "isAdult": false, "format": "OVA"}, {"id": 10419, "title": {"romaji": "Menkui!", "english": null}, "type": "ANIME", "status": "FINISHED", "description": "A series of erotic short stories adapting the manga of the same name. In the first, the most gorgeous girl in class, who's guaranteed to turn every guy who asks her out down due to her high standards, meets a unusual man who may break that streak and become her boyfriend. In the second, a girl develops feelings for her childhood friend and tries to get him to notice her but it proves difficult because he has a rather large obsession with maids.<br><br>\n(Source: ANN)", "startDate": {"year": 2011, "month": 5, "day": 27}, "endDate": {"year": 2011, "month": 8, "day": 26}, "season": "SPRING", "episodes": 2, "duration": 30, "genres": ["Hentai"], "averageScore": 62, "trending": 0, "popularity": 546, "streamingEpisodes": [], "coverImage": {"large": "https://s3.anilist.co/media/anime/cover/medium/10419.jpg", "medium": "https://s3.anilist.co/media/anime/cover/small/10419.jpg"}, "bannerImage": null, "isAdult": true, "format": "OVA"}, {"id": 10420, "title": {"romaji": "Gakuen 3", "english": null}, "type": "ANIME", "status": "FINISHED", "description": "Since Kagetora doesn't study at all, he is sent to a strict boarding school. One day, he meets three beautiful girls at school and falls in love with them.... To have sex with them, he makes a secret plan...<br><br>\n(Source: ErogeShop)", "startDate": {"year": 2011, "month": 3, "day": 18}, "endDate": {"year": 2011, "month": 7, "day": 22}, "season": "SPRING", "episodes": 2, "duration": 19, "genres": ["Hentai"], "averageScore": 52, "trending": 0, "popularity": 241, "streamingEpisodes": [], "coverImage": {"large": "https://s3.anilist.co/media/anime/cover/medium/10420.jpg", "medium": "https://s3.anilist.co/media/anime/cover/small/10420.jpg"}, "bannerImage": null, "isAdult": true, "format": "OVA"}, {"id": 10421, "title": {"romaji": "Bi-chiku Beach: Nangoku Nyuujoku Satsueikai", "english": null}, "type": "ANIME", "status": "FINISHED", "description": "An idol group called \"Live un veil\" has been formed. The members are Nagisa, Nanami and Kaede, and a tour with fans to a southern island has been announced. All TVs and magazines pick it up and a lot of fans apply for it. The main character is Ryou. One day, he receives a parcel, which includes a film, an envelope and some erotic swimsuits for girls. \"What is it!?\" He opens the envelope, and finds a ticket to the tour and a letter. It says, \"If you take a photo using this film, their libido will become uncontrollable....\" \"Does this mean take a photo of the idols and make them wear these erotic swimsuits?\" But he is more interested in taking part in the tour because he also applied for it. He doesn't care if the film is fake or not. \"Great! I'll spend a happy time with them!\" Like this, he participates in the tour...<br><br>\n(Source: ErogeShop)", "startDate": {"year": 2011, "month": 5, "day": 27}, "endDate": {"year": 2011, "month": 5, "day": 27}, "season": "SPRING", "episodes": 1, "duration": 23, "genres": ["Hentai"], "averageScore": 55, "trending": 0, "popularity": 282, "streamingEpisodes": [], "coverImage": {"large": "https://s3.anilist.co/media/anime/cover/medium/nx10421-Z9oxM1OwDE6M.jpg", "medium": "https://s3.anilist.co/media/anime/cover/small/nx10421-Z9oxM1OwDE6M.jpg"}, "bannerImage": null, "isAdult": true, "format": "OVA"}, {"id": 10424, "title": {"romaji": "Ona x2", "english": null}, "type": "ANIME", "status": "FINISHED", "description": "The story begins with a very sexually active female lead imagining all possibly risky situations that she would have or could have had with her date if he didn't leave for the evening.", "startDate": {"year": 2011, "month": 2, "day": 25}, "endDate": {"year": 2011, "month": 2, "day": 25}, "season": "WINTER", "episodes": 1, "duration": 16, "genres": ["Hentai"], "averageScore": null, "trending": 0, "popularity": 106, "streamingEpisodes": [], "coverImage": {"large": "https://s3.anilist.co/media/anime/cover/medium/10424.jpg", "medium": "https://s3.anilist.co/media/anime/cover/small/10424.jpg"}, "bannerImage": null, "isAdult": true, "format": "OVA"}, {"id": 10429, "title": {"romaji": "Otoko no Ko Ojou-sama", "english": null}, "type": "ANIME", "status": "FINISHED", "description": "Otoko no Ko Ojou-sama tells the story of a servant boy named Hikaru and his mistress Ayana. Ayana's favorite hobby is dressing the cute and girlish Hikaru in female clothes and video taping him as they engage in acts of pleasure.", "startDate": {"year": 2011, "month": 3, "day": 11}, "endDate": {"year": 2011, "month": 3, "day": 11}, "season": "SPRING", "episodes": 1, "duration": 16, "genres": ["Hentai"], "averageScore": 50, "trending": 0, "popularity": 215, "streamingEpisodes": [], "coverImage": {"large": "https://s3.anilist.co/media/anime/cover/medium/10429.jpg", "medium": "https://s3.anilist.co/media/anime/cover/small/10429.jpg"}, "bannerImage": null, "isAdult": true, "format": "OVA"}, {"id": 10431, "title": {"romaji": "Baka to Test to Shoukanjuu: Matsuri Special", "english": null}, "type": "ANIME", "status": "FINISHED", "description": "Short special released with the first Matsuri OVA.<br><br>\nIt is split into three short sections each spoofing the DS and visual novels in general. ", "startDate": {"year": 2011, "month": 2, "day": 23}, "endDate": {"year": 2011, "month": 2, "day": 23}, "season": "WINTER", "episodes": 1, "duration": 3, "genres": ["Comedy"], "averageScore": 63, "trending": 0, "popularity": 2152, "streamingEpisodes": [], "coverImage": {"large": "https://s3.anilist.co/media/anime/cover/medium/10431.jpg", "medium": "https://s3.anilist.co/media/anime/cover/small/10431.jpg"}, "bannerImage": "https://s3.anilist.co/media/anime/banner/10431-sDmWCqwJHLRr.jpg", "isAdult": false, "format": "SPECIAL"}, {"id": 10435, "title": {"romaji": "Boyfriend", "english": null}, "type": "ANIME", "status": "FINISHED", "description": "Takatou Masaki is the second youngest of four sons, and seemingly a delinquent by nature. His hot temper has put a wedge between himself and his strict father, gotten him kicked out of one school, and tossed him at a school notoriously horrible for the one thing he's truly good at, basketball. A chance encounter with the willful Yuuki Kanako may serve as a catalyst for change, as the indefinable connection she feels with him draws them together... <br><br>\n(Source: Storm in Heaven)", "startDate": {"year": 1992, "month": 2, "day": 11}, "endDate": {"year": 1992, "month": 2, "day": 11}, "season": "WINTER", "episodes": 1, "duration": null, "genres": ["Romance"], "averageScore": null, "trending": 0, "popularity": 30, "streamingEpisodes": [], "coverImage": {"large": "https://s3.anilist.co/media/anime/cover/medium/10435.jpg", "medium": "https://s3.anilist.co/media/anime/cover/small/10435.jpg"}, "bannerImage": null, "isAdult": false, "format": "SPECIAL"}, {"id": 10436, "title": {"romaji": "Animal Dance", "english": null}, "type": "ANIME", "status": "FINISHED", "description": null, "startDate": {"year": 2009, "month": null, "day": null}, "endDate": {"year": 2009, "month": null, "day": null}, "season": null, "episodes": 1, "duration": 5, "genres": ["Music"], "averageScore": null, "trending": 0, "popularity": 75, "streamingEpisodes": [], "coverImage": {"large": "https://s3.anilist.co/media/anime/cover/medium/10436.jpg", "medium": "https://s3.anilist.co/media/anime/cover/small/10436.jpg"}, "bannerImage": null, "isAdult": false, "format": "MOVIE"}, {"id": 10437, "title": {"romaji": "Kyouhaku: Torawareta Ashita", "english": "The Blackmail: Torawareta Ashita"}, "type": "ANIME", "status": "FINISHED", "description": "This is a remake of the original Black Mail OVA. Animation and art are superior but it lacks the plot and concentrates only on the adult scenes.", "startDate": {"year": 2002, "month": 9, "day": 20}, "endDate": {"year": 2002, "month": 9, "day": 20}, "season": "FALL", "episodes": 2, "duration": 24, "genres": ["Hentai"], "averageScore": null, "trending": 0, "popularity": 20, "streamingEpisodes": [], "coverImage": {"large": "https://s3.anilist.co/media/anime/cover/medium/10437.jpg", "medium": "https://s3.anilist.co/media/anime/cover/small/10437.jpg"}, "bannerImage": null, "isAdult": true, "format": "OVA"}, {"id": 10443, "title": {"romaji": "Birei Okami Mie", "english": null}, "type": "ANIME", "status": "FINISHED", "description": "A widow and her daughter own a small restaurant and a young man helps them in the kitchen. The young lady had always loved him and finally confess her love to him and both become lovers but one day she realizes that her mother is lonely and sad because of her late husband so she comes up with a plan where the three of them can be happy together.<br><br>\n(Source: ANN)", "startDate": {"year": 2011, "month": 4, "day": 22}, "endDate": {"year": 2011, "month": 4, "day": 22}, "season": "SPRING", "episodes": 1, "duration": 30, "genres": ["Hentai"], "averageScore": null, "trending": 0, "popularity": 98, "streamingEpisodes": [], "coverImage": {"large": "https://s3.anilist.co/media/anime/cover/medium/10443.jpg", "medium": "https://s3.anilist.co/media/anime/cover/small/10443.jpg"}, "bannerImage": null, "isAdult": true, "format": "OVA"}, {"id": 10444, "title": {"romaji": "Digimon Xros Wars: Aku no Death General to Nanatsu no Oukoku", "english": null}, "type": "ANIME", "status": "FINISHED", "description": "Returning to the Digital World, Taiki and Shoutmon learn that the Bagra Army has taken it over and reformatted the world to have Seven Kingdoms, each ruled by a general. <br><br>\n(Source: AniDB)", "startDate": {"year": 2011, "month": 4, "day": 3}, "endDate": {"year": 2011, "month": 9, "day": 25}, "season": "SPRING", "episodes": 24, "duration": 25, "genres": ["Action", "Adventure", "Comedy", "Fantasy"], "averageScore": 66, "trending": 1, "popularity": 1240, "streamingEpisodes": [{"title": "Episode 1 - Taiki Goes to Another World!", "url": "http://www.crunchyroll.com/digimon-xros-wars-the-young-hunters-who-leapt-through-time/episode-1-taiki-goes-to-another-world-596731"}, {"title": "Episode 2 - Shoutmon Roars!", "url": "http://www.crunchyroll.com/digimon-xros-wars-the-young-hunters-who-leapt-through-time/episode-2-shoutmon-roars-596733"}, {"title": "Episode 3 - The Rival, Kiriha, Appears!", "url": "http://www.crunchyroll.com/digimon-xros-wars-the-young-hunters-who-leapt-through-time/episode-3-the-rival-kiriha-appears-596735"}, {"title": "Episode 4 - Upheaval in the Island Zone!", "url": "http://www.crunchyroll.com/digimon-xros-wars-the-young-hunters-who-leapt-through-time/episode-4-upheaval-in-the-island-zone-596737"}, {"title": "Episode 5 - The DigiMemory Shines!", "url": "http://www.crunchyroll.com/digimon-xros-wars-the-young-hunters-who-leapt-through-time/episode-5-the-digimemory-shines-596739"}, {"title": "Episode 6 - X4 Breaks Through the Crisis!", "url": "http://www.crunchyroll.com/digimon-xros-wars-the-young-hunters-who-leapt-through-time/episode-6-x4-breaks-through-the-crisis-596741"}, {"title": "Episode 7 - A Volcanic Digimon's Big Explosion!", "url": "http://www.crunchyroll.com/digimon-xros-wars-the-young-hunters-who-leapt-through-time/episode-7-a-volcanic-digimons-big-explosion-596743"}, {"title": "Episode 8 - The Brave General Tactimon Approaches!", "url": "http://www.crunchyroll.com/digimon-xros-wars-the-young-hunters-who-leapt-through-time/episode-8-the-brave-general-tactimon-approaches-596749"}, {"title": "Episode 9 - Dorulumon Runs with the Wind!", "url": "http://www.crunchyroll.com/digimon-xros-wars-the-young-hunters-who-leapt-through-time/episode-9-dorulumon-runs-with-the-wind-596751"}, {"title": "Episode 10 - Taiki Becomes a Knight!", "url": "http://www.crunchyroll.com/digimon-xros-wars-the-young-hunters-who-leapt-through-time/episode-10-taiki-becomes-a-knight-596753"}, {"title": "Episode 11 - Burn, Xros Heart!", "url": "http://www.crunchyroll.com/digimon-xros-wars-the-young-hunters-who-leapt-through-time/episode-11-burn-xros-heart-596755"}, {"title": "Episode 12 - Big Adventure in the Sand Zone Ruins!", "url": "http://www.crunchyroll.com/digimon-xros-wars-the-young-hunters-who-leapt-through-time/episode-12-big-adventure-in-the-sand-zone-ruins-596757"}, {"title": "Episode 13 - Taiki, Warrior of the Goddess!", "url": "http://www.crunchyroll.com/digimon-xros-wars-the-young-hunters-who-leapt-through-time/episode-13-taiki-warrior-of-the-goddess-596759"}, {"title": "Episode 14 - The Dance of the Warrior, Beelzebumon!", "url": "http://www.crunchyroll.com/digimon-xros-wars-the-young-hunters-who-leapt-through-time/episode-14-the-dance-of-the-warrior-beelzebumon-596761"}, {"title": "Episode 15 - Heaven Zone, A Trap in Paradise!", "url": "http://www.crunchyroll.com/digimon-xros-wars-the-young-hunters-who-leapt-through-time/episode-15-heaven-zone-a-trap-in-paradise-596763"}, {"title": "Episode 16 - The Black Knight Digimon Appears!", "url": "http://www.crunchyroll.com/digimon-xros-wars-the-young-hunters-who-leapt-through-time/episode-16-the-black-knight-digimon-appears-596765"}, {"title": "Episode 17 - A Miraculous DigiXros! Shoutmon X5 Takes Flight!", "url": "http://www.crunchyroll.com/digimon-xros-wars-the-young-hunters-who-leapt-through-time/episode-17-a-miraculous-digixros-shoutmon-x5-takes-flight-596767"}, {"title": "Episode 18 - Stingmon, Hero of the Digimon Jungle", "url": "http://www.crunchyroll.com/digimon-xros-wars-the-young-hunters-who-leapt-through-time/episode-18-stingmon-hero-of-the-digimon-jungle-596769"}, {"title": "Episode 19 - The Legendary Deckerdramon Stirs!", "url": "http://www.crunchyroll.com/digimon-xros-wars-the-young-hunters-who-leapt-through-time/episode-19-the-legendary-deckerdramon-stirs-596771"}, {"title": "Episode 20 - Dust Zone, GrandLocomon's Great Scrap City!", "url": "http://www.crunchyroll.com/digimon-xros-wars-the-young-hunters-who-leapt-through-time/episode-20-dust-zone-grandlocomons-great-scrap-city-596773"}, {"title": "Episode 21 - The Decisive Battle! DarkKnightmon vs. Xros Heart!", "url": "http://www.crunchyroll.com/digimon-xros-wars-the-young-hunters-who-leapt-through-time/episode-21-the-decisive-battle-darkknightmon-vs-xros-heart-596775"}, {"title": "Episode 22 - Wisemon and the Secrets of the Digital World!", "url": "http://www.crunchyroll.com/digimon-xros-wars-the-young-hunters-who-leapt-through-time/episode-22-wisemon-and-the-secrets-of-the-digital-world-596777"}, {"title": "Episode 23 - Shinobi Zone, the Comic Ninja Battle!", "url": "http://www.crunchyroll.com/digimon-xros-wars-the-young-hunters-who-leapt-through-time/episode-23-shinobi-zone-the-comic-ninja-battle-596779"}, {"title": "Episode 24 - The Underachieving Monitamons Give It Their All!", "url": "http://www.crunchyroll.com/digimon-xros-wars-the-young-hunters-who-leapt-through-time/episode-24-the-underachieving-monitamons-give-it-their-all-596781"}, {"title": "Episode 25 - A Zone Collapses! Sparks Fly Between Taiki and Kiriha!", "url": "http://www.crunchyroll.com/digimon-xros-wars-the-young-hunters-who-leapt-through-time/episode-25-a-zone-collapses-sparks-fly-between-taiki-and-kiriha-596783"}, {"title": "Episode 26 - Shoutmon and the Proof of a King!", "url": "http://www.crunchyroll.com/digimon-xros-wars-the-young-hunters-who-leapt-through-time/episode-26-shoutmon-and-the-proof-of-a-king-596785"}, {"title": "Episode 27 - Sweets Zone! The Battle of the Sweet Tooth Digimon!", "url": "http://www.crunchyroll.com/digimon-xros-wars-the-young-hunters-who-leapt-through-time/episode-27-sweets-zone-the-battle-of-the-sweet-tooth-digimon-596787"}, {"title": "Episode 28 - Ultimate Weapon Activated! You Can Do It, Cutemon!", "url": "http://www.crunchyroll.com/digimon-xros-wars-the-young-hunters-who-leapt-through-time/episode-28-ultimate-weapon-activated-you-can-do-it-cutemon-596789"}, {"title": "Episode 29 - Taiki and Kiriha VS The Bagra Army: The Full-Scale Showdown!", "url": "http://www.crunchyroll.com/digimon-xros-wars-the-young-hunters-who-leapt-through-time/episode-29-taiki-and-kiriha-vs-the-bagra-army-the-full-scale-showdown-596791"}, {"title": "Episode 30 - The Start of a New Journey!! The Great Tokyo Showdown!!", "url": "http://www.crunchyroll.com/digimon-xros-wars-the-young-hunters-who-leapt-through-time/episode-30-the-start-of-a-new-journey-the-great-tokyo-showdown-596793"}, {"title": "Episode 31 - To a New World! The Fire Fury General's Dragon Land", "url": "http://www.crunchyroll.com/digimon-xros-wars-the-young-hunters-who-leapt-through-time/episode-31-to-a-new-world-the-fire-fury-generals-dragon-land-596795"}, {"title": "Episode 32 - Stand Up, Kiriha! Xros Heart's Rescue Strategy", "url": "http://www.crunchyroll.com/digimon-xros-wars-the-young-hunters-who-leapt-through-time/episode-32-stand-up-kiriha-xros-hearts-rescue-strategy-596797"}, {"title": "Episode 33 - Spine-tingling! The Moon Light General's Vampire Land", "url": "http://www.crunchyroll.com/digimon-xros-wars-the-young-hunters-who-leapt-through-time/episode-33-spine-tingling-the-moon-light-generals-vampire-land-596799"}, {"title": "Episode 34 - Don't Die, Greymon! The Birth of Shoutmon DX", "url": "http://www.crunchyroll.com/digimon-xros-wars-the-young-hunters-who-leapt-through-time/episode-34-dont-die-greymon-the-birth-of-shoutmon-dx-596801"}, {"title": "Episode 35 - Power is Absorbed! The Hunters of Honey Land", "url": "http://www.crunchyroll.com/digimon-xros-wars-the-young-hunters-who-leapt-through-time/episode-35-power-is-absorbed-the-hunters-of-honey-land-596803"}, {"title": "Episode 36 - The Laughing Hunter! General Zamielmon the Wood Spirit", "url": "http://www.crunchyroll.com/digimon-xros-wars-the-young-hunters-who-leapt-through-time/episode-36-the-laughing-hunter-general-zamielmon-the-wood-spirit-596805"}, {"title": "Episode 37 - Why, Brother, Why?! The Enemy General Yuu's Nightmare", "url": "http://www.crunchyroll.com/digimon-xros-wars-the-young-hunters-who-leapt-through-time/episode-37-why-brother-why-the-enemy-general-yuus-nightmare-596807"}, {"title": "Episode 38 - The Mysterious Cyber Land! The Girl of the Steel City", "url": "http://www.crunchyroll.com/digimon-xros-wars-the-young-hunters-who-leapt-through-time/episode-38-the-mysterious-cyber-land-the-girl-of-the-steel-city-596809"}, {"title": "Episode 39 - Xros Heart in Danger of Division! The Water Tiger General's Despicable Trap!", "url": "http://www.crunchyroll.com/digimon-xros-wars-the-young-hunters-who-leapt-through-time/episode-39-xros-heart-in-danger-of-division-the-water-tiger-generals-despicable-trap-596811"}, {"title": "Episode 40 - The Merry Pirates Appear! Set Sail for Gold Land!!", "url": "http://www.crunchyroll.com/digimon-xros-wars-the-young-hunters-who-leapt-through-time/episode-40-the-merry-pirates-appear-set-sail-for-gold-land-596813"}, {"title": "Episode 41 - Olegmon the Gold Thief Laughs! Farewell, Xros Heart!", "url": "http://www.crunchyroll.com/digimon-xros-wars-the-young-hunters-who-leapt-through-time/episode-41-olegmon-the-gold-thief-laughs-farewell-xros-heart-596815"}, {"title": "Episode 42 - Whispering to Kiriha! The Earth God General of the Canyon, The Devil's Temptation!", "url": "http://www.crunchyroll.com/digimon-xros-wars-the-young-hunters-who-leapt-through-time/episode-42-whispering-to-kiriha-the-earth-god-general-of-the-canyon-the-devils-temptation-596817"}, {"title": "Episode 43 - With Strong Love! Deckerdramon's Final Shout!!", "url": "http://www.crunchyroll.com/digimon-xros-wars-the-young-hunters-who-leapt-through-time/episode-43-with-strong-love-deckerdramons-final-shout-596819"}, {"title": "Episode 44 - X7 of Friendship! The Epic Battle with Gravimon!!", "url": "http://www.crunchyroll.com/digimon-xros-wars-the-young-hunters-who-leapt-through-time/episode-44-x7-of-friendship-the-epic-battle-with-gravimon-596821"}, {"title": "Episode 45 - The Final Kingdom, Bright Land of the Shining Sun", "url": "http://www.crunchyroll.com/digimon-xros-wars-the-young-hunters-who-leapt-through-time/episode-45-the-final-kingdom-bright-land-of-the-shining-sun-596823"}, {"title": "Episode 46 - Life or Death, Hell's Battle of the Generals!", "url": "http://www.crunchyroll.com/digimon-xros-wars-the-young-hunters-who-leapt-through-time/episode-46-life-or-death-hells-battle-of-the-generals-596825"}, {"title": "Episode 47 - Taiki vs. Yuu, the Boy Generals Face Off!!", "url": "http://www.crunchyroll.com/digimon-xros-wars-the-young-hunters-who-leapt-through-time/episode-47-taiki-vs-yuu-the-boy-generals-face-off-596827"}, {"title": "Episode 48 - Beelzebumon Vanishes Into the Light!", "url": "http://www.crunchyroll.com/digimon-xros-wars-the-young-hunters-who-leapt-through-time/episode-48-beelzebumon-vanishes-into-the-light-596829"}, {"title": "Episode 49 - Taiki's Decision! Surpass Apollomon, the Strongest of All!", "url": "http://www.crunchyroll.com/digimon-xros-wars-the-young-hunters-who-leapt-through-time/episode-49-taikis-decision-surpass-apollomon-the-strongest-of-all-596831"}, {"title": "Episode 50 - Reborn! All Seven Death Generals Appear!!", "url": "http://www.crunchyroll.com/digimon-xros-wars-the-young-hunters-who-leapt-through-time/episode-50-reborn-all-seven-death-generals-appear-596833"}, {"title": "Episode 51 - For the Future of the Digital World! Friendship with the Death Generals!", "url": "http://www.crunchyroll.com/digimon-xros-wars-the-young-hunters-who-leapt-through-time/episode-51-for-the-future-of-the-digital-world-friendship-with-the-death-generals-596835"}, {"title": "Episode 52 - The Bagra Brothers' Bond of Darkness!", "url": "http://www.crunchyroll.com/digimon-xros-wars-the-young-hunters-who-leapt-through-time/episode-52-the-bagra-brothers-bond-of-darkness-596837"}, {"title": "Episode 53 - Drawing Nigh! The End of the Human World, D5!!", "url": "http://www.crunchyroll.com/digimon-xros-wars-the-young-hunters-who-leapt-through-time/episode-53-drawing-nigh-the-end-of-the-human-world-d5-596839"}, {"title": "Episode 54 - DigiXros of Glory, Take Hold of Our Future!!", "url": "http://www.crunchyroll.com/digimon-xros-wars-the-young-hunters-who-leapt-through-time/episode-54-digixros-of-glory-take-hold-of-our-future-596841"}], "coverImage": {"large": "https://s3.anilist.co/media/anime/cover/medium/10444.jpg", "medium": "https://s3.anilist.co/media/anime/cover/small/10444.jpg"}, "bannerImage": null, "isAdult": false, "format": "TV"}, {"id": 10445, "title": {"romaji": "Perfect Day", "english": null}, "type": "ANIME", "status": "FINISHED", "description": "Original animated music video for SuperCell. ", "startDate": {"year": 2011, "month": 2, "day": 15}, "endDate": {"year": 2011, "month": 2, "day": 15}, "season": null, "episodes": 1, "duration": 4, "genres": ["Music"], "averageScore": 68, "trending": 0, "popularity": 1200, "streamingEpisodes": [], "coverImage": {"large": "https://s3.anilist.co/media/anime/cover/medium/10445.jpg", "medium": "https://s3.anilist.co/media/anime/cover/small/10445.jpg"}, "bannerImage": null, "isAdult": false, "format": "MUSIC"}, {"id": 10447, "title": {"romaji": "Aquarion Evol", "english": null}, "type": "ANIME", "status": "FINISHED", "description": "The \"Abductors\" Invaders from Altea come to Earth with only one purpose, to harvest humans. DEAVA the Aquaria Academy exists to train men and women to use Aquaria, but they cannot ever merge because of Guize stones, these block an \"unholy union\" between genders. The story follows Amata and Mikono in their enrollment into DEAVA, and fight their fight with Abductors. <br><br>\n(Source: FUNimation) ", "startDate": {"year": 2012, "month": 1, "day": 9}, "endDate": {"year": 2012, "month": 6, "day": 25}, "season": "WINTER", "episodes": 26, "duration": 24, "genres": ["Action", "Comedy", "Drama", "Fantasy", "Mecha", "Romance"], "averageScore": 68, "trending": 0, "popularity": 5659, "streamingEpisodes": [], "coverImage": {"large": "https://s3.anilist.co/media/anime/cover/medium/10447.jpg", "medium": "https://s3.anilist.co/media/anime/cover/small/10447.jpg"}, "bannerImage": null, "isAdult": false, "format": "TV"}, {"id": 10448, "title": {"romaji": "Rain Town", "english": null}, "type": "ANIME", "status": "FINISHED", "description": "Independent animation by Hiroyasu Ishida, the animator of Fumiko no Kokuhaku.", "startDate": {"year": 2011, "month": 3, "day": 6}, "endDate": {"year": 2011, "month": 3, "day": 6}, "season": "SPRING", "episodes": 1, "duration": 10, "genres": ["Drama"], "averageScore": 68, "trending": 0, "popularity": 2150, "streamingEpisodes": [], "coverImage": {"large": "https://s3.anilist.co/media/anime/cover/medium/10448.jpg", "medium": "https://s3.anilist.co/media/anime/cover/small/10448.jpg"}, "bannerImage": null, "isAdult": false, "format": "ONA"}, {"id": 10456, "title": {"romaji": "Kyoukaisenjou no Horizon", "english": "Horizon in the Middle of Nowhere"}, "type": "ANIME", "status": "FINISHED", "description": "In the far future, humans abandon a devastated Earth and traveled to outer space. However, due to unknown phenomenon that prevents them from traveling into space, humanity returns to Earth only to find it inhospitable except for Japan. <br><br>\nTo accomodate the entire human population, pocket dimensions are created around Japan to house in the populace. In order to find a way to return to outer space, the humans began reenacting human history according to the Holy book Testament. But in the year 1413 of the Testament Era, the nations of the pocket dimensions invade and conquer Japan, dividing the territory into feudal fiefdoms and forcing the original inhabitants of Japan to leave. <br><br>\nIt is now the year 1648 of the Testament Era, the refugees of Japan now live in the city ship Musashi, where it constantly travels around Japan while being watched by the Testament Union, the authority that runs the re-enactment of history. However, rumors of an apocalypse and war begins to spread when the Testament stops revealing what happens next after 1648. <br><br>\nTaking advantage of this situation, Toori Aoi, head of Musashi Ariadust Academy's Supreme Federation and President of the student council, leads his fellow classmates to use this opportunity to regain their homeland. <br><br>\n(Source: Wikipedia)", "startDate": {"year": 2011, "month": 10, "day": 2}, "endDate": {"year": 2011, "month": 12, "day": 25}, "season": "FALL", "episodes": 13, "duration": 24, "genres": ["Action", "Fantasy"], "averageScore": 68, "trending": 0, "popularity": 10303, "streamingEpisodes": [{"title": "Episode 1 - Those Lined Up Before the Horizon", "url": "http://www.crunchyroll.com/horizon-in-the-middle-of-nowhere/episode-1-those-lined-up-before-the-horizon-586028"}, {"title": "Episode 2 - Innocents at the Table", "url": "http://www.crunchyroll.com/horizon-in-the-middle-of-nowhere/episode-2-innocents-at-the-table-586030"}, {"title": "Episode 3 - Commandos in Town", "url": "http://www.crunchyroll.com/horizon-in-the-middle-of-nowhere/episode-3-commandos-in-town-586392"}, {"title": "Episode 4 - Covert Ops Under The Night's Sky", "url": "http://www.crunchyroll.com/horizon-in-the-middle-of-nowhere/episode-4-covert-ops-under-the-nights-sky-586394"}, {"title": "Episode 5 - Graduates Under the Moon", "url": "http://www.crunchyroll.com/horizon-in-the-middle-of-nowhere/episode-5-graduates-under-the-moon-586396"}, {"title": "Episode 6 - Advocate at the Confession Grounds", "url": "http://www.crunchyroll.com/horizon-in-the-middle-of-nowhere/episode-6-advocate-at-the-confession-grounds-586398"}, {"title": "Episode 7 - Musashi's Knights", "url": "http://www.crunchyroll.com/horizon-in-the-middle-of-nowhere/episode-7-musashis-knights-586400"}, {"title": "Episode 8 - Ruler of the Land", "url": "http://www.crunchyroll.com/horizon-in-the-middle-of-nowhere/episode-8-ruler-of-the-land-586402"}, {"title": "Episode 9 - The Summit's Flower", "url": "http://www.crunchyroll.com/horizon-in-the-middle-of-nowhere/episode-9-the-summits-flower-586404"}, {"title": "Episode 10 - The Trumpeter at the Start Line", "url": "http://www.crunchyroll.com/horizon-in-the-middle-of-nowhere/episode-10-the-trumpeter-at-the-start-line-586406"}, {"title": "Episode 11 - Musashi's Mr. Impossible", "url": "http://www.crunchyroll.com/horizon-in-the-middle-of-nowhere/episode-11-musashis-mr-impossible-586408"}, {"title": "Episode 12 - Opposition Against Crossing Over the Parallel Lines", "url": "http://www.crunchyroll.com/horizon-in-the-middle-of-nowhere/episode-12-opposition-against-crossing-over-the-parallel-lines-586410"}, {"title": "Episode 13 - Those Lined Up Above the Horizon", "url": "http://www.crunchyroll.com/horizon-in-the-middle-of-nowhere/episode-13-those-lined-up-above-the-horizon-589152"}], "coverImage": {"large": "https://s3.anilist.co/media/anime/cover/medium/10456.jpg", "medium": "https://s3.anilist.co/media/anime/cover/small/10456.jpg"}, "bannerImage": "https://s3.anilist.co/media/anime/banner/10456-qirI5rDVj4Gc.jpg", "isAdult": false, "format": "TV"}, {"id": 10457, "title": {"romaji": "JK to Inkou Kyoushi 4: Doku mo Seika - Namaiki Model no Seikuhakusho", "english": null}, "type": "ANIME", "status": "FINISHED", "description": "Takashi is a teacher. One day, two new students come to his class, Shizuka and Satsuki. Shizuka is friendly and Satsuki is quiet. Some days later the vice-principal suddenly orders Takashi to take care of them, and it turns out that Shizuka is actually selfish and egoistic...", "startDate": {"year": 2011, "month": 5, "day": 27}, "endDate": {"year": 2012, "month": 1, "day": 27}, "season": "SPRING", "episodes": 2, "duration": 30, "genres": ["Hentai"], "averageScore": 57, "trending": 0, "popularity": 460, "streamingEpisodes": [], "coverImage": {"large": "https://s3.anilist.co/media/anime/cover/medium/10457.jpg", "medium": "https://s3.anilist.co/media/anime/cover/small/10457.jpg"}, "bannerImage": null, "isAdult": true, "format": "OVA"}, {"id": 10458, "title": {"romaji": "Ran->Sem: Hakudaku Delmo Tsuma no Miira Tori", "english": null}, "type": "ANIME", "status": "FINISHED", "description": "After the disappearance of her sister and finding out she had joined a suspicious enlightenment group seminar, Riko enlisted herself into the course to find her but the only way to reach the same course as her was to rank up and the only way to do so was to help others release... that being through sex. <br><br>", "startDate": {"year": 2011, "month": 5, "day": 27}, "endDate": {"year": 2011, "month": 6, "day": 24}, "season": "SPRING", "episodes": 2, "duration": 30, "genres": ["Hentai"], "averageScore": 57, "trending": 0, "popularity": 484, "streamingEpisodes": [], "coverImage": {"large": "https://s3.anilist.co/media/anime/cover/medium/10458.jpg", "medium": "https://s3.anilist.co/media/anime/cover/small/10458.jpg"}, "bannerImage": null, "isAdult": true, "format": "OVA"}, {"id": 10459, "title": {"romaji": "Puu-Neko", "english": null}, "type": "ANIME", "status": "FINISHED", "description": "Based on a four-panel manga, Puu-Neko is about \"jobless (puu)\" cats and Momoyama Momoko, who can talk with them. According to the author, 98% of cats are jobless.", "startDate": {"year": 2011, "month": 4, "day": 13}, "endDate": {"year": 2011, "month": 6, "day": 22}, "season": "SPRING", "episodes": 11, "duration": 1, "genres": ["Comedy"], "averageScore": null, "trending": 0, "popularity": 82, "streamingEpisodes": [], "coverImage": {"large": "https://s3.anilist.co/media/anime/cover/medium/10459.jpg", "medium": "https://s3.anilist.co/media/anime/cover/small/10459.jpg"}, "bannerImage": null, "isAdult": false, "format": "TV_SHORT"}, {"id": 10460, "title": {"romaji": "Kimi to Boku.", "english": "You and Me."}, "type": "ANIME", "status": "FINISHED", "description": "The story revolves around four teens &mdash; the good-looking twins Yuuta and Yuuki Asaba, the effeminate Shun Matsuoka, and the class head Kaname Tsukahara &mdash; who have known each other since early childhood. While they are not necessarily good or bad friends, they continue to hang out well into high school. The half-Japanese transfer student Chizuru Tachibana joins the circle of friends in this comedy about the everyday life of adolescence.", "startDate": {"year": 2011, "month": 10, "day": 4}, "endDate": {"year": 2011, "month": 12, "day": 27}, "season": "FALL", "episodes": 13, "duration": 24, "genres": ["Comedy", "Drama", "Romance", "Slice of Life"], "averageScore": 73, "trending": 0, "popularity": 8832, "streamingEpisodes": [{"title": "Episode 1 - On our 17th Spring", "url": "http://www.crunchyroll.com/you-and-me/episode-1-on-our-17th-spring-585224"}, {"title": "Episode 2 - The Day the Tulips Bloomed", "url": "http://www.crunchyroll.com/you-and-me/episode-2-the-day-the-tulips-bloomed-585226"}, {"title": "Episode 3 - The Straw-colored Boy", "url": "http://www.crunchyroll.com/you-and-me/episode-3-the-straw-colored-boy-585228"}, {"title": "Episode 4 - Noisy Medicine", "url": "http://www.crunchyroll.com/you-and-me/episode-4-noisy-medicine-585230"}, {"title": "Episode 5 - One Summer", "url": "http://www.crunchyroll.com/you-and-me/episode-5-one-summer-585232"}, {"title": "Episode 6 - Glasses and Et Cetera", "url": "http://www.crunchyroll.com/you-and-me/episode-6-glasses-and-et-cetera-585234"}, {"title": "Episode 7 - Next to an Apple", "url": "http://www.crunchyroll.com/you-and-me/episode-7-next-to-an-apple-585236"}, {"title": "Episode 8 - Daily Wage Hero/Senpai and Me", "url": "http://www.crunchyroll.com/you-and-me/episode-8-daily-wage-herosenpai-and-me-585238"}, {"title": "Episode 9 - Naked King", "url": "http://www.crunchyroll.com/you-and-me/episode-9-naked-king-585240"}, {"title": "Episode 10 - On Your Mark", "url": "http://www.crunchyroll.com/you-and-me/episode-10-on-your-mark-585242"}, {"title": "Episode 11 - Crescent Moon Silhouette", "url": "http://www.crunchyroll.com/you-and-me/episode-11-crescent-moon-silhouette-585244"}, {"title": "Episode 12 - Middle School Diary", "url": "http://www.crunchyroll.com/you-and-me/episode-12-middle-school-diary-585246"}, {"title": "Episode 13 - The Sunshine Song", "url": "http://www.crunchyroll.com/you-and-me/episode-13-the-sunshine-song-588372"}], "coverImage": {"large": "https://s3.anilist.co/media/anime/cover/medium/10460.jpg", "medium": "https://s3.anilist.co/media/anime/cover/small/10460.jpg"}, "bannerImage": null, "isAdult": false, "format": "TV"}, {"id": 10463, "title": {"romaji": "Exper Zenon", "english": null}, "type": "ANIME", "status": "FINISHED", "description": "Tadashi is a high school student and computer-game addict. After a long day spent playing the game Zenon, he is visited in a dream by the heroine, Sartova. In an anime replay of The Last Starfighter, she takes him to the world of Zenon, where the game is played with human lives at stake. <br><br>\nThe show starts with our hero Hiroshi easily defeating an arcade machine, impressing all of his nerdy friends. When he gets home, he finds a bizarre new game waiting for him on his computer. The game promises him a chance at winning the heart of a beautiful girl, so Hiroshi presses \"Yes\" to begin...only to have the screen turn to static right in front of him. <br><br>\nSkip to the next day. Hiroshi starts telling his friends about this game, and they aren't sure what to believe. But right then, in the middle of the class, a huge electrical storm hits, leaving in its wake a lone white egg. When Hiroshi touches it, the egg opens, revealing a beautiful (and stark naked) green-haired girl. <br><br>\nThis girl, Hiroko, gives Hiroshi the name Zenon and gives him all sorts of powers, including ESP. That's all well and good, but right afterwards all the way to the very end, Hiroshi/Zenon winds up battling all sorts of evil bad guys and huge meanies non-stop to protect his new sweetheart.<br><br>\n(Source: Animerate)", "startDate": {"year": 1991, "month": 9, "day": 27}, "endDate": {"year": 1991, "month": 9, "day": 27}, "season": "FALL", "episodes": 1, "duration": 60, "genres": ["Action", "Sci-Fi"], "averageScore": null, "trending": 0, "popularity": 115, "streamingEpisodes": [], "coverImage": {"large": "https://s3.anilist.co/media/anime/cover/medium/10463.jpg", "medium": "https://s3.anilist.co/media/anime/cover/small/10463.jpg"}, "bannerImage": null, "isAdult": false, "format": "MOVIE"}, {"id": 10464, "title": {"romaji": "Seitokai no Ichizon Lv.2", "english": "Student Council's Discretion Level 2"}, "type": "ANIME", "status": "FINISHED", "description": "Sugisaki Ken, through diligence and academic excellence, had successfully entered the paradise that is the Hekiyou Private Academy's Student Council. There, he boldly embarks on his plan to create his personal harem with the 4 girls who are the other council members, namely: The incredibly youthful president Sakurano Kurimu; The cool and kindly yet super-sadistic secretary Akaba Chizuru; Tomboyish and hot-blooded vice-president Shiina Minatsu; and The ephemerally beautiful yet complicated treasurer Shiina Mafuyu. While every day since then has been non-stop fun, Graduation Day now looms near. Could this spell the end of their carefree days? <br><br>\n(Source: translated and adapted from official site by Cranston) ", "startDate": {"year": 2012, "month": 10, "day": 13}, "endDate": {"year": 2012, "month": 12, "day": 15}, "season": "FALL", "episodes": 10, "duration": 24, "genres": ["Comedy"], "averageScore": 71, "trending": 0, "popularity": 5038, "streamingEpisodes": [], "coverImage": {"large": "https://s3.anilist.co/media/anime/cover/medium/10464.jpg", "medium": "https://s3.anilist.co/media/anime/cover/small/10464.jpg"}, "bannerImage": null, "isAdult": false, "format": "ONA"}, {"id": 10465, "title": {"romaji": "Manyuu Hiken-chou", "english": null}, "type": "ANIME", "status": "FINISHED", "description": "It is currently the Taiheimeji Era. It is a reign ruled by the Tokugawa shogunate. Inside this shogunate, there is a group of warriors that support the government. They are the Manyuu Clan.<br><br>\nIn this current era, breasts mean everything. If you have breasts, you are guaranteed wealth and popularity. If you lack them, you are rarely considered &ldquo;human&rdquo;. Members of the Manyuu Clan help raise the future big breasts. Written on a secret scroll possessed by the clan, there is said to be various techniques on how to grow big and beautiful breasts.<br><br>\nChifusa is to be successor of the clan. However, she takes the secret scroll and runs away with it, hoping to fight against the cruel world that the Manyuu Clan has created&hellip;<br><br>\n(Source: Operation Boredom)", "startDate": {"year": 2011, "month": 7, "day": 11}, "endDate": {"year": 2011, "month": 9, "day": 26}, "season": "SUMMER", "episodes": 12, "duration": 24, "genres": ["Action", "Comedy", "Ecchi"], "averageScore": 56, "trending": 0, "popularity": 3791, "streamingEpisodes": [], "coverImage": {"large": "https://s3.anilist.co/media/anime/cover/medium/10465.jpg", "medium": "https://s3.anilist.co/media/anime/cover/small/10465.jpg"}, "bannerImage": null, "isAdult": false, "format": "TV"}, {"id": 10466, "title": {"romaji": "Phantom Yuusha Densetsu", "english": null}, "type": "ANIME", "status": "FINISHED", "description": "Yazawa, a Japanese pilot, suffers a crash in his Phantom jetfighter. After a six month recovery, his old friend from an airplane magazine wants him to investigate the appearance of a Phantom in an armed conflict in El Salvador. Yazawa's investigations makes him wind up in an international arms conspiracy. Based on a series of military fiction novels. ", "startDate": {"year": 1991, "month": 1, "day": 24}, "endDate": {"year": 1991, "month": 1, "day": 24}, "season": "WINTER", "episodes": 1, "duration": 50, "genres": ["Action", "Drama"], "averageScore": null, "trending": 0, "popularity": 47, "streamingEpisodes": [], "coverImage": {"large": "https://s3.anilist.co/media/anime/cover/medium/10466.jpg", "medium": "https://s3.anilist.co/media/anime/cover/small/10466.jpg"}, "bannerImage": null, "isAdult": false, "format": "OVA"}, {"id": 10469, "title": {"romaji": "Sayonara Zetsubou Sensei Special", "english": null}, "type": "ANIME", "status": "FINISHED", "description": "A new special episode that was distributed to those who purchase all three Blu-ray box sets of Sayonara Zetsubou Sensei series on January 31, 2012. ", "startDate": {"year": 2012, "month": 1, "day": 31}, "endDate": {"year": 2012, "month": 1, "day": 31}, "season": "WINTER", "episodes": 1, "duration": 24, "genres": ["Comedy"], "averageScore": 72, "trending": 0, "popularity": 1714, "streamingEpisodes": [], "coverImage": {"large": "https://s3.anilist.co/media/anime/cover/medium/10469.jpg", "medium": "https://s3.anilist.co/media/anime/cover/small/10469.jpg"}, "bannerImage": null, "isAdult": false, "format": "SPECIAL"}, {"id": 10470, "title": {"romaji": "God Eater Prologue", "english": null}, "type": "ANIME", "status": "FINISHED", "description": "A prequel to the video game by the same name.<br><br>\nThe video takes place in the year 2065, six years before the events of the videogame. In the video, three wielders of the \"divine weapons\" from the Fenrir Far East branch, an elite military task force, arrive at a military operation against the powerful creatures called Aragami. One of the three, Souma, is a protagonist in the videogame.<br><br>\n(Source: ANN)", "startDate": {"year": 2009, "month": 9, "day": 28}, "endDate": {"year": 2009, "month": 9, "day": 28}, "season": "FALL", "episodes": 1, "duration": 13, "genres": ["Action", "Fantasy", "Supernatural"], "averageScore": 61, "trending": 0, "popularity": 2427, "streamingEpisodes": [], "coverImage": {"large": "https://s3.anilist.co/media/anime/cover/medium/10470.jpg", "medium": "https://s3.anilist.co/media/anime/cover/small/10470.jpg"}, "bannerImage": null, "isAdult": false, "format": "SPECIAL"}, {"id": 10471, "title": {"romaji": "Ie Naki Ko Remi Specials", "english": null}, "type": "ANIME", "status": "FINISHED", "description": "Three unaired episodes of Ie Naki Ko Remi.", "startDate": {"year": 1997, "month": 6, "day": 16}, "endDate": {"year": 1997, "month": 6, "day": 16}, "season": "SUMMER", "episodes": 3, "duration": 23, "genres": ["Adventure", "Drama"], "averageScore": 59, "trending": 0, "popularity": 139, "streamingEpisodes": [], "coverImage": {"large": "https://s3.anilist.co/media/anime/cover/medium/10471.jpg", "medium": "https://s3.anilist.co/media/anime/cover/small/10471.jpg"}, "bannerImage": null, "isAdult": false, "format": "SPECIAL"}, {"id": 10477, "title": {"romaji": "Haiyoru! Nyaruani: Remember My Love(craft-sensei) Special", "english": "Haiyoru! Nyaruani: Remember My Mr. Lovecraft"}, "type": "ANIME", "status": "FINISHED", "description": "A DVD Special of Haiyoru! Nyaruani: Remember My Love(craft-sensei) which is also episode 12 of the series and takes place after the last episode of the anime.", "startDate": {"year": 2011, "month": 3, "day": 15}, "endDate": {"year": 2011, "month": 3, "day": 15}, "season": "SPRING", "episodes": 1, "duration": 5, "genres": ["Comedy", "Sci-Fi"], "averageScore": 57, "trending": 0, "popularity": 1142, "streamingEpisodes": [], "coverImage": {"large": "https://s3.anilist.co/media/anime/cover/medium/10477.jpg", "medium": "https://s3.anilist.co/media/anime/cover/small/10477.jpg"}, "bannerImage": null, "isAdult": false, "format": "SPECIAL"}, {"id": 10479, "title": {"romaji": "Beelzebub: Hashire! Beel-bo Keiji!!", "english": null}, "type": "ANIME", "status": "FINISHED", "description": "A total of 6 short specials included in the first 6 DVDs of Beelzebub.", "startDate": {"year": 2011, "month": 6, "day": 29}, "endDate": {"year": 2011, "month": 11, "day": 23}, "season": "SUMMER", "episodes": 6, "duration": 2, "genres": ["Action", "Comedy", "Supernatural"], "averageScore": 63, "trending": 0, "popularity": 938, "streamingEpisodes": [], "coverImage": {"large": "https://s3.anilist.co/media/anime/cover/medium/10479.jpg", "medium": "https://s3.anilist.co/media/anime/cover/small/10479.jpg"}, "bannerImage": null, "isAdult": false, "format": "SPECIAL"}, {"id": 10481, "title": {"romaji": "Otohime Connection", "english": "Princess Connection"}, "type": "ANIME", "status": "FINISHED", "description": "Special based on the manga by Ooya Kazumi, published in Betsukomi Flower Comics.<br><br>\nAn all-male pop group doubles as a detective agency. The cute girl member of the agency is kidnapped when one of the men's past returns to trouble them all in the present.<br><br>\n(Source: sandg-anime)", "startDate": {"year": 1991, "month": 12, "day": 1}, "endDate": {"year": 1991, "month": 12, "day": 1}, "season": "WINTER", "episodes": 1, "duration": 45, "genres": ["Drama", "Mystery", "Romance", "Slice of Life"], "averageScore": null, "trending": 0, "popularity": 30, "streamingEpisodes": [], "coverImage": {"large": "https://s3.anilist.co/media/anime/cover/medium/10481.jpg", "medium": "https://s3.anilist.co/media/anime/cover/small/10481.jpg"}, "bannerImage": null, "isAdult": false, "format": "OVA"}, {"id": 10483, "title": {"romaji": "Sengoku Basara Two: Ryuko, Itadaki no Chikai! Atsuki Mirai e Kakeru Tamashii!!", "english": null}, "type": "ANIME", "status": "FINISHED", "description": "An extra episode included on the 7th DVD.", "startDate": {"year": 2011, "month": 4, "day": 6}, "endDate": {"year": 2011, "month": 4, "day": 6}, "season": "SPRING", "episodes": 1, "duration": 26, "genres": ["Action"], "averageScore": 65, "trending": 0, "popularity": 605, "streamingEpisodes": [], "coverImage": {"large": "https://s3.anilist.co/media/anime/cover/medium/10483.jpg", "medium": "https://s3.anilist.co/media/anime/cover/small/10483.jpg"}, "bannerImage": null, "isAdult": false, "format": "SPECIAL"}, {"id": 10488, "title": {"romaji": "Shocking Pink", "english": null}, "type": "ANIME", "status": "FINISHED", "description": "A boy named similar to Zhuge Liang, from Romance of Three Kingdoms meets a girl who believe that she's a desendant of Liu Bei. She wants him to become her strategist. <br><br>\n(Source: MU) ", "startDate": {"year": 2011, "month": 6, "day": 24}, "endDate": {"year": 2011, "month": 8, "day": 5}, "season": "SUMMER", "episodes": 2, "duration": 17, "genres": ["Hentai"], "averageScore": 59, "trending": 0, "popularity": 424, "streamingEpisodes": [], "coverImage": {"large": "https://s3.anilist.co/media/anime/cover/medium/10488.jpg", "medium": "https://s3.anilist.co/media/anime/cover/small/10488.jpg"}, "bannerImage": null, "isAdult": true, "format": "OVA"}, {"id": 10490, "title": {"romaji": "Blood-C", "english": null}, "type": "ANIME", "status": "FINISHED", "description": "Saya is a seemingly normal girl living with her father in a shrine. During the day she goes to school and spends time with her friends at a local cafe. But when night falls Saya is called upon to protect her village from strange monsters. <br><br>\n(Source: ANN) ", "startDate": {"year": 2011, "month": 7, "day": 8}, "endDate": {"year": 2011, "month": 9, "day": 30}, "season": "SUMMER", "episodes": 12, "duration": 23, "genres": ["Action", "Horror", "Supernatural"], "averageScore": 60, "trending": 1, "popularity": 10094, "streamingEpisodes": [], "coverImage": {"large": "https://s3.anilist.co/media/anime/cover/medium/10490.jpg", "medium": "https://s3.anilist.co/media/anime/cover/small/10490.jpg"}, "bannerImage": "https://s3.anilist.co/media/anime/banner/10490-7VLbVneuSMP9.jpg", "isAdult": false, "format": "TV"}, {"id": 10491, "title": {"romaji": "Higurashi no Naku Koro ni Kira", "english": "When They Cry Kira"}, "type": "ANIME", "status": "FINISHED", "description": "With things such as story out of the way, Higurashi cranks up the fanservice with Kira, a new OVA series to commemorate the series' 10th anniversary, featuring nail-biting situations such as Rika and Satoko becoming magical girls to battle evil magic crime syndicates with the help of their trusty squad of cheerleaders, among other things.<br><br>\nThe excitement may be too much to handle. Do you dare step inside the... \"different\" world of Higurashi no Naku Koro ni Kira?", "startDate": {"year": 2011, "month": 7, "day": 21}, "endDate": {"year": 2012, "month": 1, "day": 25}, "season": "SUMMER", "episodes": 4, "duration": 29, "genres": ["Ecchi", "Mystery"], "averageScore": 59, "trending": 1, "popularity": 4733, "streamingEpisodes": [], "coverImage": {"large": "https://s3.anilist.co/media/anime/cover/medium/10491.jpg", "medium": "https://s3.anilist.co/media/anime/cover/small/10491.jpg"}, "bannerImage": "https://s3.anilist.co/media/anime/banner/10491-8BoV0ykSMIvJ.jpg", "isAdult": false, "format": "OVA"}, {"id": 10495, "title": {"romaji": "Yuru Yuri", "english": "YuruYuri"}, "type": "ANIME", "status": "FINISHED", "description": "Right after starting middle school, Akari Akaza joins the Amusement Club which is composed solely by her two childhood friends, Kyouko Toshinou and Yui Funami. Chinatsu Yoshikawa, Akaza's classmate, becomes a member after finding out about the dissolution of the Tea Club. <br><br>\nThe Amusement Club, situated at the tea room facility since the Tea Club disbanded, has no clear purpose, being free for the girls to do whatever they want.<br><br>\n(Source: ANN)", "startDate": {"year": 2011, "month": 7, "day": 5}, "endDate": {"year": 2011, "month": 9, "day": 20}, "season": "SUMMER", "episodes": 12, "duration": 23, "genres": ["Comedy", "Slice of Life"], "averageScore": 74, "trending": 1, "popularity": 20231, "streamingEpisodes": [{"title": "Episode 1 - Middle School Debut!", "url": "http://www.crunchyroll.com/yuruyuri/episode-1-middle-school-debut-580684"}, {"title": "Episode 2 - Me and You and the Student Council", "url": "http://www.crunchyroll.com/yuruyuri/episode-2-me-and-you-and-the-student-council-580772"}, {"title": "Episode 3 - You Wanna Come Visit!?...Yeah, Let's Go!", "url": "http://www.crunchyroll.com/yuruyuri/episode-3-you-wanna-come-visityeah-lets-go-580988"}, {"title": "Episode 4 - Summer Harvest", "url": "http://www.crunchyroll.com/yuruyuri/episode-4-summer-harvest-580990"}, {"title": "Episode 5 - When Akari and the Cicadas Cry", "url": "http://www.crunchyroll.com/yuruyuri/episode-5-when-akari-and-the-cicadas-cry-580992"}, {"title": "Episode 6 - Art Arter Artist", "url": "http://www.crunchyroll.com/yuruyuri/episode-6-art-arter-artist-580994"}, {"title": "Episode 7 - Christmas", "url": "http://www.crunchyroll.com/yuruyuri/episode-7-christmas-580996"}, {"title": "Episode 8 - April Fool's", "url": "http://www.crunchyroll.com/yuruyuri/episode-8-april-fools-580998"}, {"title": "Episode 9 - This Summer Isn't Scary", "url": "http://www.crunchyroll.com/yuruyuri/episode-9-this-summer-isnt-scary-581000"}, {"title": "Episode 10 - It's called a school trip, but what are we here to study?", "url": "http://www.crunchyroll.com/yuruyuri/episode-10-its-called-a-school-trip-but-what-are-we-here-to-study-581002"}, {"title": "Episode 11 - Our Amusement Club", "url": "http://www.crunchyroll.com/yuruyuri/episode-11-our-amusement-club-581004"}, {"title": "Episode 12 - Everyone's Poka Poka at Training Camp", "url": "http://www.crunchyroll.com/yuruyuri/episode-12-everyones-poka-poka-at-training-camp-581006"}], "coverImage": {"large": "https://s3.anilist.co/media/anime/cover/medium/10495.jpg", "medium": "https://s3.anilist.co/media/anime/cover/small/10495.jpg"}, "bannerImage": "https://s3.anilist.co/media/anime/banner/10495.jpg", "isAdult": false, "format": "TV"}]}}}