{"data": {"Page": {"pageInfo": {"total": 12298, "hasNextPage": true}, "media": [{"id": 101580, "title": {"romaji": "Shinya! Tensai Bakabon", "english": "Late night! The Genius Bakabon"}, "type": "ANIME", "status": "FINISHED", "description": "New adaptation of <i>Tensai Bakabon</i>.<br><br>\n\nThe original family comedy manga centers on an idiotic boy and his father.", "startDate": {"year": 2018, "month": 7, "day": 11}, "endDate": {"year": 2018, "month": 9, "day": 26}, "season": "SUMMER", "episodes": 12, "duration": 24, "genres": ["Comedy", "Slice of Life"], "averageScore": 52, "trending": 0, "popularity": 425, "streamingEpisodes": [{"title": "Episode 1 - We Got Turned Into An Anime Again", "url": "http://www.crunchyroll.com/late-night-the-genius-bakabon/episode-1-we-got-turned-into-an-anime-again-775066"}, {"title": "Episode 2 - This Is a Pain / I Want Women to Like Me", "url": "http://www.crunchyroll.com/late-night-the-genius-bakabon/episode-2-this-is-a-pain-i-want-women-to-like-me-775067"}, {"title": "Episode 3 - We're Going to Be in a Movie / I Want a Third", "url": "http://www.crunchyroll.com/late-night-the-genius-bakabon/episode-3-were-going-to-be-in-a-movie-i-want-a-third-775068"}, {"title": "Episode 4 - Microtransactions! The Genius Bakabon / Anthropomorphize It", "url": "http://www.crunchyroll.com/late-night-the-genius-bakabon/episode-4-microtransactions-the-genius-bakabon-anthropomorphize-it-775069"}, {"title": "Episode 5 - We Test the Limits of Late Night!", "url": "http://www.crunchyroll.com/late-night-the-genius-bakabon/episode-5-we-test-the-limits-of-late-night-775070"}, {"title": "Episode 6 - Anime is Hard", "url": "http://www.crunchyroll.com/late-night-the-genius-bakabon/episode-6-anime-is-hard-775071"}, {"title": "Episode 7 - We'll Do a Presentation / I Want to Become a Popular Seiyuu", "url": "http://www.crunchyroll.com/late-night-the-genius-bakabon/episode-7-well-do-a-presentation-i-want-to-become-a-popular-seiyuu-775072"}, {"title": "Episode 8 - I Want Some Action / Eel-Dog's Memorial Service", "url": "http://www.crunchyroll.com/late-night-the-genius-bakabon/episode-8-i-want-some-action-eel-dogs-memorial-service-775073"}, {"title": "Episode 9 - Mr. Policeman's Aptitude Test / Real Genius Bakabon", "url": "http://www.crunchyroll.com/late-night-the-genius-bakabon/episode-9-mr-policemans-aptitude-test-real-genius-bakabon-775074"}, {"title": "Episode 10 - Genius Hajime", "url": "http://www.crunchyroll.com/late-night-the-genius-bakabon/episode-10-genius-hajime-775075"}, {"title": "Episode 11 - Goodbye, Everyone", "url": "http://www.crunchyroll.com/late-night-the-genius-bakabon/episode-11-goodbye-everyone-775076"}, {"title": "Episode 12 - This is the Actual Final Episode", "url": "http://www.crunchyroll.com/late-night-the-genius-bakabon/episode-12-this-is-the-actual-final-episode-775077"}], "coverImage": {"large": "https://s3.anilist.co/media/anime/cover/medium/nx101580-5dYddOjA9r5U.jpg", "medium": "https://s3.anilist.co/media/anime/cover/small/nx101580-5dYddOjA9r5U.jpg"}, "bannerImage": null, "isAdult": false, "format": "TV"}, {"id": 101581, "title": {"romaji": "Yuragi-sou no Yuuna-san OVA", "english": "Yuuna and the Haunted Hot Springs OVA"}, "type": "ANIME", "status": "RELEASING", "description": "Bundled with the 11th, 12th, and 13th volumes of the <i>Yuragi-sou no Yuuna-san</i> manga.", "startDate": {"year": 2018, "month": 7, "day": 4}, "endDate": {"year": 2018, "month": 12, "day": 4}, "season": "SUMMER", "episodes": 3, "duration": 24, "genres": ["Comedy", "Ecchi", "Romance", "Supernatural"], "averageScore": 64, "trending": 0, "popularity": 2114, "streamingEpisodes": [], "coverImage": {"large": "https://s3.anilist.co/media/anime/cover/medium/nx101581-x0HeSfA0177A.jpg", "medium": "https://s3.anilist.co/media/anime/cover/small/nx101581-x0HeSfA0177A.jpg"}, "bannerImage": "https://s3.anilist.co/media/anime/banner/101581-gznTibK05DUt.jpg", "isAdult": false, "format": "OVA"}, {"id": 101593, "title": {"romaji": "Niizuma Koyomi The Animation", "english": null}, "type": "ANIME", "status": "FINISHED", "description": "Based on the erotic game by Hadashi Shoujo.<br>\n<br>\nSoushirou is about to graduate college, but at this point he still hasn't found his calling professionaly speaking, that is till he admires a vase made by a famous potter. That's Soushirou's calling, the work of art captivates him so much that he immediately makes a vow to become a potter under that famous artist's tutelage.<br>\n<br>\nSoushirou is accepted as a disciple, with that Soushirou moves from Tokyo to a quite and cozy rural prefecture to live and learn with his master; there is where Soushirou will find love and marry while he develops his skills, becoming a worthy successor to his master.<br>\n<br>\n(Source: Visual Novel Database)", "startDate": {"year": 2018, "month": 7, "day": 27}, "endDate": {"year": 2018, "month": 7, "day": 27}, "season": "SUMMER", "episodes": 1, "duration": 30, "genres": ["Hentai", "Romance"], "averageScore": null, "trending": 0, "popularity": 118, "streamingEpisodes": [], "coverImage": {"large": "https://s3.anilist.co/media/anime/cover/medium/nx101593-jldTLijxFL7j.jpg", "medium": "https://s3.anilist.co/media/anime/cover/small/nx101593-jldTLijxFL7j.jpg"}, "bannerImage": "https://s3.anilist.co/media/anime/banner/101593-nRAghiW5WAOX.jpg", "isAdult": true, "format": "OVA"}, {"id": 101594, "title": {"romaji": "Cardfight!! Vanguard (2018)", "english": null}, "type": "ANIME", "status": "RELEASING", "description": "The new season embarks on a new story with Aichi and Kai returning to take up the helm as main protagonists.<br><br>\n\n(Source: cf-vanguard.com)", "startDate": {"year": 2018, "month": 5, "day": 5}, "endDate": {"year": null, "month": null, "day": null}, "season": "SPRING", "episodes": null, "duration": 23, "genres": ["Action"], "averageScore": 57, "trending": 0, "popularity": 374, "streamingEpisodes": [], "coverImage": {"large": "https://s3.anilist.co/media/anime/cover/medium/nx101594-yxpIePYx4ztG.jpg", "medium": "https://s3.anilist.co/media/anime/cover/small/nx101594-yxpIePYx4ztG.jpg"}, "bannerImage": null, "isAdult": false, "format": "TV"}, {"id": 101595, "title": {"romaji": "Princess Principal Movie", "english": null}, "type": "ANIME", "status": "NOT_YET_RELEASED", "description": "A six-part film depicting a story after the television series has been announced.", "startDate": {"year": 2019, "month": null, "day": null}, "endDate": {"year": null, "month": null, "day": null}, "season": null, "episodes": null, "duration": null, "genres": ["Action", "Adventure"], "averageScore": null, "trending": 0, "popularity": 1884, "streamingEpisodes": [], "coverImage": {"large": "https://s3.anilist.co/media/anime/cover/medium/nx101595-1TT0wCPnrPNw.jpg", "medium": "https://s3.anilist.co/media/anime/cover/small/nx101595-1TT0wCPnrPNw.jpg"}, "bannerImage": null, "isAdult": false, "format": "MOVIE"}, {"id": 101596, "title": {"romaji": "Pastel Life", "english": null}, "type": "ANIME", "status": "FINISHED", "description": "The anime will follow the daily lives of the members of the <i>BanG Dream!</i> band Pastel*Palettes.", "startDate": {"year": 2018, "month": 5, "day": 17}, "endDate": {"year": 2018, "month": 6, "day": 21}, "season": "SPRING", "episodes": 6, "duration": 3, "genres": ["Slice of Life"], "averageScore": 60, "trending": 0, "popularity": 575, "streamingEpisodes": [], "coverImage": {"large": "https://s3.anilist.co/media/anime/cover/medium/101596-VxulnhxZvsND.jpg", "medium": "https://s3.anilist.co/media/anime/cover/small/101596-VxulnhxZvsND.jpg"}, "bannerImage": null, "isAdult": false, "format": "TV_SHORT"}, {"id": 101597, "title": {"romaji": "Gunjou no Magmel", "english": null}, "type": "ANIME", "status": "NOT_YET_RELEASED", "description": "The fantasy series takes place in a world where a new continent named Magmell suddenly appears in the ocean, and a new age of exploration begins. Explorers venture to the island to find previously unknown lifeforms and resources, but experience one disaster after another. The manga follows the mysterious young men who make a living as relief workers who aid the explorers.<br><br>\n\n(Source: ANN)", "startDate": {"year": null, "month": null, "day": null}, "endDate": {"year": null, "month": null, "day": null}, "season": null, "episodes": null, "duration": null, "genres": ["Action"], "averageScore": null, "trending": 0, "popularity": 105, "streamingEpisodes": [], "coverImage": {"large": "https://s3.anilist.co/media/anime/cover/medium/nx101597-FfSzmmoHcIsP.jpg", "medium": "https://s3.anilist.co/media/anime/cover/small/nx101597-FfSzmmoHcIsP.jpg"}, "bannerImage": null, "isAdult": false, "format": "TV"}, {"id": 101608, "title": {"romaji": "Lilitales", "english": null}, "type": "ANIME", "status": "FINISHED", "description": "Based on the erotic game by Tunnel No.73.\n<br><br>\nLunalie, the female knight of a royal princess guardian, has been framed for the kidnapping of the princess. Allegedly, the princess was sold in slave trade. Luna rushed out to find information about the princess in the slave trade city, but the price of an information was very expensive. She is willing to sell her body and virginity just to find the information. It turned out that it was just a trap that made her a slave. Then, what will Luna do? Can she save the princess?\n<br><br>\nSource: Translated and Edited from Nekopoi", "startDate": {"year": 2018, "month": 5, "day": 18}, "endDate": {"year": 2018, "month": 6, "day": 29}, "season": "SPRING", "episodes": 4, "duration": 20, "genres": ["Hentai", "Fantasy"], "averageScore": null, "trending": 0, "popularity": 113, "streamingEpisodes": [], "coverImage": {"large": "https://s3.anilist.co/media/anime/cover/medium/nx101608-7mLxX5f8CzRO.jpg", "medium": "https://s3.anilist.co/media/anime/cover/small/nx101608-7mLxX5f8CzRO.jpg"}, "bannerImage": null, "isAdult": true, "format": "OVA"}, {"id": 101609, "title": {"romaji": "CONCEPTION", "english": "Conception"}, "type": "ANIME", "status": "RELEASING", "description": "The story of the game revolves around Itsuki Yuuge, a high school student who finds out on the day of his graduation ceremony that his cousin and childhood friend Mahiru is pregnant. Immediately afterward, Itsuki and Mahiru are taken to a magical world called Granvania, which is currently being invaded by monsters. The only people who can fight and exorcise the monsters are the \"star children,\" and the star children can only be produced by the 12 \"shrine maidens of the constellations.\" In order to defeat the monsters and return to his own world, Itsuki must father the star children with the maidens.<br><br>\n\n(Source: ANN)", "startDate": {"year": 2018, "month": 10, "day": 10}, "endDate": {"year": null, "month": null, "day": null}, "season": "FALL", "episodes": null, "duration": 24, "genres": ["Action", "Adventure", "Fantasy", "Romance"], "averageScore": 42, "trending": 2, "popularity": 3189, "streamingEpisodes": [{"title": "Episode 2 - I Want You to Have My Child", "url": "http://www.crunchyroll.com/conception/episode-2-i-want-you-to-have-my-child-778071"}, {"title": "Episode 1 - My Child?!", "url": "http://www.crunchyroll.com/conception/episode-1-my-child-777943"}], "coverImage": {"large": "https://s3.anilist.co/media/anime/cover/medium/nx101609-CRv6x3ifnius.jpg", "medium": "https://s3.anilist.co/media/anime/cover/small/nx101609-CRv6x3ifnius.jpg"}, "bannerImage": null, "isAdult": false, "format": "TV"}, {"id": 101610, "title": {"romaji": "Bokura no Nanokakan Sensou", "english": null}, "type": "ANIME", "status": "NOT_YET_RELEASED", "description": "The mystery story and social satire begins on the day before summer vacation, when every boy in a first-year class of a downtown Tokyo middle school disappears. Was it some accident? A mass kidnapping? Actually, the boys holed themselves up in an abandoned factory on the riverbed. With support from the schoolgirls, the boys start a revolution against the adults from this \"liberation zone.\"<br><br>\n\n(Source: ANN)", "startDate": {"year": 2019, "month": null, "day": null}, "endDate": {"year": null, "month": null, "day": null}, "season": null, "episodes": null, "duration": null, "genres": ["Action", "Comedy", "Drama"], "averageScore": null, "trending": 0, "popularity": 216, "streamingEpisodes": [], "coverImage": {"large": "https://s3.anilist.co/media/anime/cover/medium/nx101610-cRK4tNUsh8vR.jpg", "medium": "https://s3.anilist.co/media/anime/cover/small/nx101610-cRK4tNUsh8vR.jpg"}, "bannerImage": null, "isAdult": false, "format": "TV"}, {"id": 101631, "title": {"romaji": "Aguu: Tensai Ningyou", "english": "Aguu: Genius Dolls"}, "type": "ANIME", "status": "FINISHED", "description": "In the story, Ai is an ordinary girl, and a dancer. Her friend Machi is also a dancer, but Machi is a genius. Watching Machi's talent often makes Ai feel down. But one day, Ai finds out Machi's secret: the existence of the Aguu, palm-size entities who grant genius talent upon those who hold them. In order to save Machi, who has become a \"Seamstress\" who makes Aguu, Ai becomes a \"Savior.\" The Saviors are a group of people who have fought the Seamstresses for generations.<br><br>\n\n(Source: ANN)", "startDate": {"year": 2018, "month": 7, "day": 10}, "endDate": {"year": 2018, "month": 9, "day": 25}, "season": "SUMMER", "episodes": 12, "duration": 23, "genres": ["Action", "Drama", "Supernatural"], "averageScore": 47, "trending": 0, "popularity": 759, "streamingEpisodes": [], "coverImage": {"large": "https://s3.anilist.co/media/anime/cover/medium/nx101631-vKCmphNurInv.jpg", "medium": "https://s3.anilist.co/media/anime/cover/small/nx101631-vKCmphNurInv.jpg"}, "bannerImage": "https://s3.anilist.co/media/anime/banner/101631-cnkH2VZ04Nuw.png", "isAdult": false, "format": "TV"}, {"id": 101632, "title": {"romaji": "BanG Dream! Garupa\u2606Pico", "english": "BanG Dream! Girls Band Party!\u2606PICO"}, "type": "ANIME", "status": "RELEASING", "description": null, "startDate": {"year": 2018, "month": 7, "day": 5}, "endDate": {"year": null, "month": null, "day": null}, "season": "SUMMER", "episodes": null, "duration": 3, "genres": ["Music", "Slice of Life", "Comedy"], "averageScore": 66, "trending": 0, "popularity": 888, "streamingEpisodes": [], "coverImage": {"large": "https://s3.anilist.co/media/anime/cover/medium/nx101632-5OU4PENKC8CV.jpg", "medium": "https://s3.anilist.co/media/anime/cover/small/nx101632-5OU4PENKC8CV.jpg"}, "bannerImage": null, "isAdult": false, "format": "ONA"}, {"id": 101633, "title": {"romaji": "BanG Dream! 2nd Season", "english": null}, "type": "ANIME", "status": "NOT_YET_RELEASED", "description": "The second season of <i>BanG Dream!</i>", "startDate": {"year": 2019, "month": 1, "day": null}, "endDate": {"year": null, "month": null, "day": null}, "season": "WINTER", "episodes": null, "duration": null, "genres": ["Music", "Slice of Life"], "averageScore": null, "trending": 0, "popularity": 644, "streamingEpisodes": [], "coverImage": {"large": "https://s3.anilist.co/media/anime/cover/medium/nx101633-kRp4u7VmRb5h.jpg", "medium": "https://s3.anilist.co/media/anime/cover/small/nx101633-kRp4u7VmRb5h.jpg"}, "bannerImage": null, "isAdult": false, "format": "TV"}, {"id": 101634, "title": {"romaji": "BanG Dream! 3rd Season", "english": null}, "type": "ANIME", "status": "NOT_YET_RELEASED", "description": "The third season of <i>BanG Dream!</i>", "startDate": {"year": 2019, "month": 10, "day": null}, "endDate": {"year": null, "month": null, "day": null}, "season": "FALL", "episodes": null, "duration": null, "genres": ["Music", "Slice of Life"], "averageScore": null, "trending": 0, "popularity": 217, "streamingEpisodes": [], "coverImage": {"large": "https://s3.anilist.co/media/anime/cover/medium/nx101634-gcxNOHp9PFla.jpg", "medium": "https://s3.anilist.co/media/anime/cover/small/nx101634-gcxNOHp9PFla.jpg"}, "bannerImage": null, "isAdult": false, "format": "TV"}, {"id": 101635, "title": {"romaji": "Boku wa Robot Goshi no Kimi ni Koi wo Suru", "english": null}, "type": "ANIME", "status": "NOT_YET_RELEASED", "description": "In the year 2060, Tokyo's third Olympics is close at hand. While a secret project using robots moves forward, notice of a terrorist threat arrives. 28-year-old Takeru is an operator at the AI institute that protects the public via remote controlled robots. Takeru operates T-004, a humanoid robot that is so convincing, most can't tell that it's a robot. Takeru has long pined for his youthful first crush, Saki who is also the sister of his coworker Youichirou. However, Saki encounters T-004 and finds herself growing attracted to the robot, who she believes is a man named \"Tsubasa.\"<br><br>\n\n(Source: ANN)", "startDate": {"year": null, "month": null, "day": null}, "endDate": {"year": null, "month": null, "day": null}, "season": null, "episodes": null, "duration": null, "genres": ["Romance", "Sci-Fi"], "averageScore": null, "trending": 0, "popularity": 241, "streamingEpisodes": [], "coverImage": {"large": "https://s3.anilist.co/media/anime/cover/medium/nx101635-0hAV9KqAOIGi.jpg", "medium": "https://s3.anilist.co/media/anime/cover/small/nx101635-0hAV9KqAOIGi.jpg"}, "bannerImage": null, "isAdult": false, "format": "MOVIE"}, {"id": 101695, "title": {"romaji": "Kekkai Sensen & BEYOND OVA", "english": "Blood Blockade Battlefront & Beyond OVA"}, "type": "ANIME", "status": "FINISHED", "description": "Bundled with the 5th volume of the Kekkai Sensen: Back 2 Back manga\n<br><br>\nThe OVA, which will have a duration of 24 minutes, will adapt two stories. The first story titled \"Zapp Renfro Inga Oohou-juu!!\" will adapt a chapter from volume four, while the second story, titled \"Bakkaadio no Shizuku,\" will adapt a chapter from volume two.", "startDate": {"year": 2018, "month": 7, "day": 4}, "endDate": {"year": 2018, "month": 7, "day": 4}, "season": "SUMMER", "episodes": 1, "duration": 24, "genres": ["Action", "Comedy", "Fantasy", "Supernatural"], "averageScore": 66, "trending": 0, "popularity": 1714, "streamingEpisodes": [], "coverImage": {"large": "https://s3.anilist.co/media/anime/cover/medium/101695-c9NCxR86yje7.png", "medium": "https://s3.anilist.co/media/anime/cover/small/101695-c9NCxR86yje7.png"}, "bannerImage": "https://s3.anilist.co/media/anime/banner/101695-fhMYNf1MvVxr.jpg", "isAdult": false, "format": "OVA"}, {"id": 101696, "title": {"romaji": "Hakumei to Mikochi: Neji to Bed to Irori to Bakuchi", "english": null}, "type": "ANIME", "status": "FINISHED", "description": "Special episode included in the second Blu-ray/DVD volume.", "startDate": {"year": 2018, "month": 6, "day": 27}, "endDate": {"year": 2018, "month": 6, "day": 27}, "season": "SPRING", "episodes": 1, "duration": 24, "genres": ["Fantasy", "Slice of Life"], "averageScore": 69, "trending": 0, "popularity": 722, "streamingEpisodes": [], "coverImage": {"large": "https://s3.anilist.co/media/anime/cover/medium/nx101696-BkAiyJKXdI85.jpg", "medium": "https://s3.anilist.co/media/anime/cover/small/nx101696-BkAiyJKXdI85.jpg"}, "bannerImage": null, "isAdult": false, "format": "SPECIAL"}, {"id": 101697, "title": {"romaji": "Marvel Future Avengers 2nd Season", "english": "Marvel Future Avengers 2nd Season"}, "type": "ANIME", "status": "RELEASING", "description": "Sequel to Marvel Future Avengers.", "startDate": {"year": 2018, "month": 7, "day": 30}, "endDate": {"year": null, "month": null, "day": null}, "season": "SUMMER", "episodes": null, "duration": null, "genres": ["Action"], "averageScore": null, "trending": 0, "popularity": 53, "streamingEpisodes": [], "coverImage": {"large": "https://s3.anilist.co/media/anime/cover/medium/nx101697-0fHSYzI0rj50.jpg", "medium": "https://s3.anilist.co/media/anime/cover/small/nx101697-0fHSYzI0rj50.jpg"}, "bannerImage": null, "isAdult": false, "format": "TV"}, {"id": 101704, "title": {"romaji": "Kiss and Cry", "english": null}, "type": "ANIME", "status": "CANCELLED", "description": "A Japanese, Korean and American co-production.<br>\n<br>\n(Source: ANN)", "startDate": {"year": 2009, "month": null, "day": null}, "endDate": {"year": null, "month": null, "day": null}, "season": null, "episodes": 1, "duration": 90, "genres": ["Drama"], "averageScore": null, "trending": 0, "popularity": 14, "streamingEpisodes": [], "coverImage": {"large": "https://s3.anilist.co/media/anime/cover/medium/101704-S5F2UynzSOHy.jpg", "medium": "https://s3.anilist.co/media/anime/cover/small/101704-S5F2UynzSOHy.jpg"}, "bannerImage": "https://s3.anilist.co/media/anime/banner/101704-kALJEE4TlScj.jpg", "isAdult": false, "format": "MOVIE"}, {"id": 101705, "title": {"romaji": "Chikyuugai Shounen Shoujo", "english": null}, "type": "ANIME", "status": "NOT_YET_RELEASED", "description": "The anime is set in 2045, where the Internet and AI are commonplace even in space, and centers on a group of children stranded in space after a large-scale accident occurs in a space station. By using narrowband, social networking, and a drone that they can manipulate through smartphones and low-intelligence AI, they overcome many crises.<br><br>\n\n(Source: ANN)", "startDate": {"year": null, "month": null, "day": null}, "endDate": {"year": null, "month": null, "day": null}, "season": null, "episodes": null, "duration": null, "genres": ["Sci-Fi"], "averageScore": null, "trending": 0, "popularity": 109, "streamingEpisodes": [], "coverImage": {"large": "https://s3.anilist.co/media/anime/cover/medium/nx101705-YP2lFtIyAuNB.jpg", "medium": "https://s3.anilist.co/media/anime/cover/small/nx101705-YP2lFtIyAuNB.jpg"}, "bannerImage": null, "isAdult": false, "format": "TV"}, {"id": 101743, "title": {"romaji": "Yami Shibai 6", "english": "Yamishibai: Japanese Ghost Stories 6"}, "type": "ANIME", "status": "FINISHED", "description": "The sixth season of <i>Yami Shibai</i/.", "startDate": {"year": 2018, "month": 7, "day": 6}, "endDate": {"year": 2018, "month": 9, "day": 28}, "season": "SUMMER", "episodes": 13, "duration": null, "genres": ["Horror", "Supernatural"], "averageScore": 53, "trending": 0, "popularity": 679, "streamingEpisodes": [], "coverImage": {"large": "https://s3.anilist.co/media/anime/cover/medium/101743-KSVp14WqUETl.jpg", "medium": "https://s3.anilist.co/media/anime/cover/small/101743-KSVp14WqUETl.jpg"}, "bannerImage": "https://s3.anilist.co/media/anime/banner/n101743-fHkTg3EB8dye.jpg", "isAdult": false, "format": "TV_SHORT"}, {"id": 101744, "title": {"romaji": "Nidome no Jinsei wo Isekai de", "english": "[New Life+] Young Again in Another World"}, "type": "ANIME", "status": "CANCELLED", "description": "When death tapped Renya Kunugi on the shoulder, he smiled and went willingly. After enjoying a nice, long life of 94 years, he was looking forward to shutting his eyes for the last time. He was, therefore, understandably upset when he woke up again in an empty space, devoid of memories, with a young girl in a tunic rambling on and on about how she's God. So, he did what any reasonable person would have done under those circumstances: he sent the girl flying with a kick to the face. It turned out that the girl was indeed God, and she was in a pinch. She urgently needed someone to do some interdimensional Resource smuggling, and Renya fit the bill. His mission: cross the boundary into another world, then chill for a few decades. God would handle the rest. To sweeten the deal, she offered him an eighteen-year-old body and a whole laundry list of ludicrously powerful skills, yet he remained hesitant. Then, she mentioned the food \u2014 an exotic world comes with exotic delicacies \u2014 and this sealed the deal. The next thing he knew, he was standing in a foreign land, younger, stronger, and more clueless than ever. Will he survive this world? And more importantly, will the world survive him?<br><br>\n\n(Source: J-Novel Club)<br><br>\n\n<i>Note: Cancelled due to fan backlash on content in source material.</i>", "startDate": {"year": null, "month": null, "day": null}, "endDate": {"year": null, "month": null, "day": null}, "season": null, "episodes": null, "duration": null, "genres": ["Action", "Adventure", "Fantasy"], "averageScore": null, "trending": 0, "popularity": 332, "streamingEpisodes": [], "coverImage": {"large": "https://s3.anilist.co/media/anime/cover/medium/nx101744-XE8CVXim9LX3.jpg", "medium": "https://s3.anilist.co/media/anime/cover/small/nx101744-XE8CVXim9LX3.jpg"}, "bannerImage": null, "isAdult": false, "format": "TV"}, {"id": 101759, "title": {"romaji": "Yakusoku no Neverland", "english": "The Promised Neverland"}, "type": "ANIME", "status": "NOT_YET_RELEASED", "description": "Emma, Norman and Ray are the brightest kids at the Grace Field House orphanage. And under the care of the woman they refer to as \u201cMom,\u201d all the kids have enjoyed a comfortable life. Good food, clean clothes and the perfect environment to learn\u2014what more could an orphan ask for? One day, though, Emma and Norman uncover the dark truth of the outside world they are forbidden from seeing.<br>\n<br>(Source: VIZ)", "startDate": {"year": 2019, "month": 1, "day": null}, "endDate": {"year": null, "month": null, "day": null}, "season": "WINTER", "episodes": null, "duration": null, "genres": ["Mystery", "Psychological", "Supernatural"], "averageScore": null, "trending": 0, "popularity": 2353, "streamingEpisodes": [], "coverImage": {"large": "https://s3.anilist.co/media/anime/cover/medium/nx101759-bQJxvSBsR4Rk.jpg", "medium": "https://s3.anilist.co/media/anime/cover/small/nx101759-bQJxvSBsR4Rk.jpg"}, "bannerImage": "https://s3.anilist.co/media/anime/banner/101759-snp8bSIjjYZY.png", "isAdult": false, "format": "TV"}, {"id": 101773, "title": {"romaji": "Ueno-san wa Bukiyou", "english": null}, "type": "ANIME", "status": "NOT_YET_RELEASED", "description": "The story centers on Ueno, a genius inventor who is in the third grade at her junior high school. She also serves as the head of the school's science club and secretly falls in love with one of its members, second grade student Tanaka. Using her eccentric inventions, Ueno tries to confess her love to him indirectly. But her attempt always ends in failure.<br><br>\n\n(Source: CR)", "startDate": {"year": 2019, "month": 1, "day": null}, "endDate": {"year": null, "month": null, "day": null}, "season": "WINTER", "episodes": null, "duration": null, "genres": ["Comedy", "Ecchi", "Romance"], "averageScore": null, "trending": 0, "popularity": 223, "streamingEpisodes": [], "coverImage": {"large": "https://s3.anilist.co/media/anime/cover/medium/nx101773-BcbnG2PrxsIT.jpg", "medium": "https://s3.anilist.co/media/anime/cover/small/nx101773-BcbnG2PrxsIT.jpg"}, "bannerImage": null, "isAdult": false, "format": "TV"}, {"id": 101775, "title": {"romaji": "Ano Hi no Kanojo-tachi", "english": null}, "type": "ANIME", "status": "RELEASING", "description": "Web shorts focusing on each of the 22/7 idols in normal everyday life.", "startDate": {"year": 2018, "month": 3, "day": 24}, "endDate": {"year": null, "month": null, "day": null}, "season": null, "episodes": null, "duration": 2, "genres": ["Slice of Life"], "averageScore": null, "trending": 0, "popularity": 103, "streamingEpisodes": [], "coverImage": {"large": "https://s3.anilist.co/media/anime/cover/medium/101775-aoqxDtysqArI.jpg", "medium": "https://s3.anilist.co/media/anime/cover/small/101775-aoqxDtysqArI.jpg"}, "bannerImage": null, "isAdult": false, "format": "ONA"}, {"id": 101776, "title": {"romaji": "Boku wa Sonzai Shiteinakatta", "english": "Boku wa Sonzai Shiteinakatta"}, "type": "ANIME", "status": "FINISHED", "description": "Music video included with the first single of the digital idol group 22/7.", "startDate": {"year": 2017, "month": 8, "day": 24}, "endDate": {"year": 2017, "month": 8, "day": 24}, "season": null, "episodes": 1, "duration": 5, "genres": ["Music"], "averageScore": null, "trending": 0, "popularity": 89, "streamingEpisodes": [], "coverImage": {"large": "https://s3.anilist.co/media/anime/cover/medium/nx101776-L36iXSiiZ5a8.jpg", "medium": "https://s3.anilist.co/media/anime/cover/small/nx101776-L36iXSiiZ5a8.jpg"}, "bannerImage": null, "isAdult": false, "format": "MUSIC"}, {"id": 101777, "title": {"romaji": "Shampoo no Nioi ga Shita", "english": "Shampoo no Nioi ga Shita"}, "type": "ANIME", "status": null, "description": "Music video by digital idol group 22.7", "startDate": {"year": 2018, "month": 3, "day": 14}, "endDate": {"year": 2018, "month": 3, "day": 14}, "season": null, "episodes": 1, "duration": 5, "genres": [], "averageScore": null, "trending": 0, "popularity": 53, "streamingEpisodes": [], "coverImage": {"large": "https://s3.anilist.co/media/anime/cover/medium/nx101777-1qr6ZdFfFqRA.jpg", "medium": "https://s3.anilist.co/media/anime/cover/small/nx101777-1qr6ZdFfFqRA.jpg"}, "bannerImage": null, "isAdult": false, "format": "MUSIC"}, {"id": 101789, "title": {"romaji": "Wo Shi Jiang Xiaobai 2nd Season", "english": "I'm Joybo 2nd Season"}, "type": "ANIME", "status": "NOT_YET_RELEASED", "description": "Second season of Wo Shi Jiang Xiaobai: Shijie Shang de Lingyi Ge Wo, confirmed at the end of the special episode.", "startDate": {"year": 2018, "month": 11, "day": null}, "endDate": {"year": null, "month": null, "day": null}, "season": "FALL", "episodes": null, "duration": null, "genres": ["Drama", "Romance", "Slice of Life"], "averageScore": null, "trending": 0, "popularity": 95, "streamingEpisodes": [], "coverImage": {"large": "https://s3.anilist.co/media/anime/cover/medium/101789-0xUP8Xwn96aC.png", "medium": "https://s3.anilist.co/media/anime/cover/small/101789-0xUP8Xwn96aC.png"}, "bannerImage": "https://s3.anilist.co/media/anime/banner/101789-YOkdj4aYTCZa.jpg", "isAdult": false, "format": "ONA"}, {"id": 101811, "title": {"romaji": "Code Geass: Hangyaku no Lelouch I - Koudou", "english": "Code Geass: Lelouch of the Rebellion - Awakening"}, "type": "ANIME", "status": "FINISHED", "description": "First of the three part theatrical film remake of Code Geass: Lelouch of the Rebellion and Code Geass: Lelouch of the Rebellion R2.", "startDate": {"year": 2017, "month": 10, "day": 21}, "endDate": {"year": 2017, "month": 10, "day": 21}, "season": "FALL", "episodes": 1, "duration": 135, "genres": ["Action", "Mecha", "Supernatural", "Sci-Fi", "Thriller"], "averageScore": 73, "trending": 1, "popularity": 2571, "streamingEpisodes": [], "coverImage": {"large": "https://s3.anilist.co/media/anime/cover/medium/101811-uu0QaSV0Jecq.jpg", "medium": "https://s3.anilist.co/media/anime/cover/small/101811-uu0QaSV0Jecq.jpg"}, "bannerImage": "https://s3.anilist.co/media/anime/banner/101811-jjXtI2vegxTd.jpg", "isAdult": false, "format": "MOVIE"}, {"id": 101812, "title": {"romaji": "Code Geass: Hangyaku no Lelouch II - Handou", "english": "Code Geass: Lelouch of the Rebellion - Rebellion"}, "type": "ANIME", "status": "FINISHED", "description": "Second of the three part theatrical film remake of Code Geass: Lelouch of the Rebellion and Code Geass: Lelouch of the Rebellion R2.", "startDate": {"year": 2018, "month": 2, "day": 10}, "endDate": {"year": 2018, "month": 2, "day": 10}, "season": "WINTER", "episodes": 1, "duration": 120, "genres": ["Action", "Mecha", "Supernatural", "Romance", "Thriller"], "averageScore": 70, "trending": 1, "popularity": 2146, "streamingEpisodes": [], "coverImage": {"large": "https://s3.anilist.co/media/anime/cover/medium/101812-B7QmEgigTGju.jpg", "medium": "https://s3.anilist.co/media/anime/cover/small/101812-B7QmEgigTGju.jpg"}, "bannerImage": "https://s3.anilist.co/media/anime/banner/101812-YG0oz4TOtN8T.jpg", "isAdult": false, "format": "MOVIE"}, {"id": 101813, "title": {"romaji": "Code Geass: Hangyaku no Lelouch III - Oudou", "english": "Code Geass: Lelouch of the Rebellion - Emperor"}, "type": "ANIME", "status": "FINISHED", "description": "Third and final part of the three part theatrical film remake of Code Geass: Lelouch of the Rebellion and Code Geass: Lelouch of the Rebellion R2.", "startDate": {"year": 2018, "month": 5, "day": 26}, "endDate": {"year": 2018, "month": 5, "day": 24}, "season": "SPRING", "episodes": 1, "duration": 120, "genres": ["Action", "Mecha", "Psychological", "Supernatural"], "averageScore": 69, "trending": 1, "popularity": 2117, "streamingEpisodes": [], "coverImage": {"large": "https://s3.anilist.co/media/anime/cover/medium/nx101813-KLOOBD5T8hQn.jpg", "medium": "https://s3.anilist.co/media/anime/cover/small/nx101813-KLOOBD5T8hQn.jpg"}, "bannerImage": "https://s3.anilist.co/media/anime/banner/101813-94aJwlXXbrCn.jpg", "isAdult": false, "format": "MOVIE"}, {"id": 101814, "title": {"romaji": "Shoumetsu Toshi", "english": null}, "type": "ANIME", "status": "NOT_YET_RELEASED", "description": "One day a town is annihilated. Yuki is a young woman who is said to be the only person left alive from the town after the annihilation, and Takuya is a loner and a smuggler. Together, with the letter left by Yuki's father, they go toward the town, now called Lost, but unexpected obstacles stand in their path. The thoughts of those left behind, secret and mysterious organizations, and hidden conspiracies await Yuki and Takuya as they move closer toward the mystery behind Lost.<br>\n<br>\n(Source: ANN)", "startDate": {"year": 2019, "month": null, "day": null}, "endDate": {"year": null, "month": null, "day": null}, "season": null, "episodes": null, "duration": null, "genres": ["Action", "Adventure", "Mystery", "Drama", "Fantasy"], "averageScore": null, "trending": 0, "popularity": 305, "streamingEpisodes": [], "coverImage": {"large": "https://s3.anilist.co/media/anime/cover/medium/nx101814-BhfVaNnyBCbF.jpg", "medium": "https://s3.anilist.co/media/anime/cover/small/nx101814-BhfVaNnyBCbF.jpg"}, "bannerImage": null, "isAdult": false, "format": "TV"}, {"id": 101815, "title": {"romaji": "Wata no Kuni Hoshi Pilot", "english": null}, "type": "ANIME", "status": "FINISHED", "description": "This is a pilot for The Star of Cottonland (Wata no Kuni Hoshi) which was later made into a feature film in 1984 by Mushi Production. Both are based off a manga created by Yumiko Oshima from the 1970s.\n\n(Source: Bowl of Lentils)", "startDate": {"year": 2007, "month": 6, "day": 20}, "endDate": {"year": 2007, "month": 6, "day": 20}, "season": null, "episodes": 1, "duration": 3, "genres": ["Fantasy"], "averageScore": null, "trending": 0, "popularity": 23, "streamingEpisodes": [], "coverImage": {"large": "https://s3.anilist.co/media/anime/cover/medium/101815-kZQ8VCJtGav8.jpg", "medium": "https://s3.anilist.co/media/anime/cover/small/101815-kZQ8VCJtGav8.jpg"}, "bannerImage": null, "isAdult": false, "format": "SPECIAL"}, {"id": 101816, "title": {"romaji": "Kuroko no Basket: Oshaberi Demo Shimasen ka", "english": "Kuroko's Basketball: Would You Like To Chat"}, "type": "ANIME", "status": "FINISHED", "description": "Special included on Kuroko no Basket Fan Disc 2: Hikari Sasu Basho e.", "startDate": {"year": 2014, "month": 12, "day": 25}, "endDate": {"year": 2014, "month": 12, "day": 25}, "season": null, "episodes": 1, "duration": 16, "genres": ["Comedy", "Sports"], "averageScore": 63, "trending": 0, "popularity": 783, "streamingEpisodes": [], "coverImage": {"large": "https://s3.anilist.co/media/anime/cover/medium/101816-QaW9HtIN5ToT.jpg", "medium": "https://s3.anilist.co/media/anime/cover/small/101816-QaW9HtIN5ToT.jpg"}, "bannerImage": null, "isAdult": false, "format": "SPECIAL"}, {"id": 101817, "title": {"romaji": "Inferno Cop Specials", "english": "Inferno Cop Specials"}, "type": "ANIME", "status": "FINISHED", "description": "Three special episodes of Inferno Cop. The first features cameos of characters from Little Witch Academia. The third episode involves Inferno Cop traveling to New Jersey, where he comes across Donald Trump.", "startDate": {"year": 2015, "month": 6, "day": 13}, "endDate": {"year": 2017, "month": 7, "day": 2}, "season": null, "episodes": 3, "duration": 2, "genres": ["Action", "Comedy"], "averageScore": 54, "trending": 0, "popularity": 325, "streamingEpisodes": [], "coverImage": {"large": "https://s3.anilist.co/media/anime/cover/medium/101817-00tQ0ues7FOv.jpg", "medium": "https://s3.anilist.co/media/anime/cover/small/101817-00tQ0ues7FOv.jpg"}, "bannerImage": null, "isAdult": false, "format": "SPECIAL"}, {"id": 101819, "title": {"romaji": "Acchi Kocchi", "english": "Acchi Kocchi"}, "type": "ANIME", "status": "FINISHED", "description": "Short experimental animation from Yoji Kuri.", "startDate": {"year": 1962, "month": null, "day": null}, "endDate": {"year": 1962, "month": null, "day": null}, "season": null, "episodes": 1, "duration": 20, "genres": [], "averageScore": null, "trending": 0, "popularity": 174, "streamingEpisodes": [], "coverImage": {"large": "https://s3.anilist.co/media/anime/cover/medium/101819-IDwKn5wEGNNs.jpg", "medium": "https://s3.anilist.co/media/anime/cover/small/101819-IDwKn5wEGNNs.jpg"}, "bannerImage": null, "isAdult": false, "format": "MOVIE"}, {"id": 101830, "title": {"romaji": "Golden Kamui OVA", "english": "Golden Kamuy OVA"}, "type": "ANIME", "status": "FINISHED", "description": "Episode bundled with the 15th volume of the <i>Golden Kamuy</i> manga.", "startDate": {"year": 2018, "month": 9, "day": 19}, "endDate": {"year": null, "month": null, "day": null}, "season": "SUMMER", "episodes": 1, "duration": null, "genres": ["Action", "Adventure"], "averageScore": null, "trending": 0, "popularity": 1264, "streamingEpisodes": [], "coverImage": {"large": "https://s3.anilist.co/media/anime/cover/medium/nx101830-9KeLagRcnSzM.jpg", "medium": "https://s3.anilist.co/media/anime/cover/small/nx101830-9KeLagRcnSzM.jpg"}, "bannerImage": null, "isAdult": false, "format": "OVA"}, {"id": 101843, "title": {"romaji": "Feng Ling Yu Xiu", "english": null}, "type": "ANIME", "status": "RELEASING", "description": "It is rumored in the martial world that a mysterious white-haired girl suddenly appeared around the Feng Ling Er thief. She is so powerful that many martial arts masters can not beat her. The identity of the girl, the source of her power and her influence in the world provoked discussions among the public. But Feng Ling Er and the white-haired girl named Bai Yu Xiu never care. They travel the world with pleasure, without realizing a great conspiracy that comes towards them.", "startDate": {"year": 2017, "month": 4, "day": 1}, "endDate": {"year": null, "month": null, "day": null}, "season": null, "episodes": null, "duration": 25, "genres": ["Action", "Adventure", "Comedy"], "averageScore": null, "trending": 0, "popularity": 25, "streamingEpisodes": [], "coverImage": {"large": "https://s3.anilist.co/media/anime/cover/medium/nx101843-laathNFvU2IR.jpg", "medium": "https://s3.anilist.co/media/anime/cover/small/nx101843-laathNFvU2IR.jpg"}, "bannerImage": null, "isAdult": false, "format": "ONA"}, {"id": 101844, "title": {"romaji": "Ani ni Tsukeru Kusuri wa Nai! 2", "english": null}, "type": "ANIME", "status": "RELEASING", "description": "The second season of <i>Ani ni Tsukeru Kusuri wa Nai!</i>.", "startDate": {"year": 2018, "month": 7, "day": 9}, "endDate": {"year": null, "month": null, "day": null}, "season": "SUMMER", "episodes": 24, "duration": 3, "genres": ["Comedy", "Slice of Life"], "averageScore": 64, "trending": 1, "popularity": 948, "streamingEpisodes": [], "coverImage": {"large": "https://s3.anilist.co/media/anime/cover/medium/nx101844-A4EwwE7KvNcH.png", "medium": "https://s3.anilist.co/media/anime/cover/small/nx101844-A4EwwE7KvNcH.png"}, "bannerImage": null, "isAdult": false, "format": "TV_SHORT"}, {"id": 101859, "title": {"romaji": "Nuresuke JK Amayadori Rape", "english": "Sopping Wet JK Rainy R*peover"}, "type": "ANIME", "status": "FINISHED", "description": "Based on the CG collections by Miyahizuru (\u307f\u3084\u3072\u3065\u308b) and Nemunoya (\u306d\u3080\u306e\u3084).<br>\n<br>\nWhen a school girl takes shelter from the rain at a bus stop, a middle-aged man comes...<br>\nAfter some time of chatting the man suddenly assaults and r*pes her over and over again.<br>\n<br>\nSource: DLsite English", "startDate": {"year": 2018, "month": 6, "day": 8}, "endDate": {"year": 2018, "month": 6, "day": 22}, "season": "SPRING", "episodes": 2, "duration": 16, "genres": ["Hentai"], "averageScore": null, "trending": 1, "popularity": 106, "streamingEpisodes": [], "coverImage": {"large": "https://s3.anilist.co/media/anime/cover/medium/101859-cowrcVHVXMjw.jpg", "medium": "https://s3.anilist.co/media/anime/cover/small/101859-cowrcVHVXMjw.jpg"}, "bannerImage": "https://s3.anilist.co/media/anime/banner/101859-qDmRr1WC3f72.jpg", "isAdult": true, "format": "ONA"}, {"id": 101865, "title": {"romaji": "Kyonyuu JK ga Ojisan Chinpo to Jupojupo Iyarashii Sex Shitemasu.", "english": "Big Breasted JK Eagerly Slurps Ojisan's C*ck"}, "type": "ANIME", "status": "RELEASING", "description": "Based on the CG collection by Lunatic Orgasm (\u30eb\u30ca\u30c6\u30a3\u30c3\u30af\u30aa\u30fc\u30ac\u30ba\u30e0).\n<br><br> \nStories about high school girls who have big breasts and like to have sex with older men.\n<br><br>\n(Source: Translated and Edited from Nekopoi)", "startDate": {"year": 2018, "month": 10, "day": 5}, "endDate": {"year": 2018, "month": 11, "day": 2}, "season": "FALL", "episodes": 2, "duration": 16, "genres": ["Hentai"], "averageScore": null, "trending": 0, "popularity": 92, "streamingEpisodes": [], "coverImage": {"large": "https://s3.anilist.co/media/anime/cover/medium/nx101865-XGNpO1wKdNrg.png", "medium": "https://s3.anilist.co/media/anime/cover/small/nx101865-XGNpO1wKdNrg.png"}, "bannerImage": "https://s3.anilist.co/media/anime/banner/101865-mAYMbz6ayHTc.png", "isAdult": true, "format": "OVA"}, {"id": 101874, "title": {"romaji": "Seoul-yeok", "english": "Seoul Station"}, "type": "ANIME", "status": "FINISHED", "description": "Several groups of people try to survive a zombie pandemic that unleashes itself in downtown Seoul. \n<br>\n<br>\n(Source: IMDB)", "startDate": {"year": 2016, "month": 8, "day": 18}, "endDate": {"year": 2016, "month": 8, "day": 18}, "season": null, "episodes": 1, "duration": 92, "genres": ["Horror", "Thriller"], "averageScore": null, "trending": 0, "popularity": 82, "streamingEpisodes": [], "coverImage": {"large": "https://s3.anilist.co/media/anime/cover/medium/101874-qWkzMTotIxPl.jpg", "medium": "https://s3.anilist.co/media/anime/cover/small/101874-qWkzMTotIxPl.jpg"}, "bannerImage": "https://s3.anilist.co/media/anime/banner/101874-GFYSyNCIg05i.jpg", "isAdult": false, "format": "MOVIE"}, {"id": 101875, "title": {"romaji": "Code:Realize - Sousei no Himegimi OVA", "english": "Code: Realize ~Guardian of Rebirth~ OVA"}, "type": "ANIME", "status": "FINISHED", "description": "In this exclusive episode, while Lupin desperately is looking for a gift to offer to Cardia, in order to celebrate the fulfillment of her wish, he finds himself involved against his will into a jewel theft, much more elaborate than it seems...", "startDate": {"year": 2018, "month": 5, "day": 17}, "endDate": {"year": 2018, "month": 5, "day": 17}, "season": "SPRING", "episodes": 1, "duration": 24, "genres": ["Action", "Adventure", "Fantasy", "Romance"], "averageScore": 58, "trending": 0, "popularity": 288, "streamingEpisodes": [{"title": "Episode 1 - Episode 1", "url": "http://www.crunchyroll.com/code-realize-guardian-of-rebirth/episode-1-episode-1-749781"}, {"title": "Episode 2 - The Strongest Stalker", "url": "http://www.crunchyroll.com/code-realize-guardian-of-rebirth/episode-2-the-strongest-stalker-749783"}, {"title": "Episode 3 - Vampire Requiem", "url": "http://www.crunchyroll.com/code-realize-guardian-of-rebirth/episode-3-vampire-requiem-749785"}, {"title": "Episode 4 - Train Snatch", "url": "http://www.crunchyroll.com/code-realize-guardian-of-rebirth/episode-4-train-snatch-749787"}, {"title": "Episode 5 - Negotiated Solution", "url": "http://www.crunchyroll.com/code-realize-guardian-of-rebirth/episode-5-negotiated-solution-749789"}, {"title": "Episode 6 - Illegal Race", "url": "http://www.crunchyroll.com/code-realize-guardian-of-rebirth/episode-6-illegal-race-749791"}, {"title": "Episode 7 - Forgiveness for the Past", "url": "http://www.crunchyroll.com/code-realize-guardian-of-rebirth/episode-7-forgiveness-for-the-past-749793"}, {"title": "Episode 8 - The Flames of War", "url": "http://www.crunchyroll.com/code-realize-guardian-of-rebirth/episode-8-the-flames-of-war-749795"}, {"title": "Episode 9 - Prayer", "url": "http://www.crunchyroll.com/code-realize-guardian-of-rebirth/episode-9-prayer-749797"}, {"title": "Episode 10 - Promise", "url": "http://www.crunchyroll.com/code-realize-guardian-of-rebirth/episode-10-promise-749799"}, {"title": "Episode 11 - Code: Realize", "url": "http://www.crunchyroll.com/code-realize-guardian-of-rebirth/episode-11-code-realize-749801"}, {"title": "Episode 12 - Warmth", "url": "http://www.crunchyroll.com/code-realize-guardian-of-rebirth/episode-12-warmth-749803"}, {"title": "Episode 13 - Set a thief to catch a thief", "url": "http://www.crunchyroll.com/code-realize-guardian-of-rebirth/episode-13-set-a-thief-to-catch-a-thief-772361"}], "coverImage": {"large": "https://s3.anilist.co/media/anime/cover/medium/nx101875-0NMU9Y3QcXCA.jpg", "medium": "https://s3.anilist.co/media/anime/cover/small/nx101875-0NMU9Y3QcXCA.jpg"}, "bannerImage": null, "isAdult": false, "format": "OVA"}, {"id": 101876, "title": {"romaji": "Hei Bai Wu Shuang Di Er Ji", "english": null}, "type": "ANIME", "status": "FINISHED", "description": "The opposite bank of Lethe River is Boundary Realm with all night along, keeping the balance of the world's deaths by ghost messengers. Black and White Warriors are ghost messengers collecting spirits from the Human Realm. Xiaohei and Xiaobai, a pair of Black and White Warriors at the bottom, whose relationship became delicate after experiencing the incident happened inside One Hundred Ghost Great Seal. At the same time, Xiaobai's true identity began to surface\u2026\n<br><br>\n(Source: Guodong Subs)", "startDate": {"year": 2017, "month": 8, "day": 5}, "endDate": {"year": 2017, "month": 10, "day": 14}, "season": null, "episodes": 12, "duration": 15, "genres": ["Action", "Comedy", "Fantasy"], "averageScore": null, "trending": 0, "popularity": 37, "streamingEpisodes": [], "coverImage": {"large": "https://s3.anilist.co/media/anime/cover/medium/nx101876-RJav9AVV4zkz.jpg", "medium": "https://s3.anilist.co/media/anime/cover/small/nx101876-RJav9AVV4zkz.jpg"}, "bannerImage": null, "isAdult": false, "format": "ONA"}, {"id": 101877, "title": {"romaji": "Ling Yu 2nd Season", "english": null}, "type": "ANIME", "status": "FINISHED", "description": "Qin Lie have to guard Tang Siqi, regardless of the differences between them, and Liang Shanyan, while the strange powers coursing through his veins are beginning to slowly awaken. When Qin Lie vows to protect the instrument of sovereign, at the same time, seven Evil Clan's Lords are appearing on the field. While the most powerful secret weapon is emerging from the altar, the enemy intend to seize Qin Lie's life... \n<br><br>\n(Source: kitsu.io)", "startDate": {"year": 2016, "month": 2, "day": 18}, "endDate": {"year": 2016, "month": 4, "day": 21}, "season": null, "episodes": 10, "duration": 15, "genres": ["Fantasy"], "averageScore": null, "trending": 0, "popularity": 55, "streamingEpisodes": [], "coverImage": {"large": "https://s3.anilist.co/media/anime/cover/medium/101877-mfurRpqDUIcn.jpg", "medium": "https://s3.anilist.co/media/anime/cover/small/101877-mfurRpqDUIcn.jpg"}, "bannerImage": null, "isAdult": false, "format": "ONA"}, {"id": 101878, "title": {"romaji": "Ling Yu 3rd Season", "english": "Ling Yu 3rd Season"}, "type": "ANIME", "status": "FINISHED", "description": "3rd Season of Ling Yu", "startDate": {"year": 2016, "month": 7, "day": 21}, "endDate": {"year": 2016, "month": 10, "day": 6}, "season": null, "episodes": 12, "duration": 15, "genres": ["Fantasy"], "averageScore": null, "trending": 0, "popularity": 47, "streamingEpisodes": [], "coverImage": {"large": "https://s3.anilist.co/media/anime/cover/medium/nx101878-HLtGhiDlXxMB.jpg", "medium": "https://s3.anilist.co/media/anime/cover/small/nx101878-HLtGhiDlXxMB.jpg"}, "bannerImage": null, "isAdult": false, "format": "ONA"}, {"id": 101879, "title": {"romaji": "Ling Yu 4th Season", "english": null}, "type": "ANIME", "status": "FINISHED", "description": "4th Season of Ling Yu", "startDate": {"year": 2016, "month": 12, "day": 8}, "endDate": {"year": 2017, "month": 2, "day": 23}, "season": null, "episodes": 12, "duration": 13, "genres": ["Fantasy"], "averageScore": null, "trending": 0, "popularity": 35, "streamingEpisodes": [], "coverImage": {"large": "https://s3.anilist.co/media/anime/cover/medium/nx101879-bhPuQLT9YN2T.jpg", "medium": "https://s3.anilist.co/media/anime/cover/small/nx101879-bhPuQLT9YN2T.jpg"}, "bannerImage": null, "isAdult": false, "format": "ONA"}, {"id": 101880, "title": {"romaji": "Ling Yu 5th Season", "english": null}, "type": "ANIME", "status": "FINISHED", "description": "5th Season of Ling Yu", "startDate": {"year": 2017, "month": 7, "day": 20}, "endDate": {"year": 2017, "month": 10, "day": 5}, "season": null, "episodes": 12, "duration": 13, "genres": ["Fantasy"], "averageScore": null, "trending": 0, "popularity": 33, "streamingEpisodes": [], "coverImage": {"large": "https://s3.anilist.co/media/anime/cover/medium/101880-mkj9eur5jCDh.jpg", "medium": "https://s3.anilist.co/media/anime/cover/small/101880-mkj9eur5jCDh.jpg"}, "bannerImage": null, "isAdult": false, "format": "ONA"}, {"id": 101881, "title": {"romaji": "Ling Yu 6th Season", "english": null}, "type": "ANIME", "status": "RELEASING", "description": "6th Season of Ling Yu", "startDate": {"year": 2018, "month": 4, "day": 20}, "endDate": {"year": null, "month": null, "day": null}, "season": null, "episodes": null, "duration": 12, "genres": ["Fantasy"], "averageScore": null, "trending": 0, "popularity": 28, "streamingEpisodes": [], "coverImage": {"large": "https://s3.anilist.co/media/anime/cover/medium/101881-fsCkJnLYvmiS.jpg", "medium": "https://s3.anilist.co/media/anime/cover/small/101881-fsCkJnLYvmiS.jpg"}, "bannerImage": null, "isAdult": false, "format": "ONA"}, {"id": 101882, "title": {"romaji": "Manabu no Natsuyasumi", "english": null}, "type": "ANIME", "status": "FINISHED", "description": "Released by JCI (Junior Chamber International) Japan to promote self awareness and appreciation of \"Japan's soul\".\nManubu's mother leaves him with his uncle, grandmother and niece Kiyomi to spend his summer vacation.\nHim being a real city brat he has no real appreciation for nature and the outdoors and the values of life. He will soon learn differently...\n(Source: AniDB)", "startDate": {"year": 2005, "month": null, "day": null}, "endDate": {"year": null, "month": null, "day": null}, "season": null, "episodes": 1, "duration": 24, "genres": ["Fantasy"], "averageScore": null, "trending": 0, "popularity": 13, "streamingEpisodes": [], "coverImage": {"large": "https://s3.anilist.co/media/anime/cover/medium/101882-blzdxTyXJc1Z.jpg", "medium": "https://s3.anilist.co/media/anime/cover/small/101882-blzdxTyXJc1Z.jpg"}, "bannerImage": null, "isAdult": false, "format": "OVA"}]}}}