{"data": {"Page": {"pageInfo": {"total": 12298, "hasNextPage": true}, "media": [{"id": 101369, "title": {"romaji": "PEACE MAKER Kurogane: Yuumei", "english": null}, "type": "ANIME", "status": "NOT_YET_RELEASED", "description": null, "startDate": {"year": 2018, "month": 11, "day": 17}, "endDate": {"year": null, "month": null, "day": null}, "season": "FALL", "episodes": null, "duration": null, "genres": ["Action", "Drama"], "averageScore": null, "trending": 0, "popularity": 173, "streamingEpisodes": [], "coverImage": {"large": "https://s3.anilist.co/media/anime/cover/medium/nx101369-qfBT5uYBMlcj.jpg", "medium": "https://s3.anilist.co/media/anime/cover/small/nx101369-qfBT5uYBMlcj.jpg"}, "bannerImage": null, "isAdult": false, "format": "MOVIE"}, {"id": 101370, "title": {"romaji": "Usuzumizakura -GARO-", "english": null}, "type": "ANIME", "status": "FINISHED", "description": "The Heian world, the beautiful capital Kyo in its glorious splendor.<br>\nWhen two attractive Onmyouji meet, the sad, ephemeral, yet beautiful cherry blossoms\u2026<br>\n\u2026will bloom after a millennium.<br><br>\n\n(Source: Official Website)", "startDate": {"year": 2018, "month": 10, "day": 6}, "endDate": {"year": 2018, "month": 10, "day": 6}, "season": "FALL", "episodes": 1, "duration": null, "genres": [], "averageScore": null, "trending": 0, "popularity": 229, "streamingEpisodes": [], "coverImage": {"large": "https://s3.anilist.co/media/anime/cover/medium/nx101370-N9qRFFBIaFwA.jpg", "medium": "https://s3.anilist.co/media/anime/cover/small/nx101370-N9qRFFBIaFwA.jpg"}, "bannerImage": null, "isAdult": false, "format": "MOVIE"}, {"id": 101371, "title": {"romaji": "Tonari no Kyuuketsuki-san", "english": "Ms. vampire who lives in my neighborhood."}, "type": "ANIME", "status": "RELEASING", "description": "Due to a strange incident, Akari is rescued by a vampire girl named Sophie Twilight, and Akari becomes interested in her.<br><br>\n\n(Source: ANN)", "startDate": {"year": 2018, "month": 10, "day": 5}, "endDate": {"year": null, "month": null, "day": null}, "season": "FALL", "episodes": 12, "duration": 24, "genres": ["Comedy", "Slice of Life"], "averageScore": 65, "trending": 8, "popularity": 4433, "streamingEpisodes": [{"title": "Episode 2 - Akari's Friend", "url": "http://www.crunchyroll.com/ms-vampire-who-lives-in-my-neighborhood/episode-2-akaris-friend-777711"}, {"title": "Episode 1 - Ordinary Citizen of the Dark", "url": "http://www.crunchyroll.com/ms-vampire-who-lives-in-my-neighborhood/episode-1-ordinary-citizen-of-the-dark-777710"}], "coverImage": {"large": "https://s3.anilist.co/media/anime/cover/medium/nx101371-K4cKNCyTRw04.png", "medium": "https://s3.anilist.co/media/anime/cover/small/nx101371-K4cKNCyTRw04.png"}, "bannerImage": null, "isAdult": false, "format": "TV"}, {"id": 101372, "title": {"romaji": "Kaijuu Girls Kuro", "english": null}, "type": "ANIME", "status": "NOT_YET_RELEASED", "description": null, "startDate": {"year": 2018, "month": 11, "day": 23}, "endDate": {"year": 2018, "month": 11, "day": 23}, "season": "FALL", "episodes": 1, "duration": null, "genres": [], "averageScore": null, "trending": 0, "popularity": 262, "streamingEpisodes": [], "coverImage": {"large": "https://s3.anilist.co/media/anime/cover/medium/nx101372-svMpBJTeszbE.jpg", "medium": "https://s3.anilist.co/media/anime/cover/small/nx101372-svMpBJTeszbE.jpg"}, "bannerImage": null, "isAdult": false, "format": "MOVIE"}, {"id": 101373, "title": {"romaji": "Bakumatsu", "english": "BAKUMATSU"}, "type": "ANIME", "status": "RELEASING", "description": "In the original game's story, the heroine is in Kyoto for sightseeing when she receives a mysterious pocket watch from a man. The heroine wears the watch and passes through a shrine's torii gate, and she is transported to \"another\" Bakumatsu era 150 years ago during the final years of the Edo period. The heroine must then try to find a way back home to the present.<br><br>\n\n(Source: ANN)", "startDate": {"year": 2018, "month": 10, "day": 5}, "endDate": {"year": null, "month": null, "day": null}, "season": "FALL", "episodes": 12, "duration": null, "genres": [], "averageScore": 44, "trending": 1, "popularity": 834, "streamingEpisodes": [{"title": "Episode 3 - Ryoma's Assassination? Assassin from the Past", "url": "http://www.crunchyroll.com/bakumatsu/episode-3-ryomas-assassination-assassin-from-the-past-777633"}, {"title": "Episode 2 - Kill, Takasugi, for Love!", "url": "http://www.crunchyroll.com/bakumatsu/episode-2-kill-takasugi-for-love-777632"}, {"title": "Episode 1 - Outbreak of the Susanoo Incident: The Other Bakumatsu!", "url": "http://www.crunchyroll.com/bakumatsu/episode-1-outbreak-of-the-susanoo-incident-the-other-bakumatsu-777631"}], "coverImage": {"large": "https://s3.anilist.co/media/anime/cover/medium/nx101373-qpJIXrKofqON.jpg", "medium": "https://s3.anilist.co/media/anime/cover/small/nx101373-qpJIXrKofqON.jpg"}, "bannerImage": null, "isAdult": false, "format": "TV"}, {"id": 101374, "title": {"romaji": "Yarichin Bitch-bu OVA", "english": null}, "type": "ANIME", "status": "FINISHED", "description": "Bundled with a limited edition version of the manga's third compiled book volume.<br><br>\n\nTakashi Touno, a boy who has just transferred to Morimori Academy, a private boarding school deep in the mountains. He meets Yaguchi, his first and only friend, but as he is bad at sports he does not join the soccer club with Yaguchi. He opts instead for the easy photography club. but finds that it is also called the \"Playboy Bitch Club,\" and is filled with many colorful and interesting upperclassmen. Another boy named Kashima joins at the same time as Touno, and ends up confessing to Touno on the spot. Touno finds Yaguchi cute, but Yaguchi can't help but blush and be embarrassed around Kashima.", "startDate": {"year": 2018, "month": 9, "day": 21}, "endDate": {"year": 2018, "month": 9, "day": 21}, "season": "SUMMER", "episodes": 1, "duration": null, "genres": [], "averageScore": 64, "trending": 0, "popularity": 627, "streamingEpisodes": [], "coverImage": {"large": "https://s3.anilist.co/media/anime/cover/medium/nx101374-CYMgGKFCyyH3.jpg", "medium": "https://s3.anilist.co/media/anime/cover/small/nx101374-CYMgGKFCyyH3.jpg"}, "bannerImage": null, "isAdult": false, "format": "OVA"}, {"id": 101379, "title": {"romaji": "Pastel Memories", "english": null}, "type": "ANIME", "status": "NOT_YET_RELEASED", "description": "The \"otaku girls\" role-playing game takes place \"a little bit in the future in 20XX.\" Akihabara, which was once called \"the otaku holy land,\" is now in decline after otaku culture itself has declined. Players take on the role of a manager of one of the few remaining \"otaku shops.\" The manager helps to \"raise\" various talented otaku girls, and together, players and the girls battle a \"virus\" that is infecting the world of various works, while also retrieving people's lost \"memories.\"<br><br>\n\n(Source: ANN)", "startDate": {"year": 2019, "month": 1, "day": null}, "endDate": {"year": null, "month": null, "day": null}, "season": "WINTER", "episodes": null, "duration": null, "genres": [], "averageScore": null, "trending": 0, "popularity": 159, "streamingEpisodes": [], "coverImage": {"large": "https://s3.anilist.co/media/anime/cover/medium/nx101379-PUbPQVUk1yMX.jpg", "medium": "https://s3.anilist.co/media/anime/cover/small/nx101379-PUbPQVUk1yMX.jpg"}, "bannerImage": null, "isAdult": false, "format": "TV"}, {"id": 101380, "title": {"romaji": "Senjuushi", "english": "The Thousand Musketeers"}, "type": "ANIME", "status": "FINISHED", "description": "The story takes place at the subsequent era after the whole world was devastated by the nuclear war. Under the strong rule by the World Empire, people are all suppressed and deprived of their own lives. A resistance team secretly keeps fighting to break the suppression while everyone is forbidden to possess any force of arms.<br>\nThe team challenges the fight with the \"antique guns\" that were left as works of art, and the incarnations of those antique guns are called \"Musketeers\" appear and join the team, as if they responded to the soul of the team.<br>\nIn their battles with the incarnations of contemporary guns who represent and are dispatched from the Empire, the \"Musketeers\" turn their \"Absolute Noble\" mode to give a powerful boost to themselves, and bring hope to the world!<br><br>\n\n(Source: Marvelous)", "startDate": {"year": 2018, "month": 7, "day": 3}, "endDate": {"year": 2018, "month": 9, "day": 25}, "season": "SUMMER", "episodes": 12, "duration": 24, "genres": [], "averageScore": 35, "trending": 0, "popularity": 1049, "streamingEpisodes": [], "coverImage": {"large": "https://s3.anilist.co/media/anime/cover/medium/nx101380-Fb1wfXPbFQ2P.jpg", "medium": "https://s3.anilist.co/media/anime/cover/small/nx101380-Fb1wfXPbFQ2P.jpg"}, "bannerImage": null, "isAdult": false, "format": "TV"}, {"id": 101381, "title": {"romaji": "Dakaretai Otoko 1-i ni Odosarete Imasu.", "english": "DAKAICHI! - I'm being harrassed by the sexiest man of the year! -"}, "type": "ANIME", "status": "RELEASING", "description": "Takato Saijyo has reigned as the idol industry's \"Most Huggable\" for five years, that is, until freshman actor Junta Azumaya. Takato was always considered brusque while Azumaya's smile is winning over admirers by comparison. The whole fiasco drives Takuto to over indulge in alcohol and his actions catch the attention of the last person he wants to see. To his surprise, Azumaya uses this new info to blackmail Takuto for physical affection.<br><br>\n\n(Source: ANN)", "startDate": {"year": 2018, "month": 10, "day": 6}, "endDate": {"year": null, "month": null, "day": null}, "season": "FALL", "episodes": 12, "duration": null, "genres": ["Drama", "Romance"], "averageScore": 58, "trending": 3, "popularity": 1551, "streamingEpisodes": [{"title": "Episode 2 - Is He Sick of me Already?", "url": "http://www.crunchyroll.com/dakaichi-im-being-harassed-by-the-sexiest-man-of-the-year-/episode-2-is-he-sick-of-me-already-777660"}, {"title": "Episode 1 - In the World of Show Business, It's Eat or Be Eaten", "url": "http://www.crunchyroll.com/dakaichi-im-being-harassed-by-the-sexiest-man-of-the-year-/episode-1-in-the-world-of-show-business-its-eat-or-be-eaten-777659"}], "coverImage": {"large": "https://s3.anilist.co/media/anime/cover/medium/nx101381-faRL60D3cVfU.png", "medium": "https://s3.anilist.co/media/anime/cover/small/nx101381-faRL60D3cVfU.png"}, "bannerImage": null, "isAdult": false, "format": "TV"}, {"id": 101382, "title": {"romaji": "Phantom in the Twilight", "english": null}, "type": "ANIME", "status": "FINISHED", "description": "The story takes place in London, at \"Caf\u00e9 Forbidden,\" a mysterious caf\u00e9 that only opens at night. The protagonist is a girl who is in London to study abroad. She meets the handsome men who work this place where the guardians of the boundary between the human and shadow world gather.<br><br>\n\n(Source: ANN)", "startDate": {"year": 2018, "month": 7, "day": 10}, "endDate": {"year": 2018, "month": 9, "day": 25}, "season": "SUMMER", "episodes": 12, "duration": 23, "genres": ["Romance", "Supernatural"], "averageScore": 55, "trending": 0, "popularity": 2479, "streamingEpisodes": [], "coverImage": {"large": "https://s3.anilist.co/media/anime/cover/medium/nx101382-qRGZ9JUFGsiv.jpg", "medium": "https://s3.anilist.co/media/anime/cover/small/nx101382-qRGZ9JUFGsiv.jpg"}, "bannerImage": "https://s3.anilist.co/media/anime/banner/101382-mowIWyux4Qhr.jpg", "isAdult": false, "format": "TV"}, {"id": 101384, "title": {"romaji": "Lord of Vermillion: Guren no Ou", "english": "Lord of Vermilion: The Crimson King"}, "type": "ANIME", "status": "FINISHED", "description": "The anime takes place in Tokyo in 2030. In a suburban area, suddenly a high-frequency resonant sound is heard, and at the same time a red mist shrouds the area. Anyone who hears the sound, be it human or animal, loses consciousness. The government estimates that it might be an unidentified virus, and fearful of an epidemic, blockades Tokyo and moves its base to Osaka. However, six days after the incident, those who lost consciousness from the sound awaken for no apparent reason. Those blockaded in Tokyo slowly start to get the city functioning again, but after that day strange incidents start to occur at the blockade border. Those who have awakened a hidden blood power arise, are drawn to one another, and must face a cruel fate.", "startDate": {"year": 2018, "month": 7, "day": 14}, "endDate": {"year": 2018, "month": 9, "day": 29}, "season": "SUMMER", "episodes": 12, "duration": 23, "genres": ["Action", "Supernatural"], "averageScore": 43, "trending": 0, "popularity": 2362, "streamingEpisodes": [{"title": "Episode 1 - Our Lives are the Debt We Pay Our Enemies", "url": "http://www.crunchyroll.com/lord-of-vermilion-the-crimson-king/episode-1-our-lives-are-the-debt-we-pay-our-enemies-775142"}, {"title": "Episode 2 - You Don\u2019t Know Who I Am Yet", "url": "http://www.crunchyroll.com/lord-of-vermilion-the-crimson-king/episode-2-you-dont-know-who-i-am-yet-775143"}, {"title": "Episode 3 - Who Set Fire to an Old Conflict?", "url": "http://www.crunchyroll.com/lord-of-vermilion-the-crimson-king/episode-3-who-set-fire-to-an-old-conflict-775144"}, {"title": "Episode 4 - Why Do I Love My Despised Enemy", "url": "http://www.crunchyroll.com/lord-of-vermilion-the-crimson-king/episode-4-why-do-i-love-my-despised-enemy-775145"}, {"title": "Episode 5 - Today\u2019s Dark Destiny Will Hang Over the Future", "url": "http://www.crunchyroll.com/lord-of-vermilion-the-crimson-king/episode-5-todays-dark-destiny-will-hang-over-the-future-775146"}, {"title": "Episode 6 - Bright Lights Suit A Dark Heart", "url": "http://www.crunchyroll.com/lord-of-vermilion-the-crimson-king/episode-6-bright-lights-suit-a-dark-heart-775147"}, {"title": "Episode 7 - Please Join Our Hands With the Holy Words", "url": "http://www.crunchyroll.com/lord-of-vermilion-the-crimson-king/episode-7-please-join-our-hands-with-the-holy-words-775148"}, {"title": "Episode 8 - Excruciating Sadness Can Be Cured by Other Anguish", "url": "http://www.crunchyroll.com/lord-of-vermilion-the-crimson-king/episode-8-excruciating-sadness-can-be-cured-by-other-anguish-775149"}, {"title": "Episode 9 - Sometimes People Become Cheerful When Faced With Death", "url": "http://www.crunchyroll.com/lord-of-vermilion-the-crimson-king/episode-9-sometimes-people-become-cheerful-when-faced-with-death-775150"}, {"title": "Episode 10 - My Soul Calls My Name", "url": "http://www.crunchyroll.com/lord-of-vermilion-the-crimson-king/episode-10-my-soul-calls-my-name-775151"}, {"title": "Episode 11 - The Delicate Flower Bud is Both Medicine and Poison", "url": "http://www.crunchyroll.com/lord-of-vermilion-the-crimson-king/episode-11-the-delicate-flower-bud-is-both-medicine-and-poison-775152"}, {"title": "Episode 12 - The World Is Vast and Infinite", "url": "http://www.crunchyroll.com/lord-of-vermilion-the-crimson-king/episode-12-the-world-is-vast-and-infinite-775153"}], "coverImage": {"large": "https://s3.anilist.co/media/anime/cover/medium/nx101384-tsCJRW6ogtPR.jpg", "medium": "https://s3.anilist.co/media/anime/cover/small/nx101384-tsCJRW6ogtPR.jpg"}, "bannerImage": null, "isAdult": false, "format": "TV"}, {"id": 101385, "title": {"romaji": "Future Card Buddyfight X: All-Star Fight", "english": null}, "type": "ANIME", "status": "FINISHED", "description": "The fifth season of <i>Future Card Buddyfight</i>.", "startDate": {"year": 2018, "month": 4, "day": 7}, "endDate": {"year": 2018, "month": 5, "day": 26}, "season": "SPRING", "episodes": 8, "duration": 24, "genres": [], "averageScore": null, "trending": 0, "popularity": 71, "streamingEpisodes": [], "coverImage": {"large": "https://s3.anilist.co/media/anime/cover/medium/nx101385-Y1YTOquyit5D.jpg", "medium": "https://s3.anilist.co/media/anime/cover/small/nx101385-Y1YTOquyit5D.jpg"}, "bannerImage": null, "isAdult": false, "format": "TV"}, {"id": 101386, "title": {"romaji": "Hitoribocchi no Marumaru Seikatsu", "english": null}, "type": "ANIME", "status": "NOT_YET_RELEASED", "description": "Hitori Bocchi suffers from extreme social anxiety, she\u2019s not good at talking to people, takes pretty extreme actions, is surprisingly adept at avoiding people, her legs cramp when she overexerts herself, gets full of herself when alone, will vomit when exposed to extreme tension and often comes up with plans. Now she is entering middle school and her only friend, Yawara Kai, is attending a different school. This leaves Bocchi alone, surrounded by new classmates with whom she must make friends before Kai will talk to her again.<br><br>\n\n(Source: Doki)", "startDate": {"year": 2019, "month": 4, "day": null}, "endDate": {"year": null, "month": null, "day": null}, "season": "SPRING", "episodes": null, "duration": null, "genres": ["Comedy", "Slice of Life"], "averageScore": null, "trending": 0, "popularity": 579, "streamingEpisodes": [], "coverImage": {"large": "https://s3.anilist.co/media/anime/cover/medium/nx101386-p5yqvEXrLmcB.jpg", "medium": "https://s3.anilist.co/media/anime/cover/small/nx101386-p5yqvEXrLmcB.jpg"}, "bannerImage": null, "isAdult": false, "format": "TV"}, {"id": 101387, "title": {"romaji": "Ten Count", "english": null}, "type": "ANIME", "status": "NOT_YET_RELEASED", "description": "In the story, Shirotani Tadaomi, secretary of a company president, meets Riku Kurose, a counselor. After he gives Shirotani a diagnosis for mysophobia, Shirotani ends up attending his counseling sessions.<br><br>\n\n(Source: ANN)", "startDate": {"year": null, "month": null, "day": null}, "endDate": {"year": null, "month": null, "day": null}, "season": null, "episodes": null, "duration": null, "genres": ["Drama", "Psychological", "Romance"], "averageScore": null, "trending": 0, "popularity": 287, "streamingEpisodes": [], "coverImage": {"large": "https://s3.anilist.co/media/anime/cover/medium/nx101387-RewCPfDNqiar.jpg", "medium": "https://s3.anilist.co/media/anime/cover/small/nx101387-RewCPfDNqiar.jpg"}, "bannerImage": null, "isAdult": false, "format": "TV"}, {"id": 101409, "title": {"romaji": "Ze Tian Ji", "english": null}, "type": "ANIME", "status": "FINISHED", "description": "At the beginning of time, a mystical meteor came crashing down from outer space and scattered all over the world. A piece of it landed in the Eastern Continent. \n\nThere were mysterious totems carved upon the meteor, and people gathered around it wanting to discover its usage. They discovered the Way, and established The Tradition.\n\nSeveral thousand years later, the fourteen years old orphan Chen Chang Shang left his master to cure his illness and change his fate. He brought a piece of marriage vow with him to the capital, thus began the journey of a rising hero.", "startDate": {"year": 2015, "month": 7, "day": 15}, "endDate": {"year": 2015, "month": 12, "day": 23}, "season": "SUMMER", "episodes": 13, "duration": 15, "genres": ["Action", "Adventure", "Fantasy"], "averageScore": null, "trending": 0, "popularity": 144, "streamingEpisodes": [], "coverImage": {"large": "https://s3.anilist.co/media/anime/cover/medium/101409-ZD0EylMhydPc.jpg", "medium": "https://s3.anilist.co/media/anime/cover/small/101409-ZD0EylMhydPc.jpg"}, "bannerImage": null, "isAdult": false, "format": "ONA"}, {"id": 101410, "title": {"romaji": "Quanzhi Gaoshou (2018)", "english": "The King's Avatar (2018)"}, "type": "ANIME", "status": "FINISHED", "description": "Based on the All-Star tournament from the novel.<br>\n<br>\n(Source: MAL)", "startDate": {"year": 2018, "month": 4, "day": 26}, "endDate": {"year": 2018, "month": 5, "day": 11}, "season": "SPRING", "episodes": 3, "duration": 30, "genres": ["Action", "Adventure", "Comedy", "Fantasy"], "averageScore": 80, "trending": 0, "popularity": 3513, "streamingEpisodes": [], "coverImage": {"large": "https://s3.anilist.co/media/anime/cover/medium/nx101410-PAtxGn98MdSE.jpg", "medium": "https://s3.anilist.co/media/anime/cover/small/nx101410-PAtxGn98MdSE.jpg"}, "bannerImage": "https://s3.anilist.co/media/anime/banner/101410-hI9awF5tkv8V.jpg", "isAdult": false, "format": "ONA"}, {"id": 101411, "title": {"romaji": "Oretacha Youkai Ningen G", "english": null}, "type": "ANIME", "status": "RELEASING", "description": "The sequel to <i>Oretacha Youkai Ningen</i>.", "startDate": {"year": 2018, "month": 4, "day": 5}, "endDate": {"year": null, "month": null, "day": null}, "season": "SPRING", "episodes": null, "duration": 2, "genres": ["Horror"], "averageScore": null, "trending": 0, "popularity": 40, "streamingEpisodes": [], "coverImage": {"large": "https://s3.anilist.co/media/anime/cover/medium/101411-lO8s1Tjkdjo1.jpg", "medium": "https://s3.anilist.co/media/anime/cover/small/101411-lO8s1Tjkdjo1.jpg"}, "bannerImage": null, "isAdult": false, "format": "TV_SHORT"}, {"id": 101424, "title": {"romaji": "PazuDora", "english": "Puzzle & Dragon"}, "type": "ANIME", "status": "RELEASING", "description": "The story is set in modern day Japan following the growth of the protagonist Taiga Akashi, an elementary school kid who wants to be a professional gamer someday.<br><br>\n\n(Source: Crunchyroll)", "startDate": {"year": 2018, "month": 4, "day": 2}, "endDate": {"year": null, "month": null, "day": null}, "season": "SPRING", "episodes": null, "duration": 24, "genres": [], "averageScore": null, "trending": 0, "popularity": 79, "streamingEpisodes": [], "coverImage": {"large": "https://s3.anilist.co/media/anime/cover/medium/nx101424-MXZWfGIORufY.jpg", "medium": "https://s3.anilist.co/media/anime/cover/small/nx101424-MXZWfGIORufY.jpg"}, "bannerImage": null, "isAdult": false, "format": "TV"}, {"id": 101425, "title": {"romaji": "Duel Masters!", "english": null}, "type": "ANIME", "status": "RELEASING", "description": null, "startDate": {"year": 2018, "month": 4, "day": 1}, "endDate": {"year": null, "month": null, "day": null}, "season": "SPRING", "episodes": null, "duration": 24, "genres": ["Action", "Adventure", "Comedy"], "averageScore": null, "trending": 0, "popularity": 59, "streamingEpisodes": [], "coverImage": {"large": "https://s3.anilist.co/media/anime/cover/medium/nx101425-xr7DzzUabKef.jpg", "medium": "https://s3.anilist.co/media/anime/cover/small/nx101425-xr7DzzUabKef.jpg"}, "bannerImage": null, "isAdult": false, "format": "TV"}, {"id": 101426, "title": {"romaji": "Karakai Jouzu no Takagi-san OVA", "english": null}, "type": "ANIME", "status": "FINISHED", "description": "OVA bundled with the ninth volume of the manga.", "startDate": {"year": 2018, "month": 7, "day": 10}, "endDate": {"year": 2018, "month": 7, "day": 10}, "season": "SUMMER", "episodes": 1, "duration": 25, "genres": ["Comedy", "Romance", "Slice of Life"], "averageScore": 72, "trending": 0, "popularity": 3623, "streamingEpisodes": [], "coverImage": {"large": "https://s3.anilist.co/media/anime/cover/medium/nx101426-21lovHAzV7gl.jpg", "medium": "https://s3.anilist.co/media/anime/cover/small/nx101426-21lovHAzV7gl.jpg"}, "bannerImage": null, "isAdult": false, "format": "OVA"}, {"id": 101429, "title": {"romaji": "Katsudou Shashin", "english": "Katsudou Shashin"}, "type": "ANIME", "status": "FINISHED", "description": "The film consists of a series of cartoon images on fifty frames of a celluloid strip and lasts three seconds at sixteen frames per second. It depicts a young boy in a sailor suit who writes the kanji characters \"\u6d3b\u52d5\u5199\u771f\" (katsudou shashin, or \"moving picture\"), then turns towards the viewer, removes his hat, and offers a salute. The fragment was discovered in 2005, having been purchased with a private collection in Kyoto. The film was likely created between 1905 and 1911. If so, the film may be the oldest known piece of animation from Japan.\n<br><br>\n(Source: Wikipedia)", "startDate": {"year": 1905, "month": null, "day": null}, "endDate": {"year": 1905, "month": null, "day": null}, "season": null, "episodes": 1, "duration": 1, "genres": [], "averageScore": 49, "trending": 0, "popularity": 440, "streamingEpisodes": [], "coverImage": {"large": "https://s3.anilist.co/media/anime/cover/medium/nx101429-fAZXxvSAcOPY.jpg", "medium": "https://s3.anilist.co/media/anime/cover/small/nx101429-fAZXxvSAcOPY.jpg"}, "bannerImage": null, "isAdult": false, "format": "MOVIE"}, {"id": 101430, "title": {"romaji": "Beluga", "english": "Beluga"}, "type": "ANIME", "status": "FINISHED", "description": "A horror spin on the classic tale of \"The Little Match Girl\".", "startDate": {"year": 2011, "month": null, "day": null}, "endDate": {"year": 2011, "month": null, "day": null}, "season": null, "episodes": 1, "duration": 5, "genres": ["Horror"], "averageScore": null, "trending": 0, "popularity": 80, "streamingEpisodes": [], "coverImage": {"large": "https://s3.anilist.co/media/anime/cover/medium/101430-KBmQh5mPZB0G.jpg", "medium": "https://s3.anilist.co/media/anime/cover/small/101430-KBmQh5mPZB0G.jpg"}, "bannerImage": null, "isAdult": false, "format": "MOVIE"}, {"id": 101431, "title": {"romaji": "Mini Van Special", "english": "Mini Van Special"}, "type": "ANIME", "status": "FINISHED", "description": "A special episode released with the first DVD volume of Mini Vanguard.", "startDate": {"year": 2013, "month": null, "day": null}, "endDate": {"year": 2013, "month": null, "day": null}, "season": null, "episodes": 1, "duration": 3, "genres": ["Slice of Life", "Comedy"], "averageScore": null, "trending": 0, "popularity": 42, "streamingEpisodes": [], "coverImage": {"large": "https://s3.anilist.co/media/anime/cover/medium/101431-de6V2ZvMwOuX.jpg", "medium": "https://s3.anilist.co/media/anime/cover/small/101431-de6V2ZvMwOuX.jpg"}, "bannerImage": null, "isAdult": false, "format": "SPECIAL"}, {"id": 101432, "title": {"romaji": "Violet Evergarden Special", "english": null}, "type": "ANIME", "status": "FINISHED", "description": "Unaired episode included with 4th BD/DVD release. It takes place between episodes 4 and 5 of the show.", "startDate": {"year": 2018, "month": 7, "day": 4}, "endDate": {"year": 2018, "month": 7, "day": 4}, "season": "SUMMER", "episodes": 1, "duration": 34, "genres": ["Drama", "Fantasy"], "averageScore": 81, "trending": 0, "popularity": 7192, "streamingEpisodes": [], "coverImage": {"large": "https://s3.anilist.co/media/anime/cover/medium/101432-J7ne8pvJT4St.jpg", "medium": "https://s3.anilist.co/media/anime/cover/small/101432-J7ne8pvJT4St.jpg"}, "bannerImage": null, "isAdult": false, "format": "SPECIAL"}, {"id": 101435, "title": {"romaji": "Hataraku Onii-san! No 2!", "english": "Working Buddies! 2"}, "type": "ANIME", "status": "FINISHED", "description": "The second season of <i>Hataraku Onii-san!</i>", "startDate": {"year": 2018, "month": 7, "day": 6}, "endDate": {"year": 2018, "month": 9, "day": 21}, "season": "SUMMER", "episodes": 12, "duration": 4, "genres": ["Comedy", "Slice of Life"], "averageScore": 55, "trending": 0, "popularity": 293, "streamingEpisodes": [], "coverImage": {"large": "https://s3.anilist.co/media/anime/cover/medium/nx101435-mPX5AWDgenk8.png", "medium": "https://s3.anilist.co/media/anime/cover/small/nx101435-mPX5AWDgenk8.png"}, "bannerImage": null, "isAdult": false, "format": "TV_SHORT"}, {"id": 101470, "title": {"romaji": "Gakuen BASARA", "english": "Gakuen Basara: Samurai High School"}, "type": "ANIME", "status": "RELEASING", "description": "The school battle comedy parody reimagines the Warring States Era warriors of CAPCOM's action game franchise as rival students in a modern high school. Date Masamune and Sanada Yukimura battle to replace Toyotomi Hideyoshi as the next student council president.<br><br>\n\n(Source: ANN)", "startDate": {"year": 2018, "month": 10, "day": 5}, "endDate": {"year": null, "month": null, "day": null}, "season": "FALL", "episodes": 12, "duration": null, "genres": ["Comedy", "Action", "Adventure"], "averageScore": 45, "trending": 0, "popularity": 1012, "streamingEpisodes": [], "coverImage": {"large": "https://s3.anilist.co/media/anime/cover/medium/nx101470-5pLOrxKqFiTt.jpg", "medium": "https://s3.anilist.co/media/anime/cover/small/nx101470-5pLOrxKqFiTt.jpg"}, "bannerImage": "https://s3.anilist.co/media/anime/banner/n101470-xlcq9KKhddBO.jpg", "isAdult": false, "format": "TV"}, {"id": 101471, "title": {"romaji": "Sword Gai: The Animation Part II", "english": null}, "type": "ANIME", "status": "FINISHED", "description": "The second part of Sword Gai.", "startDate": {"year": 2018, "month": 7, "day": 30}, "endDate": {"year": 2018, "month": 7, "day": 30}, "season": "SUMMER", "episodes": 12, "duration": 22, "genres": ["Action", "Supernatural"], "averageScore": 53, "trending": 0, "popularity": 499, "streamingEpisodes": [], "coverImage": {"large": "https://s3.anilist.co/media/anime/cover/medium/nx101471-CDsM0iiwqeRr.jpg", "medium": "https://s3.anilist.co/media/anime/cover/small/nx101471-CDsM0iiwqeRr.jpg"}, "bannerImage": null, "isAdult": false, "format": "ONA"}, {"id": 101474, "title": {"romaji": "Overlord III", "english": null}, "type": "ANIME", "status": "FINISHED", "description": "The third season of <i>Overlord</i>.", "startDate": {"year": 2018, "month": 7, "day": 10}, "endDate": {"year": 2018, "month": 10, "day": 2}, "season": "SUMMER", "episodes": 13, "duration": 24, "genres": ["Action", "Adventure", "Fantasy"], "averageScore": 79, "trending": 8, "popularity": 17924, "streamingEpisodes": [{"title": "Episode 13 - Player vs Player", "url": "http://www.crunchyroll.com/overlord/episode-13-player-vs-player-775064"}, {"title": "Episode 12 - Massacre", "url": "http://www.crunchyroll.com/overlord/episode-12-massacre-775063"}, {"title": "Episode 11 - Another Battle", "url": "http://www.crunchyroll.com/overlord/episode-11-another-battle-775062"}, {"title": "Episode 10 - Preparation for War", "url": "http://www.crunchyroll.com/overlord/episode-10-preparation-for-war-775061"}, {"title": "Episode 9 - War of Words", "url": "http://www.crunchyroll.com/overlord/episode-9-war-of-words-775060"}, {"title": "Episode 8 - A Handful of Hope", "url": "http://www.crunchyroll.com/overlord/episode-8-a-handful-of-hope-775059"}, {"title": "Episode 7 - Butterfly Entangled in a Spider\u2019s Web", "url": "http://www.crunchyroll.com/overlord/episode-7-butterfly-entangled-in-a-spiders-web-775058"}, {"title": "Episode 6 - Invitation to Death", "url": "http://www.crunchyroll.com/overlord/episode-6-invitation-to-death-775057"}, {"title": "Episode 5 - Two Leaders", "url": "http://www.crunchyroll.com/overlord/episode-5-two-leaders-775056"}, {"title": "Episode 4 - Giant of the East, Demon Snake of the West", "url": "http://www.crunchyroll.com/overlord/episode-4-giant-of-the-east-demon-snake-of-the-west-775055"}, {"title": "Episode 3 - Enri\u2019s Upheaval and Hectic Days", "url": "http://www.crunchyroll.com/overlord/episode-3-enris-upheaval-and-hectic-days-775054"}, {"title": "Episode 2 - Carne Village Once More", "url": "http://www.crunchyroll.com/overlord/episode-2-carne-village-once-more-775053"}, {"title": "Episode 1 - A Ruler's Melancholy", "url": "http://www.crunchyroll.com/overlord/episode-1-a-rulers-melancholy-775052"}], "coverImage": {"large": "https://s3.anilist.co/media/anime/cover/medium/nx101474-XxEnwSLw29Q9.jpg", "medium": "https://s3.anilist.co/media/anime/cover/small/nx101474-XxEnwSLw29Q9.jpg"}, "bannerImage": "https://s3.anilist.co/media/anime/banner/101474-JlzLtz3zwEi1.jpg", "isAdult": false, "format": "TV"}, {"id": 101478, "title": {"romaji": "Wakaokami wa Shougakusei! Movie", "english": null}, "type": "ANIME", "status": "FINISHED", "description": "The film will tell a story not told in either the original book series or the television series \u2014 specifically, a story about \"Okko\" and her parents.<br>\n<br>\n(Source: ANN)", "startDate": {"year": 2018, "month": 9, "day": 21}, "endDate": {"year": 2018, "month": 9, "day": 21}, "season": "SUMMER", "episodes": 1, "duration": null, "genres": ["Slice of Life"], "averageScore": null, "trending": 0, "popularity": 313, "streamingEpisodes": [], "coverImage": {"large": "https://s3.anilist.co/media/anime/cover/medium/101478-ACUHuLNxCrHy.png", "medium": "https://s3.anilist.co/media/anime/cover/small/101478-ACUHuLNxCrHy.png"}, "bannerImage": null, "isAdult": false, "format": "MOVIE"}, {"id": 101496, "title": {"romaji": "Daisuki na Haha", "english": null}, "type": "ANIME", "status": "FINISHED", "description": "Based on the CG collections by \u3071\u3059\u3068G (Past Gadget).<br>\n<br>\nEpisode 1<br>\nThe story of a neighborhood boy who exploited \nhis friend's mom into having sex every day.<br>\nLater things escalate and she has sex with her own son.<br>\n<br>\nEpisode 2<br>\n\"Can I call you mother from now on?\"<br>\nShe was practically r*ped by her son's home tutor.<br>\nMoved by the absurdity, baffled as she was groped, \neverything began there.<br>\n<br>\n(Source: DLsite English)", "startDate": {"year": 2018, "month": 8, "day": 3}, "endDate": {"year": 2018, "month": 9, "day": 7}, "season": "SUMMER", "episodes": 2, "duration": 20, "genres": ["Hentai"], "averageScore": 54, "trending": 0, "popularity": 190, "streamingEpisodes": [], "coverImage": {"large": "https://s3.anilist.co/media/anime/cover/medium/nx101496-ZEfXxBPsbMjc.jpg", "medium": "https://s3.anilist.co/media/anime/cover/small/nx101496-ZEfXxBPsbMjc.jpg"}, "bannerImage": "https://s3.anilist.co/media/anime/banner/n101496-Rf2nqBDNaXfP.jpg", "isAdult": true, "format": "OVA"}, {"id": 101497, "title": {"romaji": "Lupin III 3DCG", "english": null}, "type": "ANIME", "status": "FINISHED", "description": "Pilot for a hypothetical Lupin 3DCG project included with the 40th anniversary Master File BD/DVD.", "startDate": {"year": 2012, "month": 3, "day": 28}, "endDate": {"year": null, "month": null, "day": null}, "season": null, "episodes": 1, "duration": 2, "genres": ["Action", "Thriller"], "averageScore": null, "trending": 0, "popularity": 123, "streamingEpisodes": [], "coverImage": {"large": "https://s3.anilist.co/media/anime/cover/medium/101497-KibDzQmTzCgA.jpg", "medium": "https://s3.anilist.co/media/anime/cover/small/101497-KibDzQmTzCgA.jpg"}, "bannerImage": null, "isAdult": false, "format": "SPECIAL"}, {"id": 101498, "title": {"romaji": "Shounen Ashibe: Go! Go! Goma-chan 3", "english": null}, "type": "ANIME", "status": "RELEASING", "description": "Third season of Shounen Ashibe: Go! Go! Goma-chan.<br>\n<br>\n(Source: MAL)", "startDate": {"year": 2018, "month": 4, "day": 3}, "endDate": {"year": null, "month": null, "day": null}, "season": "SPRING", "episodes": null, "duration": 9, "genres": ["Comedy", "Slice of Life"], "averageScore": null, "trending": 0, "popularity": 58, "streamingEpisodes": [{"title": "Episode 65 - Super Seal Goma-chan", "url": "http://www.crunchyroll.com/shonen-ashibe-go-go-goma-chan/episode-65-super-seal-goma-chan-767407"}, {"title": "Episode 64 - Sorry, Goma-chan", "url": "http://www.crunchyroll.com/shonen-ashibe-go-go-goma-chan/episode-64-sorry-goma-chan-757263"}, {"title": "Episode 63 - I'm Not Gonna Say Goodbye!", "url": "http://www.crunchyroll.com/shonen-ashibe-go-go-goma-chan/episode-63-im-not-gonna-say-goodbye-757261"}, {"title": "Episode 62 - Sapporo Goma-chan", "url": "http://www.crunchyroll.com/shonen-ashibe-go-go-goma-chan/episode-62-sapporo-goma-chan-757259"}, {"title": "Episode 61 - Goma-chan on Ice", "url": "http://www.crunchyroll.com/shonen-ashibe-go-go-goma-chan/episode-61-goma-chan-on-ice-757257"}, {"title": "Episode 60 - Farewell, Asnikul", "url": "http://www.crunchyroll.com/shonen-ashibe-go-go-goma-chan/episode-60-farewell-asnikul-757255"}, {"title": "Episode 59 - Wish Upon A Star", "url": "http://www.crunchyroll.com/shonen-ashibe-go-go-goma-chan/episode-59-wish-upon-a-star-757253"}, {"title": "Episode 58 - Goma-chan the Helper", "url": "http://www.crunchyroll.com/shonen-ashibe-go-go-goma-chan/episode-58-goma-chan-the-helper-751263"}, {"title": "Episode 57 - Overcome the Brotherly Love Hold!", "url": "http://www.crunchyroll.com/shonen-ashibe-go-go-goma-chan/episode-57-overcome-the-brotherly-love-hold-751261"}, {"title": "Episode 56 - Liangliang and Hitoshi-kun", "url": "http://www.crunchyroll.com/shonen-ashibe-go-go-goma-chan/episode-56-liangliang-and-hitoshi-kun-751259"}, {"title": "Episode 55 - Peppeppe-san's Secret", "url": "http://www.crunchyroll.com/shonen-ashibe-go-go-goma-chan/episode-55-peppeppe-sans-secret-751257"}, {"title": "Episode 54 - Goodnight, Hirao", "url": "http://www.crunchyroll.com/shonen-ashibe-go-go-goma-chan/episode-54-goodnight-hirao-751255"}, {"title": "Episode 53 - Ms. Minami's Glasses", "url": "http://www.crunchyroll.com/shonen-ashibe-go-go-goma-chan/episode-53-ms-minamis-glasses-751253"}, {"title": "Episode 52 - Sugao's Papa and Curly Locks", "url": "http://www.crunchyroll.com/shonen-ashibe-go-go-goma-chan/episode-52-sugaos-papa-and-curly-locks-747867"}, {"title": "Episode 51 - Peppeppe-san's Baking Class", "url": "http://www.crunchyroll.com/shonen-ashibe-go-go-goma-chan/episode-51-peppeppe-sans-baking-class-747865"}, {"title": "Episode 50 - Sightseeing Mystery in Nara", "url": "http://www.crunchyroll.com/shonen-ashibe-go-go-goma-chan/episode-50-sightseeing-mystery-in-nara-747863"}, {"title": "Episode 49 - Welcome to the Goma-chan Hotel!", "url": "http://www.crunchyroll.com/shonen-ashibe-go-go-goma-chan/episode-49-welcome-to-the-goma-chan-hotel-747861"}, {"title": "Episode 48 - Jealous Goma-chan", "url": "http://www.crunchyroll.com/shonen-ashibe-go-go-goma-chan/episode-48-jealous-goma-chan-745735"}, {"title": "Episode 47 - I'm a Hero!", "url": "http://www.crunchyroll.com/shonen-ashibe-go-go-goma-chan/episode-47-im-a-hero-745733"}, {"title": "Episode 46 - Woof Woof Goma-chan", "url": "http://www.crunchyroll.com/shonen-ashibe-go-go-goma-chan/episode-46-woof-woof-goma-chan-745731"}, {"title": "Episode 45 - Ashibe and Sugao's Summer Festival", "url": "http://www.crunchyroll.com/shonen-ashibe-go-go-goma-chan/episode-45-ashibe-and-sugaos-summer-festival-733621"}, {"title": "Episode 44 - Camping Kyuu!", "url": "http://www.crunchyroll.com/shonen-ashibe-go-go-goma-chan/episode-44-camping-kyuu-733619"}, {"title": "Episode 43 - The Seal Returns a Favor", "url": "http://www.crunchyroll.com/shonen-ashibe-go-go-goma-chan/episode-43-the-seal-returns-a-favor-733617"}, {"title": "Episode 42 - Rainy Goma-chan", "url": "http://www.crunchyroll.com/shonen-ashibe-go-go-goma-chan/episode-42-rainy-goma-chan-733615"}, {"title": "Episode 41 - Kanji-kun and the Kittens", "url": "http://www.crunchyroll.com/shonen-ashibe-go-go-goma-chan/episode-41-kanji-kun-and-the-kittens-733613"}, {"title": "Episode 40 - Ma's Secret", "url": "http://www.crunchyroll.com/shonen-ashibe-go-go-goma-chan/episode-40-mas-secret-733611"}, {"title": "Episode 39 - Anxious Dental Visit!", "url": "http://www.crunchyroll.com/shonen-ashibe-go-go-goma-chan/episode-39-anxious-dental-visit-733609"}, {"title": "Episode 38 - Peppeppe-san's Close Call!", "url": "http://www.crunchyroll.com/shonen-ashibe-go-go-goma-chan/episode-38-peppeppe-sans-close-call-733607"}, {"title": "Episode 37 - So Many Yetis!", "url": "http://www.crunchyroll.com/shonen-ashibe-go-go-goma-chan/episode-37-so-many-yetis-733605"}, {"title": "Episode 36 - Fly! Goma-chan Unit", "url": "http://www.crunchyroll.com/shonen-ashibe-go-go-goma-chan/episode-36-fly-goma-chan-unit-733603"}, {"title": "Episode 35 - Ribbit-Ribbit Goma-chan", "url": "http://www.crunchyroll.com/shonen-ashibe-go-go-goma-chan/episode-35-ribbit-ribbit-goma-chan-733601"}, {"title": "Episode 34 - A New School Term Begins Today!", "url": "http://www.crunchyroll.com/shonen-ashibe-go-go-goma-chan/episode-34-a-new-school-term-begins-today-733599"}, {"title": "Episode 33 - Goma-chan Comes Home", "url": "http://www.crunchyroll.com/shonen-ashibe-go-go-goma-chan/episode-33-goma-chan-comes-home-733597"}, {"title": "Episode 32 - Let's Go See Sugao-kun!", "url": "http://www.crunchyroll.com/shonen-ashibe-go-go-goma-chan/episode-32-lets-go-see-sugao-kun-724513"}, {"title": "Episode 31 - Ashibe's Birthday", "url": "http://www.crunchyroll.com/shonen-ashibe-go-go-goma-chan/episode-31-ashibes-birthday-724511"}, {"title": "Episode 30 - Make It to Ashibe-kun!", "url": "http://www.crunchyroll.com/shonen-ashibe-go-go-goma-chan/episode-30-make-it-to-ashibe-kun-724509"}, {"title": "Episode 29 - Everyone Goes to a Hot Spring", "url": "http://www.crunchyroll.com/shonen-ashibe-go-go-goma-chan/episode-29-everyone-goes-to-a-hot-spring-724507"}, {"title": "Episode 28 - Teacher's Training", "url": "http://www.crunchyroll.com/shonen-ashibe-go-go-goma-chan/episode-28-teachers-training-724505"}, {"title": "Episode 27 - I Really Hate Goma-chan!", "url": "http://www.crunchyroll.com/shonen-ashibe-go-go-goma-chan/episode-27-i-really-hate-goma-chan-724503"}, {"title": "Episode 26 - Year's End! Goma-chan's Singing Competition!", "url": "http://www.crunchyroll.com/shonen-ashibe-go-go-goma-chan/episode-26-years-end-goma-chans-singing-competition-724501"}, {"title": "Episode 25 - Goma-chan and the Snow", "url": "http://www.crunchyroll.com/shonen-ashibe-go-go-goma-chan/episode-25-goma-chan-and-the-snow-724499"}, {"title": "Episode 24 - Goma-chan Goes to the Fish Market", "url": "http://www.crunchyroll.com/shonen-ashibe-go-go-goma-chan/episode-24-goma-chan-goes-to-the-fish-market-724497"}, {"title": "Episode 23 - I Wanna Be Goma-chan!", "url": "http://www.crunchyroll.com/shonen-ashibe-go-go-goma-chan/episode-23-i-wanna-be-goma-chan-722443"}, {"title": "Episode 22 - Yuma-kun's Family Secrets", "url": "http://www.crunchyroll.com/shonen-ashibe-go-go-goma-chan/episode-22-yuma-kuns-family-secrets-722441"}, {"title": "Episode 21 - Come Back Home, Ma!", "url": "http://www.crunchyroll.com/shonen-ashibe-go-go-goma-chan/episode-21-come-back-home-ma-722439"}, {"title": "Episode 20 - Smile! Kanji-kun!", "url": "http://www.crunchyroll.com/shonen-ashibe-go-go-goma-chan/episode-20-smile-kanji-kun-722437"}, {"title": "Episode 19 - Mr. Tendou's Marriage Meeting", "url": "http://www.crunchyroll.com/shonen-ashibe-go-go-goma-chan/episode-19-mr-tendous-marriage-meeting-722435"}, {"title": "Episode 18 - Ready, Go!", "url": "http://www.crunchyroll.com/shonen-ashibe-go-go-goma-chan/episode-18-ready-go-722433"}, {"title": "Episode 17 - Fly! Fly! Goma-chan!", "url": "http://www.crunchyroll.com/shonen-ashibe-go-go-goma-chan/episode-17-fly-fly-goma-chan-716167"}, {"title": "Episode 16 - Say Cheese!", "url": "http://www.crunchyroll.com/shonen-ashibe-go-go-goma-chan/episode-16-say-cheese-716165"}, {"title": "Episode 15 - Goma-chan vs. Cat", "url": "http://www.crunchyroll.com/shonen-ashibe-go-go-goma-chan/episode-15-goma-chan-vs-cat-716163"}, {"title": "Episode 14 - Ashibe's Open House", "url": "http://www.crunchyroll.com/shonen-ashibe-go-go-goma-chan/episode-14-ashibes-open-house-716161"}, {"title": "Episode 13 - It's Summer! It's the Sea! It's Goma-chan!", "url": "http://www.crunchyroll.com/shonen-ashibe-go-go-goma-chan/episode-13-its-summer-its-the-sea-its-goma-chan-714559"}, {"title": "Episode 12 - Everyone's Sleepy", "url": "http://www.crunchyroll.com/shonen-ashibe-go-go-goma-chan/episode-12-everyones-sleepy-714557"}, {"title": "Episode 11 - It's Summer! It's the Pool! It's Goma-chan!", "url": "http://www.crunchyroll.com/shonen-ashibe-go-go-goma-chan/episode-11-its-summer-its-the-pool-its-goma-chan-714555"}, {"title": "Episode 10 - A Letter from Ashibe-kun", "url": "http://www.crunchyroll.com/shonen-ashibe-go-go-goma-chan/episode-10-a-letter-from-ashibe-kun-714553"}, {"title": "Episode 9 - Liangliang of Wang Wang Ken", "url": "http://www.crunchyroll.com/shonen-ashibe-go-go-goma-chan/episode-9-liangliang-of-wang-wang-ken-714551"}, {"title": "Episode 8 - Peppeppe-san's Blues", "url": "http://www.crunchyroll.com/shonen-ashibe-go-go-goma-chan/episode-8-peppeppe-sans-blues-712825"}, {"title": "Episode 7 - Sugao-kun's Teacher", "url": "http://www.crunchyroll.com/shonen-ashibe-go-go-goma-chan/episode-7-sugao-kuns-teacher-712823"}, {"title": "Episode 6 - I Want Goma-chan!", "url": "http://www.crunchyroll.com/shonen-ashibe-go-go-goma-chan/episode-6-i-want-goma-chan-712821"}, {"title": "Episode 5 - Exciting Aquarium!", "url": "http://www.crunchyroll.com/shonen-ashibe-go-go-goma-chan/episode-5-exciting-aquarium-712819"}, {"title": "Episode 4 - I Want to See Ashibe-kun!", "url": "http://www.crunchyroll.com/shonen-ashibe-go-go-goma-chan/episode-4-i-want-to-see-ashibe-kun-711189"}, {"title": "Episode 3 - I Want to Eat an Ice Pop!", "url": "http://www.crunchyroll.com/shonen-ashibe-go-go-goma-chan/episode-3-i-want-to-eat-an-ice-pop-711187"}, {"title": "Episode 2 - Swim! Goma-chan!", "url": "http://www.crunchyroll.com/shonen-ashibe-go-go-goma-chan/episode-2-swim-goma-chan-711185"}, {"title": "Episode 1 - Goma-chan Is Here!", "url": "http://www.crunchyroll.com/shonen-ashibe-go-go-goma-chan/episode-1-goma-chan-is-here-711183"}], "coverImage": {"large": "https://s3.anilist.co/media/anime/cover/medium/101498-JLtO25EtYbYN.jpg", "medium": "https://s3.anilist.co/media/anime/cover/small/101498-JLtO25EtYbYN.jpg"}, "bannerImage": null, "isAdult": false, "format": "TV_SHORT"}, {"id": 101499, "title": {"romaji": "High School Fleet Movie", "english": null}, "type": "ANIME", "status": "NOT_YET_RELEASED", "description": "Announced in April 2018.", "startDate": {"year": null, "month": null, "day": null}, "endDate": {"year": null, "month": null, "day": null}, "season": null, "episodes": 1, "duration": null, "genres": ["Action", "Comedy", "Slice of Life"], "averageScore": null, "trending": 0, "popularity": 213, "streamingEpisodes": [], "coverImage": {"large": "https://s3.anilist.co/media/anime/cover/medium/nx101499-zFYnryJqUKf7.jpg", "medium": "https://s3.anilist.co/media/anime/cover/small/nx101499-zFYnryJqUKf7.jpg"}, "bannerImage": null, "isAdult": false, "format": "MOVIE"}, {"id": 101500, "title": {"romaji": "Ingress", "english": "Ingress: The Animation"}, "type": "ANIME", "status": "FINISHED", "description": "Since he was little, Makoto had a strange power which enabled him to read the memories of objects he touched.<br>\nHiding his uncontrollable power, he works as a special agent in the police force. One day, while investigating an explosion at a laboratory that researches a unknown substance called \u201cXM\u201d, he sees a mysterious memory.<br>\nThe memory was from Sarah's ring, who was the sole survivor of the accident.<br>\nIt was a sight of a person being swallowed into a red light and disappearing.<br>\nMakoto becomes embroiled in a massive conspiracy.<br>\nThe battle for \u201cXM\u201d, a material that could affect human mind, starts now\u2015\u2015<br><br>\n\n(Source: Official Website)", "startDate": {"year": 2018, "month": 10, "day": 18}, "endDate": {"year": 2018, "month": 10, "day": 18}, "season": "FALL", "episodes": 11, "duration": null, "genres": ["Sci-Fi"], "averageScore": null, "trending": 0, "popularity": 2251, "streamingEpisodes": [], "coverImage": {"large": "https://s3.anilist.co/media/anime/cover/medium/nx101500-cyZGel4enSqH.jpg", "medium": "https://s3.anilist.co/media/anime/cover/small/nx101500-cyZGel4enSqH.jpg"}, "bannerImage": null, "isAdult": false, "format": "ONA"}, {"id": 101501, "title": {"romaji": "Koi to Uso OVA", "english": "LOVE and Lies OVA"}, "type": "ANIME", "status": "NOT_YET_RELEASED", "description": "OVA bundled with the limited edition of the 8th manga volume.", "startDate": {"year": 2018, "month": 11, "day": 9}, "endDate": {"year": 2018, "month": 11, "day": 9}, "season": "FALL", "episodes": 2, "duration": null, "genres": ["Drama", "Romance"], "averageScore": null, "trending": 0, "popularity": 1736, "streamingEpisodes": [], "coverImage": {"large": "https://s3.anilist.co/media/anime/cover/medium/101501-W81aK1mx2hA5.jpg", "medium": "https://s3.anilist.co/media/anime/cover/small/101501-W81aK1mx2hA5.jpg"}, "bannerImage": null, "isAdult": false, "format": "OVA"}, {"id": 101505, "title": {"romaji": "Beelzebub-jou no Okinimesu mama.", "english": "As Miss Beelzebub likes."}, "type": "ANIME", "status": "RELEASING", "description": "Murin's lands his dream job with the demon king he's always held in awe, but when his tenure begins, it turns out the demon king isn't quite what he expected... <br><br>\n\n(Source: Yen Press)", "startDate": {"year": 2018, "month": 10, "day": 11}, "endDate": {"year": null, "month": null, "day": null}, "season": "FALL", "episodes": 12, "duration": 24, "genres": ["Comedy", "Fantasy"], "averageScore": 60, "trending": 7, "popularity": 2404, "streamingEpisodes": [{"title": "Episode 2 - Brother Tastes Like a Fairy Tale. / She\u2019s Here, Vibration Girl.", "url": "http://www.crunchyroll.com/as-miss-beelzebub-likes/episode-2-brother-tastes-like-a-fairy-tale-shes-here-vibration-girl-777959"}, {"title": "Episode 1 - Boy Meets Fluffy Girl. / Her Highness Knows Not Her Assistant's Heart.", "url": "http://www.crunchyroll.com/as-miss-beelzebub-likes/episode-1-boy-meets-fluffy-girl-her-highness-knows-not-her-assistants-heart-777958"}], "coverImage": {"large": "https://s3.anilist.co/media/anime/cover/medium/nx101505-wkHyDk0GjxVd.jpg", "medium": "https://s3.anilist.co/media/anime/cover/small/nx101505-wkHyDk0GjxVd.jpg"}, "bannerImage": null, "isAdult": false, "format": "TV"}, {"id": 101506, "title": {"romaji": "Uchi no Maid ga Uzasugiru", "english": "UzaMaid!"}, "type": "ANIME", "status": "RELEASING", "description": "The manga centers on Misha, a little girl who lost her mother at an early age, and now lives with her father. Her father employs a maid named Tsubame, who was a former Self-Defense Force official, and is also a lolicon.<br><br>\n\n(Source: ANN)", "startDate": {"year": 2018, "month": 10, "day": 5}, "endDate": {"year": null, "month": null, "day": null}, "season": "FALL", "episodes": 12, "duration": 24, "genres": ["Comedy", "Slice of Life"], "averageScore": 68, "trending": 9, "popularity": 4699, "streamingEpisodes": [{"title": "Episode 2 - My Maid Kidnapped Me", "url": "http://www.crunchyroll.com/uzamaid/episode-2-my-maid-kidnapped-me-777690"}, {"title": "Episode 1 - Our Maid Is Too Annoying!", "url": "http://www.crunchyroll.com/uzamaid/episode-1-our-maid-is-too-annoying-777689"}], "coverImage": {"large": "https://s3.anilist.co/media/anime/cover/medium/nx101506-uY2udopqvdYp.jpg", "medium": "https://s3.anilist.co/media/anime/cover/small/nx101506-uY2udopqvdYp.jpg"}, "bannerImage": null, "isAdult": false, "format": "TV"}, {"id": 101523, "title": {"romaji": "Neko Neko Nihonshi 3rd Season", "english": null}, "type": "ANIME", "status": "RELEASING", "description": "Third season of Neko Neko Nihonshi.", "startDate": {"year": 2018, "month": 4, "day": 4}, "endDate": {"year": null, "month": null, "day": null}, "season": "SPRING", "episodes": null, "duration": 9, "genres": ["Comedy"], "averageScore": null, "trending": 0, "popularity": 25, "streamingEpisodes": [], "coverImage": {"large": "https://s3.anilist.co/media/anime/cover/medium/101523-s5AfE8ZJZO9X.jpg", "medium": "https://s3.anilist.co/media/anime/cover/small/101523-s5AfE8ZJZO9X.jpg"}, "bannerImage": null, "isAdult": false, "format": "TV_SHORT"}, {"id": 101524, "title": {"romaji": "Hoshi no Yuuenchi", "english": "Hoshi no Yuuenchi"}, "type": "ANIME", "status": "FINISHED", "description": "A kindly teacher demonstrates origami to his elementary class, but when he gives a paper crane to a child, it is stolen from him by Takeshi, the class bully. Takeshi discovers that the crane is really a talking spaceship that takes him and his friends to visit a fairground in the stars.\n<br><br>\nA girl falls through a hole into Space Hell, and the children cooperate to rescue her. Takeshi wakes up, wondering if it was all a dream. The next day, he returns the magic crane to its rightful owner. This tale is from Rainbow Across the Pacific's Daisuke Ikeda, the leader of the buddhist Soka Gakkai organization which is commonly considered a cult as it is a part of the shinshuukyou religious movement.\n<br><br>\n(Source: Anime Encyclopedia)", "startDate": {"year": 1989, "month": 10, "day": 14}, "endDate": {"year": 1989, "month": 10, "day": 14}, "season": null, "episodes": 1, "duration": 18, "genres": ["Adventure", "Sci-Fi"], "averageScore": null, "trending": 0, "popularity": 14, "streamingEpisodes": [], "coverImage": {"large": "https://s3.anilist.co/media/anime/cover/medium/101524-LiN1h9QQ8dMa.jpg", "medium": "https://s3.anilist.co/media/anime/cover/small/101524-LiN1h9QQ8dMa.jpg"}, "bannerImage": null, "isAdult": false, "format": "OVA"}, {"id": 101525, "title": {"romaji": "Aru Zombie Shoujo no Sainan", "english": "Calamity of a Zombie Girl"}, "type": "ANIME", "status": "FINISHED", "description": "The story revolves around a beautiful girl named Euphrosyne who is regretfully a zombie. Euphrosyne wakes up in an underground archive of a university, where a maid named Alma tells her, \"Madam, kill the students and retrieve the 'Secret Stone.'\"<br><br>\n\n(Source: ANN)", "startDate": {"year": 2018, "month": 7, "day": 4}, "endDate": {"year": 2018, "month": 7, "day": 4}, "season": "SUMMER", "episodes": 1, "duration": 80, "genres": ["Action", "Horror", "Supernatural", "Comedy"], "averageScore": 47, "trending": 0, "popularity": 1106, "streamingEpisodes": [], "coverImage": {"large": "https://s3.anilist.co/media/anime/cover/medium/nx101525-9hJgqgYW4AMF.jpg", "medium": "https://s3.anilist.co/media/anime/cover/small/nx101525-9hJgqgYW4AMF.jpg"}, "bannerImage": "https://s3.anilist.co/media/anime/banner/101525-xslKcOkMEcw4.png", "isAdult": false, "format": "ONA"}, {"id": 101546, "title": {"romaji": "The Idolm@ster SideM: PASSION of the PASSION", "english": null}, "type": "ANIME", "status": "FINISHED", "description": "Unaired episode included with the 7th volume of the BD/DVD release of The Idolm@ster SideM.", "startDate": {"year": 2018, "month": 6, "day": 27}, "endDate": {"year": 2018, "month": 6, "day": 27}, "season": "SPRING", "episodes": 1, "duration": null, "genres": ["Music"], "averageScore": null, "trending": 0, "popularity": 252, "streamingEpisodes": [], "coverImage": {"large": "https://s3.anilist.co/media/anime/cover/medium/nx101546-6zYVtumekbva.jpg", "medium": "https://s3.anilist.co/media/anime/cover/small/nx101546-6zYVtumekbva.jpg"}, "bannerImage": null, "isAdult": false, "format": "SPECIAL"}, {"id": 101547, "title": {"romaji": "Isekai Cheat Magician", "english": null}, "type": "ANIME", "status": "NOT_YET_RELEASED", "description": "The story centers on Taichi Nishimura and his friend Rin, who both get transported into a fantasy world. While in their previous world, Taichi is a normal person who just has higher than average reflexes, both he and Rin gain high levels of physical and magical ability, and begin their new life as magicians.<br><br>\n\n(Source: ANN)", "startDate": {"year": null, "month": null, "day": null}, "endDate": {"year": null, "month": null, "day": null}, "season": null, "episodes": null, "duration": null, "genres": ["Action", "Adventure", "Fantasy"], "averageScore": null, "trending": 0, "popularity": 291, "streamingEpisodes": [], "coverImage": {"large": "https://s3.anilist.co/media/anime/cover/medium/nx101547-bIwH3cR10Ivp.jpg", "medium": "https://s3.anilist.co/media/anime/cover/small/nx101547-bIwH3cR10Ivp.jpg"}, "bannerImage": null, "isAdult": false, "format": "TV"}, {"id": 101550, "title": {"romaji": "Wo Shi Jiang Xiaobai Special Episode", "english": "I'm Joybo Special Episode"}, "type": "ANIME", "status": "FINISHED", "description": "Season finale of Wo Shi Jiang Xiaobai: Shijie Shang de Lingyi Ge Wo, confirmed at the end of episode 12.", "startDate": {"year": 2018, "month": 5, "day": 25}, "endDate": {"year": 2018, "month": 5, "day": 25}, "season": "SPRING", "episodes": 1, "duration": 38, "genres": ["Drama", "Romance", "Slice of Life"], "averageScore": null, "trending": 0, "popularity": 74, "streamingEpisodes": [], "coverImage": {"large": "https://s3.anilist.co/media/anime/cover/medium/nx101550-S5wRipPxnSI7.jpg", "medium": "https://s3.anilist.co/media/anime/cover/small/nx101550-S5wRipPxnSI7.jpg"}, "bannerImage": "https://s3.anilist.co/media/anime/banner/101550-0Z0EQbs7G8Bu.jpg", "isAdult": false, "format": "ONA"}, {"id": 101554, "title": {"romaji": "Kidou Senshi Gundam NT", "english": "Mobile Suit Gundam Narrative"}, "type": "ANIME", "status": "NOT_YET_RELEASED", "description": "U.C. 0097. The year the Laplace's Box was opened. Despite the revelation of the original charter for the Universal Century, which acknowledges the existence of Newtypes and their rights, the world remains largely unchanged.<br>\n<br>\nAfter the destruction of the Neo Zeon remnant force known as the Sleeves, the event that has come to be known as the \"Laplace Incident\" seems to have drawn to a close. In the final battle, two Full Psycho Frame mobile suits displayed power beyond human imagination. The menace of the White Unicorn and the Black Lion were sealed away from public consciousness, and were consigned to be forgotten by history.<br>\n<br>\nBut now sightings of the RX-0 Unicorn 03, long thought lost two years ago, are being reported. Its name is Phenex, an immortal golden bird.<br>\n<br>\n(Source: Official website)", "startDate": {"year": 2018, "month": 11, "day": 30}, "endDate": {"year": 2018, "month": 11, "day": 30}, "season": "FALL", "episodes": null, "duration": null, "genres": ["Action", "Drama", "Mecha", "Sci-Fi"], "averageScore": null, "trending": 0, "popularity": 599, "streamingEpisodes": [], "coverImage": {"large": "https://s3.anilist.co/media/anime/cover/medium/nx101554-WryE84Ab9ymb.jpg", "medium": "https://s3.anilist.co/media/anime/cover/small/nx101554-WryE84Ab9ymb.jpg"}, "bannerImage": null, "isAdult": false, "format": "MOVIE"}, {"id": 101555, "title": {"romaji": "Youkai Watch: Shadow Side", "english": null}, "type": "ANIME", "status": "RELEASING", "description": "Keisuke is a fifth grader who does not believe in ghosts, UFOs, or even youkai. Lately, he has noticed that Natsume has been coming home late, and one day decides to tail her. When he discovers that Natsume goes to a youkai detective agency, Natsume is forced to involve Keisuke in her activities.<br><br>\n\nSource: ANN", "startDate": {"year": 2018, "month": 4, "day": 13}, "endDate": {"year": null, "month": null, "day": null}, "season": "SPRING", "episodes": null, "duration": 24, "genres": ["Comedy", "Supernatural"], "averageScore": null, "trending": 0, "popularity": 86, "streamingEpisodes": [], "coverImage": {"large": "https://s3.anilist.co/media/anime/cover/medium/101555-MUyB8YgdXKKf.jpg", "medium": "https://s3.anilist.co/media/anime/cover/small/101555-MUyB8YgdXKKf.jpg"}, "bannerImage": null, "isAdult": false, "format": "TV"}, {"id": 101571, "title": {"romaji": "Aggressive Retsuko (ONA)", "english": "Aggretsuko"}, "type": "ANIME", "status": "FINISHED", "description": "Retsuko is a 25-year old red panda who works in her dream company's accounting department. But it turns out that she is forced to keep doing more and more impossible tasks by her superiors and co-workers. She doesn't talk back to them, but she still has to let off steam, so she ends up going to karaoke by herself and singing death metal.<br><br>\n\n(Source: ANN)", "startDate": {"year": 2018, "month": 4, "day": 20}, "endDate": {"year": 2018, "month": 4, "day": 20}, "season": "SPRING", "episodes": 10, "duration": 15, "genres": ["Comedy", "Slice of Life"], "averageScore": 75, "trending": 0, "popularity": 4663, "streamingEpisodes": [], "coverImage": {"large": "https://s3.anilist.co/media/anime/cover/medium/nx101571-9f5xmj17S6aJ.jpg", "medium": "https://s3.anilist.co/media/anime/cover/small/nx101571-9f5xmj17S6aJ.jpg"}, "bannerImage": "https://s3.anilist.co/media/anime/banner/101571-ozTDmqA2jHGe.jpg", "isAdult": false, "format": "ONA"}, {"id": 101573, "title": {"romaji": "Yagate Kimi ni Naru", "english": "Bloom Into You"}, "type": "ANIME", "status": "RELEASING", "description": "Yuu has always dreamt of receiving a love confession but feels nothing when a boy gives her one. Confused, she starts her first year of high school and meets the beautiful Nanami, who makes her heart skip a beat.<br>\n<br>\n(Source: HIDIVE)", "startDate": {"year": 2018, "month": 10, "day": 5}, "endDate": {"year": null, "month": null, "day": null}, "season": "FALL", "episodes": 13, "duration": 24, "genres": ["Drama", "Romance", "Slice of Life"], "averageScore": 71, "trending": 13, "popularity": 6811, "streamingEpisodes": [], "coverImage": {"large": "https://s3.anilist.co/media/anime/cover/medium/nx101573-u75RNeMBd2vz.jpg", "medium": "https://s3.anilist.co/media/anime/cover/small/nx101573-u75RNeMBd2vz.jpg"}, "bannerImage": null, "isAdult": false, "format": "TV"}, {"id": 101574, "title": {"romaji": "SHIROBAKO Movie", "english": null}, "type": "ANIME", "status": "NOT_YET_RELEASED", "description": "Announced at the \"Musashi-Sakai x Shirobako Harumatsuri\" event in April 2018.", "startDate": {"year": null, "month": null, "day": null}, "endDate": {"year": null, "month": null, "day": null}, "season": null, "episodes": 1, "duration": null, "genres": ["Comedy", "Drama", "Slice of Life"], "averageScore": null, "trending": 0, "popularity": 2182, "streamingEpisodes": [], "coverImage": {"large": "https://s3.anilist.co/media/anime/cover/medium/nx101574-VnlxzCLr3tvb.jpg", "medium": "https://s3.anilist.co/media/anime/cover/small/nx101574-VnlxzCLr3tvb.jpg"}, "bannerImage": null, "isAdult": false, "format": "MOVIE"}, {"id": 101575, "title": {"romaji": "Micchiri Neko March", "english": null}, "type": "ANIME", "status": "FINISHED", "description": "A music video created for the Micchiri Neko character and brand. The video features cat characters playing in a marching band.<br>\n<br>\n(Source: MAL)", "startDate": {"year": 2013, "month": 4, "day": 2}, "endDate": {"year": 2013, "month": 4, "day": 2}, "season": null, "episodes": 1, "duration": 3, "genres": ["Music"], "averageScore": 59, "trending": 0, "popularity": 206, "streamingEpisodes": [], "coverImage": {"large": "https://s3.anilist.co/media/anime/cover/medium/101575-8ZNHgcoQMP1N.jpg", "medium": "https://s3.anilist.co/media/anime/cover/small/101575-8ZNHgcoQMP1N.jpg"}, "bannerImage": "https://s3.anilist.co/media/anime/banner/101575-Zsjba7Tw07ap.png", "isAdult": false, "format": "MUSIC"}, {"id": 101579, "title": {"romaji": "Mannaka no Rikkun", "english": null}, "type": "ANIME", "status": "NOT_YET_RELEASED", "description": "The \"home comedy\" centers on the mischievous boy Rikkun and his eccentric family.<br><br>\n\n(Source: ANN)", "startDate": {"year": 2019, "month": null, "day": null}, "endDate": {"year": null, "month": null, "day": null}, "season": null, "episodes": null, "duration": null, "genres": ["Comedy"], "averageScore": null, "trending": 0, "popularity": 9, "streamingEpisodes": [], "coverImage": {"large": "https://s3.anilist.co/media/anime/cover/medium/nx101579-varMwCYi0BXT.jpg", "medium": "https://s3.anilist.co/media/anime/cover/small/nx101579-varMwCYi0BXT.jpg"}, "bannerImage": null, "isAdult": false, "format": "TV"}]}}}