{"data": {"Page": {"pageInfo": {"total": 12297, "hasNextPage": true}, "media": [{"id": 7252, "title": {"romaji": "Grick no Bouken", "english": "The Enchanted Journey"}, "type": "ANIME", "status": "FINISHED", "description": "Glicko is a young chipmunk living in the city with his sister.  But after hearing from a carrier pigeon of the Chipmunk homeland, the Great Forest, he leaves home alone.  Glicko meets both friends and enemies along his adventure to the find the place where he truly belongs.", "startDate": {"year": 1984, "month": null, "day": null}, "endDate": {"year": 1984, "month": null, "day": null}, "season": null, "episodes": 1, "duration": 84, "genres": ["Adventure", "Drama", "Fantasy"], "averageScore": null, "trending": 0, "popularity": 32, "streamingEpisodes": [], "coverImage": {"large": "https://s3.anilist.co/media/anime/cover/medium/7252.jpg", "medium": "https://s3.anilist.co/media/anime/cover/small/7252.jpg"}, "bannerImage": null, "isAdult": false, "format": "MOVIE"}, {"id": 7254, "title": {"romaji": "Harukanaru Toki no Naka de 3: Owarinaki Unmei", "english": null}, "type": "ANIME", "status": "FINISHED", "description": "The war between the Heike clan and the Genji clan continues. This time, Nozomi has to fight a powerful supernatural enemy and make a choice: protect her friends and stay by Kurou's side, or choose her first love, Masaomi, which is the leader of the Heike, and her enemy. ", "startDate": {"year": 2010, "month": 1, "day": 4}, "endDate": {"year": 2010, "month": 1, "day": 4}, "season": "WINTER", "episodes": 1, "duration": 56, "genres": ["Adventure", "Fantasy"], "averageScore": null, "trending": 0, "popularity": 119, "streamingEpisodes": [], "coverImage": {"large": "https://s3.anilist.co/media/anime/cover/medium/7254.jpg", "medium": "https://s3.anilist.co/media/anime/cover/small/7254.jpg"}, "bannerImage": null, "isAdult": false, "format": "SPECIAL"}, {"id": 7255, "title": {"romaji": "Hanaori", "english": "Breaking of Branches is Forbidden"}, "type": "ANIME", "status": "FINISHED", "description": "The head monk orders a young acolyte to guard a beautiful cherry tree in the monastery garden while he goes out. But the older man underestimates his colleague&rsquo;s fondness for sake. As it so happens, a samurai warrior and his servant decide to have a picnic feast in the same garden under the blossoming tree. The acolyte refuses to let them in, but when he smells their sake, his determination is put to the test.... Made in 1968, director Kawamoto&rsquo;s first puppet film is a moral tale about a disciple who was justly punished for a momentary lapse. <br><br>\n-AniDB", "startDate": {"year": 1968, "month": null, "day": null}, "endDate": {"year": 1968, "month": null, "day": null}, "season": null, "episodes": 1, "duration": 14, "genres": ["Comedy"], "averageScore": 44, "trending": 0, "popularity": 123, "streamingEpisodes": [], "coverImage": {"large": "https://s3.anilist.co/media/anime/cover/medium/7255.jpg", "medium": "https://s3.anilist.co/media/anime/cover/small/7255.jpg"}, "bannerImage": null, "isAdult": false, "format": "MOVIE"}, {"id": 7257, "title": {"romaji": "Shijin no Shougai", "english": "A Poet's Life"}, "type": "ANIME", "status": "FINISHED", "description": "A worker is fired from a factory for demanding a wage increase. His mother, worn thin by poverty, is caught in her own spinning wheel. Then a strange storm buries the town in snow, freezing rich and poor alike. Another short film by Kihachiro Kawamoto", "startDate": {"year": 1974, "month": 1, "day": 1}, "endDate": {"year": 1974, "month": 1, "day": 1}, "season": "WINTER", "episodes": 1, "duration": 19, "genres": ["Drama", "Fantasy", "Psychological"], "averageScore": 46, "trending": 0, "popularity": 167, "streamingEpisodes": [], "coverImage": {"large": "https://s3.anilist.co/media/anime/cover/medium/7257.jpg", "medium": "https://s3.anilist.co/media/anime/cover/small/7257.jpg"}, "bannerImage": null, "isAdult": false, "format": "MOVIE"}, {"id": 7258, "title": {"romaji": "Tabi", "english": null}, "type": "ANIME", "status": "FINISHED", "description": "Surreal cutout (kiri-gami) animation following a young girl's physical journey, which is also an inner voyage through which she will learn all the pain and joy of life. She travels to an anonymous Western city, a bizarre dreamscape cluttered with elements from works by Dali, Magritte, de Chirico and Escher. The journey will change her completely but when she returns she will be the only one who knows how she has changed.<br>\n(The poem in the film is by Su Tong-Po, a famous Chinese poet) <br><br>\n(Source: AniDB)", "startDate": {"year": 1973, "month": null, "day": null}, "endDate": {"year": 1973, "month": null, "day": null}, "season": null, "episodes": 1, "duration": 12, "genres": ["Fantasy", "Psychological"], "averageScore": 44, "trending": 0, "popularity": 143, "streamingEpisodes": [], "coverImage": {"large": "https://s3.anilist.co/media/anime/cover/medium/7258-fObOehzyx3FI.png", "medium": "https://s3.anilist.co/media/anime/cover/small/7258-fObOehzyx3FI.png"}, "bannerImage": null, "isAdult": false, "format": "MOVIE"}, {"id": 7259, "title": {"romaji": "Kenju Giga", "english": "Anthropo-Cynical Farce"}, "type": "ANIME", "status": "FINISHED", "description": "A dog race is interrupted by a ringmaster, who attaches fish to the dog&rsquo;s collars and makes them run in circles. The crowd is incensed, but the ringmaster insists that the audience is no better off than the dogs. In the end the ringmaster is assassinated and the race continues, but a single red rose sprouts from the ringmaster&rsquo;s blood; a symbol of truth in a crazy world? <br><br>\n-AniDB<br>", "startDate": {"year": 1970, "month": null, "day": null}, "endDate": {"year": 1970, "month": null, "day": null}, "season": null, "episodes": 1, "duration": 8, "genres": ["Psychological"], "averageScore": 43, "trending": 0, "popularity": 144, "streamingEpisodes": [], "coverImage": {"large": "https://s3.anilist.co/media/anime/cover/medium/7259.jpg", "medium": "https://s3.anilist.co/media/anime/cover/small/7259.jpg"}, "bannerImage": null, "isAdult": false, "format": "MOVIE"}, {"id": 7261, "title": {"romaji": "Mameshiba", "english": null}, "type": "ANIME", "status": "FINISHED", "description": "In these short animated clips, little dog-faced talking beans appear in people's food and inform them about different facts.", "startDate": {"year": 2008, "month": 3, "day": 16}, "endDate": {"year": 2011, "month": 10, "day": 16}, "season": "SPRING", "episodes": 20, "duration": 1, "genres": ["Comedy"], "averageScore": 62, "trending": 0, "popularity": 468, "streamingEpisodes": [], "coverImage": {"large": "https://s3.anilist.co/media/anime/cover/medium/7261.jpg", "medium": "https://s3.anilist.co/media/anime/cover/small/7261.jpg"}, "bannerImage": null, "isAdult": false, "format": "SPECIAL"}, {"id": 7262, "title": {"romaji": "Kagirohi: Shaku Kei", "english": null}, "type": "ANIME", "status": "FINISHED", "description": "The story takes place in a small village. A girl, Ajisai, transferred to the village one month ago. The main character is Aoi. He always watches Ajisai being alone. One day, when he is at school, Ajisai tells him, \"Let's play a game.\" Her offer changes everything around him.<br><br>\nAjisai, Kaede, Kusanoou, and Sumire. The story goes as their thoughts mix with each other...<br><br>\n(Source: ErogeShop)", "startDate": {"year": 2009, "month": 9, "day": 25}, "endDate": {"year": 2010, "month": 1, "day": 29}, "season": "FALL", "episodes": 2, "duration": 28, "genres": ["Hentai", "Sci-Fi"], "averageScore": 51, "trending": 0, "popularity": 291, "streamingEpisodes": [], "coverImage": {"large": "https://s3.anilist.co/media/anime/cover/medium/7262.jpg", "medium": "https://s3.anilist.co/media/anime/cover/small/7262.jpg"}, "bannerImage": "https://s3.anilist.co/media/anime/banner/n7262-dm28pyzVab6D.jpg", "isAdult": true, "format": "OVA"}, {"id": 7264, "title": {"romaji": "Onmyouji Ayakashi no Megami: Inran Jubaku", "english": null}, "type": "ANIME", "status": "FINISHED", "description": "An evil goddess is trying to gain absolute power via absorbing the life energy of a human using a woman as a succubus. Four minor goddesses try to stop her, the goddess of Tiger, Dragon, Phoenix and Turtle, but their efforts seem useles as two of them fall under control of the evil godess. The life of the young human is being absorved so they must hurry to save him.", "startDate": {"year": 2009, "month": 10, "day": 25}, "endDate": {"year": 2010, "month": 4, "day": 16}, "season": "FALL", "episodes": 2, "duration": 30, "genres": ["Hentai"], "averageScore": 50, "trending": 0, "popularity": 244, "streamingEpisodes": [], "coverImage": {"large": "https://s3.anilist.co/media/anime/cover/medium/7264.jpg", "medium": "https://s3.anilist.co/media/anime/cover/small/7264.jpg"}, "bannerImage": null, "isAdult": true, "format": "OVA"}, {"id": 7265, "title": {"romaji": "Kara no Shoujo", "english": null}, "type": "ANIME", "status": "FINISHED", "description": "Reiji is a private detective. One day, he receives a strange offer from a girl, \"Please look for... me. True me.\" At that time, a series of abnormal murder cases happen and Reiji is offered to investigate it as well. There is a girls' high school Yukari, Reiji's younger sister, goes and two female students are missing. Tokio, vice principal of the school, offers Reiji to search for them. As a result, Reiji receives three offers at the same time. To collect information, he starts working at the school in disguise and meets Toko, who asked him to look for real her before. \"Hi, nice to see you again, sir.\" The killing never stops.... A spiral of tragedy.... What breaks through this tragic condition might be a girl's smile.... <br><br>\n(Source: Himeya Shop) ", "startDate": {"year": 2010, "month": 1, "day": 15}, "endDate": {"year": 2010, "month": 10, "day": 15}, "season": "WINTER", "episodes": 2, "duration": 27, "genres": ["Hentai"], "averageScore": 46, "trending": 0, "popularity": 369, "streamingEpisodes": [], "coverImage": {"large": "https://s3.anilist.co/media/anime/cover/medium/7265.jpg", "medium": "https://s3.anilist.co/media/anime/cover/small/7265.jpg"}, "bannerImage": null, "isAdult": true, "format": "OVA"}, {"id": 7266, "title": {"romaji": "Binkan Athlete", "english": null}, "type": "ANIME", "status": "FINISHED", "description": "Shigeru is a university student. He likes to play sports and works at a sports gym part-time. One day, Ayako, a massager, suddenly tells him, \"You've got golden fingers! You must have a special talent for massaging! \"He is taken to a massage room and ordered to give Asaka, a famous beach volleyball player, a massage. He doesn't know what to do, but he gives her a massage. However, she suddenly goes out of the room angrily. He has no idea what's wrong with him, but Ayako says, \"Why don't you get her to reach orgasm?\" and she gives him erotic massage lessons. Like this, his life as a massager begins...", "startDate": {"year": 2009, "month": 12, "day": 18}, "endDate": {"year": 2009, "month": 12, "day": 18}, "season": "WINTER", "episodes": 1, "duration": 32, "genres": ["Hentai"], "averageScore": 54, "trending": 0, "popularity": 312, "streamingEpisodes": [], "coverImage": {"large": "https://s3.anilist.co/media/anime/cover/medium/nx7266-qq14nAGt9oeW.jpg", "medium": "https://s3.anilist.co/media/anime/cover/small/nx7266-qq14nAGt9oeW.jpg"}, "bannerImage": null, "isAdult": true, "format": "OVA"}, {"id": 7268, "title": {"romaji": "Diabolus: Kikoku", "english": null}, "type": "ANIME", "status": "FINISHED", "description": "A spirit who takes the form of an attractive male is attacking many female students at a school. Two students discover that the only way to free him from his wandering around Earth is to have him fulfill his desire and so they decide to take a hands on approach and make him rest in peace at last.<br><br>\n(Source: ANN)", "startDate": {"year": 2009, "month": 12, "day": 21}, "endDate": {"year": 2010, "month": 2, "day": 26}, "season": "WINTER", "episodes": 2, "duration": 30, "genres": ["Hentai"], "averageScore": 52, "trending": 0, "popularity": 285, "streamingEpisodes": [], "coverImage": {"large": "https://s3.anilist.co/media/anime/cover/medium/7268.jpg", "medium": "https://s3.anilist.co/media/anime/cover/small/7268.jpg"}, "bannerImage": null, "isAdult": true, "format": "OVA"}, {"id": 7270, "title": {"romaji": "Kidou Senshi Gundam 00 Special Edition", "english": "Mobile Suit Gundam 00 Special Edition"}, "type": "ANIME", "status": "FINISHED", "description": "Condensed version of both the first and second seasons of Gundam 00 featuring some new animated sequences and some partially re-recorded dialogue. ", "startDate": {"year": 2009, "month": 10, "day": 27}, "endDate": {"year": 2010, "month": 2, "day": 23}, "season": "FALL", "episodes": 3, "duration": 90, "genres": ["Action", "Drama", "Mecha", "Sci-Fi"], "averageScore": 66, "trending": 0, "popularity": 680, "streamingEpisodes": [], "coverImage": {"large": "https://s3.anilist.co/media/anime/cover/medium/7270.jpg", "medium": "https://s3.anilist.co/media/anime/cover/small/7270.jpg"}, "bannerImage": null, "isAdult": false, "format": "OVA"}, {"id": 7273, "title": {"romaji": "Nido to Mezamenu Komori Uta", "english": "The Death Lullaby"}, "type": "ANIME", "status": "FINISHED", "description": "An animated film describing the bullying of a Japanese child.", "startDate": {"year": 1985, "month": null, "day": null}, "endDate": {"year": 1985, "month": null, "day": null}, "season": null, "episodes": 1, "duration": 27, "genres": ["Drama"], "averageScore": 42, "trending": 0, "popularity": 133, "streamingEpisodes": [], "coverImage": {"large": "https://s3.anilist.co/media/anime/cover/medium/7273.jpg", "medium": "https://s3.anilist.co/media/anime/cover/small/7273.jpg"}, "bannerImage": null, "isAdult": false, "format": "MOVIE"}, {"id": 7276, "title": {"romaji": "Natsumushi The Animation", "english": null}, "type": "ANIME", "status": "FINISHED", "description": "A young man discovers the true erotic touch with it he can tease almost reaching orgasm on any woman, so he decides to use it on his chosen target with some interesting results.<br><br>\n(Source: ANN)", "startDate": {"year": 2009, "month": 12, "day": 25}, "endDate": {"year": 2010, "month": 3, "day": 26}, "season": "WINTER", "episodes": 2, "duration": 30, "genres": ["Hentai"], "averageScore": 56, "trending": 0, "popularity": 364, "streamingEpisodes": [], "coverImage": {"large": "https://s3.anilist.co/media/anime/cover/medium/nx7276-fZ7ou8eRUN1n.jpg", "medium": "https://s3.anilist.co/media/anime/cover/small/nx7276-fZ7ou8eRUN1n.jpg"}, "bannerImage": null, "isAdult": true, "format": "OVA"}, {"id": 7279, "title": {"romaji": "TO", "english": null}, "type": "ANIME", "status": "FINISHED", "description": "Elliptical Orbit:<br>\nFifteen years after its last contact with our world, a space freighter known as the Flying Dutchman requests permission to dock at a remote moon base. This mysterious ship carries liquid protons: a power source essential to the survival of Earth&rsquo;s population. But before the precious cargo can be delivered, the base is ambushed by galactic terrorists who seek to destroy the new form of energy and issue a death sentence to all of humanity.<br><br><br>\nSymbiotic Planet:<br>\nAgainst a backdrop of intergalactic colonization and bizarre alien life forms, Aon and Elena &ndash; star-crossed lovers from rival countries competing for valuable natural resources &ndash; struggle to build a life together despite the objections of their superiors. Their budding romance is thwarted by an outbreak of alien fungus and the interference of a cutthroat militaristic madman.  To survive, the young couple must maintain their faith in each other and learn to trust the unique creatures which inhabit this strange and wondrous new world.<br><br>\n(Source: Funimation)", "startDate": {"year": 2009, "month": 10, "day": 2}, "endDate": {"year": 2009, "month": 10, "day": 2}, "season": "FALL", "episodes": 2, "duration": 43, "genres": ["Action", "Sci-Fi"], "averageScore": 56, "trending": 0, "popularity": 462, "streamingEpisodes": [], "coverImage": {"large": "https://s3.anilist.co/media/anime/cover/medium/7279.jpg", "medium": "https://s3.anilist.co/media/anime/cover/small/7279.jpg"}, "bannerImage": null, "isAdult": false, "format": "OVA"}, {"id": 7285, "title": {"romaji": "Ginga Tetsudou 999: Diamond Ring no Kanata e", "english": "Galaxy Express 999: Beyond the Diamond Ring"}, "type": "ANIME", "status": "FINISHED", "description": "July 22, 2009. Galaxy Express 999 made a brief stop at Kagoshima on the day of total solar eclipse. Tetsuro gives a pass for the 999 to a boy named Kakeru dreaming of becoming an astronaut, saying \"It's up to you whether you can use this pass or not\".<br><br>\nNow it's 2035, another total solar eclipse is expected in Japan, 26 years since the last one. What became of Kakeru...?<br><br>\n(Source: AniDB)", "startDate": {"year": 2009, "month": 9, "day": 9}, "endDate": {"year": 2009, "month": 9, "day": 9}, "season": "FALL", "episodes": 1, "duration": 16, "genres": ["Adventure", "Drama", "Sci-Fi"], "averageScore": null, "trending": 0, "popularity": 118, "streamingEpisodes": [], "coverImage": {"large": "https://s3.anilist.co/media/anime/cover/medium/7285.jpg", "medium": "https://s3.anilist.co/media/anime/cover/small/7285.jpg"}, "bannerImage": null, "isAdult": false, "format": "MOVIE"}, {"id": 7290, "title": {"romaji": "Cyborg 009: Kaijuu Sensou", "english": "Cyborg 009 and the Monster Wars"}, "type": "ANIME", "status": "FINISHED", "description": "The evil organization 'Black Ghost' attacked around the world, using dinosaur (plesiosaur) type giant robots, and the team of 9 cyborgs launched their quest for the Black Ghost's hideout. 009 meets a girl named Helena...<br><br>\n(Source: upp.so-net.ne.jp)", "startDate": {"year": 1967, "month": 3, "day": 19}, "endDate": {"year": 1967, "month": 3, "day": 19}, "season": "SPRING", "episodes": 1, "duration": 60, "genres": ["Action", "Adventure", "Sci-Fi"], "averageScore": 48, "trending": 0, "popularity": 129, "streamingEpisodes": [], "coverImage": {"large": "https://s3.anilist.co/media/anime/cover/medium/7290.jpg", "medium": "https://s3.anilist.co/media/anime/cover/small/7290.jpg"}, "bannerImage": null, "isAdult": false, "format": "MOVIE"}, {"id": 7294, "title": {"romaji": "Licca-chan Fushigi na Mahou no Ring", "english": "Licca: Mysterious Magical Ring"}, "type": "ANIME", "status": "FINISHED", "description": "Second part in the OVA series that was later adapted into a TV show in 1998.", "startDate": {"year": 1991, "month": 8, "day": 30}, "endDate": {"year": 1991, "month": 8, "day": 30}, "season": "SUMMER", "episodes": 2, "duration": 30, "genres": ["Adventure", "Fantasy"], "averageScore": null, "trending": 0, "popularity": 77, "streamingEpisodes": [], "coverImage": {"large": "https://s3.anilist.co/media/anime/cover/medium/7294.jpg", "medium": "https://s3.anilist.co/media/anime/cover/small/7294.jpg"}, "bannerImage": null, "isAdult": false, "format": "OVA"}, {"id": 7295, "title": {"romaji": "Koi Tsubomi", "english": null}, "type": "ANIME", "status": "FINISHED", "description": "An animated music video for Oku Hanako's song <em>Koi Tsubomi</em>.", "startDate": {"year": 2006, "month": 2, "day": 15}, "endDate": {"year": 2006, "month": 2, "day": 15}, "season": "WINTER", "episodes": 1, "duration": 2, "genres": ["Fantasy", "Music"], "averageScore": 55, "trending": 0, "popularity": 190, "streamingEpisodes": [], "coverImage": {"large": "https://s3.anilist.co/media/anime/cover/medium/7295.jpg", "medium": "https://s3.anilist.co/media/anime/cover/small/7295.jpg"}, "bannerImage": null, "isAdult": false, "format": "MUSIC"}, {"id": 7296, "title": {"romaji": "Michi (Music Video)", "english": null}, "type": "ANIME", "status": "FINISHED", "description": "An animated video music video for Yumirose's song <em>Michi</em>.", "startDate": {"year": 2004, "month": 4, "day": 7}, "endDate": {"year": 2004, "month": 4, "day": 7}, "season": "SPRING", "episodes": 1, "duration": 2, "genres": ["Music"], "averageScore": null, "trending": 0, "popularity": 65, "streamingEpisodes": [], "coverImage": {"large": "https://s3.anilist.co/media/anime/cover/medium/7296.jpg", "medium": "https://s3.anilist.co/media/anime/cover/small/7296.jpg"}, "bannerImage": null, "isAdult": false, "format": "MUSIC"}, {"id": 7303, "title": {"romaji": "Meitantei Conan: Kuro no Soshiki Tono Sesshoku", "english": "Case Closed: Black History"}, "type": "ANIME", "status": "FINISHED", "description": "A special episode aired after ep. 490, it summarizes the history of confrontation with the black organization. ", "startDate": {"year": 2007, "month": 12, "day": 17}, "endDate": {"year": 2007, "month": 12, "day": 17}, "season": "WINTER", "episodes": 1, "duration": 25, "genres": ["Adventure", "Comedy", "Mystery"], "averageScore": 66, "trending": 0, "popularity": 407, "streamingEpisodes": [], "coverImage": {"large": "https://s3.anilist.co/media/anime/cover/medium/7303.jpg", "medium": "https://s3.anilist.co/media/anime/cover/small/7303.jpg"}, "bannerImage": null, "isAdult": false, "format": "SPECIAL"}, {"id": 7304, "title": {"romaji": "Meitantei Conan Movie 08: Ginyoku no Magician", "english": "Case Closed Movie 08: Magician of the Silver Sky Recap"}, "type": "ANIME", "status": "FINISHED", "description": "A summary of the events in Detective Conan Movie 08: Magician of the Silver Sky. ", "startDate": {"year": 2004, "month": null, "day": null}, "endDate": {"year": 2004, "month": null, "day": null}, "season": null, "episodes": 1, "duration": 25, "genres": ["Adventure", "Mystery"], "averageScore": 70, "trending": 0, "popularity": 678, "streamingEpisodes": [], "coverImage": {"large": "https://s3.anilist.co/media/anime/cover/medium/7304.jpg", "medium": "https://s3.anilist.co/media/anime/cover/small/7304.jpg"}, "bannerImage": null, "isAdult": false, "format": "SPECIAL"}, {"id": 7305, "title": {"romaji": "Meitantei Conan Movie 10: Tantei-tachi no Requiem Recap Special", "english": "Case Closed Movie 10: Requiem of the Detectives Recap"}, "type": "ANIME", "status": "FINISHED", "description": "A summary of the events in Detective Conan Movie 10: Requiem of the Detectives. ", "startDate": {"year": 2006, "month": null, "day": null}, "endDate": {"year": 2006, "month": null, "day": null}, "season": null, "episodes": 1, "duration": 25, "genres": ["Adventure", "Mystery"], "averageScore": 67, "trending": 0, "popularity": 448, "streamingEpisodes": [], "coverImage": {"large": "https://s3.anilist.co/media/anime/cover/medium/7305.jpg", "medium": "https://s3.anilist.co/media/anime/cover/small/7305.jpg"}, "bannerImage": null, "isAdult": false, "format": "SPECIAL"}, {"id": 7307, "title": {"romaji": "Gegege no Kitarou (1985)", "english": null}, "type": "ANIME", "status": "FINISHED", "description": "As civilization advances, people are beginning to lose the consideration and kindliness for Nature. This has incurred the wrath of the ghosts who are becoming increasingly unhappy with the selfishness of the human kind. However, there is a conflict of interests within the ghosts in which one extreme opposes the humans completely while another extreme desires the co-existence of humans and ghosts. Kitaro and his family belongs to the latter category and yearns to seek mutual understanding between the humans and ghosts. Kitaro's fight for love and hope continues.<br><br>\n(Source: ANN)", "startDate": {"year": 1985, "month": 10, "day": 12}, "endDate": {"year": 1988, "month": 2, "day": 6}, "season": "FALL", "episodes": 108, "duration": 25, "genres": ["Comedy", "Supernatural"], "averageScore": null, "trending": 0, "popularity": 104, "streamingEpisodes": [], "coverImage": {"large": "https://s3.anilist.co/media/anime/cover/medium/7307.jpg", "medium": "https://s3.anilist.co/media/anime/cover/small/7307.jpg"}, "bannerImage": null, "isAdult": false, "format": "TV"}, {"id": 7308, "title": {"romaji": "Mirai Shounen Conan (Movie)", "english": "Future Boy Conan Movie"}, "type": "ANIME", "status": "FINISHED", "description": "In the aftermath of a war fought by magnetic weapons which caused massive earthquakes, a young and spunky boy naned Conan gets involved in a grand adventure. Conan lives in a world that is mostly oceans; the major land masses having been destroyed by the weapons of the great war. He meets a young girl named Lana, and they eventually foil the plans of the city-state of  Industria which wants to regain the lethal weapons.", "startDate": {"year": 1979, "month": 9, "day": 15}, "endDate": {"year": 1979, "month": 9, "day": 15}, "season": "FALL", "episodes": 1, "duration": 122, "genres": ["Adventure", "Sci-Fi"], "averageScore": null, "trending": 0, "popularity": 124, "streamingEpisodes": [], "coverImage": {"large": "https://s3.anilist.co/media/anime/cover/medium/7308.jpg", "medium": "https://s3.anilist.co/media/anime/cover/small/7308.jpg"}, "bannerImage": null, "isAdult": false, "format": "MOVIE"}, {"id": 7311, "title": {"romaji": "Suzumiya Haruhi no Shoushitsu", "english": "The Disappearance of Haruhi Suzumiya"}, "type": "ANIME", "status": "FINISHED", "description": "It is mid-December, and SOS Brigade chief Haruhi Suzumiya announces that the Brigade is going to hold a Christmas party in their clubroom, with Japanese hotpot for dinner. The brigade members Kyon, Yuki Nagato, Mikuru Asahina and Itsuki Koizumi start preparing everything for the party, such as costumes and decorations. But a couple of days later, Kyon arrives at school only to find that Haruhi is missing. Not only that, but Mikuru claims she has never known Kyon before, Koizumi is also missing, and Yuki has become the sole member of the literature club. The SOS Brigade seems to have never existed, nor has Haruhi Suzumiya. No one in the school has ever heard about her... except for Kyon.<br><br>\n(Source: ANN)", "startDate": {"year": 2010, "month": 2, "day": 6}, "endDate": {"year": 2010, "month": 2, "day": 6}, "season": "WINTER", "episodes": 1, "duration": 162, "genres": ["Comedy", "Mystery", "Romance", "Sci-Fi", "Supernatural"], "averageScore": 87, "trending": 1, "popularity": 25808, "streamingEpisodes": [], "coverImage": {"large": "https://s3.anilist.co/media/anime/cover/medium/nx7311-8S1irCEevvtr.jpg", "medium": "https://s3.anilist.co/media/anime/cover/small/nx7311-8S1irCEevvtr.jpg"}, "bannerImage": "https://s3.anilist.co/media/anime/banner/7311.jpg", "isAdult": false, "format": "MOVIE"}, {"id": 7314, "title": {"romaji": "Yona Yona Penguin", "english": null}, "type": "ANIME", "status": "FINISHED", "description": "Koko is a little girl who always wears the penguin coat her deceased father gave her. She believes that she can fly like her father told her and is often teased by the other children. One night Koko follows a strange cat and finds herself in the land of the goblins. The mystical land is in danger for the old enemy is gathering his forces. Will Koko be able to save her new friends?  ", "startDate": {"year": 2009, "month": 9, "day": 12}, "endDate": {"year": 2009, "month": 9, "day": 12}, "season": "FALL", "episodes": 1, "duration": 90, "genres": ["Adventure", "Fantasy"], "averageScore": null, "trending": 0, "popularity": 81, "streamingEpisodes": [], "coverImage": {"large": "https://s3.anilist.co/media/anime/cover/medium/7314.jpg", "medium": "https://s3.anilist.co/media/anime/cover/small/7314.jpg"}, "bannerImage": null, "isAdult": false, "format": "MOVIE"}, {"id": 7322, "title": {"romaji": "Needless Specials", "english": null}, "type": "ANIME", "status": "FINISHED", "description": "Saint Lily Gakuen no Himitsu episodes bundled with the Blu-ray editions.", "startDate": {"year": 2009, "month": 11, "day": 27}, "endDate": {"year": 2010, "month": 10, "day": 22}, "season": "FALL", "episodes": 12, "duration": 2, "genres": ["Comedy", "Ecchi"], "averageScore": 62, "trending": 0, "popularity": 1076, "streamingEpisodes": [], "coverImage": {"large": "https://s3.anilist.co/media/anime/cover/medium/7322.jpg", "medium": "https://s3.anilist.co/media/anime/cover/small/7322.jpg"}, "bannerImage": null, "isAdult": false, "format": "SPECIAL"}, {"id": 7329, "title": {"romaji": "Tottoko Hamtaro Movie 1: Ham Ham Land Daibouken", "english": "Hamtaro Movie 1: Ham Ham Land Big Adventure"}, "type": "ANIME", "status": "FINISHED", "description": "It's Laura's birthday, and Laura isn't paying much attention to him. Hamtaro then went with the ham-hams to ham ham land. Hamtaro is searching for the magic sunflower seed, but, he will have to battle Maou-hamu for it.", "startDate": {"year": 2001, "month": 12, "day": 15}, "endDate": {"year": 2001, "month": 12, "day": 15}, "season": "WINTER", "episodes": 1, "duration": 50, "genres": ["Adventure", "Comedy"], "averageScore": 53, "trending": 0, "popularity": 166, "streamingEpisodes": [], "coverImage": {"large": "https://s3.anilist.co/media/anime/cover/medium/7329.jpg", "medium": "https://s3.anilist.co/media/anime/cover/small/7329.jpg"}, "bannerImage": null, "isAdult": false, "format": "MOVIE"}, {"id": 7330, "title": {"romaji": "Tottoko Hamtaro Movie 2: Ham Ham Ham~Jya! Maboroshi no Princess", "english": null}, "type": "ANIME", "status": "FINISHED", "description": "Lately, Hamtaro has been having a strange dream. In the dream, a beautiful princess hamster tearfully asks for help. Hamtaro can\u2019t forget about her, even when he\u2019s awake. One winter day, Laura talks to Hamtaro. She tells him that everyone in the family is going home to her father\u2019s hometown. When Hamtaro tells his friends about it, Maxwell pulls out a Ham-Ham source book. It\u2019s a book on old hamster history. <br><br>\r\nAccording to the book, there is a \u201chomeland\u201d for hamsters called \u201cHamja Kingdom\u201d. When the Ham-Hams build a sand castle and recite a spell exactly the way it is written in the book, they are whooshed to the Kingdom. When at last the hamsters reach the bustling Hamja Kingdom of hamsters, the popular King Hamja, the Mini-Hams that they\u2019ve met before in Ham-Ham Land, and many jar spirits called the Mo-Hams appear. A parade begins merrily with singing and dancing! But, the bad magic cat \u201cSabakunya\u201d appears suddenly, riding the giant sheep monster \u201cMee Mee\u201d, and starts to trample the town. What a disaster! <br><br>\r\nThe Ham-Hams flee underground. The Ham-Hams are told of the state of the Kingdom and find that Sabakunya has snatched the King\u2019s daughter, Princess Shera, and is pressing her into marriage on the Kingdom\u2019s Founding Day. Sabakunya is trying to take over the country. Something clicks in Hamtaro\u2019s mind. Princess Shera is without a doubt the princess who appeared in his dreams! Hamtaro wants very much to run to the castle where Sabakunya is, and so he and the Ham-Hams enter the castle. In the castle, they encounter danger after danger, and Hamtaro, pursued by Sabakunya\u2019s henchmen, is separated from others. ", "startDate": {"year": 2002, "month": 12, "day": 14}, "endDate": {"year": 2002, "month": 12, "day": 14}, "season": "WINTER", "episodes": 1, "duration": 50, "genres": ["Adventure", "Comedy"], "averageScore": 52, "trending": 0, "popularity": 137, "streamingEpisodes": [], "coverImage": {"large": "https://s3.anilist.co/media/anime/cover/medium/7330.jpg", "medium": "https://s3.anilist.co/media/anime/cover/small/7330.jpg"}, "bannerImage": null, "isAdult": false, "format": "MOVIE"}, {"id": 7333, "title": {"romaji": "Koi Suru Tenshi Angelique: Kagayaki no Ashita Special", "english": "Loving Angel Angelique: Radiant Tomorrow Special"}, "type": "ANIME", "status": "FINISHED", "description": "A DVD-only special episode which gives us a glimpse of what happens after Angelique completes her mission.", "startDate": {"year": 2007, "month": 4, "day": 8}, "endDate": {"year": 2007, "month": 4, "day": 8}, "season": "SPRING", "episodes": 1, "duration": 26, "genres": ["Fantasy", "Romance"], "averageScore": null, "trending": 0, "popularity": 100, "streamingEpisodes": [], "coverImage": {"large": "https://s3.anilist.co/media/anime/cover/medium/7333.jpg", "medium": "https://s3.anilist.co/media/anime/cover/small/7333.jpg"}, "bannerImage": null, "isAdult": false, "format": "SPECIAL"}, {"id": 7334, "title": {"romaji": "Bakugan Battle Brawlers: Gundalian Invaders", "english": "Bakugan: Gundalian Invaders"}, "type": "ANIME", "status": "FINISHED", "description": "Dan, Marucho, and Shun get caught up in a war between two different alien factions in another universe, and teaming up with three new brawlers: the Neathian, Fabia, the new human, Jake, and the Gundalian, Ren, in order to stop the evil Gundalian Protectors, the Twelve Orders from destroying Neathia, and possibly, Earth. They meet these people by them entering through the virtual reality Bakugan Interspace. The stakes are high! Will the Battle Brawlers triumph, saving the Bakugan once more?<br><br>\n(Source: Bakugan Wikia)", "startDate": {"year": 2010, "month": 5, "day": 23}, "endDate": {"year": 2011, "month": 1, "day": 29}, "season": "SPRING", "episodes": 39, "duration": 24, "genres": ["Action", "Adventure", "Fantasy"], "averageScore": 58, "trending": 0, "popularity": 1373, "streamingEpisodes": [], "coverImage": {"large": "https://s3.anilist.co/media/anime/cover/medium/7334.jpg", "medium": "https://s3.anilist.co/media/anime/cover/small/7334.jpg"}, "bannerImage": null, "isAdult": false, "format": "TV"}, {"id": 7336, "title": {"romaji": "Cyborg 009: Chou Ginga Densetsu", "english": "Cyborg 009: Legend of the Super Galaxy"}, "type": "ANIME", "status": "FINISHED", "description": "The cyborgs are no longer on duty, they live normal lives until a mysterious space ship lands on earth. The only survivor on the ship warns about an evil conqueror called Zoa that wants to conquer the universe, which means the cyborgs are back in action...<br>\n(Source: ANN)", "startDate": {"year": 1980, "month": 12, "day": 20}, "endDate": {"year": 1980, "month": 12, "day": 20}, "season": "WINTER", "episodes": 1, "duration": 130, "genres": ["Action", "Sci-Fi"], "averageScore": 49, "trending": 0, "popularity": 167, "streamingEpisodes": [], "coverImage": {"large": "https://s3.anilist.co/media/anime/cover/medium/7336.jpg", "medium": "https://s3.anilist.co/media/anime/cover/small/7336.jpg"}, "bannerImage": null, "isAdult": false, "format": "MOVIE"}, {"id": 7337, "title": {"romaji": "Hetalia Axis Powers Movie: Paint it, White!", "english": "Hetalia Axis Powers: Paint it, White!"}, "type": "ANIME", "status": "FINISHED", "description": "The movie involves a mysterious force causing unusual incidents to happen all over the world, and the nations having to try to ward off the threat of human extinction from the alien race known as Pict, who seek to transform mankind and drain the color from the world (with America deciding that the world will be saved under his command).<br><br>\r\n(Source: WikiHetalia)", "startDate": {"year": 2010, "month": 6, "day": 5}, "endDate": {"year": 2010, "month": 6, "day": 5}, "season": "SUMMER", "episodes": 1, "duration": 80, "genres": ["Comedy"], "averageScore": 64, "trending": 1, "popularity": 2387, "streamingEpisodes": [], "coverImage": {"large": "https://s3.anilist.co/media/anime/cover/medium/7337.jpg", "medium": "https://s3.anilist.co/media/anime/cover/small/7337.jpg"}, "bannerImage": null, "isAdult": false, "format": "MOVIE"}, {"id": 7338, "title": {"romaji": "Darker than BLACK: Kuro no Keiyakusha Gaiden", "english": "Darker than Black: Origins"}, "type": "ANIME", "status": "FINISHED", "description": "Tells the story of what happened to Yin and Hei between the first and second series.", "startDate": {"year": 2010, "month": 1, "day": 27}, "endDate": {"year": 2010, "month": 7, "day": 21}, "season": "WINTER", "episodes": 4, "duration": 24, "genres": ["Action", "Mystery", "Sci-Fi"], "averageScore": 77, "trending": 1, "popularity": 11645, "streamingEpisodes": [], "coverImage": {"large": "https://s3.anilist.co/media/anime/cover/medium/7338.jpg", "medium": "https://s3.anilist.co/media/anime/cover/small/7338.jpg"}, "bannerImage": "https://s3.anilist.co/media/anime/banner/7338-rV4LzQxXwSXn.jpg", "isAdult": false, "format": "SPECIAL"}, {"id": 7343, "title": {"romaji": "Youbi Masochist Animation", "english": "Youbi Masochist Animation"}, "type": "ANIME", "status": "FINISHED", "description": "Based on the work of Harukawa Namio. Features various stills with minimal animation of fairly large bottomed women sitting on men's faces, subsequently urinating in their mouths.<br><br>\n(Source: AniDB)", "startDate": {"year": 1997, "month": null, "day": null}, "endDate": {"year": 1997, "month": null, "day": null}, "season": null, "episodes": 2, "duration": 35, "genres": ["Hentai"], "averageScore": null, "trending": 0, "popularity": 31, "streamingEpisodes": [], "coverImage": {"large": "https://s3.anilist.co/media/anime/cover/medium/7343.jpg", "medium": "https://s3.anilist.co/media/anime/cover/small/7343.jpg"}, "bannerImage": null, "isAdult": true, "format": "OVA"}, {"id": 7354, "title": {"romaji": "Chikara to Onna no Yo no Naka", "english": null}, "type": "ANIME", "status": "FINISHED", "description": "The protagonist is a father of four children. His wife is 180 centimetres (5.9 ft) tall, and weighs 120 kilograms (260 lb) due to her incredibly large physique. Because he is constantly being henpecked at home, he becomes involved in an affair with a cute typist at his company and accidentally tells his wife about it while talking in his sleep. After obtaining additional evidence of the affair, she goes to confront both her husband and the typist at her husband's office.<br>\n(Source: Wikipedia)", "startDate": {"year": 1933, "month": 4, "day": 13}, "endDate": {"year": 1933, "month": 4, "day": 13}, "season": "SPRING", "episodes": 1, "duration": 2, "genres": [], "averageScore": null, "trending": 0, "popularity": 30, "streamingEpisodes": [], "coverImage": {"large": "https://s3.anilist.co/media/anime/cover/medium/7354.jpg", "medium": "https://s3.anilist.co/media/anime/cover/small/7354.jpg"}, "bannerImage": null, "isAdult": false, "format": "MOVIE"}, {"id": 7363, "title": {"romaji": "Hokuto no Ken: Legend of Heroes", "english": "Fist of The North Star - Legend of Heroes (CGI)"}, "type": "ANIME", "status": "FINISHED", "description": "This short 6 minute 3D CGI film of Kenshiro&rsquo;s final battle with Raoh was created in 2006 and came out on DVD in 2007. This will most probably remain an exclusively Japanese release.<br><br>\n(Source: Hokuto No Gun)", "startDate": {"year": 2007, "month": null, "day": null}, "endDate": {"year": 2007, "month": null, "day": null}, "season": null, "episodes": 1, "duration": 6, "genres": ["Action"], "averageScore": 53, "trending": 0, "popularity": 237, "streamingEpisodes": [], "coverImage": {"large": "https://s3.anilist.co/media/anime/cover/medium/7363.jpg", "medium": "https://s3.anilist.co/media/anime/cover/small/7363.jpg"}, "bannerImage": null, "isAdult": false, "format": "SPECIAL"}, {"id": 7364, "title": {"romaji": "Dragon Quest: Dai no Daibouken Buchiyabure!! Shinsei 6 Daishougun", "english": "Dragon Quest Great Adventure of Dai! Destroy!! The Reborn 6 Commanders"}, "type": "ANIME", "status": "FINISHED", "description": "Dragon Quest Dai no Daibouken Movie 03.", "startDate": {"year": 1992, "month": 7, "day": 11}, "endDate": {"year": 1992, "month": 7, "day": 11}, "season": "SUMMER", "episodes": 1, "duration": 40, "genres": ["Action", "Adventure", "Fantasy"], "averageScore": null, "trending": 0, "popularity": 83, "streamingEpisodes": [], "coverImage": {"large": "https://s3.anilist.co/media/anime/cover/medium/7364.jpg", "medium": "https://s3.anilist.co/media/anime/cover/small/7364.jpg"}, "bannerImage": null, "isAdult": false, "format": "MOVIE"}, {"id": 7366, "title": {"romaji": "Boku no Chikyuu wo Mamotte (Movie)", "english": "Please Save My Earth Movie: From Alice to Rin-kun"}, "type": "ANIME", "status": "FINISHED", "description": "Please Save My Earth Movie: From Alice to Rin-kun is a two-hour movie narrated by Alice, reminiscing on the events of the OVA as she is on her way to meet with Rin in a park. The \"present day\" scenes of Alice and Rin from the movie add scenes that were not present in the manga.<br><br>\n(Source: Wikipedia)", "startDate": {"year": 1995, "month": null, "day": null}, "endDate": {"year": 1995, "month": null, "day": null}, "season": null, "episodes": 1, "duration": 100, "genres": ["Drama", "Romance", "Sci-Fi"], "averageScore": null, "trending": 0, "popularity": 96, "streamingEpisodes": [], "coverImage": {"large": "https://s3.anilist.co/media/anime/cover/medium/7366.jpg", "medium": "https://s3.anilist.co/media/anime/cover/small/7366.jpg"}, "bannerImage": null, "isAdult": false, "format": "MOVIE"}, {"id": 7367, "title": {"romaji": "Naruto: The Cross Roads", "english": null}, "type": "ANIME", "status": "FINISHED", "description": "This year is the 10th anniversary of Naruto's serialization start. This work will feature an episode with Team Kakashi from Naruto's youth era. It will be surprisingly different from the TV series, don't miss it&#8252;", "startDate": {"year": 2009, "month": 10, "day": 12}, "endDate": {"year": 2009, "month": 10, "day": 12}, "season": "FALL", "episodes": 1, "duration": 27, "genres": ["Action", "Adventure", "Comedy"], "averageScore": 63, "trending": 0, "popularity": 1935, "streamingEpisodes": [], "coverImage": {"large": "https://s3.anilist.co/media/anime/cover/medium/7367.jpg", "medium": "https://s3.anilist.co/media/anime/cover/small/7367.jpg"}, "bannerImage": null, "isAdult": false, "format": "SPECIAL"}, {"id": 7374, "title": {"romaji": "100%", "english": null}, "type": "ANIME", "status": "FINISHED", "description": "A pretty 22-year-old girl leaves university and gets her dream job as a TV newscaster, only to discover that life is tough at the top. Adaptation of the \"Young Action\" manga by Michio Yanagisawa.<br><br>\n(Source: AniDB)", "startDate": {"year": 1990, "month": 9, "day": 7}, "endDate": {"year": 1990, "month": 9, "day": 7}, "season": "FALL", "episodes": 1, "duration": 53, "genres": ["Drama"], "averageScore": null, "trending": 0, "popularity": 41, "streamingEpisodes": [], "coverImage": {"large": "https://s3.anilist.co/media/anime/cover/medium/7374.jpg", "medium": "https://s3.anilist.co/media/anime/cover/small/7374.jpg"}, "bannerImage": null, "isAdult": false, "format": "OVA"}, {"id": 7375, "title": {"romaji": "Shakugan no Shana S Specials", "english": null}, "type": "ANIME", "status": "FINISHED", "description": "Specials bundled with Shakugan no Shana S OVA.", "startDate": {"year": 2009, "month": 10, "day": 23}, "endDate": {"year": 2010, "month": 9, "day": 29}, "season": "FALL", "episodes": 4, "duration": 7, "genres": ["Comedy"], "averageScore": 65, "trending": 0, "popularity": 1819, "streamingEpisodes": [], "coverImage": {"large": "https://s3.anilist.co/media/anime/cover/medium/7375.jpg", "medium": "https://s3.anilist.co/media/anime/cover/small/7375.jpg"}, "bannerImage": null, "isAdult": false, "format": "SPECIAL"}, {"id": 7376, "title": {"romaji": "Kurumiwari Ningyou", "english": "Nutcracker Fantasy"}, "type": "ANIME", "status": "FINISHED", "description": "The young girl Clara visits her Aunt Gerda and Uncle Drosselmeyer. Her aunt tells her scary stories about the Ragman, a creepy and mysterious man who turns children into mice if they don't go to bed on time. The Ragman is always spying on sleeping children searching for more victims.<br>\nJust before Clara goes to bed her eccentric uncle gives her a wooden nutcracker doll. He's a bit embarrassed because the only part on the doll that's perfect is the heart, but Clara loves her new doll.<br>\nShe falls asleep but wakes up hearing mice squeaking...", "startDate": {"year": 1979, "month": 3, "day": 3}, "endDate": {"year": 1979, "month": 3, "day": 3}, "season": "SPRING", "episodes": 1, "duration": 81, "genres": ["Drama", "Fantasy", "Romance"], "averageScore": null, "trending": 0, "popularity": 56, "streamingEpisodes": [], "coverImage": {"large": "https://s3.anilist.co/media/anime/cover/medium/7376-WxI3rUuWnH4I.png", "medium": "https://s3.anilist.co/media/anime/cover/small/7376-WxI3rUuWnH4I.png"}, "bannerImage": "https://s3.anilist.co/media/anime/banner/7376-HlCzQYy1GfGO.jpg", "isAdult": false, "format": "MOVIE"}, {"id": 7377, "title": {"romaji": "Winter Sonata Episode 0", "english": null}, "type": "ANIME", "status": "FINISHED", "description": "Based on the Korean drama television series about the love between two childhood friends and the tragic events that happen. <br><br>\nIn terms of the timeline of the Winter Sonata series, it belongs in the time gap midway through episode 21. <br><br>\n(Source: Frostii Subs)", "startDate": {"year": 2009, "month": 10, "day": 17}, "endDate": {"year": 2009, "month": 10, "day": 17}, "season": "FALL", "episodes": 1, "duration": 25, "genres": ["Drama", "Romance"], "averageScore": 54, "trending": 0, "popularity": 321, "streamingEpisodes": [], "coverImage": {"large": "https://s3.anilist.co/media/anime/cover/medium/7377.jpg", "medium": "https://s3.anilist.co/media/anime/cover/small/7377.jpg"}, "bannerImage": null, "isAdult": false, "format": "SPECIAL"}, {"id": 7395, "title": {"romaji": "Mix Master King of Cards", "english": null}, "type": "ANIME", "status": "FINISHED", "description": "Mix Masters is a Korea-Japan co-produced anime series, also known by the name Mix Master: King of Cards. It is a co-production by Nippon Animation of Japan and Sunwoo Entertainment and KBS of Korea. The story centers on the fantasy and adventure card game, Mix Master, and the transference of this game from a video game to the real world after a scientist's new invention goes terribly wrong. Creatures from the video game called henches run loose upon the real world and it is up to the Mix Master to stop those creatures from causing trouble. All the while, an evil leader from the video game, Prince Brad, causes trouble for them for some nefarious purpose.<br><br>\n(Source: Wikipedia)", "startDate": {"year": 2005, "month": 10, "day": 4}, "endDate": {"year": 2006, "month": 7, "day": 18}, "season": "FALL", "episodes": 39, "duration": 25, "genres": ["Adventure", "Fantasy"], "averageScore": null, "trending": 0, "popularity": 99, "streamingEpisodes": [], "coverImage": {"large": "https://s3.anilist.co/media/anime/cover/medium/7395.jpg", "medium": "https://s3.anilist.co/media/anime/cover/small/7395.jpg"}, "bannerImage": null, "isAdult": false, "format": "TV"}, {"id": 7396, "title": {"romaji": "Shuffle! Prologue", "english": null}, "type": "ANIME", "status": "FINISHED", "description": "Shuffle! Prologue is a short OVA teaser for the Shuffle! anime series based on the visual novel of the same name. While some of the animation was reused for the first episode of the anime series, most of Shuffle! Prologue is unique animation not repeated in the series, although the story itself is retold. <br><br>\n(Source: Wikipedia)", "startDate": {"year": 2005, "month": 5, "day": 27}, "endDate": {"year": 2005, "month": 5, "day": 27}, "season": "SPRING", "episodes": 1, "duration": 8, "genres": ["Comedy", "Fantasy", "Romance"], "averageScore": 62, "trending": 0, "popularity": 1095, "streamingEpisodes": [], "coverImage": {"large": "https://s3.anilist.co/media/anime/cover/medium/7396.jpg", "medium": "https://s3.anilist.co/media/anime/cover/small/7396.jpg"}, "bannerImage": null, "isAdult": false, "format": "OVA"}, {"id": 7398, "title": {"romaji": "Sekai Meisaku Douwa", "english": "World Famous Fairy Tale Series"}, "type": "ANIME", "status": "FINISHED", "description": "Another of Toei's World Famous Fairy Tale series consisting of 20 stories, 10 minutes each. <br><br>\n(Source: AniDB)", "startDate": {"year": 1975, "month": 10, "day": 16}, "endDate": {"year": 1983, "month": 2, "day": 15}, "season": "FALL", "episodes": 20, "duration": 10, "genres": ["Fantasy"], "averageScore": null, "trending": 0, "popularity": 44, "streamingEpisodes": [], "coverImage": {"large": "https://s3.anilist.co/media/anime/cover/medium/7398.jpg", "medium": "https://s3.anilist.co/media/anime/cover/small/7398.jpg"}, "bannerImage": null, "isAdult": false, "format": "OVA"}, {"id": 7405, "title": {"romaji": "Jankenman", "english": null}, "type": "ANIME", "status": "FINISHED", "description": null, "startDate": {"year": 1991, "month": 4, "day": 4}, "endDate": {"year": 1992, "month": 3, "day": 26}, "season": "SPRING", "episodes": 51, "duration": 25, "genres": ["Adventure"], "averageScore": null, "trending": 0, "popularity": 30, "streamingEpisodes": [], "coverImage": {"large": "https://s3.anilist.co/media/anime/cover/medium/7405.jpg", "medium": "https://s3.anilist.co/media/anime/cover/small/7405.jpg"}, "bannerImage": null, "isAdult": false, "format": "TV"}]}}}