{"data": {"Page": {"pageInfo": {"total": 12297, "hasNextPage": true}, "media": [{"id": 5643, "title": {"romaji": "Kimi no Na wo Yobeba", "english": null}, "type": "ANIME", "status": "FINISHED", "description": "Based on the manga by Amazume Ryuta. ", "startDate": {"year": 2008, "month": 11, "day": 28}, "endDate": {"year": 2009, "month": 2, "day": 27}, "season": "FALL", "episodes": 2, "duration": 27, "genres": ["Hentai"], "averageScore": 53, "trending": 0, "popularity": 273, "streamingEpisodes": [], "coverImage": {"large": "https://s3.anilist.co/media/anime/cover/medium/5643.jpg", "medium": "https://s3.anilist.co/media/anime/cover/small/5643.jpg"}, "bannerImage": null, "isAdult": true, "format": "OVA"}, {"id": 5644, "title": {"romaji": "Sora no Iro, Mizu no Iro Ero Bonus", "english": null}, "type": "ANIME", "status": "FINISHED", "description": "DVD Specials ", "startDate": {"year": 2006, "month": 7, "day": 28}, "endDate": {"year": 2008, "month": 6, "day": 27}, "season": "SUMMER", "episodes": 2, "duration": 11, "genres": ["Hentai"], "averageScore": 49, "trending": 0, "popularity": 207, "streamingEpisodes": [], "coverImage": {"large": "https://s3.anilist.co/media/anime/cover/medium/5644.jpg", "medium": "https://s3.anilist.co/media/anime/cover/small/5644.jpg"}, "bannerImage": null, "isAdult": true, "format": "OVA"}, {"id": 5645, "title": {"romaji": "Castle Fantasia", "english": null}, "type": "ANIME", "status": "CANCELLED", "description": "A young knight named Varu  has a very beautiful girlfriend and is very happy with her. However, one day their kingdom get involved in a war, and the girl's parents die in it. After some time, an unknown religious organization appears in the city. Varu's girlfriend is in such a grief after the death of her parents, that she decides the world has nothing to offer to her, joins the adepts of the new religion, and leaves the city. Varu becomes very depressed after this separation, but when he learns the religious group which took away his girlfriend became an evil cult that kidnaps girls and seeks resurrection of demons. But even more awful is the fact his ex-girlfriend is now the leader of this cult...", "startDate": {"year": 2003, "month": 4, "day": 25}, "endDate": {"year": 2003, "month": 10, "day": 25}, "season": "SPRING", "episodes": 3, "duration": 30, "genres": ["Hentai"], "averageScore": null, "trending": 0, "popularity": 96, "streamingEpisodes": [], "coverImage": {"large": "https://s3.anilist.co/media/anime/cover/medium/5645.jpg", "medium": "https://s3.anilist.co/media/anime/cover/small/5645.jpg"}, "bannerImage": null, "isAdult": true, "format": "OVA"}, {"id": 5646, "title": {"romaji": "Deep Voice", "english": null}, "type": "ANIME", "status": "FINISHED", "description": "The story is set in an old Western-style hospital where Takumi is confined. Takumi has gained some strange abilities after he had an accident. He can see the \"deep voices\" of the past events bound in different places in the hospital, and also gets into other people's consciousness on times he is asleep. With Amano Aki, he tries to investigate about the mysterious past in the hospital, as well as a doctor Yanagi Hiroko tries to study about Takumi's strange ability.", "startDate": {"year": 2002, "month": 4, "day": 25}, "endDate": {"year": 2002, "month": 9, "day": 25}, "season": "SPRING", "episodes": 3, "duration": 30, "genres": ["Hentai"], "averageScore": null, "trending": 0, "popularity": 86, "streamingEpisodes": [], "coverImage": {"large": "https://s3.anilist.co/media/anime/cover/medium/5646.jpg", "medium": "https://s3.anilist.co/media/anime/cover/small/5646.jpg"}, "bannerImage": null, "isAdult": true, "format": "OVA"}, {"id": 5647, "title": {"romaji": "Doukyuusei 2 Special: Sotsugyousei", "english": null}, "type": "ANIME", "status": "FINISHED", "description": "Based on the game by ELF.", "startDate": {"year": 1999, "month": 9, "day": 10}, "endDate": {"year": 2000, "month": 3, "day": 10}, "season": "FALL", "episodes": 3, "duration": 30, "genres": ["Ecchi"], "averageScore": null, "trending": 0, "popularity": 67, "streamingEpisodes": [], "coverImage": {"large": "https://s3.anilist.co/media/anime/cover/medium/5647.jpg", "medium": "https://s3.anilist.co/media/anime/cover/small/5647.jpg"}, "bannerImage": null, "isAdult": false, "format": "OVA"}, {"id": 5648, "title": {"romaji": "Bouken Shitemoii Goro", "english": null}, "type": "ANIME", "status": "FINISHED", "description": "Follow a cast that makes pornographic movies. The loves and loyalty it creates and the friction it causes.<br><br>\n(Source: AniDB)<br>", "startDate": {"year": 1989, "month": 11, "day": 21}, "endDate": {"year": 1990, "month": 8, "day": 24}, "season": "FALL", "episodes": 3, "duration": 43, "genres": ["Hentai"], "averageScore": null, "trending": 0, "popularity": 59, "streamingEpisodes": [], "coverImage": {"large": "https://s3.anilist.co/media/anime/cover/medium/5648.jpg", "medium": "https://s3.anilist.co/media/anime/cover/small/5648.jpg"}, "bannerImage": null, "isAdult": true, "format": "OVA"}, {"id": 5649, "title": {"romaji": "Injuu Onna Kyoushi", "english": null}, "type": "ANIME", "status": "FINISHED", "description": "Yuko is trying to escape from an abusive ex-boyfriend, Taki. After a herrible incident, Yuko seeks out Ayano, her best friend and lover. Ayano invites Yuko to join her in the shower, where she uses her tongue to comfort both Yuko's mind and luscious body... Ayano is starting a new erserch project, and as part of her project, she ossesses and ancient scroll, a mummified body part, and a dagger. Yuko offers to help her with her research by doing a biological analysis on the mummified part. Several days later, Yuko endres another traumatic encounter with Taki. After forcing himself on Yuko, he commits an unimaginable act, leading to the resurrection of the Lust-demon!!! This time, the demon will not be easily subdued... a story filled with horror and mystery, you'll be sure to enjoy this visual feast filled with red-hot sex and nightmarish imagery... (anidb) <br>", "startDate": {"year": 1995, "month": 7, "day": 21}, "endDate": {"year": 1996, "month": 10, "day": 25}, "season": "SUMMER", "episodes": 3, "duration": 45, "genres": ["Hentai"], "averageScore": null, "trending": 0, "popularity": 81, "streamingEpisodes": [], "coverImage": {"large": "https://s3.anilist.co/media/anime/cover/medium/5649.jpg", "medium": "https://s3.anilist.co/media/anime/cover/small/5649.jpg"}, "bannerImage": null, "isAdult": true, "format": "OVA"}, {"id": 5651, "title": {"romaji": "Helter Skelter: Hakudaku no Mura", "english": null}, "type": "ANIME", "status": "FINISHED", "description": "Miu and her family of four women are well-known in the media for being aspiring young celebrities. Her mother, Sayoko, is a famous fashion designer and has scored a job for the family to shoot a TV production; a rare opportunity for the family to be together and enjoy themselves. The girls travel to a small, isolated village in late August and the filming begins. Little do Miu and her family know however, the entire production is a scheme. This is the time for a local festival and they happened to unwillingly volunteer to be a key figure for this festival; the Shishigami. One by one, the girls are subjected to the traditions of the festival, experiencing first-hand just how serious it is.<br><br>\n[Written by MAL Rewrite]", "startDate": {"year": 2009, "month": 1, "day": 30}, "endDate": {"year": 2014, "month": 11, "day": 28}, "season": "WINTER", "episodes": 4, "duration": 30, "genres": ["Hentai"], "averageScore": 56, "trending": 0, "popularity": 358, "streamingEpisodes": [], "coverImage": {"large": "https://s3.anilist.co/media/anime/cover/medium/5651.jpg", "medium": "https://s3.anilist.co/media/anime/cover/small/5651.jpg"}, "bannerImage": null, "isAdult": true, "format": "OVA"}, {"id": 5653, "title": {"romaji": "Mahou Shoujo Ai San: The Anime", "english": null}, "type": "ANIME", "status": "FINISHED", "description": "Ai, Rin, and Meg are magical soldiers who battle the evil Yuragi infesting the streets at night. The usually solitary Yuragi, attacking girls at random, have been collaborating towards an unknown goal. In the center of it all is Shin and his daughter Mayu, who Rin gave birth to after he raped her. <br><br>\n(Source: HentaiCrunch.com) ", "startDate": {"year": 2009, "month": 1, "day": 25}, "endDate": {"year": 2009, "month": 5, "day": 25}, "season": "WINTER", "episodes": 3, "duration": 30, "genres": ["Hentai", "Supernatural"], "averageScore": 50, "trending": 0, "popularity": 230, "streamingEpisodes": [], "coverImage": {"large": "https://s3.anilist.co/media/anime/cover/medium/5653.jpg", "medium": "https://s3.anilist.co/media/anime/cover/small/5653.jpg"}, "bannerImage": null, "isAdult": true, "format": "OVA"}, {"id": 5656, "title": {"romaji": "PuriGorota: Uchuu no Yuujou Daibouken", "english": null}, "type": "ANIME", "status": "FINISHED", "description": "First appeared in Nodame Cantabile manga as a fictional anime series. Later, in episode 4 of the live-action TV drama it appeared as a theatrical movie. Finally, the \"movie\" was completed and included in Nodame Cantabile anime DVD as an extra feature. <br><br>\n(Source: ANN) ", "startDate": {"year": 2008, "month": 11, "day": 16}, "endDate": {"year": 2008, "month": 11, "day": 16}, "season": "FALL", "episodes": 1, "duration": 16, "genres": ["Adventure", "Sci-Fi"], "averageScore": 47, "trending": 0, "popularity": 315, "streamingEpisodes": [], "coverImage": {"large": "https://s3.anilist.co/media/anime/cover/medium/5656.jpg", "medium": "https://s3.anilist.co/media/anime/cover/small/5656.jpg"}, "bannerImage": null, "isAdult": false, "format": "OVA"}, {"id": 5658, "title": {"romaji": "Great Mazinger", "english": null}, "type": "ANIME", "status": "FINISHED", "description": "A manga comic book and anime television series by manga artist Go Nagai, made as a direct continuation of the successful Mazinger Z series. It was aired on Japan in 1974, immediately following the end of the first Mazinger series.", "startDate": {"year": 1974, "month": 9, "day": 8}, "endDate": {"year": 1975, "month": 9, "day": 26}, "season": "FALL", "episodes": 56, "duration": 25, "genres": ["Mecha"], "averageScore": 55, "trending": 0, "popularity": 279, "streamingEpisodes": [], "coverImage": {"large": "https://s3.anilist.co/media/anime/cover/medium/5658.jpg", "medium": "https://s3.anilist.co/media/anime/cover/small/5658.jpg"}, "bannerImage": null, "isAdult": false, "format": "TV"}, {"id": 5661, "title": {"romaji": "Umi no Momotarou", "english": null}, "type": "ANIME", "status": "FINISHED", "description": "Movie from 1932. ", "startDate": {"year": 1932, "month": 1, "day": 26}, "endDate": {"year": 1932, "month": 1, "day": 26}, "season": "WINTER", "episodes": 1, "duration": 1, "genres": [], "averageScore": 39, "trending": 0, "popularity": 139, "streamingEpisodes": [], "coverImage": {"large": "https://s3.anilist.co/media/anime/cover/medium/5661.jpg", "medium": "https://s3.anilist.co/media/anime/cover/small/5661.jpg"}, "bannerImage": null, "isAdult": false, "format": "MOVIE"}, {"id": 5662, "title": {"romaji": "Suteneko Tora-chan", "english": null}, "type": "ANIME", "status": "FINISHED", "description": "A family of cats find a homeless kitten and take him in to their home.  But one of the siblings becomes jealous about the attention the new cat gets from her mother and runs away from home.  The new member of the family goes looking for her.  Can he bring her back home safely and get her to accept him as part of the family?", "startDate": {"year": 1947, "month": 9, "day": 25}, "endDate": {"year": 1947, "month": 9, "day": 25}, "season": "FALL", "episodes": 1, "duration": 24, "genres": ["Music"], "averageScore": 48, "trending": 0, "popularity": 155, "streamingEpisodes": [], "coverImage": {"large": "https://s3.anilist.co/media/anime/cover/medium/5662.jpg", "medium": "https://s3.anilist.co/media/anime/cover/small/5662.jpg"}, "bannerImage": null, "isAdult": false, "format": "MOVIE"}, {"id": 5663, "title": {"romaji": "G.T.R G-cup Teacher Rei", "english": null}, "type": "ANIME", "status": "FINISHED", "description": null, "startDate": {"year": 2000, "month": 10, "day": 13}, "endDate": {"year": 2004, "month": 6, "day": 25}, "season": "FALL", "episodes": 4, "duration": 30, "genres": ["Hentai"], "averageScore": null, "trending": 0, "popularity": 41, "streamingEpisodes": [], "coverImage": {"large": "https://s3.anilist.co/media/anime/cover/medium/5663.jpg", "medium": "https://s3.anilist.co/media/anime/cover/small/5663.jpg"}, "bannerImage": null, "isAdult": true, "format": "OVA"}, {"id": 5664, "title": {"romaji": "Keibiin", "english": null}, "type": "ANIME", "status": "FINISHED", "description": "Based on a H game by Interheart ", "startDate": {"year": 2000, "month": 11, "day": 24}, "endDate": {"year": 2001, "month": 3, "day": 23}, "season": "FALL", "episodes": 3, "duration": 30, "genres": ["Hentai"], "averageScore": null, "trending": 0, "popularity": 51, "streamingEpisodes": [], "coverImage": {"large": "https://s3.anilist.co/media/anime/cover/medium/5664.jpg", "medium": "https://s3.anilist.co/media/anime/cover/small/5664.jpg"}, "bannerImage": null, "isAdult": true, "format": "OVA"}, {"id": 5665, "title": {"romaji": "Shin Ruri-iro no Yuki", "english": null}, "type": "ANIME", "status": "FINISHED", "description": "Makabe Hiroshi, who liked science and invention, was supposed to move to the apartment which was owned by the parents of his childhood friend, Yoko. There was a rumor that a ghost appeared in the room, but he decided to move because of very inexpensive rent. After his move was finished and when he was preparing for the party with Kotobuki who was Yoko&rsquo;s elder brother, the parts of the machine scattered around on the floor short-circuited and exploded. The explosion made a hole on the floor, and they found a strange jar in the hole. A snow fairly with blonde hair came out from the jar. Her name was Ruri. In this way, the cohabitation of Hiroshi and a snow fairly, Ruri, began suddenly. (anidb) ", "startDate": {"year": 2000, "month": 12, "day": 22}, "endDate": {"year": 2001, "month": 11, "day": 30}, "season": "WINTER", "episodes": 4, "duration": 30, "genres": ["Hentai"], "averageScore": null, "trending": 0, "popularity": 50, "streamingEpisodes": [], "coverImage": {"large": "https://s3.anilist.co/media/anime/cover/medium/5665.jpg", "medium": "https://s3.anilist.co/media/anime/cover/small/5665.jpg"}, "bannerImage": null, "isAdult": true, "format": "OVA"}, {"id": 5667, "title": {"romaji": "To Love-Ru OVA", "english": "To Love Ru OVA"}, "type": "ANIME", "status": "FINISHED", "description": "<strong>Episode 01: Rito becomes a Woman</strong><br>\nLala invents a gizmo to make her bust bigger.  However, this invention of hers accidentally turns Rito into a woman.  <br><br><strong>Episode 02: Rito and Mikan</strong><br>\nFeeling lonely because Rito is always spending time with Lala, Mikan storms out of the house.  While Rito and Lala are out looking for her a few flashbacks from the past, showing Rito and Mikan as kids, are shown.<br><br><strong>Episode 03: Welcome to the Southern Resort!!</strong><br>\nHaruna wins an island resort trip for ten females.  Rito gets turned into a dog by one of Lala's inventions and somehow ends up on the island as well.<br><br><strong>Episode 04: Trouble Quest</strong><br>\nRito and the girls become trapped inside an RPG game where the objective is to save Lala and defeat the evil witch Kyouko.<br><br><strong>Episode 05: Nana and Momo</strong><br>\nLala's sisters cause mischief for Rito and his harem at a cherry blossom viewing.<br><br><strong>Episode 06: Part a) Draft.  b) Metamorphose. c) Hand &amp; Tail</strong>", "startDate": {"year": 2009, "month": 4, "day": 3}, "endDate": {"year": 2010, "month": 4, "day": 2}, "season": "SPRING", "episodes": 6, "duration": 25, "genres": ["Comedy", "Ecchi", "Sci-Fi"], "averageScore": 69, "trending": 0, "popularity": 8658, "streamingEpisodes": [], "coverImage": {"large": "https://s3.anilist.co/media/anime/cover/medium/5667.jpg", "medium": "https://s3.anilist.co/media/anime/cover/small/5667.jpg"}, "bannerImage": null, "isAdult": false, "format": "OVA"}, {"id": 5670, "title": {"romaji": "GA: Geijutsuka Art Design Class", "english": null}, "type": "ANIME", "status": "FINISHED", "description": "A slice-of-life anime that revolves around five freshman girls in a high school art class.", "startDate": {"year": 2009, "month": 7, "day": 7}, "endDate": {"year": 2009, "month": 9, "day": 22}, "season": "SUMMER", "episodes": 12, "duration": 24, "genres": ["Comedy", "Slice of Life"], "averageScore": 67, "trending": 0, "popularity": 1730, "streamingEpisodes": [{"title": "Episode 1 - Drawing Fun", "url": "http://www.crunchyroll.com/ga-geijutsuka-art-design-class/episode-1-drawing-fun-578126"}, {"title": "Episode 2 - The Divine Pencil", "url": "http://www.crunchyroll.com/ga-geijutsuka-art-design-class/episode-2-the-divine-pencil-578128"}, {"title": "Episode 3 - Tag Collage", "url": "http://www.crunchyroll.com/ga-geijutsuka-art-design-class/episode-3-tag-collage-578130"}, {"title": "Episode 4 - The Importance of Photography", "url": "http://www.crunchyroll.com/ga-geijutsuka-art-design-class/episode-4-the-importance-of-photography-578132"}, {"title": "Episode 5 - Life Art", "url": "http://www.crunchyroll.com/ga-geijutsuka-art-design-class/episode-5-life-art-578134"}, {"title": "Episode 6 - The Haunted Art Room", "url": "http://www.crunchyroll.com/ga-geijutsuka-art-design-class/episode-6-the-haunted-art-room-578136"}, {"title": "Episode 7 - Trompe-l'oeil", "url": "http://www.crunchyroll.com/ga-geijutsuka-art-design-class/episode-7-trompe-loeil-578138"}, {"title": "Episode 8 - Surrealism", "url": "http://www.crunchyroll.com/ga-geijutsuka-art-design-class/episode-8-surrealism-578140"}, {"title": "Episode 9 - Strong Wind Stories", "url": "http://www.crunchyroll.com/ga-geijutsuka-art-design-class/episode-9-strong-wind-stories-578142"}, {"title": "Episode 10 - The Border Between Life and Death", "url": "http://www.crunchyroll.com/ga-geijutsuka-art-design-class/episode-10-the-border-between-life-and-death-578144"}, {"title": "Episode 11 - A Happy Ending", "url": "http://www.crunchyroll.com/ga-geijutsuka-art-design-class/episode-11-a-happy-ending-578146"}, {"title": "Episode 12 - Hexenkessel", "url": "http://www.crunchyroll.com/ga-geijutsuka-art-design-class/episode-12-hexenkessel-578148"}, {"title": "Episode 13 - Aozora ga Kakitai", "url": "http://www.crunchyroll.com/ga-geijutsuka-art-design-class/episode-13-aozora-ga-kakitai-598425"}], "coverImage": {"large": "https://s3.anilist.co/media/anime/cover/medium/5670.jpg", "medium": "https://s3.anilist.co/media/anime/cover/small/5670.jpg"}, "bannerImage": null, "isAdult": false, "format": "TV"}, {"id": 5671, "title": {"romaji": "Saki", "english": null}, "type": "ANIME", "status": "FINISHED", "description": "Miyanaga Saki is a high school freshman who doesn&rsquo;t like mahjong. Ever since she was a child, she would lose her New Year&rsquo;s gift money during her family mahjong game. If she won, her parents would be upset, and if she lost, well, she lost. As a result, she&rsquo;s learned to play in such a way that her score always remains plus/minus zero: not good enough to win, but not bad enough to lose. When we meet her, she&rsquo;s being dragged to her school&rsquo;s mahjong club by an old friend. How will a girl who hates mahjong, yet has become adept at the game as a result of her upbringing, survive in this environment?<br><br>\n(Sources: ANN and AniDB)", "startDate": {"year": 2009, "month": 4, "day": 6}, "endDate": {"year": 2009, "month": 9, "day": 28}, "season": "SPRING", "episodes": 25, "duration": 24, "genres": ["Slice of Life", "Sports"], "averageScore": 73, "trending": 0, "popularity": 6974, "streamingEpisodes": [{"title": "Episode 1 - Encounter", "url": "http://www.crunchyroll.com/saki/episode-1-encounter-524846"}, {"title": "Episode 2 - Battle", "url": "http://www.crunchyroll.com/saki/episode-2-battle-524848"}, {"title": "Episode 3 - Confrontation", "url": "http://www.crunchyroll.com/saki/episode-3-confrontation-524850"}, {"title": "Episode 4 - Beat-down", "url": "http://www.crunchyroll.com/saki/episode-4-beat-down-524852"}, {"title": "Episode 5 - Training Camp", "url": "http://www.crunchyroll.com/saki/episode-5-training-camp-526846"}, {"title": "Episode 6 - The Tournament Begins", "url": "http://www.crunchyroll.com/saki/episode-6-the-tournament-begins-526852"}, {"title": "Episode 7 - Tradition", "url": "http://www.crunchyroll.com/saki/episode-7-tradition-526848"}, {"title": "Episode 8 - The Night Before", "url": "http://www.crunchyroll.com/saki/episode-8-the-night-before-526850"}, {"title": "Episode 9 - Eyes Open", "url": "http://www.crunchyroll.com/saki/episode-9-eyes-open-528820"}, {"title": "Episode 10 - Beginner", "url": "http://www.crunchyroll.com/saki/episode-10-beginner-529168"}, {"title": "Episode 11 - Prank", "url": "http://www.crunchyroll.com/saki/episode-11-prank-529170"}, {"title": "Episode 12 - Awakening", "url": "http://www.crunchyroll.com/saki/episode-12-awakening-529172"}, {"title": "Episode 13 - Light Fever", "url": "http://www.crunchyroll.com/saki/episode-13-light-fever-529174"}, {"title": "Episode 14 - Existence", "url": "http://www.crunchyroll.com/saki/episode-14-existence-529176"}, {"title": "Episode 15 - Demon", "url": "http://www.crunchyroll.com/saki/episode-15-demon-531004"}, {"title": "Episode 16 - Conspiracy", "url": "http://www.crunchyroll.com/saki/episode-16-conspiracy-531006"}, {"title": "Episode 17 - Nightmare", "url": "http://www.crunchyroll.com/saki/episode-17-nightmare-531022"}, {"title": "Episode 18 - Link", "url": "http://www.crunchyroll.com/saki/episode-18-link-532176"}, {"title": "Episode 19 - Friends", "url": "http://www.crunchyroll.com/saki/episode-19-friends-532178"}, {"title": "Episode 20 - Sisters", "url": "http://www.crunchyroll.com/saki/episode-20-sisters-532180"}, {"title": "Episode 21 - Recollection", "url": "http://www.crunchyroll.com/saki/episode-21-recollection-532182"}, {"title": "Episode 22 - Promises", "url": "http://www.crunchyroll.com/saki/episode-22-promises-532184"}, {"title": "Episode 23 - Serious", "url": "http://www.crunchyroll.com/saki/episode-23-serious-533290"}, {"title": "Episode 24 - Summer Festival", "url": "http://www.crunchyroll.com/saki/episode-24-summer-festival-533288"}, {"title": "Episode 25 - Nationals", "url": "http://www.crunchyroll.com/saki/episode-25-nationals-533876"}], "coverImage": {"large": "https://s3.anilist.co/media/anime/cover/medium/5671.jpg", "medium": "https://s3.anilist.co/media/anime/cover/small/5671.jpg"}, "bannerImage": "https://s3.anilist.co/media/anime/banner/5671-D3biSQOjNrzC.jpg", "isAdult": false, "format": "TV"}, {"id": 5673, "title": {"romaji": "Apfelland Monogatari", "english": "Appleland Story"}, "type": "ANIME", "status": "FINISHED", "description": "Apfelland is a small but beautiful country surrounded by Russia, Austria, and Germany. Vel is a boy who lives in the capital, Charlottenburg. He happens to help a girl Frid. She was kidnapped because radium mine was found in her grandfather's abandoned mine. Aiming at the radium mine, various people gather there, for example, an American who wants to make money, a Polish woman disguised like a man who wants to earn money for the revolution, and the ministry of Apfelland who plots to affiliate with Germany. Vel and Frida are involved in their plots, and they know the secret of the mine. <br><br>\n(From AnimeNfo)", "startDate": {"year": 1992, "month": 12, "day": 12}, "endDate": {"year": 1992, "month": 12, "day": 12}, "season": "WINTER", "episodes": 1, "duration": 90, "genres": ["Adventure", "Drama"], "averageScore": 49, "trending": 0, "popularity": 172, "streamingEpisodes": [], "coverImage": {"large": "https://s3.anilist.co/media/anime/cover/medium/5673.jpg", "medium": "https://s3.anilist.co/media/anime/cover/small/5673.jpg"}, "bannerImage": null, "isAdult": false, "format": "MOVIE"}, {"id": 5674, "title": {"romaji": "Ashita no Yukinojou", "english": "Tomorrow's Yukinojou"}, "type": "ANIME", "status": "FINISHED", "description": "Kasuga Serina is a cheerful girl and enjoys her school life. One day, she meets a handsome transfer student, Yukimura Yukinojo, who acts as if he were indifferent of others. Despite his behavior, she cannot help caring about him.<br><br>\n(Source: animenfo.com)", "startDate": {"year": 2002, "month": 9, "day": 27}, "endDate": {"year": 2003, "month": 5, "day": 23}, "season": "FALL", "episodes": 4, "duration": 30, "genres": ["Hentai", "Romance", "Sports"], "averageScore": null, "trending": 0, "popularity": 147, "streamingEpisodes": [], "coverImage": {"large": "https://s3.anilist.co/media/anime/cover/medium/5674.jpg", "medium": "https://s3.anilist.co/media/anime/cover/small/5674.jpg"}, "bannerImage": null, "isAdult": true, "format": "OVA"}, {"id": 5675, "title": {"romaji": "Basquash!", "english": null}, "type": "ANIME", "status": "FINISHED", "description": "On the planet Earthdash, its inhabitants gaze on its moon and the technologically advanced lunar city of Mooneyes with awe. Dan JD, a boy living in Rollingtown on Earthdash&rsquo;s surface, gets caught up in Bigfoot Basketball &mdash; a fast-paced sport played with giant Bigfoot robots.<br><br>\n(Source: AniDB)", "startDate": {"year": 2009, "month": 4, "day": 3}, "endDate": {"year": 2009, "month": 10, "day": 2}, "season": "SPRING", "episodes": 26, "duration": 24, "genres": ["Ecchi", "Mecha", "Sports"], "averageScore": 66, "trending": 0, "popularity": 2459, "streamingEpisodes": [], "coverImage": {"large": "https://s3.anilist.co/media/anime/cover/medium/5675.jpg", "medium": "https://s3.anilist.co/media/anime/cover/small/5675.jpg"}, "bannerImage": null, "isAdult": false, "format": "TV"}, {"id": 5678, "title": {"romaji": "Kobato.", "english": "Kobato"}, "type": "ANIME", "status": "FINISHED", "description": "Sweet and na&iuml;ve Hanato Kobato came to Earth on a mission to collect and fill a bottle with 'konpeito,' which appear after healing a person's heart that is suffering. Kobato collects these because it is her wish to go to a certain place. Despite her strangeness, Kobato turns out to be well-suited for this mission as her heartfelt sincerity in helping others earns her the love and admiration of everyone she meets. However, she is not allowed to fall in love with anyone whose heart she heals.<br><br>\n[Written by MAL Rewrite]", "startDate": {"year": 2009, "month": 10, "day": 6}, "endDate": {"year": 2010, "month": 3, "day": 23}, "season": "FALL", "episodes": 24, "duration": 24, "genres": ["Comedy", "Drama", "Fantasy", "Romance"], "averageScore": 75, "trending": 0, "popularity": 7915, "streamingEpisodes": [], "coverImage": {"large": "https://s3.anilist.co/media/anime/cover/medium/5678.jpg", "medium": "https://s3.anilist.co/media/anime/cover/small/5678.jpg"}, "bannerImage": "https://s3.anilist.co/media/anime/banner/5678-EgfgEOrgETII.jpg", "isAdult": false, "format": "TV"}, {"id": 5680, "title": {"romaji": "K-On!", "english": "K-ON!"}, "type": "ANIME", "status": "FINISHED", "description": "Hirasawa Yui, a young, carefree girl entering high school, has her imagination instantly captured when she sees a poster advertising the \u2018Light Music Club\u2019. Being the carefree girl that she is, she quickly signs up. However, Yui has a problem, she is unable to play an instrument.<br><br>\r\nWhen Yui goes to the clubroom to explain, she's greeted by the other members: Ritsu, Mio and Tsumugi. Although disheartened at Yui\u2019s lack of musical know-how, they still try to convince her to stay to prevent the club\u2019s disbandment. After playing Yui a short piece which re-ignites her imagination, they succeed in keeping their new member and guitarist.<br><br>\r\nAlong with the tasks of school and homework, Yui begins to learn the guitar with the help of the other band members, experiencing many mishaps along the way. However, with the school-festival drawing near and Yui getting stuck with her practice, will the Light Music Club be ready in time for their debut?<br><br>\r\n[Written by MAL Rewrite]", "startDate": {"year": 2009, "month": 4, "day": 3}, "endDate": {"year": 2009, "month": 6, "day": 26}, "season": "SPRING", "episodes": 13, "duration": 24, "genres": ["Comedy", "Music", "Slice of Life"], "averageScore": 76, "trending": 5, "popularity": 35416, "streamingEpisodes": [], "coverImage": {"large": "https://s3.anilist.co/media/anime/cover/medium/5680.jpg", "medium": "https://s3.anilist.co/media/anime/cover/small/5680.jpg"}, "bannerImage": "https://s3.anilist.co/media/anime/banner/5680.jpg", "isAdult": false, "format": "TV"}, {"id": 5681, "title": {"romaji": "Summer Wars", "english": null}, "type": "ANIME", "status": "FINISHED", "description": "When timid eleventh-grader and math genius Kenji Koiso is asked by older student and secret crush Natsuki to come with her to her family's Nagano home for a summer job, he agrees without hesitation. <br><br>\nNatsuki's family, the Jinnouchi clan, dates back to the Muromachi era (1336 to 1573), and they've all come together to celebrate the 90th birthday of the spunky matriarch of the family, Sakae. That&rsquo;s when Kenji discovers his \"summer job\" is to pretend to be Natsuki's fiance and dance with her at the birthday celebration. <br><br>\nAs Kenji attempts to keep up with Natsuki's act around her family, he receives a strange math problem on his cell phone which, being a math genius, he can't resist solving. As it turns out, the solution to the mysterious equation causes Oz, the program that controls nearly every aspect of life to be hacked into, it's up to Kenji and his new \"family\" to stop the hacker before it's too late.<br><br>\n(Source: twitchfilm.net)", "startDate": {"year": 2009, "month": 8, "day": 1}, "endDate": {"year": 2009, "month": 8, "day": 1}, "season": "SUMMER", "episodes": 1, "duration": 114, "genres": ["Comedy", "Sci-Fi"], "averageScore": 79, "trending": 0, "popularity": 23434, "streamingEpisodes": [], "coverImage": {"large": "https://s3.anilist.co/media/anime/cover/medium/5681.jpg", "medium": "https://s3.anilist.co/media/anime/cover/small/5681.jpg"}, "bannerImage": "https://s3.anilist.co/media/anime/banner/5681.jpg", "isAdult": false, "format": "MOVIE"}, {"id": 5682, "title": {"romaji": "Phantom: Requiem for the Phantom", "english": null}, "type": "ANIME", "status": "FINISHED", "description": "Mafia is rife in America where assassinations are a regular occurrence on the streets. Inferno, a mysterious company, is behind most of these dealings through the use of their near-invincible human weapon, \"Phantom.\"<br><br>\nOne day, a Japanese tourist accidentally witnesses Phantom&rsquo;s latest murder. Desperate to escape, the tourist hides in a secluded building. However, Phantom, revealed to be a young woman named Ein, and the leader of Inferno &lsquo;Scythe Master&rsquo; captures the tourist and brainwashes him.<br><br>\nGiven the name &rsquo;Zwei&rsquo;, this once peaceful tourist is now a puppet of Inferno with no memories. Drawn into a world of lies, deceit, and violence, Zwei must fight to survive, hopefully to one day regain his memories and escape from this world where he is constantly on the brink of death.<br><br>\n[Written by MAL Rewrite]", "startDate": {"year": 2009, "month": 4, "day": 3}, "endDate": {"year": 2009, "month": 9, "day": 25}, "season": "SPRING", "episodes": 26, "duration": 24, "genres": ["Action", "Drama", "Thriller"], "averageScore": 77, "trending": 1, "popularity": 13116, "streamingEpisodes": [], "coverImage": {"large": "https://s3.anilist.co/media/anime/cover/medium/5682.jpg", "medium": "https://s3.anilist.co/media/anime/cover/small/5682.jpg"}, "bannerImage": "https://s3.anilist.co/media/anime/banner/5682-oTAdacXxOfWE.jpg", "isAdult": false, "format": "TV"}, {"id": 5684, "title": {"romaji": "Fresh Precure!", "english": null}, "type": "ANIME", "status": "FINISHED", "description": "Love Momozono is a 14-year-old student at Yotsuba Junior Highschool that tends to care more for others than for herself. One day she visits a show of the famous dance unit \"Trinity\" and decides to become a dancer, too. On the same event, subordinates of the Labyrinth Kingdom show up who want to collect the unhappiness of the audience. Love gets the power to change into Cure Peach and fights them. Soon after, she is joined by her good friends Miki, who is Cure Berry, and Inori, who becomes Cure Pine.<br><br>\n(Source: ANN)", "startDate": {"year": 2009, "month": 2, "day": 1}, "endDate": {"year": 2010, "month": 1, "day": 30}, "season": "WINTER", "episodes": 50, "duration": 25, "genres": ["Fantasy", "Mahou Shoujo"], "averageScore": 69, "trending": 0, "popularity": 956, "streamingEpisodes": [], "coverImage": {"large": "https://s3.anilist.co/media/anime/cover/medium/nx5684-dJbUKzdgdZwa.jpg", "medium": "https://s3.anilist.co/media/anime/cover/small/nx5684-dJbUKzdgdZwa.jpg"}, "bannerImage": "https://s3.anilist.co/media/anime/banner/5684-DYCFkK0KUInr.png", "isAdult": false, "format": "TV"}, {"id": 5686, "title": {"romaji": "Himekishi Angelica", "english": null}, "type": "ANIME", "status": "FINISHED", "description": "Based on the game by Silky's.<br><br>\nA clever and ambitious man is able to take over a kingdom by cunningly forcing his way into the hearts of the Rothschilt family women. One by one he convinces them they can't live without him and makes them into his obedient and willing sex slaves. Now the kingdom is at his mercy and his real revenge can commence. <br><br>\n(Source: AniDB)", "startDate": {"year": 2008, "month": 1, "day": 25}, "endDate": {"year": 2008, "month": 7, "day": 25}, "season": "WINTER", "episodes": 2, "duration": 30, "genres": ["Hentai"], "averageScore": 53, "trending": 0, "popularity": 241, "streamingEpisodes": [], "coverImage": {"large": "https://s3.anilist.co/media/anime/cover/medium/5686.jpg", "medium": "https://s3.anilist.co/media/anime/cover/small/5686.jpg"}, "bannerImage": null, "isAdult": true, "format": "OVA"}, {"id": 5687, "title": {"romaji": "Doura", "english": null}, "type": "ANIME", "status": "FINISHED", "description": null, "startDate": {"year": 2001, "month": 6, "day": 18}, "endDate": {"year": 2002, "month": 1, "day": 18}, "season": "SUMMER", "episodes": 4, "duration": 30, "genres": ["Hentai"], "averageScore": null, "trending": 0, "popularity": 41, "streamingEpisodes": [], "coverImage": {"large": "https://s3.anilist.co/media/anime/cover/medium/5687.jpg", "medium": "https://s3.anilist.co/media/anime/cover/small/5687.jpg"}, "bannerImage": null, "isAdult": true, "format": "OVA"}, {"id": 5688, "title": {"romaji": "Gegege no Kitarou (1968)", "english": null}, "type": "ANIME", "status": "FINISHED", "description": "Kitarou, a ghost, spends his afterlife helping humans in need of his skills. He thwarts the plans of evil spirits who live to torment humanity.", "startDate": {"year": 1968, "month": 1, "day": 3}, "endDate": {"year": 1969, "month": 3, "day": 30}, "season": "WINTER", "episodes": 65, "duration": 25, "genres": ["Adventure", "Comedy", "Fantasy", "Horror", "Supernatural"], "averageScore": null, "trending": 0, "popularity": 250, "streamingEpisodes": [], "coverImage": {"large": "https://s3.anilist.co/media/anime/cover/medium/5688.jpg", "medium": "https://s3.anilist.co/media/anime/cover/small/5688.jpg"}, "bannerImage": null, "isAdult": false, "format": "TV"}, {"id": 5689, "title": {"romaji": "Eien no Filena", "english": null}, "type": "ANIME", "status": "FINISHED", "description": "The story is centered around Filena, a princess who was raised as a boy after her kingdom was conquered.", "startDate": {"year": 1992, "month": 12, "day": 21}, "endDate": {"year": 1993, "month": 2, "day": 25}, "season": "WINTER", "episodes": 6, "duration": 30, "genres": ["Adventure", "Drama", "Fantasy"], "averageScore": null, "trending": 0, "popularity": 83, "streamingEpisodes": [], "coverImage": {"large": "https://s3.anilist.co/media/anime/cover/medium/5689.jpg", "medium": "https://s3.anilist.co/media/anime/cover/small/5689.jpg"}, "bannerImage": null, "isAdult": false, "format": "OVA"}, {"id": 5690, "title": {"romaji": "Nodame Cantabile Finale", "english": null}, "type": "ANIME", "status": "FINISHED", "description": "The series continues the relationship between two aspiring classical musicians, Megumi \"Nodame\" Noda and Shinichi Chiaki, as students and after graduation.", "startDate": {"year": 2010, "month": 1, "day": 15}, "endDate": {"year": 2010, "month": 3, "day": 26}, "season": "WINTER", "episodes": 11, "duration": 22, "genres": ["Comedy", "Music", "Romance"], "averageScore": 81, "trending": 0, "popularity": 5780, "streamingEpisodes": [], "coverImage": {"large": "https://s3.anilist.co/media/anime/cover/medium/5690.jpg", "medium": "https://s3.anilist.co/media/anime/cover/small/5690.jpg"}, "bannerImage": null, "isAdult": false, "format": "TV"}, {"id": 5691, "title": {"romaji": "Rekka no Honoo: Final Burning", "english": "Flame of Recca: Final Burning"}, "type": "ANIME", "status": "FINISHED", "description": "This episode explains why the title of the series is \"Flame of Recca\". The things that happened in this short OAV was in the last volume, volume 33, of the tankoubon of Flame of Recca.", "startDate": {"year": 2004, "month": 6, "day": 10}, "endDate": {"year": 2004, "month": 6, "day": 10}, "season": "SUMMER", "episodes": 1, "duration": 32, "genres": ["Action", "Adventure", "Sci-Fi"], "averageScore": 56, "trending": 0, "popularity": 327, "streamingEpisodes": [], "coverImage": {"large": "https://s3.anilist.co/media/anime/cover/medium/5691.jpg", "medium": "https://s3.anilist.co/media/anime/cover/small/5691.jpg"}, "bannerImage": null, "isAdult": false, "format": "SPECIAL"}, {"id": 5693, "title": {"romaji": "Shinran-sama: Negai, Soshite Hikari", "english": null}, "type": "ANIME", "status": "FINISHED", "description": "The life story of Jodou Shinshuu founder Shinran. ", "startDate": {"year": 2008, "month": 3, "day": 20}, "endDate": {"year": 2008, "month": 3, "day": 20}, "season": "SPRING", "episodes": 1, "duration": 108, "genres": [], "averageScore": null, "trending": 0, "popularity": 20, "streamingEpisodes": [], "coverImage": {"large": "https://s3.anilist.co/media/anime/cover/medium/5693.jpg", "medium": "https://s3.anilist.co/media/anime/cover/small/5693.jpg"}, "bannerImage": null, "isAdult": false, "format": "OVA"}, {"id": 5702, "title": {"romaji": "Sora wo Miageru Shoujo no Hitomi ni Utsuru Sekai", "english": "The World Reflected in the Eyes of a Girl Looking Up at the Heavens"}, "type": "ANIME", "status": "FINISHED", "description": "To save both the Magical Kingdom and the Heavens and restore the flow of akuto, the flow of energy of everything, the Magical King Munto must follow a vision and find the girl Yumemi in the normal world. Yumemi herself is just a normal girl except that she is the only one who can see the islands of the Heavens floating above. When Munto appears before her she starts thinking about hers and others responsibility to the world. <br>\n(Source: ANN)", "startDate": {"year": 2009, "month": 1, "day": 14}, "endDate": {"year": 2009, "month": 3, "day": 11}, "season": "WINTER", "episodes": 9, "duration": 24, "genres": ["Adventure", "Fantasy"], "averageScore": 64, "trending": 0, "popularity": 2266, "streamingEpisodes": [], "coverImage": {"large": "https://s3.anilist.co/media/anime/cover/medium/5702.jpg", "medium": "https://s3.anilist.co/media/anime/cover/small/5702.jpg"}, "bannerImage": null, "isAdult": false, "format": "TV"}, {"id": 5710, "title": {"romaji": "Keroro Gunsou Movie 4: Gekishin Dragon Warriors de Arimasu!", "english": "Sgt. Frog Movie 4"}, "type": "ANIME", "status": "FINISHED", "description": "Mysterious giant beings called \"Ry\u016b no Shippo\" (Dragon Tails) appeared across the world. Due to the danger it could bring, the Keroro Platoon did a worldwide research on the Dragon Tails, but Tamama suddenly disappeared during the research. Because of this, the whole platoon started their search for Tamama and ended up in Mont-Saint-Michel, France where they met mysterious girl named Sion, who holds the mysterious Ry\u016b no Hon (Dragon Book). But little they know about the secrets about her and the worldwide calamity that would destroy the entire world, as they know it...<br><br>\r\n(Source: ANN)", "startDate": {"year": 2009, "month": 3, "day": 7}, "endDate": {"year": 2009, "month": 3, "day": 7}, "season": "SPRING", "episodes": 1, "duration": 78, "genres": ["Comedy"], "averageScore": 58, "trending": 0, "popularity": 201, "streamingEpisodes": [], "coverImage": {"large": "https://s3.anilist.co/media/anime/cover/medium/5710.jpg", "medium": "https://s3.anilist.co/media/anime/cover/small/5710.jpg"}, "bannerImage": null, "isAdult": false, "format": "MOVIE"}, {"id": 5712, "title": {"romaji": "Tanoshii Moomin Ikka Bouken Nikki", "english": "Delightful Moomin Family: Adventure Diary"}, "type": "ANIME", "status": "FINISHED", "description": "In the remote and mysterious Moomin Valley live the Moomin trolls, gentle and peaceful creatures. Young Moomin and his family experience many strange adventures, both magical and mundane. Based on the children's stories by Tove Jansson.<br><br>\n(Source: ANN)", "startDate": {"year": 1991, "month": 10, "day": 10}, "endDate": {"year": 1992, "month": 3, "day": 26}, "season": "FALL", "episodes": 26, "duration": 25, "genres": ["Adventure", "Fantasy", "Slice of Life"], "averageScore": 63, "trending": 0, "popularity": 317, "streamingEpisodes": [], "coverImage": {"large": "https://s3.anilist.co/media/anime/cover/medium/5712.jpg", "medium": "https://s3.anilist.co/media/anime/cover/small/5712.jpg"}, "bannerImage": null, "isAdult": false, "format": "TV"}, {"id": 5713, "title": {"romaji": "Minami-ke Betsubara", "english": null}, "type": "ANIME", "status": "FINISHED", "description": "Valentine's Day is approaching; Hosaka is still trying to express his love to Haruka by cooking, cross-dressing Mako-chan fears to be found out, Kana-\"sensei\" teaches the other girls how to \"win\" Valentine's Day, and Fujioka is desperately trying to receive Kana's chocolate.", "startDate": {"year": 2009, "month": 6, "day": 23}, "endDate": {"year": 2009, "month": 6, "day": 23}, "season": "SUMMER", "episodes": 1, "duration": 25, "genres": ["Comedy", "Slice of Life"], "averageScore": 72, "trending": 0, "popularity": 2430, "streamingEpisodes": [], "coverImage": {"large": "https://s3.anilist.co/media/anime/cover/medium/5713.jpg", "medium": "https://s3.anilist.co/media/anime/cover/small/5713.jpg"}, "bannerImage": null, "isAdult": false, "format": "OVA"}, {"id": 5715, "title": {"romaji": "Arcade Gamer Fubuki Extra", "english": null}, "type": "ANIME", "status": "FINISHED", "description": "It's time for fun at the beach! Check out all the girls from Arcade Gamer Fubuki in their swimsuits. ", "startDate": {"year": 2008, "month": 6, "day": 11}, "endDate": {"year": 2008, "month": 6, "day": 11}, "season": "SUMMER", "episodes": 1, "duration": 6, "genres": ["Action", "Adventure", "Comedy", "Ecchi"], "averageScore": 43, "trending": 0, "popularity": 180, "streamingEpisodes": [], "coverImage": {"large": "https://s3.anilist.co/media/anime/cover/medium/5715.jpg", "medium": "https://s3.anilist.co/media/anime/cover/small/5715.jpg"}, "bannerImage": null, "isAdult": false, "format": "SPECIAL"}, {"id": 5717, "title": {"romaji": "Kiniro no Corda: Secondo Passo", "english": "La Corda D'Oro: Secondo Passo"}, "type": "ANIME", "status": "FINISHED", "description": "The story continues after the intraschool music competition of the first game and anime series. The budding music student Kahoko meets the brusque boy Et&#333;, the new youthful school board director Akihiko Kira, and the mysterious transfer student Aoi Kaji. <br><br>\n(Source: ANN)", "startDate": {"year": 2009, "month": 3, "day": 26}, "endDate": {"year": 2009, "month": 6, "day": 5}, "season": "SPRING", "episodes": 2, "duration": 25, "genres": ["Music"], "averageScore": 65, "trending": 0, "popularity": 1212, "streamingEpisodes": [{"title": "Episode 1 - An Unbelievable Prelude", "url": "http://www.crunchyroll.com/la-corda-doro-primo-passo-and-secondo-passo/episode-1-an-unbelievable-prelude-523846"}, {"title": "Episode 2 - The Impending Troubles of Gavotte", "url": "http://www.crunchyroll.com/la-corda-doro-primo-passo-and-secondo-passo/episode-2-the-impending-troubles-of-gavotte-523862"}, {"title": "Episode 3 - The Anonymous Chopin", "url": "http://www.crunchyroll.com/la-corda-doro-primo-passo-and-secondo-passo/episode-3-the-anonymous-chopin-523864"}, {"title": "Episode 4 - Waltz Of The Bewildered Heart", "url": "http://www.crunchyroll.com/la-corda-doro-primo-passo-and-secondo-passo/episode-4-waltz-of-the-bewildered-heart-523866"}, {"title": "Episode 5 - The Barefooted Vibrato", "url": "http://www.crunchyroll.com/la-corda-doro-primo-passo-and-secondo-passo/episode-5-the-barefooted-vibrato-523868"}, {"title": "Episode 6 - An Uneasy Polka", "url": "http://www.crunchyroll.com/la-corda-doro-primo-passo-and-secondo-passo/episode-6-an-uneasy-polka-523870"}, {"title": "Episode 7 - The Secretive Duet", "url": "http://www.crunchyroll.com/la-corda-doro-primo-passo-and-secondo-passo/episode-7-the-secretive-duet-523872"}, {"title": "Episode 8 - Heart-Spinning Canon", "url": "http://www.crunchyroll.com/la-corda-doro-primo-passo-and-secondo-passo/episode-8-heart-spinning-canon-523874"}, {"title": "Episode 9 - A Peaceful Concerto", "url": "http://www.crunchyroll.com/la-corda-doro-primo-passo-and-secondo-passo/episode-9-a-peaceful-concerto-523876"}, {"title": "Episode 10 - The Aloof Virtuoso", "url": "http://www.crunchyroll.com/la-corda-doro-primo-passo-and-secondo-passo/episode-10-the-aloof-virtuoso-523826"}, {"title": "Episode 11 - The Black and White Adagio", "url": "http://www.crunchyroll.com/la-corda-doro-primo-passo-and-secondo-passo/episode-11-the-black-and-white-adagio-523828"}, {"title": "Episode 12 - The Guilty Pianissimo", "url": "http://www.crunchyroll.com/la-corda-doro-primo-passo-and-secondo-passo/episode-12-the-guilty-pianissimo-523830"}, {"title": "Episode 13 - The Irreplaceable Melody", "url": "http://www.crunchyroll.com/la-corda-doro-primo-passo-and-secondo-passo/episode-13-the-irreplaceable-melody-523832"}, {"title": "Episode 14 - The Capriccio of Maiden's Mind", "url": "http://www.crunchyroll.com/la-corda-doro-primo-passo-and-secondo-passo/episode-14-the-capriccio-of-maidens-mind-523834"}, {"title": "Episode 15 - An Aria of the Rapidly Beating Heart", "url": "http://www.crunchyroll.com/la-corda-doro-primo-passo-and-secondo-passo/episode-15-an-aria-of-the-rapidly-beating-heart-523836"}, {"title": "Episode 16 - The Lying Violin", "url": "http://www.crunchyroll.com/la-corda-doro-primo-passo-and-secondo-passo/episode-16-the-lying-violin-523838"}, {"title": "Episode 17 - The Impatient Crescendo", "url": "http://www.crunchyroll.com/la-corda-doro-primo-passo-and-secondo-passo/episode-17-the-impatient-crescendo-523840"}, {"title": "Episode 18 - The Heartbreaking Partita", "url": "http://www.crunchyroll.com/la-corda-doro-primo-passo-and-secondo-passo/episode-18-the-heartbreaking-partita-523842"}, {"title": "Episode 19 - Pavane of the Lost Heart", "url": "http://www.crunchyroll.com/la-corda-doro-primo-passo-and-secondo-passo/episode-19-pavane-of-the-lost-heart-523844"}, {"title": "Episode 20 - A Tear-Colored Rondo", "url": "http://www.crunchyroll.com/la-corda-doro-primo-passo-and-secondo-passo/episode-20-a-tear-colored-rondo-523848"}, {"title": "Episode 21 - Once More, Andante", "url": "http://www.crunchyroll.com/la-corda-doro-primo-passo-and-secondo-passo/episode-21-once-more-andante-523850"}, {"title": "Episode 22 - A Funfare for You", "url": "http://www.crunchyroll.com/la-corda-doro-primo-passo-and-secondo-passo/episode-22-a-funfare-for-you-523852"}, {"title": "Episode 23 - Our Cadenza", "url": "http://www.crunchyroll.com/la-corda-doro-primo-passo-and-secondo-passo/episode-23-our-cadenza-523854"}, {"title": "Episode 24 - A Heart Filling Harmony", "url": "http://www.crunchyroll.com/la-corda-doro-primo-passo-and-secondo-passo/episode-24-a-heart-filling-harmony-523856"}, {"title": "Episode 25 - The Beloved Ave Maria", "url": "http://www.crunchyroll.com/la-corda-doro-primo-passo-and-secondo-passo/episode-25-the-beloved-ave-maria-523858"}, {"title": "Episode 26 - A Summer Encore", "url": "http://www.crunchyroll.com/la-corda-doro-primo-passo-and-secondo-passo/episode-26-a-summer-encore-523860"}], "coverImage": {"large": "https://s3.anilist.co/media/anime/cover/medium/5717.jpg", "medium": "https://s3.anilist.co/media/anime/cover/small/5717.jpg"}, "bannerImage": null, "isAdult": false, "format": "SPECIAL"}, {"id": 5719, "title": {"romaji": "Sex Pistols", "english": null}, "type": "ANIME", "status": "FINISHED", "description": "An average boy named Norio is suddenly getting a lot of unwanted romantic attention. A fall down the stairs into the arms of a handsome stranger sets off the beginnings of an explanation, and it is one Norio never could have possibly imagined. Soon a whole new world opens up for Norio revealing a secret society of special people evolved from animals other than monkeys. Norio turns out to be a particularly rare breed and his DNA is in high demand. Now that he's suddenly the prey, it'll take much effort to survive in this modern jungle. <br><br>\nThis story revolves around a high school boy who discovers that he is part of a select group of humans who did not evolve from monkeys, but various animals such as leopards and black bears. <br><br>\n(Source: ANN) ", "startDate": {"year": 2010, "month": 3, "day": 26}, "endDate": {"year": 2011, "month": 4, "day": 27}, "season": "SPRING", "episodes": 2, "duration": 30, "genres": ["Comedy", "Drama", "Supernatural"], "averageScore": 59, "trending": 0, "popularity": 1007, "streamingEpisodes": [], "coverImage": {"large": "https://s3.anilist.co/media/anime/cover/medium/5719.jpg", "medium": "https://s3.anilist.co/media/anime/cover/small/5719.jpg"}, "bannerImage": null, "isAdult": false, "format": "OVA"}, {"id": 5723, "title": {"romaji": "Mobile Suit Gundam: More Information on the Universal Century", "english": null}, "type": "ANIME", "status": "FINISHED", "description": "Brief background information about the Gundam universe as told by a narrator, to fill in some gaps for new viewers of the franchise.", "startDate": {"year": 1996, "month": null, "day": null}, "endDate": {"year": 1996, "month": null, "day": null}, "season": null, "episodes": 10, "duration": 3, "genres": ["Drama", "Mecha", "Sci-Fi"], "averageScore": 50, "trending": 0, "popularity": 253, "streamingEpisodes": [], "coverImage": {"large": "https://s3.anilist.co/media/anime/cover/medium/5723.jpg", "medium": "https://s3.anilist.co/media/anime/cover/small/5723.jpg"}, "bannerImage": null, "isAdult": false, "format": "OVA"}, {"id": 5725, "title": {"romaji": "Kodai Ouja Kyouryuu King: Yokuryuu Densetsu", "english": "Dinosaur King D-Kids Adevnture: Pterosaur Legend"}, "type": "ANIME", "status": "FINISHED", "description": "Sequel series to Kodai Oja Kyoryu King. The Alpha Gang and the Ancients return. While the parents are talking, they are kidnapped by Gunenco, a member of the Zanjark Space Aliens. This causes the Alpha Gang and D-Team to join forces against the Zanjark Space Aliens in their plot to obtain the Cosmos Stones. Seth later returns as an ally to the Zanjark space aliens. Jark, the leader of the Zanjark, provides the dinosaur cards", "startDate": {"year": 2008, "month": 2, "day": 3}, "endDate": {"year": 2008, "month": 8, "day": 31}, "season": "WINTER", "episodes": 30, "duration": 24, "genres": ["Action", "Adventure", "Sci-Fi"], "averageScore": 58, "trending": 0, "popularity": 356, "streamingEpisodes": [], "coverImage": {"large": "https://s3.anilist.co/media/anime/cover/medium/5725.jpg", "medium": "https://s3.anilist.co/media/anime/cover/small/5725.jpg"}, "bannerImage": null, "isAdult": false, "format": "TV"}, {"id": 5733, "title": {"romaji": "Okusama wa Joshikousei", "english": "My Honny is College School Gal"}, "type": "ANIME", "status": "FINISHED", "description": "How the students and teachers become intimate and end up having physical relationships. ", "startDate": {"year": 2001, "month": 12, "day": 21}, "endDate": {"year": 2001, "month": 12, "day": 21}, "season": "WINTER", "episodes": 1, "duration": 21, "genres": ["Hentai", "Romance"], "averageScore": null, "trending": 0, "popularity": 93, "streamingEpisodes": [], "coverImage": {"large": "https://s3.anilist.co/media/anime/cover/medium/5733.jpg", "medium": "https://s3.anilist.co/media/anime/cover/small/5733.jpg"}, "bannerImage": null, "isAdult": true, "format": "OVA"}, {"id": 5734, "title": {"romaji": "Tayutama: Kiss on My Deity", "english": null}, "type": "ANIME", "status": "FINISHED", "description": "Yuuri Mito is a typical, normal Japanese teenager.  He goes to school, works on people's motorcycles and performs exorcisms.  Okay, that last part's a little bit unusual, but his family lives in a shrine and they do that sort of thing.  Still, you would think he'd know enough to be careful with an ancient relic he finds in the woods, especially when a mysterious goddess appears and tells him to leave it alone.  Unfortunately, despite Mito's best efforts, the seal gets broken anyway and a number of dangerous \"tayuti\" that it held in stasis get loose.  This is bad.  Mito also ends up with a beautiful goddess girl who decides that she's going to marry him.  This might not be so bad. if he wasn't already caught up in the middle of a war between the entities he's released.  The flesh may be weak but the spirit's more than willing to compensate. <br><br>\n(Source: Sentai Filmworks)", "startDate": {"year": 2009, "month": 4, "day": 6}, "endDate": {"year": 2009, "month": 6, "day": 22}, "season": "SPRING", "episodes": 12, "duration": 23, "genres": ["Romance", "Supernatural"], "averageScore": 63, "trending": 0, "popularity": 3428, "streamingEpisodes": [], "coverImage": {"large": "https://s3.anilist.co/media/anime/cover/medium/5734.jpg", "medium": "https://s3.anilist.co/media/anime/cover/small/5734.jpg"}, "bannerImage": null, "isAdult": false, "format": "TV"}, {"id": 5742, "title": {"romaji": "Space Adventure Cobra Pilot", "english": null}, "type": "ANIME", "status": "FINISHED", "description": "Pilot ep for the TV series", "startDate": {"year": 1982, "month": null, "day": null}, "endDate": {"year": 1982, "month": null, "day": null}, "season": null, "episodes": 1, "duration": 23, "genres": ["Sci-Fi"], "averageScore": 55, "trending": 0, "popularity": 144, "streamingEpisodes": [], "coverImage": {"large": "https://s3.anilist.co/media/anime/cover/medium/5742.jpg", "medium": "https://s3.anilist.co/media/anime/cover/small/5742.jpg"}, "bannerImage": null, "isAdult": false, "format": "TV"}, {"id": 5743, "title": {"romaji": "Saimin Ryoujoku Gakuen", "english": null}, "type": "ANIME", "status": "FINISHED", "description": "Toshikazu is a guidance counselor. He likes to give hypnotic drugs to girl students and have sex with them. \"Who will come to me today...? I can't wait it....\" His erotic counseling now begins....<br><br>\n(Source: ErogeShop.com)", "startDate": {"year": 2008, "month": 12, "day": 19}, "endDate": {"year": 2009, "month": 6, "day": 19}, "season": "WINTER", "episodes": 3, "duration": 30, "genres": ["Hentai"], "averageScore": 56, "trending": 0, "popularity": 279, "streamingEpisodes": [], "coverImage": {"large": "https://s3.anilist.co/media/anime/cover/medium/5743.jpg", "medium": "https://s3.anilist.co/media/anime/cover/small/5743.jpg"}, "bannerImage": null, "isAdult": true, "format": "OVA"}, {"id": 5751, "title": {"romaji": "Prince of Tennis: Another Story - Messages From Past and Future", "english": null}, "type": "ANIME", "status": "FINISHED", "description": "A new Prince of Tennis OVA, called Prince of Tennis OVA Another Story ~Kako to Mirai no Message~, was announced at Shueisha's Jump Festa 09 this past weekend. The official website of the show has confirmed it yesterday. According to the latest issue of Weekly Shonen Jump magazine, Another Story will take place in Osaka after the finals. The preview of the new OVA will be available on the third volume of Prince of Tennis: The National Tournament Finals.", "startDate": {"year": 2009, "month": 5, "day": 26}, "endDate": {"year": 2009, "month": 9, "day": 25}, "season": "SPRING", "episodes": 4, "duration": 24, "genres": ["Comedy", "Sports"], "averageScore": 68, "trending": 0, "popularity": 762, "streamingEpisodes": [], "coverImage": {"large": "https://s3.anilist.co/media/anime/cover/medium/5751.jpg", "medium": "https://s3.anilist.co/media/anime/cover/small/5751.jpg"}, "bannerImage": null, "isAdult": false, "format": "OVA"}, {"id": 5753, "title": {"romaji": "Precure All Stars Movie DX: Minna Tomodachi - Kiseki no Zenin Daishuugou!", "english": null}, "type": "ANIME", "status": "FINISHED", "description": "Love, Miki and Inori are on their way to a dance contest, but get lost on their way to Minato Mirai. Still looking for their way, they are attacked by a monster. When the three Fresh Precure girls start to fight it, other Precures show up to support them. They all have to combine their powers to win against this mighty enemy.", "startDate": {"year": 2009, "month": 3, "day": 20}, "endDate": {"year": 2009, "month": 3, "day": 20}, "season": "SPRING", "episodes": 1, "duration": 70, "genres": ["Mahou Shoujo"], "averageScore": 64, "trending": 0, "popularity": 444, "streamingEpisodes": [], "coverImage": {"large": "https://s3.anilist.co/media/anime/cover/medium/5753.jpg", "medium": "https://s3.anilist.co/media/anime/cover/small/5753.jpg"}, "bannerImage": null, "isAdult": false, "format": "MOVIE"}, {"id": 5755, "title": {"romaji": "Aoki Ryuusei SPT Layzner OVA", "english": "Blue Comet SPT Layzner"}, "type": "ANIME", "status": "FINISHED", "description": "The Layzner OVA serves as an alternative version of the TV series. <br><br>\nThe first episode, titled \"Eiji 1996\", recaps the first part of the series (episodes 01-24). The second episode (\"Le Caine 1999\") takes place after a time skip, and contains episodes 26 through 37 (episode 25 of the TV series, being a recap itself, is skipped here). <br><br>\nThe final episode, \"Seal 2000\", is an expanded version of the final episode of the TV series (38) and features new animation and a longer epilogue. ", "startDate": {"year": 1986, "month": 8, "day": 21}, "endDate": {"year": 1986, "month": 10, "day": 21}, "season": "SUMMER", "episodes": 3, "duration": 55, "genres": ["Action", "Mecha", "Sci-Fi"], "averageScore": 52, "trending": 0, "popularity": 151, "streamingEpisodes": [], "coverImage": {"large": "https://s3.anilist.co/media/anime/cover/medium/5755.jpg", "medium": "https://s3.anilist.co/media/anime/cover/small/5755.jpg"}, "bannerImage": null, "isAdult": false, "format": "OVA"}]}}}