{"data": {"Page": {"pageInfo": {"total": 12297, "hasNextPage": true}, "media": [{"id": 10589, "title": {"romaji": "Naruto: Shippuuden Movie 5 - Blood Prison", "english": "Naruto Shippuden the Movie: Blood Prison"}, "type": "ANIME", "status": "FINISHED", "description": "After being captured for attempting to assassinate the leader of Kumogakure, the Raikage, and killing Jounin from Kirigakure and Iwagakure, Naruto is imprisoned in Houzukijou, a criminal containment facility also known as the Blood Prison. <br><br>\nThe master of the castle, Mui, uses the ultimate imprisonment jutsu to steal power from the prisoners. In this place, something is aiming for Naruto's life. The battle to prove his innocence and uncover the truth has begun for Naruto and his friends.<br><br>\n(Source: AnimeAvenue)", "startDate": {"year": 2011, "month": 7, "day": 30}, "endDate": {"year": 2011, "month": 7, "day": 30}, "season": "SUMMER", "episodes": 1, "duration": 102, "genres": ["Action", "Adventure", "Mystery"], "averageScore": 70, "trending": 0, "popularity": 6445, "streamingEpisodes": [], "coverImage": {"large": "https://s3.anilist.co/media/anime/cover/medium/10589.jpg", "medium": "https://s3.anilist.co/media/anime/cover/small/10589.jpg"}, "bannerImage": null, "isAdult": false, "format": "MOVIE"}, {"id": 10590, "title": {"romaji": "Reunion", "english": null}, "type": "ANIME", "status": "FINISHED", "description": "Yuji is on summer holiday, but he works hard at his uncle's house every day. There is a girl who often comes to the house. Her name is Saki and he soon falls in love with her.... Days later, he tells Saki that he loves her and they start dating. However, their relationship suddenly ends.... She does not appear in front of him anymore.... On the last day at his uncle's house, he sees a girl being chased by some men. He tries to ignore it, but she asks him for help. They somehow run away from them and rush into a deserted house. She is wet through.... To warm their bodies up, they finally sleep together.... After summer holiday, he meets two girls again.... One of them is a rookie teacher and the other is a classmate after suspension....<br><br>\n(Source: ErogeShop)", "startDate": {"year": 2011, "month": 6, "day": 24}, "endDate": {"year": 2011, "month": 9, "day": 30}, "season": "SUMMER", "episodes": 2, "duration": 30, "genres": ["Hentai"], "averageScore": 58, "trending": 0, "popularity": 491, "streamingEpisodes": [], "coverImage": {"large": "https://s3.anilist.co/media/anime/cover/medium/10590.jpg", "medium": "https://s3.anilist.co/media/anime/cover/small/10590.jpg"}, "bannerImage": null, "isAdult": true, "format": "OVA"}, {"id": 10592, "title": {"romaji": "Scryed Alteration I: Tao", "english": null}, "type": "ANIME", "status": "FINISHED", "description": "Special recap of Scryed to commemorate the 10th anniversary of the anime; featuring digital remastering and some new footage.", "startDate": {"year": 2011, "month": 11, "day": 19}, "endDate": {"year": 2011, "month": 11, "day": 19}, "season": "FALL", "episodes": 1, "duration": 96, "genres": ["Action", "Adventure", "Sci-Fi"], "averageScore": 60, "trending": 0, "popularity": 428, "streamingEpisodes": [], "coverImage": {"large": "https://s3.anilist.co/media/anime/cover/medium/10592.jpg", "medium": "https://s3.anilist.co/media/anime/cover/small/10592.jpg"}, "bannerImage": null, "isAdult": false, "format": "MOVIE"}, {"id": 10594, "title": {"romaji": "Tokimeki Tonight Recaps", "english": null}, "type": "ANIME", "status": "FINISHED", "description": "Recaps of some episodes from the TV series. Includes new humorous sketches called \"Tokimeki a la Carte\".", "startDate": {"year": 1988, "month": null, "day": null}, "endDate": {"year": 1989, "month": null, "day": null}, "season": null, "episodes": 2, "duration": 49, "genres": ["Comedy", "Fantasy", "Romance"], "averageScore": null, "trending": 0, "popularity": 28, "streamingEpisodes": [], "coverImage": {"large": "https://s3.anilist.co/media/anime/cover/medium/10594.jpg", "medium": "https://s3.anilist.co/media/anime/cover/small/10594.jpg"}, "bannerImage": null, "isAdult": false, "format": "SPECIAL"}, {"id": 10595, "title": {"romaji": "VitaminX Addiction", "english": null}, "type": "ANIME", "status": "FINISHED", "description": "The story is set at Seitei Gakuen, an elite private academy that teaches every level from kindergarten until college in Tokyo. A new female teacher named Minami Yuuri is starting her second year of teaching here, and she is now moving up from teaching middle school students to the assignment she had sought after: grammar for high school students. Unfortunately, she gets assigned to class 3-E. The class, called \"Class X,\" is an infamous group of seniors who lack study skills; it is said that all of their previous teachers have retired due to ulcers or neurosis. Minami must try to reach out to these students, including the six leaders of the class \"B6\" (Baka 6), and get them into college.<br><br>\n(Source: ANN)", "startDate": {"year": 2011, "month": 8, "day": 26}, "endDate": {"year": 2011, "month": 10, "day": 21}, "season": "SUMMER", "episodes": 3, "duration": null, "genres": ["Romance"], "averageScore": null, "trending": 0, "popularity": 159, "streamingEpisodes": [], "coverImage": {"large": "https://s3.anilist.co/media/anime/cover/medium/10595.jpg", "medium": "https://s3.anilist.co/media/anime/cover/small/10595.jpg"}, "bannerImage": null, "isAdult": false, "format": "OVA"}, {"id": 10602, "title": {"romaji": "Hayabusa: Back to the Earth - Kikan", "english": null}, "type": "ANIME", "status": "FINISHED", "description": "CG anime about a satellite's journey back to Earth.", "startDate": {"year": 2011, "month": 5, "day": 14}, "endDate": {"year": 2011, "month": 5, "day": 14}, "season": "SPRING", "episodes": 1, "duration": 45, "genres": [], "averageScore": null, "trending": 0, "popularity": 16, "streamingEpisodes": [], "coverImage": {"large": "https://s3.anilist.co/media/anime/cover/medium/10602.jpg", "medium": "https://s3.anilist.co/media/anime/cover/small/10602.jpg"}, "bannerImage": null, "isAdult": false, "format": "MOVIE"}, {"id": 10603, "title": {"romaji": "Hayabusa: Back to the Earth", "english": null}, "type": "ANIME", "status": "FINISHED", "description": "CG anime about a satellite's journey back to Earth.", "startDate": {"year": 2009, "month": null, "day": null}, "endDate": {"year": 2009, "month": null, "day": null}, "season": null, "episodes": 1, "duration": 42, "genres": [], "averageScore": null, "trending": 0, "popularity": 14, "streamingEpisodes": [], "coverImage": {"large": "https://s3.anilist.co/media/anime/cover/medium/10603.jpg", "medium": "https://s3.anilist.co/media/anime/cover/small/10603.jpg"}, "bannerImage": null, "isAdult": false, "format": "MOVIE"}, {"id": 10604, "title": {"romaji": "Hidan no Aria Special", "english": "Aria the Scarlet Ammo Special"}, "type": "ANIME", "status": "FINISHED", "description": "The story takes place in Tokyo Butei High School, a special school where armed detectives &mdash; \"Butei\" &mdash; are trained to use weapons. Kinji Tooyama is a second-year-student who has a special ability, but he keeps it a secret to maintain an ordinary, peaceful life. However, when he gets caught in a bombing on the way to school, he encounters H. Aria Kanzaki, the most powerful S-Rank Butei student in Assault Studies.<br><br>\n(Source: ANN)", "startDate": {"year": 2011, "month": 12, "day": 21}, "endDate": {"year": 2011, "month": 12, "day": 21}, "season": "WINTER", "episodes": 1, "duration": 24, "genres": ["Action", "Comedy", "Romance"], "averageScore": 65, "trending": 0, "popularity": 3725, "streamingEpisodes": [], "coverImage": {"large": "https://s3.anilist.co/media/anime/cover/medium/10604.jpg", "medium": "https://s3.anilist.co/media/anime/cover/small/10604.jpg"}, "bannerImage": null, "isAdult": false, "format": "SPECIAL"}, {"id": 10607, "title": {"romaji": "Rerere no Tensai Bakabon", "english": null}, "type": "ANIME", "status": "FINISHED", "description": "This story contains a lot of humor and edgy jokes that attract an audience ranging from toddlers to adults. Bakabon and his father turn common sense on its head. After all, common sense, that we take for granted, is frequently nonsensical, but comical. Bakabon's father has his own philosophy and he leaves no stone unturned in his quest for answers. Bakabon joins him in his philosophical quests which drive the people in their town crazy. <br><br>\n(Source: pierrot.jp)", "startDate": {"year": 1999, "month": 10, "day": 19}, "endDate": {"year": 2000, "month": 3, "day": 21}, "season": "FALL", "episodes": 24, "duration": 25, "genres": ["Comedy"], "averageScore": null, "trending": 0, "popularity": 36, "streamingEpisodes": [], "coverImage": {"large": "https://s3.anilist.co/media/anime/cover/medium/10607.jpg", "medium": "https://s3.anilist.co/media/anime/cover/small/10607.jpg"}, "bannerImage": "https://s3.anilist.co/media/anime/banner/10607-EVrgrXy6k299.jpg", "isAdult": false, "format": "TV"}, {"id": 10611, "title": {"romaji": "R-15", "english": null}, "type": "ANIME", "status": "FINISHED", "description": "R-15 is about a boy, Taketo Akutagawa, who attends a school for geniuses: Inspiration Academy Private High School. Taketo is a genius novelist and writes erotica. Despite negative perceptions many people have of him, he aims to be at the top of his class and be recognized as the world's greatest writer.<br>\n(Source: Wikipedia)", "startDate": {"year": 2011, "month": 7, "day": 10}, "endDate": {"year": 2011, "month": 9, "day": 25}, "season": "SUMMER", "episodes": 12, "duration": 24, "genres": ["Comedy", "Ecchi", "Romance"], "averageScore": 60, "trending": 0, "popularity": 5267, "streamingEpisodes": [], "coverImage": {"large": "https://s3.anilist.co/media/anime/cover/medium/10611.jpg", "medium": "https://s3.anilist.co/media/anime/cover/small/10611.jpg"}, "bannerImage": null, "isAdult": false, "format": "TV"}, {"id": 10620, "title": {"romaji": "Mirai Nikki (TV)", "english": "The Future Diary"}, "type": "ANIME", "status": "FINISHED", "description": "This psychological thriller, based on the manga written and illustrated by Sakae Esuno, is about Yuki, a loner who's not very good with people. He prefers to write a diary on his cell phone and talk to his imaginary friend, Deus Ex Machina &ndash; The God of Time and Space. However, Yuki soon learns that Deus is more than a figment of his imagination when he makes Yuki participate in a battle royale with eleven others. The contestants are given special diaries that can predict the future, each diary possessing unique features that give it both advantages and disadvantages. Within the next 90 days, the contestants must try to survive until there is only one left standing. The winner will become the new God of Time and Space.<br><br>\n(Source: FUNimation)", "startDate": {"year": 2011, "month": 10, "day": 9}, "endDate": {"year": 2012, "month": 4, "day": 15}, "season": "FALL", "episodes": 26, "duration": 23, "genres": ["Action", "Mystery", "Psychological", "Supernatural", "Thriller"], "averageScore": 73, "trending": 4, "popularity": 50303, "streamingEpisodes": [{"title": "Episode 1 - Sign Up", "url": "http://www.crunchyroll.com/the-future-diary/episode-1-sign-up-736287"}, {"title": "Episode 2 - Contract Terms", "url": "http://www.crunchyroll.com/the-future-diary/episode-2-contract-terms-736291"}, {"title": "Episode 3 - Broken on Arrival", "url": "http://www.crunchyroll.com/the-future-diary/episode-3-broken-on-arrival-736295"}, {"title": "Episode 4 - Manual Input", "url": "http://www.crunchyroll.com/the-future-diary/episode-4-manual-input-736299"}, {"title": "Episode 5 - Voice Memo", "url": "http://www.crunchyroll.com/the-future-diary/episode-5-voice-memo-736301"}, {"title": "Episode 6 - Manner Mode", "url": "http://www.crunchyroll.com/the-future-diary/episode-6-manner-mode-736303"}, {"title": "Episode 7 - Answering Machine", "url": "http://www.crunchyroll.com/the-future-diary/episode-7-answering-machine-736305"}, {"title": "Episode 8 - New Model", "url": "http://www.crunchyroll.com/the-future-diary/episode-8-new-model-736307"}, {"title": "Episode 9 - Block List", "url": "http://www.crunchyroll.com/the-future-diary/episode-9-block-list-736311"}, {"title": "Episode 10 - Family Plan", "url": "http://www.crunchyroll.com/the-future-diary/episode-10-family-plan-736315"}, {"title": "Episode 11 - Service Terminated", "url": "http://www.crunchyroll.com/the-future-diary/episode-11-service-terminated-736321"}, {"title": "Episode 12 - Out of Range", "url": "http://www.crunchyroll.com/the-future-diary/episode-12-out-of-range-736327"}, {"title": "Episode 13 - Unknown Number", "url": "http://www.crunchyroll.com/the-future-diary/episode-13-unknown-number-736331"}, {"title": "Episode 14 - Memory Wipe", "url": "http://www.crunchyroll.com/the-future-diary/episode-14-memory-wipe-736333"}, {"title": "Episode 15 - Dual Cell Phones", "url": "http://www.crunchyroll.com/the-future-diary/episode-15-dual-cell-phones-736337"}, {"title": "Episode 16 - Repairs", "url": "http://www.crunchyroll.com/the-future-diary/episode-16-repairs-736341"}, {"title": "Episode 17 - Split Family", "url": "http://www.crunchyroll.com/the-future-diary/episode-17-split-family-736345"}, {"title": "Episode 18 - Interference", "url": "http://www.crunchyroll.com/the-future-diary/episode-18-interference-736351"}, {"title": "Episode 19 - Memory Wipe", "url": "http://www.crunchyroll.com/the-future-diary/episode-19-memory-wipe-736355"}, {"title": "Episode 20 - Data Transfer", "url": "http://www.crunchyroll.com/the-future-diary/episode-20-data-transfer-736359"}, {"title": "Episode 21 - Personal Identification Number", "url": "http://www.crunchyroll.com/the-future-diary/episode-21-personal-identification-number-736365"}, {"title": "Episode 22 - Disconnect", "url": "http://www.crunchyroll.com/the-future-diary/episode-22-disconnect-736369"}, {"title": "Episode 23 - Breach of Contract", "url": "http://www.crunchyroll.com/the-future-diary/episode-23-breach-of-contract-736373"}, {"title": "Episode 24 - Now Connecting", "url": "http://www.crunchyroll.com/the-future-diary/episode-24-now-connecting-736379"}, {"title": "Episode 25 - Reset", "url": "http://www.crunchyroll.com/the-future-diary/episode-25-reset-736383"}, {"title": "Episode 26 - Initialize", "url": "http://www.crunchyroll.com/the-future-diary/episode-26-initialize-736387"}], "coverImage": {"large": "https://s3.anilist.co/media/anime/cover/medium/10620.jpg", "medium": "https://s3.anilist.co/media/anime/cover/small/10620.jpg"}, "bannerImage": "https://s3.anilist.co/media/anime/banner/10620-CsZ2FFSbGpqV.jpg", "isAdult": false, "format": "TV"}, {"id": 10622, "title": {"romaji": "Tengen Toppa Gurren Lagann: Ore no Gurren wa Pikka-Pika!!", "english": null}, "type": "ANIME", "status": "FINISHED", "description": "A special episode bundled with the Nintendo DS game based on the series. Envious of seeing how Simon keeps his Lagann clean and neat, Kamina asks the mysterious Chitori to clean up his Gurren for him, unaware of her true intentions.<br><br>\n(Source: Wikipedia) ", "startDate": {"year": 2007, "month": 10, "day": 25}, "endDate": {"year": 2007, "month": 10, "day": 25}, "season": "FALL", "episodes": 1, "duration": 12, "genres": ["Action", "Adventure", "Comedy", "Sci-Fi"], "averageScore": 64, "trending": 0, "popularity": 2605, "streamingEpisodes": [], "coverImage": {"large": "https://s3.anilist.co/media/anime/cover/medium/10622.jpg", "medium": "https://s3.anilist.co/media/anime/cover/small/10622.jpg"}, "bannerImage": null, "isAdult": false, "format": "OVA"}, {"id": 10623, "title": {"romaji": "Hayan Ma-eum Baeggu", "english": null}, "type": "ANIME", "status": "FINISHED", "description": "Sol and Dong live with their widower father on an island village, where he works as a fisherman. One day a white puppy enters their lives. They adopt him and name him Max. However, after their father dies at sea and circumstances separate Max from Sol and Dong, Max must find the will to fight his way home, so he can be reunited with his owners.<br><br>\n(Source: THEM Anime Reviews)", "startDate": {"year": 2000, "month": 10, "day": 6}, "endDate": {"year": 2001, "month": 1, "day": 12}, "season": "FALL", "episodes": 13, "duration": 23, "genres": ["Adventure"], "averageScore": null, "trending": 0, "popularity": 41, "streamingEpisodes": [], "coverImage": {"large": "https://s3.anilist.co/media/anime/cover/medium/10623.jpg", "medium": "https://s3.anilist.co/media/anime/cover/small/10623.jpg"}, "bannerImage": null, "isAdult": false, "format": "TV"}, {"id": 10624, "title": {"romaji": "Mardock Scramble: The Second Combustion", "english": null}, "type": "ANIME", "status": "FINISHED", "description": "Rune Balot is weeping and trying to save both herself and a severely injured Oeufcoque from Shell's assassin Boiled. Luckily for her, Doctor Easter finally shows up in the Humpty Dumpty &ndash; a special militarized vehicle made for protecting those in Welfare cases if their lives are threatened. From there they go to Paradise, where the Scramble 09 technology (and Boiled's rebirth) was developed. All of the secrets of the past of Mardock City (and possibly its future) are revealed in this riveting second part of the Mardock Scramble series, upping the stakes and making Balot choose between justice for herself or peace within Paradise instead.<br><br>\n(Source: the witch of theatregoing)", "startDate": {"year": 2011, "month": 9, "day": 3}, "endDate": {"year": 2011, "month": 9, "day": 3}, "season": "FALL", "episodes": 1, "duration": 64, "genres": ["Action", "Psychological", "Sci-Fi"], "averageScore": 71, "trending": 0, "popularity": 3236, "streamingEpisodes": [], "coverImage": {"large": "https://s3.anilist.co/media/anime/cover/medium/10624.jpg", "medium": "https://s3.anilist.co/media/anime/cover/small/10624.jpg"}, "bannerImage": null, "isAdult": false, "format": "MOVIE"}, {"id": 10625, "title": {"romaji": "Mazinger Z (Movie)", "english": null}, "type": "ANIME", "status": "FINISHED", "description": "Episode 5 of the main series aired at a festival.", "startDate": {"year": 1973, "month": 3, "day": 17}, "endDate": {"year": 1973, "month": 3, "day": 17}, "season": "SPRING", "episodes": 1, "duration": 25, "genres": ["Action", "Drama", "Mecha", "Sci-Fi"], "averageScore": null, "trending": 0, "popularity": 34, "streamingEpisodes": [], "coverImage": {"large": "https://s3.anilist.co/media/anime/cover/medium/10625.jpg", "medium": "https://s3.anilist.co/media/anime/cover/small/10625.jpg"}, "bannerImage": null, "isAdult": false, "format": "MOVIE"}, {"id": 10627, "title": {"romaji": "Ski Jumping Pairs: Road to Torino 2006", "english": null}, "type": "ANIME", "status": "FINISHED", "description": "A CG animated film by Riichiro Mashima.<br><br>\nA new breed of ski jumping has been born: pair ski jumping! This is a promotional movie for the new sport using CG graphics to demonstrate its possibilities.<br><br>", "startDate": {"year": 2006, "month": 1, "day": 28}, "endDate": {"year": 2006, "month": 1, "day": 28}, "season": "WINTER", "episodes": 1, "duration": 82, "genres": ["Comedy", "Sports"], "averageScore": null, "trending": 0, "popularity": 53, "streamingEpisodes": [], "coverImage": {"large": "https://s3.anilist.co/media/anime/cover/medium/10627.jpg", "medium": "https://s3.anilist.co/media/anime/cover/small/10627.jpg"}, "bannerImage": null, "isAdult": false, "format": "MOVIE"}, {"id": 10628, "title": {"romaji": "Mahou Sensei Negima! Mou Hitotsu no Sekai Extra: Mahou Shoujo Yue", "english": null}, "type": "ANIME", "status": "FINISHED", "description": "Mahou Sensei Negima! Mou Hitotsu no Sekai extra episode featuring Yue.", "startDate": {"year": 2010, "month": 11, "day": 17}, "endDate": {"year": 2010, "month": 11, "day": 17}, "season": "FALL", "episodes": 1, "duration": 31, "genres": ["Action", "Adventure", "Ecchi", "Fantasy"], "averageScore": 67, "trending": 0, "popularity": 730, "streamingEpisodes": [], "coverImage": {"large": "https://s3.anilist.co/media/anime/cover/medium/10628.jpg", "medium": "https://s3.anilist.co/media/anime/cover/small/10628.jpg"}, "bannerImage": null, "isAdult": false, "format": "OVA"}, {"id": 10629, "title": {"romaji": "Tibet Inu Monogatari", "english": "The Tibetan Dog"}, "type": "ANIME", "status": "FINISHED", "description": "After the death of his mother, Tenzin decided to leave town to live with his father in the Tibetan grasslands. Life is tough at first, until one day the young man witnesses a fight between Tibetan guard dogs and a dog with golden hairs outside the pack.", "startDate": {"year": 2011, "month": 6, "day": 6}, "endDate": {"year": 2011, "month": 6, "day": 6}, "season": "SUMMER", "episodes": 1, "duration": 87, "genres": ["Adventure"], "averageScore": 64, "trending": 0, "popularity": 455, "streamingEpisodes": [], "coverImage": {"large": "https://s3.anilist.co/media/anime/cover/medium/10629.jpg", "medium": "https://s3.anilist.co/media/anime/cover/small/10629.jpg"}, "bannerImage": null, "isAdult": false, "format": "MOVIE"}, {"id": 10632, "title": {"romaji": "Angel ScandyS", "english": null}, "type": "ANIME", "status": "NOT_YET_RELEASED", "description": "Angel ScandyS is a comedy about three normal girls, three demons, and three angels, trying to become idols.<br><br>\nSo just why are angels and demons trying to become idols? It's because a certain man's soul got double booked for heaven and hell due to a system error! This man was the Principal of Lilliard Music School, the school that's produced countless stars. As soon as he died, the evil chairman of the board took over the school. The original Principal won&rsquo;t rest in peace without taking his school back. So he is refusing to go to heaven or hell!<br><br>\nThe angels and demons don't know what to do, until the Principal says that he will give his soul to whoever does more to help him take back his school. The angels and demons are interested in becoming idols to begin with, so they gladly accepted! Now the angels and demons are going through idol training on Earth!<br><br>\n(Source: Crunchyroll)", "startDate": {"year": null, "month": null, "day": null}, "endDate": {"year": null, "month": null, "day": null}, "season": null, "episodes": null, "duration": null, "genres": ["Drama"], "averageScore": null, "trending": 0, "popularity": 92, "streamingEpisodes": [], "coverImage": {"large": "https://s3.anilist.co/media/anime/cover/medium/10632.jpg", "medium": "https://s3.anilist.co/media/anime/cover/small/10632.jpg"}, "bannerImage": null, "isAdult": false, "format": "TV"}, {"id": 10633, "title": {"romaji": "Shiodome Cable TV", "english": null}, "type": "ANIME", "status": "FINISHED", "description": null, "startDate": {"year": 2011, "month": 4, "day": 13}, "endDate": {"year": 2011, "month": 9, "day": 14}, "season": "SPRING", "episodes": 22, "duration": 5, "genres": ["Comedy"], "averageScore": null, "trending": 0, "popularity": 19, "streamingEpisodes": [], "coverImage": {"large": "https://s3.anilist.co/media/anime/cover/medium/10633.jpg", "medium": "https://s3.anilist.co/media/anime/cover/small/10633.jpg"}, "bannerImage": null, "isAdult": false, "format": "TV_SHORT"}, {"id": 10638, "title": {"romaji": "Denpa Onna to Seishun Otoko Special", "english": "Ground Control to Psychoelectric Girl Special"}, "type": "ANIME", "status": "FINISHED", "description": "Episode 13 of Denpa Onna to Seishun Otoko released on Blu-ray &amp; DVD.", "startDate": {"year": 2012, "month": 2, "day": 8}, "endDate": {"year": 2012, "month": 2, "day": 8}, "season": "WINTER", "episodes": 1, "duration": 29, "genres": ["Comedy", "Sci-Fi"], "averageScore": 71, "trending": 0, "popularity": 5122, "streamingEpisodes": [], "coverImage": {"large": "https://s3.anilist.co/media/anime/cover/medium/10638.jpg", "medium": "https://s3.anilist.co/media/anime/cover/small/10638.jpg"}, "bannerImage": null, "isAdult": false, "format": "SPECIAL"}, {"id": 10639, "title": {"romaji": "Deva Zan", "english": null}, "type": "ANIME", "status": "NOT_YET_RELEASED", "description": "The Divine Warriors were defeated by the Darkness and vanished far into the space-time. <br>\nIn the world in chaos, a samurai ZAN realizes his mission and travels beyond the space-time to gather the scattered warriors. <br>\nIn order to beat the corps of the Darkness, ZAN tries to acquire the Dark Power...<br>\n<br>\nIllustrator Amano Yoshitaka announced in 2010 the worldwide release of his anime movie \"DEVA ZAN\" in the Spring of 2012. He intends to visualize Eastern myths with anime and to present it to the world.<br>\nDespite a projected 2012 release date, Amano stated in an October 2012 interview that the animation project was still in its development and funding stages and may instead be realised as a TV series.", "startDate": {"year": null, "month": null, "day": null}, "endDate": {"year": null, "month": null, "day": null}, "season": null, "episodes": 1, "duration": null, "genres": ["Action", "Fantasy"], "averageScore": null, "trending": 0, "popularity": 351, "streamingEpisodes": [], "coverImage": {"large": "https://s3.anilist.co/media/anime/cover/medium/10639.jpg", "medium": "https://s3.anilist.co/media/anime/cover/small/10639.jpg"}, "bannerImage": null, "isAdult": false, "format": "MOVIE"}, {"id": 10643, "title": {"romaji": "Gintama: Dai Hanseikai", "english": null}, "type": "ANIME", "status": "FINISHED", "description": "Some of the characters get together and talk about \"regrets\" they have after 4 years of anime Gintama. Soon they fight over who gets more screen time. Special of the Gintama Harumatsuri live event.", "startDate": {"year": 2010, "month": 3, "day": 25}, "endDate": {"year": 2010, "month": 3, "day": 25}, "season": "SPRING", "episodes": 1, "duration": 14, "genres": ["Action", "Comedy"], "averageScore": 75, "trending": 0, "popularity": 1955, "streamingEpisodes": [], "coverImage": {"large": "https://s3.anilist.co/media/anime/cover/medium/10643.jpg", "medium": "https://s3.anilist.co/media/anime/cover/small/10643.jpg"}, "bannerImage": null, "isAdult": false, "format": "SPECIAL"}, {"id": 10647, "title": {"romaji": "Ao no Exorcist Specials", "english": "Blue Exorcist Specials"}, "type": "ANIME", "status": "FINISHED", "description": "Ura Eku, extra short anime included in Blu-ray and the DVD releases of Ao no Exorcist.", "startDate": {"year": 2011, "month": 6, "day": 22}, "endDate": {"year": 2012, "month": 3, "day": 21}, "season": "SUMMER", "episodes": 10, "duration": 1, "genres": ["Action", "Fantasy", "Supernatural"], "averageScore": 65, "trending": 1, "popularity": 4095, "streamingEpisodes": [], "coverImage": {"large": "https://s3.anilist.co/media/anime/cover/medium/10647.jpg", "medium": "https://s3.anilist.co/media/anime/cover/small/10647.jpg"}, "bannerImage": null, "isAdult": false, "format": "SPECIAL"}, {"id": 10648, "title": {"romaji": "Mars", "english": null}, "type": "ANIME", "status": "FINISHED", "description": null, "startDate": {"year": 1994, "month": 6, "day": 10}, "endDate": {"year": 1994, "month": 8, "day": 5}, "season": "SUMMER", "episodes": 2, "duration": 30, "genres": ["Action", "Mecha", "Sci-Fi"], "averageScore": null, "trending": 0, "popularity": 30, "streamingEpisodes": [], "coverImage": {"large": "https://s3.anilist.co/media/anime/cover/medium/10648.jpg", "medium": "https://s3.anilist.co/media/anime/cover/small/10648.jpg"}, "bannerImage": null, "isAdult": false, "format": "OVA"}, {"id": 10653, "title": {"romaji": "Running Boy: Star Soldier no Himitsu", "english": null}, "type": "ANIME", "status": "FINISHED", "description": "This anime was made by Hudson Soft, which created the \"Star Soldier\" game. Its designer, Yoichi Takahashi, appeared in a cameo and sang the theme songs.<br><br>\nBy coincidence, the film was released the same day as \"Super Mario Brothers,\" also based on a video game.<br><br>\nThe film was a box-office failure in Japan.<br><br>\n(Source: bcdb.com/)", "startDate": {"year": 1986, "month": 7, "day": 20}, "endDate": {"year": 1986, "month": 7, "day": 20}, "season": "SUMMER", "episodes": 1, "duration": 49, "genres": ["Sci-Fi"], "averageScore": null, "trending": 0, "popularity": 16, "streamingEpisodes": [], "coverImage": {"large": "https://s3.anilist.co/media/anime/cover/medium/10653.jpg", "medium": "https://s3.anilist.co/media/anime/cover/small/10653.jpg"}, "bannerImage": null, "isAdult": false, "format": "MOVIE"}, {"id": 10659, "title": {"romaji": "Naruto Soyokazeden Movie: Naruto to Mashin to Mitsu no Onegai Dattebayo!!", "english": null}, "type": "ANIME", "status": "FINISHED", "description": "Naruto discovers a genie's bottle while he and the gang are at a genin grill party. When everyone finds out about the genie's ability to grant wishes, the ultimate chase begins.<br><br>\n(Source: AniDB)", "startDate": {"year": 2010, "month": 7, "day": 31}, "endDate": {"year": 2010, "month": 7, "day": 31}, "season": "SUMMER", "episodes": 1, "duration": 14, "genres": ["Action", "Comedy"], "averageScore": 63, "trending": 0, "popularity": 1844, "streamingEpisodes": [], "coverImage": {"large": "https://s3.anilist.co/media/anime/cover/medium/10659.jpg", "medium": "https://s3.anilist.co/media/anime/cover/small/10659.jpg"}, "bannerImage": null, "isAdult": false, "format": "MOVIE"}, {"id": 10666, "title": {"romaji": "Fireball Special", "english": null}, "type": "ANIME", "status": "FINISHED", "description": "A small special in which the show's stars, Drossel and Ged&auml;chtnis, explain a little bit about how the show is made, through interviews and behind the scenes shots.", "startDate": {"year": 2009, "month": 8, "day": 19}, "endDate": {"year": 2009, "month": 8, "day": 19}, "season": "SUMMER", "episodes": 1, "duration": 4, "genres": ["Comedy", "Sci-Fi"], "averageScore": 55, "trending": 0, "popularity": 281, "streamingEpisodes": [], "coverImage": {"large": "https://s3.anilist.co/media/anime/cover/medium/10666.jpg", "medium": "https://s3.anilist.co/media/anime/cover/small/10666.jpg"}, "bannerImage": null, "isAdult": false, "format": "SPECIAL"}, {"id": 10668, "title": {"romaji": "Imouto Paradise!", "english": null}, "type": "ANIME", "status": "FINISHED", "description": "Based on the adult game by Moonstone Cherry.<br>\n<br>\nIt\u2019s summer vacation and your parents are heading overseas for work, leaving you with your 5 little sisters: typical lovestruck imouto Aya, modern tsundere Rio, timid and shy Hiyori, lively and perverted Koharu, and the bookworm Michika who's a lovable Sadist. With no distractions and ecchi happenings one after the other, how far will you go with them?<br>\n<br>\nSource: Hau~ Omochikaeri!", "startDate": {"year": 2011, "month": 12, "day": 9}, "endDate": {"year": 2012, "month": 4, "day": 20}, "season": "WINTER", "episodes": 2, "duration": 30, "genres": ["Hentai"], "averageScore": 58, "trending": 0, "popularity": 916, "streamingEpisodes": [], "coverImage": {"large": "https://s3.anilist.co/media/anime/cover/medium/10668.jpg", "medium": "https://s3.anilist.co/media/anime/cover/small/10668.jpg"}, "bannerImage": null, "isAdult": true, "format": "OVA"}, {"id": 10671, "title": {"romaji": "Morita-san wa Mukuchi.", "english": null}, "type": "ANIME", "status": "FINISHED", "description": "Morita Mayu, a high school girl. She is extremely reticent and her silence and habit of looking at people's eyes straightly sometimes cause misunderstanding. The reason behind it is not because she doesn&rsquo;t like to talk nor because she has nothing to say. The reason she rarely speaks is due to the fact she thinks too much before speaking, thus losing the timing to speak altogether. But she lives a happy school life with her classmates.", "startDate": {"year": 2011, "month": 7, "day": 6}, "endDate": {"year": 2011, "month": 9, "day": 28}, "season": "SUMMER", "episodes": 13, "duration": 3, "genres": ["Comedy", "Slice of Life"], "averageScore": 60, "trending": 0, "popularity": 2107, "streamingEpisodes": [{"title": "Episode 1 - Morita-san is so Quiet", "url": "http://www.crunchyroll.com/moritasan-wa-mukuchi/episode-1-morita-san-is-so-quiet-581610"}, {"title": "Episode 2 - Miki never Shuts Up", "url": "http://www.crunchyroll.com/moritasan-wa-mukuchi/episode-2-miki-never-shuts-up-581612"}, {"title": "Episode 3 - Hana-chan is Really Shy", "url": "http://www.crunchyroll.com/moritasan-wa-mukuchi/episode-3-hana-chan-is-really-shy-581614"}, {"title": "Episode 4 - Girls can be Lazy too", "url": "http://www.crunchyroll.com/moritasan-wa-mukuchi/episode-4-girls-can-be-lazy-too-581616"}, {"title": "Episode 5 - High School Girls Love Sweets", "url": "http://www.crunchyroll.com/moritasan-wa-mukuchi/episode-5-high-school-girls-love-sweets-581618"}, {"title": "Episode 6 - Runaway Imaginations", "url": "http://www.crunchyroll.com/moritasan-wa-mukuchi/episode-6-runaway-imaginations-581620"}, {"title": "Episode 7 - The Ideal Man", "url": "http://www.crunchyroll.com/moritasan-wa-mukuchi/episode-7-the-ideal-man-581622"}, {"title": "Episode 8 - You've Gotta wear Yukatas to the Summer Festival", "url": "http://www.crunchyroll.com/moritasan-wa-mukuchi/episode-8-youve-gotta-wear-yukatas-to-the-summer-festival-581624"}, {"title": "Episode 9 - The Pool Rules!", "url": "http://www.crunchyroll.com/moritasan-wa-mukuchi/episode-9-the-pool-rules-581626"}, {"title": "Episode 10 - Yamamoto-san is so Cool", "url": "http://www.crunchyroll.com/moritasan-wa-mukuchi/episode-10-yamamoto-san-is-so-cool-581628"}, {"title": "Episode 11 - Every now and then I go on my own", "url": "http://www.crunchyroll.com/moritasan-wa-mukuchi/episode-11-every-now-and-then-i-go-on-my-own-581630"}, {"title": "Episode 12 - A Passionate Couple", "url": "http://www.crunchyroll.com/moritasan-wa-mukuchi/episode-12-a-passionate-couple-584520"}, {"title": "Episode 13 - Spending Our Day off Together", "url": "http://www.crunchyroll.com/moritasan-wa-mukuchi/episode-13-spending-our-day-off-together-584522"}, {"title": "Episode 14 - Our Homeroom Teacher is Maki-sensei", "url": "http://www.crunchyroll.com/moritasan-wa-mukuchi/episode-14-our-homeroom-teacher-is-maki-sensei-585090"}, {"title": "Episode 15 - Baking is Serious Business", "url": "http://www.crunchyroll.com/moritasan-wa-mukuchi/episode-15-baking-is-serious-business-585092"}, {"title": "Episode 16 - Fall is the Season for Reading", "url": "http://www.crunchyroll.com/moritasan-wa-mukuchi/episode-16-fall-is-the-season-for-reading-585094"}, {"title": "Episode 17 - New Seats are the Luck of the Draw", "url": "http://www.crunchyroll.com/moritasan-wa-mukuchi/episode-17-new-seats-are-the-luck-of-the-draw-585096"}, {"title": "Episode 18 - An Exciting Sleepover!", "url": "http://www.crunchyroll.com/moritasan-wa-mukuchi/episode-18-an-exciting-sleepover-585098"}, {"title": "Episode 19 - Fall is the Season of Love?!", "url": "http://www.crunchyroll.com/moritasan-wa-mukuchi/episode-19-fall-is-the-season-of-love-585100"}, {"title": "Episode 20 - Hama-sensei is a Worrywart", "url": "http://www.crunchyroll.com/moritasan-wa-mukuchi/episode-20-hama-sensei-is-a-worrywart-585102"}, {"title": "Episode 21 - Preparation is Everything at the Culture Festival", "url": "http://www.crunchyroll.com/moritasan-wa-mukuchi/episode-21-preparation-is-everything-at-the-culture-festival-585104"}, {"title": "Episode 22 - Home Sick", "url": "http://www.crunchyroll.com/moritasan-wa-mukuchi/episode-22-home-sick-585106"}, {"title": "Episode 23 - Carelessness is Funny ", "url": "http://www.crunchyroll.com/moritasan-wa-mukuchi/episode-23-carelessness-is-funny-585108"}, {"title": "Episode 24 - Mayu Never gets Mad?", "url": "http://www.crunchyroll.com/moritasan-wa-mukuchi/episode-24-mayu-never-gets-mad-585110"}, {"title": "Episode 25 - Christmas Jobs!", "url": "http://www.crunchyroll.com/moritasan-wa-mukuchi/episode-25-christmas-jobs-585112"}, {"title": "Episode 26 - Four Best Friends", "url": "http://www.crunchyroll.com/moritasan-wa-mukuchi/episode-26-four-best-friends-585114"}], "coverImage": {"large": "https://s3.anilist.co/media/anime/cover/medium/10671.jpg", "medium": "https://s3.anilist.co/media/anime/cover/small/10671.jpg"}, "bannerImage": null, "isAdult": false, "format": "TV_SHORT"}, {"id": 10674, "title": {"romaji": "Omake", "english": "Pieces"}, "type": "ANIME", "status": "FINISHED", "description": "Some short pieces of funny animations and penakisticope.<br><br>\n(Source: official website)", "startDate": {"year": 2003, "month": null, "day": null}, "endDate": {"year": 2003, "month": null, "day": null}, "season": null, "episodes": 1, "duration": 2, "genres": ["Comedy"], "averageScore": 46, "trending": 0, "popularity": 76, "streamingEpisodes": [], "coverImage": {"large": "https://s3.anilist.co/media/anime/cover/medium/10674.jpg", "medium": "https://s3.anilist.co/media/anime/cover/small/10674.jpg"}, "bannerImage": null, "isAdult": false, "format": "MOVIE"}, {"id": 10679, "title": {"romaji": "Maria\u2020Holic: Run Run Riru Ran Ran Rara", "english": null}, "type": "ANIME", "status": "FINISHED", "description": "The Maria Holic's official website put this video on its homepage on Children's Day.", "startDate": {"year": 2011, "month": 4, "day": 28}, "endDate": {"year": 2011, "month": 4, "day": 28}, "season": "SPRING", "episodes": 1, "duration": 1, "genres": ["Comedy", "Music"], "averageScore": 51, "trending": 0, "popularity": 397, "streamingEpisodes": [], "coverImage": {"large": "https://s3.anilist.co/media/anime/cover/medium/10679.jpg", "medium": "https://s3.anilist.co/media/anime/cover/small/10679.jpg"}, "bannerImage": null, "isAdult": false, "format": "MUSIC"}, {"id": 10681, "title": {"romaji": "Gekijouban Blood-C: The Last Dark", "english": "Blood-C: The Last Dark"}, "type": "ANIME", "status": "FINISHED", "description": "Despite the use of the Youth Ordinance Bill to enforce curfews for minors and regulate the use of the internet, young people continue to fight for their own freedom through underground methods. One such group calls themselves SIRRUT. They have decided to take on Fumito Nanahara, a man who has great influence on the political world, and basically controls Tokyo with an iron fist. While using the internet as a weapon to discover more information about Fumito, they learn about \"Tower\", the secret organization behind Fumito which engages in human experimentation.<br><br>\nWhen members of Surat attempt to set up an ambush in the subway to expose the truth behind \"Tower\", mysterious creatures suddenly appear and attack the passengers. During this crisis, Saya appears - a young girl who uses a Japanese blade to slay the Old Ones. The same Saya who lost everything dear to her in that horrifying incident in Ukishima Province. What sort of \"experiment\" is Fumito and \"Tower\" trying to conduct using the Old Ones? And can Saya finally deliver vengeance to Fumito?<br><br>\nNow, the final battle begins...<br><br>\n(Source: Official site)", "startDate": {"year": 2012, "month": 6, "day": 2}, "endDate": {"year": 2012, "month": 6, "day": 2}, "season": "SUMMER", "episodes": 1, "duration": 110, "genres": ["Action", "Horror", "Supernatural"], "averageScore": 67, "trending": 0, "popularity": 3813, "streamingEpisodes": [], "coverImage": {"large": "https://s3.anilist.co/media/anime/cover/medium/10681.jpg", "medium": "https://s3.anilist.co/media/anime/cover/small/10681.jpg"}, "bannerImage": "https://s3.anilist.co/media/anime/banner/10681.jpg", "isAdult": false, "format": "MOVIE"}, {"id": 10683, "title": {"romaji": "Tentacle and Witches", "english": null}, "type": "ANIME", "status": "FINISHED", "description": "Tachibana Ichirou, is an ordinary student; however he knows a secret.  That his teacher, Yoshiko is the owner of the mansion on the hill, and she is in fact a witch!  One evening, he goes to the mansion to see her using the magic...", "startDate": {"year": 2011, "month": 5, "day": 27}, "endDate": {"year": 2012, "month": 11, "day": 30}, "season": "SPRING", "episodes": 4, "duration": 30, "genres": ["Hentai", "Supernatural"], "averageScore": 63, "trending": 0, "popularity": 702, "streamingEpisodes": [], "coverImage": {"large": "https://s3.anilist.co/media/anime/cover/medium/10683.jpg", "medium": "https://s3.anilist.co/media/anime/cover/small/10683.jpg"}, "bannerImage": null, "isAdult": true, "format": "OVA"}, {"id": 10684, "title": {"romaji": "Sore Ike! Anpanman: Sukue! Kokorin to Kiseki no Hoshi", "english": null}, "type": "ANIME", "status": "FINISHED", "description": null, "startDate": {"year": 2011, "month": 7, "day": 2}, "endDate": {"year": 2011, "month": 7, "day": 2}, "season": "SUMMER", "episodes": 1, "duration": 46, "genres": ["Comedy", "Fantasy"], "averageScore": null, "trending": 0, "popularity": 18, "streamingEpisodes": [], "coverImage": {"large": "https://s3.anilist.co/media/anime/cover/medium/10684.jpg", "medium": "https://s3.anilist.co/media/anime/cover/small/10684.jpg"}, "bannerImage": null, "isAdult": false, "format": "MOVIE"}, {"id": 10685, "title": {"romaji": "Sore Ike! Anpanman: Utatte Teasobi! Anpanman to Mori no Takara", "english": null}, "type": "ANIME", "status": "FINISHED", "description": null, "startDate": {"year": 2011, "month": 7, "day": 2}, "endDate": {"year": 2011, "month": 7, "day": 2}, "season": "SUMMER", "episodes": 1, "duration": null, "genres": ["Comedy", "Fantasy"], "averageScore": null, "trending": 0, "popularity": 18, "streamingEpisodes": [], "coverImage": {"large": "https://s3.anilist.co/media/anime/cover/medium/10685.jpg", "medium": "https://s3.anilist.co/media/anime/cover/small/10685.jpg"}, "bannerImage": null, "isAdult": false, "format": "MOVIE"}, {"id": 10686, "title": {"romaji": "Naruto: Honoo no Chuunin Shiken! Naruto vs. Konohamaru!!", "english": null}, "type": "ANIME", "status": "FINISHED", "description": "Naruto faces off against his old pupil Konohamaru in a tournament during the chuunin entrance exams. ", "startDate": {"year": 2011, "month": 7, "day": 30}, "endDate": {"year": 2011, "month": 7, "day": 30}, "season": "SUMMER", "episodes": 1, "duration": 14, "genres": ["Action", "Adventure"], "averageScore": 67, "trending": 0, "popularity": 2635, "streamingEpisodes": [], "coverImage": {"large": "https://s3.anilist.co/media/anime/cover/medium/10686.jpg", "medium": "https://s3.anilist.co/media/anime/cover/small/10686.jpg"}, "bannerImage": null, "isAdult": false, "format": "MOVIE"}, {"id": 10687, "title": {"romaji": "Saint Seiya: Legend of Sanctuary", "english": null}, "type": "ANIME", "status": "FINISHED", "description": "A CG anime to commemorate the 25th anniversary of the series and the 40th anniversary of its mangaka.", "startDate": {"year": 2014, "month": 7, "day": 1}, "endDate": {"year": null, "month": null, "day": null}, "season": "SUMMER", "episodes": 1, "duration": 92, "genres": ["Adventure", "Fantasy", "Sci-Fi"], "averageScore": 60, "trending": 0, "popularity": 1400, "streamingEpisodes": [], "coverImage": {"large": "https://s3.anilist.co/media/anime/cover/medium/10687.jpg", "medium": "https://s3.anilist.co/media/anime/cover/small/10687.jpg"}, "bannerImage": null, "isAdult": false, "format": "MOVIE"}, {"id": 10688, "title": {"romaji": "Muybridge's Strings", "english": null}, "type": "ANIME", "status": "FINISHED", "description": "The destiny of photographer Eadweard Muybridge and that of a Japanese mother clash poetically in this exploration of the irrepressible human desire to make time stand still.<br><br>\n(Source: AniDB)", "startDate": {"year": 2011, "month": 5, "day": 16}, "endDate": {"year": 2011, "month": 5, "day": 16}, "season": "SPRING", "episodes": 1, "duration": 13, "genres": ["Drama"], "averageScore": 51, "trending": 0, "popularity": 196, "streamingEpisodes": [], "coverImage": {"large": "https://s3.anilist.co/media/anime/cover/medium/10688.jpg", "medium": "https://s3.anilist.co/media/anime/cover/small/10688.jpg"}, "bannerImage": null, "isAdult": false, "format": "MOVIE"}, {"id": 10689, "title": {"romaji": "Appleseed XIII Remix Movie 1: Yuigon", "english": null}, "type": "ANIME", "status": "FINISHED", "description": "This is a remix, theatrical release of the first half of the Appleseed XIII series.", "startDate": {"year": 2011, "month": 6, "day": 13}, "endDate": {"year": 2011, "month": 6, "day": 13}, "season": "SUMMER", "episodes": 1, "duration": null, "genres": ["Action", "Mecha", "Sci-Fi"], "averageScore": 52, "trending": 0, "popularity": 256, "streamingEpisodes": [], "coverImage": {"large": "https://s3.anilist.co/media/anime/cover/medium/10689.jpg", "medium": "https://s3.anilist.co/media/anime/cover/small/10689.jpg"}, "bannerImage": null, "isAdult": false, "format": "MOVIE"}, {"id": 10690, "title": {"romaji": "Magic Tree House", "english": null}, "type": "ANIME", "status": "FINISHED", "description": "Based on The Magic Tree House series, award winning series of children books written by American author Mary Pope Osborne.<br><br>\nJack and Annie are young siblings who find a magic tree house on their way home after chasing a weasel. By using the books available on the tree house, they are able to travel through time and location. The two end up with the difficult task of collecting four medallions, each one hidden in a different place and epoch, in order to help a magician named Morgan.<br><br>\n(Source: ANN)", "startDate": {"year": 2012, "month": 1, "day": 7}, "endDate": {"year": 2012, "month": 1, "day": 7}, "season": "WINTER", "episodes": 1, "duration": 100, "genres": ["Adventure", "Fantasy"], "averageScore": 62, "trending": 0, "popularity": 588, "streamingEpisodes": [], "coverImage": {"large": "https://s3.anilist.co/media/anime/cover/medium/10690-FLQZI0L3CCuj.jpg", "medium": "https://s3.anilist.co/media/anime/cover/small/10690-FLQZI0L3CCuj.jpg"}, "bannerImage": null, "isAdult": false, "format": "MOVIE"}, {"id": 10691, "title": {"romaji": "Downloader", "english": null}, "type": "ANIME", "status": "FINISHED", "description": "The bishoujo game music brand Gwave and the anime production company Studio Deen launched a joint project team called Cosmic Record. The Cosmic Record label's first effort is a May 27 CD called Downloader by the musical artist Taishi with the synthesized voice of Crypton Future Media's Hatsune Miku virtual idol character. The limited first edition of the CD bundled a DVD with a 3D animated music video produced by Studio Deen.<br><br>\n(Source: ANN)", "startDate": {"year": 2011, "month": 5, "day": 27}, "endDate": {"year": 2011, "month": 5, "day": 27}, "season": null, "episodes": 1, "duration": 4, "genres": ["Music"], "averageScore": 55, "trending": 0, "popularity": 606, "streamingEpisodes": [], "coverImage": {"large": "https://s3.anilist.co/media/anime/cover/medium/10691.jpg", "medium": "https://s3.anilist.co/media/anime/cover/small/10691.jpg"}, "bannerImage": null, "isAdult": false, "format": "MUSIC"}, {"id": 10693, "title": {"romaji": "Appleseed XIII Remix Movie 2: Yogen", "english": null}, "type": "ANIME", "status": "FINISHED", "description": "In the wake of the destruction of a worldwide non-nuclear war, the city Olympus has become the control center of the world. Run by Bioroids (cloned humans made from only the best DNA), it is defended from terrorists by special military forces. Among these are former LAPD SWAT member Deunan Knotts and her multipurpose cyborg partner Brialeos. They face a challenge from the Human Liberation Front and its terrorist underbelly the Argonauts. The leader of this group, Al Ceides, supposedly died 20 years ago in an attack on Poseidon, but now his shadow emerges once again.<br><br>\n(Source: Aniworlds)", "startDate": {"year": 2011, "month": 10, "day": 24}, "endDate": {"year": 2011, "month": 10, "day": 24}, "season": "FALL", "episodes": 1, "duration": null, "genres": ["Action", "Mecha", "Sci-Fi"], "averageScore": 51, "trending": 0, "popularity": 252, "streamingEpisodes": [], "coverImage": {"large": "https://s3.anilist.co/media/anime/cover/medium/10693.jpg", "medium": "https://s3.anilist.co/media/anime/cover/small/10693.jpg"}, "bannerImage": null, "isAdult": false, "format": "MOVIE"}, {"id": 10694, "title": {"romaji": "Bloods: Inraku no Ketsuzoku 2", "english": null}, "type": "ANIME", "status": "FINISHED", "description": "The Sagemiya family is cursed in that its members are sexually aroused in the presence of another of the same bloodline. Sagemiya Misaki and her elder twin, Shun, are both disgusted over this and have sworn to resist the calling of their blood. However, Shun loses his composure and goes to their elder sister, Kagu, for release. After Misaki finds out, she too loses her resolve and seeks out Shun. <br><br>\n(Source: ANN) ", "startDate": {"year": 2011, "month": 7, "day": 29}, "endDate": {"year": 2011, "month": 11, "day": 25}, "season": "SUMMER", "episodes": 2, "duration": 30, "genres": ["Hentai", "Romance"], "averageScore": 61, "trending": 0, "popularity": 740, "streamingEpisodes": [], "coverImage": {"large": "https://s3.anilist.co/media/anime/cover/medium/10694.jpg", "medium": "https://s3.anilist.co/media/anime/cover/small/10694.jpg"}, "bannerImage": null, "isAdult": true, "format": "OVA"}, {"id": 10695, "title": {"romaji": "Yume Kui: Tsurumiku Shiki Game Seisaku", "english": null}, "type": "ANIME", "status": "FINISHED", "description": "The staff members of a certain hentai producing company get personally involved in their work. Perhaps a little too involved as some some male staffers begin to cross the line between fiction and reality.", "startDate": {"year": 2011, "month": 7, "day": 29}, "endDate": {"year": 2011, "month": 9, "day": 30}, "season": "SUMMER", "episodes": 2, "duration": 30, "genres": ["Hentai"], "averageScore": 58, "trending": 0, "popularity": 435, "streamingEpisodes": [], "coverImage": {"large": "https://s3.anilist.co/media/anime/cover/medium/10695-rDJUlVMGhaUT.png", "medium": "https://s3.anilist.co/media/anime/cover/small/10695-rDJUlVMGhaUT.png"}, "bannerImage": null, "isAdult": true, "format": "OVA"}, {"id": 10697, "title": {"romaji": "Asa kara Zusshiri Milk Pot", "english": null}, "type": "ANIME", "status": "FINISHED", "description": "The life of a futanari girl and the various indecent acts she commits in order to temper her uncontrollable sexual urges.<br><br>\n(Source: AniDB)", "startDate": {"year": 2011, "month": 7, "day": 29}, "endDate": {"year": 2012, "month": 1, "day": 27}, "season": "SUMMER", "episodes": 2, "duration": 19, "genres": ["Hentai"], "averageScore": 53, "trending": 0, "popularity": 425, "streamingEpisodes": [], "coverImage": {"large": "https://s3.anilist.co/media/anime/cover/medium/10697.jpg", "medium": "https://s3.anilist.co/media/anime/cover/small/10697.jpg"}, "bannerImage": null, "isAdult": true, "format": "OVA"}, {"id": 10701, "title": {"romaji": "Ulysses 31 Pilot", "english": null}, "type": "ANIME", "status": "FINISHED", "description": "Unaired pilot episode for the TV series.", "startDate": {"year": 1980, "month": null, "day": null}, "endDate": {"year": 1980, "month": null, "day": null}, "season": null, "episodes": 1, "duration": 24, "genres": ["Action", "Adventure", "Sci-Fi"], "averageScore": null, "trending": 0, "popularity": 43, "streamingEpisodes": [], "coverImage": {"large": "https://s3.anilist.co/media/anime/cover/medium/10701.jpg", "medium": "https://s3.anilist.co/media/anime/cover/small/10701.jpg"}, "bannerImage": null, "isAdult": false, "format": "SPECIAL"}, {"id": 10702, "title": {"romaji": "Tekken: Blood Vengeance", "english": null}, "type": "ANIME", "status": "FINISHED", "description": "High school student Ling Xiaoyu is recruited by Anna Williams of G Corporation to transfer to Kyoto University and gather information on a student named Shin Kamiya. Meanwhile, Jin Kazama, the current head of the Mishima Zaibatsu, sends Alisa Bosconovitch to the university for the same mission. Though they do not know each other's true motives, Xiaoyu and Alisa become close friends. However, their friendship is put to the test when Shin is captured by an unknown assailant.<br><br>\n(Source: ANN)", "startDate": {"year": 2011, "month": 7, "day": 26}, "endDate": {"year": 2011, "month": 7, "day": 26}, "season": "SUMMER", "episodes": 1, "duration": 93, "genres": ["Action", "Fantasy", "Sci-Fi", "Supernatural"], "averageScore": 61, "trending": 0, "popularity": 1267, "streamingEpisodes": [], "coverImage": {"large": "https://s3.anilist.co/media/anime/cover/medium/10702.jpg", "medium": "https://s3.anilist.co/media/anime/cover/small/10702.jpg"}, "bannerImage": null, "isAdult": false, "format": "MOVIE"}, {"id": 10703, "title": {"romaji": "Meitantei Conan OVA 11: London kara no Maru Hi Shirei", "english": "Case Closed OVA 11: A Secret Order from London"}, "type": "ANIME", "status": "FINISHED", "description": "Another Detective Conan OVA. It'll be about Ai Haibara's character.", "startDate": {"year": 2011, "month": 5, "day": 30}, "endDate": {"year": 2011, "month": 5, "day": 30}, "season": "SPRING", "episodes": 1, "duration": 25, "genres": ["Adventure", "Comedy", "Mystery"], "averageScore": 67, "trending": 0, "popularity": 732, "streamingEpisodes": [], "coverImage": {"large": "https://s3.anilist.co/media/anime/cover/medium/10703.jpg", "medium": "https://s3.anilist.co/media/anime/cover/small/10703.jpg"}, "bannerImage": null, "isAdult": false, "format": "OVA"}, {"id": 10705, "title": {"romaji": "Yasai no Yousei: N.Y.Salad", "english": null}, "type": "ANIME", "status": "FINISHED", "description": "It is based on N.Y.SALAD written by Yoshitaka Amano. It depicts lives of vegetable fairies at a kitchen in N. Y.", "startDate": {"year": 2007, "month": 4, "day": 5}, "endDate": {"year": 2007, "month": 5, "day": 17}, "season": "SPRING", "episodes": 26, "duration": 5, "genres": [], "averageScore": null, "trending": 0, "popularity": 30, "streamingEpisodes": [], "coverImage": {"large": "https://s3.anilist.co/media/anime/cover/medium/10705.jpg", "medium": "https://s3.anilist.co/media/anime/cover/small/10705.jpg"}, "bannerImage": null, "isAdult": false, "format": "TV_SHORT"}]}}}