{"data": {"Page": {"pageInfo": {"total": 12297, "hasNextPage": true}, "media": [{"id": 1261, "title": {"romaji": "Kyattou Ninden Teyandee", "english": "Samurai Pizza Cats"}, "type": "ANIME", "status": "FINISHED", "description": "The setting is a Japanese looking village named `Little Tokyo' where the Pizza Cats run a pizza fastfood business. Little Tokyo is populated by all kinds of animals. The official governor of the town is the Emperor, but since he has gone bananas a council takes care of the well-being of the village. One of the members of this council is called Seymour \"Big\" Cheese, who secretly wishes to take over control of the village. The pizza take away restaurant is merely a cover for their true job... Whenever evil is afoot, the Pizza Cats are launched towards the danger from the gun-lookalike clock tower that emerges from the top of their restaurant. <br><br>\r\n(Source: ANN)", "startDate": {"year": 1990, "month": 2, "day": 1}, "endDate": {"year": 1991, "month": 2, "day": 12}, "season": "WINTER", "episodes": 54, "duration": 24, "genres": ["Action", "Comedy", "Mecha", "Sci-Fi"], "averageScore": 60, "trending": 0, "popularity": 650, "streamingEpisodes": [{"title": "Episode 1 - Secret Ninja Trio Nyankee Dispatch!", "url": "http://www.crunchyroll.com/samurai-pizza-cats/episode-1-secret-ninja-trio-nyankee-dispatch-712559"}, {"title": "Episode 2 - The Town Is Full of Sushi! Panic!", "url": "http://www.crunchyroll.com/samurai-pizza-cats/episode-2-the-town-is-full-of-sushi-panic-712561"}, {"title": "Episode 3 - Dig a Deep Hole and Dig Some More!", "url": "http://www.crunchyroll.com/samurai-pizza-cats/episode-3-dig-a-deep-hole-and-dig-some-more-712563"}, {"title": "Episode 4 - Have Problems? Buy the Cards of Happiness!", "url": "http://www.crunchyroll.com/samurai-pizza-cats/episode-4-have-problems-buy-the-cards-of-happiness-712565"}, {"title": "Episode 5 - An Idol is Born? A Honeyed Trap in Show Business", "url": "http://www.crunchyroll.com/samurai-pizza-cats/episode-5-an-idol-is-born-a-honeyed-trap-in-show-business-712567"}, {"title": "Episode 6 - Exploration! A Playground for a Precocious Princess!", "url": "http://www.crunchyroll.com/samurai-pizza-cats/episode-6-exploration-a-playground-for-a-precocious-princess-712569"}, {"title": "Episode 7 - Is it True!? Karamaru Becomes a Hero?", "url": "http://www.crunchyroll.com/samurai-pizza-cats/episode-7-is-it-true-karamaru-becomes-a-hero-713091"}, {"title": "Episode 8 - Is it Dreadful? Lord Korn's Big Secret", "url": "http://www.crunchyroll.com/samurai-pizza-cats/episode-8-is-it-dreadful-lord-korns-big-secret-713093"}, {"title": "Episode 9 - The Princess is Excited! Everybody Else Panics!", "url": "http://www.crunchyroll.com/samurai-pizza-cats/episode-9-the-princess-is-excited-everybody-else-panics-713095"}, {"title": "Episode 10 - Listen up! These are the Nyankees!", "url": "http://www.crunchyroll.com/samurai-pizza-cats/episode-10-listen-up-these-are-the-nyankees-713097"}, {"title": "Episode 11 - The Bullied Boy's Father is a Gifted Inventor!?", "url": "http://www.crunchyroll.com/samurai-pizza-cats/episode-11-the-bullied-boys-father-is-a-gifted-inventor-713099"}, {"title": "Episode 12 - Unusual Play, Wonderful Play! The Nyankees' Weakness?", "url": "http://www.crunchyroll.com/samurai-pizza-cats/episode-12-unusual-play-wonderful-play-the-nyankees-weakness-713101"}, {"title": "Episode 13 - The Nyankees Defeated? Appearance of the Four Dark Ninjas!", "url": "http://www.crunchyroll.com/samurai-pizza-cats/episode-13-the-nyankees-defeated-appearance-of-the-four-dark-ninjas-713103"}, {"title": "Episode 14 - Upgrade! The Nyankees Take to the Skies!", "url": "http://www.crunchyroll.com/samurai-pizza-cats/episode-14-upgrade-the-nyankees-take-to-the-skies-713105"}, {"title": "Episode 15 - Wish! Lord Korn wants to be Popular!", "url": "http://www.crunchyroll.com/samurai-pizza-cats/episode-15-wish-lord-korn-wants-to-be-popular-713107"}, {"title": "Episode 16 - Deceit! The Shogun is an Imposter!?", "url": "http://www.crunchyroll.com/samurai-pizza-cats/episode-16-deceit-the-shogun-is-an-imposter-713109"}, {"title": "Episode 17 - Where? The Disappearing Professor", "url": "http://www.crunchyroll.com/samurai-pizza-cats/episode-17-where-the-disappearing-professor-713111"}, {"title": "Episode 18 - Courtship, Courting Challenges on the Baseball Diamond", "url": "http://www.crunchyroll.com/samurai-pizza-cats/episode-18-courtship-courting-challenges-on-the-baseball-diamond-713113"}, {"title": "Episode 19 - Double Date! Double Danger!", "url": "http://www.crunchyroll.com/samurai-pizza-cats/episode-19-double-date-double-danger-713115"}, {"title": "Episode 20 - Eh!? Pururun's Debutante Declaration!", "url": "http://www.crunchyroll.com/samurai-pizza-cats/episode-20-eh-pururuns-debutante-declaration-713117"}, {"title": "Episode 21 - Boom Boom! A Tanuki Makes a Fuss!", "url": "http://www.crunchyroll.com/samurai-pizza-cats/episode-21-boom-boom-a-tanuki-makes-a-fuss-713119"}, {"title": "Episode 22 - Pizza Crows, Limited Express Delivery?", "url": "http://www.crunchyroll.com/samurai-pizza-cats/episode-22-pizza-crows-limited-express-delivery-713121"}, {"title": "Episode 23 - Crash! Who's the Secret Movie Star?", "url": "http://www.crunchyroll.com/samurai-pizza-cats/episode-23-crash-whos-the-secret-movie-star-713123"}, {"title": "Episode 24 - Strange? Lord Korn has a Baby!?", "url": "http://www.crunchyroll.com/samurai-pizza-cats/episode-24-strange-lord-korn-has-a-baby-713125"}, {"title": "Episode 25 - Cute? Yattaro Turns Into a Girl!", "url": "http://www.crunchyroll.com/samurai-pizza-cats/episode-25-cute-yattaro-turns-into-a-girl-713127"}, {"title": "Episode 26 - A Big Adventure! Search for the Cure-All Bird", "url": "http://www.crunchyroll.com/samurai-pizza-cats/episode-26-a-big-adventure-search-for-the-cure-all-bird-713129"}, {"title": "Episode 27 - Unpleasant! Banished to the Prison Island?", "url": "http://www.crunchyroll.com/samurai-pizza-cats/episode-27-unpleasant-banished-to-the-prison-island-713131"}, {"title": "Episode 28 - Can it be? The Nyankees are Disbanded?!", "url": "http://www.crunchyroll.com/samurai-pizza-cats/episode-28-can-it-be-the-nyankees-are-disbanded-713133"}, {"title": "Episode 29 - Exposed!? The Nyankees' Secret Identity!", "url": "http://www.crunchyroll.com/samurai-pizza-cats/episode-29-exposed-the-nyankees-secret-identity-713135"}, {"title": "Episode 30 - Legendary Idol? Skashee Dispatched", "url": "http://www.crunchyroll.com/samurai-pizza-cats/episode-30-legendary-idol-skashee-dispatched-713137"}, {"title": "Episode 31 - Karamaru in Pain! A Ninja's Love", "url": "http://www.crunchyroll.com/samurai-pizza-cats/episode-31-karamaru-in-pain-a-ninjas-love-713139"}, {"title": "Episode 32 - The Origin of Pururun's Flute", "url": "http://www.crunchyroll.com/samurai-pizza-cats/episode-32-the-origin-of-pururuns-flute-713141"}, {"title": "Episode 33 - Mysterious?! A Friend from the Stars!", "url": "http://www.crunchyroll.com/samurai-pizza-cats/episode-33-mysterious-a-friend-from-the-stars-713143"}, {"title": "Episode 34 - A Plan for Certain Victory! The Karakara Clan is Strong!", "url": "http://www.crunchyroll.com/samurai-pizza-cats/episode-34-a-plan-for-certain-victory-the-karakara-clan-is-strong-713145"}, {"title": "Episode 35 - Sagase! Nekkie's Lakeside Disappearance!", "url": "http://www.crunchyroll.com/samurai-pizza-cats/episode-35-sagase-nekkies-lakeside-disappearance-713147"}, {"title": "Episode 36 - The Burning Passion of Youth! Plus the Return of the Professor", "url": "http://www.crunchyroll.com/samurai-pizza-cats/episode-36-the-burning-passion-of-youth-plus-the-return-of-the-professor-713149"}, {"title": "Episode 37 - Really!? Yattaro Dies at Dusk!", "url": "http://www.crunchyroll.com/samurai-pizza-cats/episode-37-really-yattaro-dies-at-dusk-713151"}, {"title": "Episode 38 - Defeat Karamaru! Tears, Tears of a Big Revival", "url": "http://www.crunchyroll.com/samurai-pizza-cats/episode-38-defeat-karamaru-tears-tears-of-a-big-revival-713153"}, {"title": "Episode 39 - Hello! Yattaro Flies Abroad!", "url": "http://www.crunchyroll.com/samurai-pizza-cats/episode-39-hello-yattaro-flies-abroad-713155"}, {"title": "Episode 40 - UFO!? Nyankees vs Aliens!", "url": "http://www.crunchyroll.com/samurai-pizza-cats/episode-40-ufo-nyankees-vs-aliens-713157"}, {"title": "Episode 41 - Touching! Mother Returns Home!", "url": "http://www.crunchyroll.com/samurai-pizza-cats/episode-41-touching-mother-returns-home-713159"}, {"title": "Episode 42 - A Big, Confusing Fight at the Hot Spring?", "url": "http://www.crunchyroll.com/samurai-pizza-cats/episode-42-a-big-confusing-fight-at-the-hot-spring-713161"}, {"title": "Episode 43 - Everybody's Coming! A Tournament to Decide Who's #1!", "url": "http://www.crunchyroll.com/samurai-pizza-cats/episode-43-everybodys-coming-a-tournament-to-decide-whos-1-713163"}, {"title": "Episode 44 - Trouble! Masamasa's Been Stolen!", "url": "http://www.crunchyroll.com/samurai-pizza-cats/episode-44-trouble-masamasas-been-stolen-713165"}, {"title": "Episode 45 - Disappointment! The Misery of Lord Korn!", "url": "http://www.crunchyroll.com/samurai-pizza-cats/episode-45-disappointment-the-misery-of-lord-korn-713167"}, {"title": "Episode 46 - The Nyankees are Trapped in Time!", "url": "http://www.crunchyroll.com/samurai-pizza-cats/episode-46-the-nyankees-are-trapped-in-time-713169"}, {"title": "Episode 47 - They Appear! Nyankee Imposters!", "url": "http://www.crunchyroll.com/samurai-pizza-cats/episode-47-they-appear-nyankee-imposters-713171"}, {"title": "Episode 48 - Nyankee Santas Take to the Skies!", "url": "http://www.crunchyroll.com/samurai-pizza-cats/episode-48-nyankee-santas-take-to-the-skies-713173"}, {"title": "Episode 49 - Tired! Yattaro is Banished to the Prison Island!", "url": "http://www.crunchyroll.com/samurai-pizza-cats/episode-49-tired-yattaro-is-banished-to-the-prison-island-713175"}, {"title": "Episode 50 - Gennari's \"WAHAHA\" Big Plan!", "url": "http://www.crunchyroll.com/samurai-pizza-cats/episode-50-gennaris-wahaha-big-plan-713177"}, {"title": "Episode 51 - Frightening! Lord Korn's Big Plan!", "url": "http://www.crunchyroll.com/samurai-pizza-cats/episode-51-frightening-lord-korns-big-plan-713179"}, {"title": "Episode 52 - Lord Korn's Biggest Operation Ever!", "url": "http://www.crunchyroll.com/samurai-pizza-cats/episode-52-lord-korns-biggest-operation-ever-713181"}, {"title": "Episode 53 - Tomorrow Will Be Another Fine Day!", "url": "http://www.crunchyroll.com/samurai-pizza-cats/episode-53-tomorrow-will-be-another-fine-day-713183"}, {"title": "Episode 54 - Nyankees Forever!", "url": "http://www.crunchyroll.com/samurai-pizza-cats/episode-54-nyankees-forever-713185"}], "coverImage": {"large": "https://s3.anilist.co/media/anime/cover/medium/1261.jpg", "medium": "https://s3.anilist.co/media/anime/cover/small/1261.jpg"}, "bannerImage": null, "isAdult": false, "format": "TV"}, {"id": 1262, "title": {"romaji": "Macross II: Lovers Again", "english": null}, "type": "ANIME", "status": "FINISHED", "description": "A.D. 2089 - 80 years have passed since Space War I changed the lives of both human and Zentraedi races. Both races are at peace on Earth when a new alien race called the \"Marduk\" appear within the Solar System. While covering the first battle between the U.N. Spacy and the Marduk fleet, SNN rookie reporter Hibiki Kanzaki discovers Ishtar, an \"Emulator\" that enhances the Marduk's combat abilities through singing. Hibiki brings Ishtar to Earth to teach her the values of life and culture. Together with ace Valkyrie pilot Silvie Gena, Hibiki and Ishtar must find a way to save Earth from total destruction at the hands of the Marduk leader Ingues. <br><br>\n(Source: ANN)", "startDate": {"year": 1992, "month": 5, "day": 21}, "endDate": {"year": 1992, "month": 11, "day": 21}, "season": "SPRING", "episodes": 6, "duration": 24, "genres": ["Adventure", "Mecha", "Sci-Fi"], "averageScore": 56, "trending": 0, "popularity": 838, "streamingEpisodes": [], "coverImage": {"large": "https://s3.anilist.co/media/anime/cover/medium/1262.jpg", "medium": "https://s3.anilist.co/media/anime/cover/small/1262.jpg"}, "bannerImage": "https://s3.anilist.co/media/anime/banner/1262-uMsZviPK5oaJ.jpg", "isAdult": false, "format": "OVA"}, {"id": 1263, "title": {"romaji": "Suika", "english": "Wet Summer Days"}, "type": "ANIME", "status": "FINISHED", "description": "Dramatic Tension leads to sexual release! Sayaka Shirakawa is the daughter of an art professor who specializes in death-themed paintings. She is dating one of his students, Souji Kamishiro. For some reason, Sayaka seems to be harboring hatred for her father. One day, Mie Wakabayashi, who has romantic feelings for Souji, tells him what she's heard about the Professor: that he has been killing his models so that he can paint their corpses. Meanwhile, Mie happens to witness Shirakawa purchasing poison, and she runs to find Sayaka... <br><br>\n(Source: AniDB) ", "startDate": {"year": 2003, "month": 2, "day": 25}, "endDate": {"year": 2003, "month": 6, "day": 25}, "season": "WINTER", "episodes": 3, "duration": 30, "genres": ["Drama", "Fantasy", "Hentai", "Romance"], "averageScore": 55, "trending": 0, "popularity": 317, "streamingEpisodes": [], "coverImage": {"large": "https://s3.anilist.co/media/anime/cover/medium/1263.jpg", "medium": "https://s3.anilist.co/media/anime/cover/small/1263.jpg"}, "bannerImage": null, "isAdult": true, "format": "OVA"}, {"id": 1264, "title": {"romaji": "Yoroiden Samurai Troopers", "english": "Ronin Warriors"}, "type": "ANIME", "status": "FINISHED", "description": "Thousands of years ago, the evil emperor Talpa attempted to conquer the Earth. Defeated, he was banished to the Nether Realm and his armor was divided into 9 separate suits. Now, he has returned to conquer Earth, having reclaimed 4 of the suits. The other 5 are in the possesion of those who are the only hope of stopping him: The Ronin Warriors. <br><br>\n(Source: ANN)", "startDate": {"year": 1988, "month": 4, "day": 30}, "endDate": {"year": 1989, "month": 3, "day": 4}, "season": "SPRING", "episodes": 39, "duration": 23, "genres": ["Adventure", "Sci-Fi"], "averageScore": 63, "trending": 0, "popularity": 780, "streamingEpisodes": [], "coverImage": {"large": "https://s3.anilist.co/media/anime/cover/medium/1264.jpg", "medium": "https://s3.anilist.co/media/anime/cover/small/1264.jpg"}, "bannerImage": "https://s3.anilist.co/media/anime/banner/1264-FvbMnm5yfwbp.jpg", "isAdult": false, "format": "TV"}, {"id": 1265, "title": {"romaji": "Yoroiden Samurai Troopers Gaiden", "english": "Ronin Warriors Gaiden"}, "type": "ANIME", "status": "FINISHED", "description": "Although Talpa has been defeated, the Warriors don&rsquo;t get much of a break. As they celebrate Ryo&rsquo;s birthday party, the news tells them of a strange killer in samurai armor wreaking havoc in New York. And the armor looks very familiar. Now, they will have to battle the ancient sorcerer Shikaisen for Sage&rsquo;s life!<br><br>\n(Source: AniDB)", "startDate": {"year": 1989, "month": 4, "day": 30}, "endDate": {"year": 1989, "month": 6, "day": 1}, "season": "SPRING", "episodes": 2, "duration": 25, "genres": ["Adventure", "Fantasy"], "averageScore": 54, "trending": 0, "popularity": 159, "streamingEpisodes": [], "coverImage": {"large": "https://s3.anilist.co/media/anime/cover/medium/1265.jpg", "medium": "https://s3.anilist.co/media/anime/cover/small/1265.jpg"}, "bannerImage": null, "isAdult": false, "format": "OVA"}, {"id": 1266, "title": {"romaji": "Yoroiden Samurai Troopers Kikoutei Densetsu", "english": "Ronin Warriors Legend of Kikoutei"}, "type": "ANIME", "status": "FINISHED", "description": "A strange, silent warrior appears. When the Inferno armor is summoned to battle him, the mysterious warrior calls forth his own armor &ndash;a black copy of the Inferno armor! Now, the warriors will find themselves half a world away fighting once more to save humanity, but this time, from their own armor!<br><br>\n(Source: AniDB)", "startDate": {"year": 1989, "month": 10, "day": 8}, "endDate": {"year": 1990, "month": 1, "day": 11}, "season": "FALL", "episodes": 4, "duration": 30, "genres": ["Adventure", "Fantasy"], "averageScore": 53, "trending": 0, "popularity": 137, "streamingEpisodes": [], "coverImage": {"large": "https://s3.anilist.co/media/anime/cover/medium/1266.jpg", "medium": "https://s3.anilist.co/media/anime/cover/small/1266.jpg"}, "bannerImage": null, "isAdult": false, "format": "OVA"}, {"id": 1267, "title": {"romaji": "Yoroiden Samurai Troopers Message", "english": "Ronin Warriors Message"}, "type": "ANIME", "status": "FINISHED", "description": "A 300-year-old book is discovered which chronicles the adventures of the legendary Samurai Troopers&hellip; centuries before they happen! But what does this mean? Are the Troopers merely puppets in some cosmic play, acting out parts? <br><br>\nWho is this mysterious Suzunagi, a mysterious girl who entices each of the warriors with their hearts&rsquo; desire - salvation, new armors, freedom from a life of fighting. Why is she so interested in the troopers and their armors?<br><br>\n(Source: AniDB)", "startDate": {"year": 1991, "month": 3, "day": 21}, "endDate": {"year": 1991, "month": 8, "day": 23}, "season": "SPRING", "episodes": 5, "duration": 30, "genres": ["Adventure", "Fantasy"], "averageScore": null, "trending": 0, "popularity": 117, "streamingEpisodes": [], "coverImage": {"large": "https://s3.anilist.co/media/anime/cover/medium/1267.jpg", "medium": "https://s3.anilist.co/media/anime/cover/small/1267.jpg"}, "bannerImage": null, "isAdult": false, "format": "OVA"}, {"id": 1268, "title": {"romaji": "Aquarian Age the Movie", "english": null}, "type": "ANIME", "status": "FINISHED", "description": "During the chaotic period known in Western astrology as the Aquarian Age, the alien ERASER fleet attacks Earth, ravaging cities. However, a counteroffensive is launched. The four factions&mdash;ARAYASHIKI, WIZDOM, DARKLORE, and E.G.O.&mdash;who have been fighting each other for control of Earth, join forces to defeat the ERASERS.<br><br>\nIn the aftermath, Earth is placed under the unified rule of the POLESTAR EMPIRE. However, peace is shattered when the EMPIRE begins to use forbidden magic. These dark powers cause dimensional rifts around the world and once again plunge Earth into chaos and warfare.<br><br>\n(Source: AniDB)", "startDate": {"year": 2003, "month": 11, "day": 21}, "endDate": {"year": 2003, "month": 11, "day": 21}, "season": "FALL", "episodes": 1, "duration": 60, "genres": ["Action", "Drama"], "averageScore": 47, "trending": 0, "popularity": 167, "streamingEpisodes": [], "coverImage": {"large": "https://s3.anilist.co/media/anime/cover/medium/1268.jpg", "medium": "https://s3.anilist.co/media/anime/cover/small/1268.jpg"}, "bannerImage": null, "isAdult": false, "format": "MOVIE"}, {"id": 1269, "title": {"romaji": "Bio Hunter", "english": null}, "type": "ANIME", "status": "FINISHED", "description": "Two scientists are attempting to distribute the cure for a demon virus that is affecting people all over Japan, however, things have become complicated. One of them has become infected. So begins his battle with himself, as he attempts to not only control his emerging demon side, but also to save the lives of others by wielding its great strength. <br>", "startDate": {"year": 1995, "month": 12, "day": 8}, "endDate": {"year": 1995, "month": 12, "day": 8}, "season": "WINTER", "episodes": 1, "duration": 58, "genres": ["Action", "Horror"], "averageScore": 55, "trending": 0, "popularity": 580, "streamingEpisodes": [], "coverImage": {"large": "https://s3.anilist.co/media/anime/cover/medium/1269.jpg", "medium": "https://s3.anilist.co/media/anime/cover/small/1269.jpg"}, "bannerImage": null, "isAdult": false, "format": "OVA"}, {"id": 1270, "title": {"romaji": "Black Magic M-66", "english": null}, "type": "ANIME", "status": "FINISHED", "description": "Freelance video journalist Sybil bites off more than she can chew when she tangles with a top secret military combat robot programmed to kill the grand-daughter of its creator. <br><br>\n(Source: ANN)<br>", "startDate": {"year": 1987, "month": 6, "day": 28}, "endDate": {"year": 1987, "month": 6, "day": 28}, "season": "SUMMER", "episodes": 1, "duration": 48, "genres": ["Action", "Adventure", "Mecha", "Sci-Fi"], "averageScore": 59, "trending": 0, "popularity": 856, "streamingEpisodes": [], "coverImage": {"large": "https://s3.anilist.co/media/anime/cover/medium/1270.jpg", "medium": "https://s3.anilist.co/media/anime/cover/small/1270.jpg"}, "bannerImage": "https://s3.anilist.co/media/anime/banner/1270-nbKtS6R7xHYg.jpg", "isAdult": false, "format": "OVA"}, {"id": 1271, "title": {"romaji": "Kyoukasho ni Nai!", "english": "Very Private Lesson"}, "type": "ANIME", "status": "FINISHED", "description": "Oraku is a lucky man. He has a comfortable job teaching at a local High School. He has Satsuki, a fellow teacher whom he hopes to marry someday. He has Aya, a beautiful student who has fallen in love with him. He has Aya's father, a wealthy man who wants so much for his little girl to be happy that he has sent her to live with Oraku. Oraku is a very lucky man.<br><br>\nOf course Aya loves nothing more than to come on to Oraku by lounging around his apartment half naked. Unfortunately for Oraku, Aya's father happens to be wealthy because he is a major crime boss, and he will have Oraku slowly murdered if Aya doesn't remain absolutely pure.<br><br>\nNow Oraku must not only restrain himself, but also protect Aya from the hordes of men and woman at school who'd love to get their hands on her body. And of course, if Satsuki or any of the other teachers find out that Oraku is living with one of his students, he will be permanently dismissed from the teaching profession! Oh yes Oraku is lucky...<br><br>\n(Source: AniDB)", "startDate": {"year": 1998, "month": 4, "day": 21}, "endDate": {"year": 1998, "month": 5, "day": 21}, "season": "SPRING", "episodes": 2, "duration": 39, "genres": ["Comedy", "Ecchi"], "averageScore": 47, "trending": 0, "popularity": 240, "streamingEpisodes": [], "coverImage": {"large": "https://s3.anilist.co/media/anime/cover/medium/1271.jpg", "medium": "https://s3.anilist.co/media/anime/cover/small/1271.jpg"}, "bannerImage": null, "isAdult": false, "format": "OVA"}, {"id": 1272, "title": {"romaji": "Injuu Gakuen La Blue Girl", "english": "La Blue Girl"}, "type": "ANIME", "status": "FINISHED", "description": "Mido is just a young, normal girl till she finds out that she comes from a blood line of sex ninjas. Now she and her little ninja buddy must stop 2 demons from opening the realm of the humans to the realm of the demons.<br><br>\n(Source: ANN)", "startDate": {"year": 1992, "month": 6, "day": 26}, "endDate": {"year": 1993, "month": 9, "day": 10}, "season": "SUMMER", "episodes": 6, "duration": 45, "genres": ["Hentai"], "averageScore": 52, "trending": 0, "popularity": 382, "streamingEpisodes": [], "coverImage": {"large": "https://s3.anilist.co/media/anime/cover/medium/1272.jpg", "medium": "https://s3.anilist.co/media/anime/cover/small/1272.jpg"}, "bannerImage": null, "isAdult": true, "format": "OVA"}, {"id": 1273, "title": {"romaji": "Injuu Gakuen La Blue Girl: Fukkatsu Hen", "english": "La Blue Girl Returns"}, "type": "ANIME", "status": "FINISHED", "description": "A race of butterfly-demons named the Mahoroba want to enslave Miko Mido and her sister to steal them the seal case that control the Shikima. Their ultimate goal is to conquer the Shikima Brain, a legendary place of the Shikima realm which is said to confer the power to rule the universe. <br><br>\n(Source: ANN)", "startDate": {"year": 2001, "month": 5, "day": 25}, "endDate": {"year": 2002, "month": 5, "day": 25}, "season": "SPRING", "episodes": 4, "duration": 30, "genres": ["Hentai"], "averageScore": 51, "trending": 0, "popularity": 208, "streamingEpisodes": [], "coverImage": {"large": "https://s3.anilist.co/media/anime/cover/medium/1273.jpg", "medium": "https://s3.anilist.co/media/anime/cover/small/1273.jpg"}, "bannerImage": null, "isAdult": true, "format": "OVA"}, {"id": 1274, "title": {"romaji": "Injuu Gakuen EX", "english": "Lady Blue"}, "type": "ANIME", "status": "FINISHED", "description": "Miko Mido has fallen in love for the first time. Too bad for her that she hasn't the time to pursue the man of her dreams. There is a mysterious female ghost which is attacking Miko's schoolmates and stealing their life-force, and someone has to investigate the case. However, it seems that the ominous phantom is willing to pursue Miko's love interest, too...<br><br>\n(Source: ANN)", "startDate": {"year": 1996, "month": 7, "day": 26}, "endDate": {"year": 1996, "month": 11, "day": 8}, "season": "SUMMER", "episodes": 4, "duration": 30, "genres": ["Hentai"], "averageScore": 49, "trending": 0, "popularity": 156, "streamingEpisodes": [], "coverImage": {"large": "https://s3.anilist.co/media/anime/cover/medium/1274.jpg", "medium": "https://s3.anilist.co/media/anime/cover/small/1274.jpg"}, "bannerImage": null, "isAdult": true, "format": "OVA"}, {"id": 1275, "title": {"romaji": "Can Can Bunny Extra", "english": "Can Can Bunny"}, "type": "ANIME", "status": "FINISHED", "description": "Looking at him, he ain't much. But Kenta scores with every girl he meets. Why, Well, he has a love-struck goddess who's decided to help him out. After the celestial sweetie takes a shine to him, she grants him the ability to seduce seven different women to find out which one is his true love, and in the end, it is a big suprise who his actual true love is. <br>", "startDate": {"year": 1996, "month": 1, "day": 19}, "endDate": {"year": 1997, "month": 4, "day": 21}, "season": "WINTER", "episodes": 6, "duration": 30, "genres": ["Fantasy", "Hentai", "Romance"], "averageScore": null, "trending": 0, "popularity": 151, "streamingEpisodes": [], "coverImage": {"large": "https://s3.anilist.co/media/anime/cover/medium/1275.jpg", "medium": "https://s3.anilist.co/media/anime/cover/small/1275.jpg"}, "bannerImage": "https://s3.anilist.co/media/anime/banner/1275-jSeZKF0pcmN9.jpg", "isAdult": true, "format": "OVA"}, {"id": 1276, "title": {"romaji": "Ys", "english": null}, "type": "ANIME", "status": "FINISHED", "description": "Adol Christen, a young man from the mainland, sails to the besieged land of Esteria in search of adventure. Esteria is being overrun by beasts under the control of the evil priest Dark Fact, and the people of the land are running out of time. However, there is a prophecy that tells of a hero from another land who will come to save Esteria -- and his name would be Adol Christen. <br>", "startDate": {"year": 1989, "month": 11, "day": 21}, "endDate": {"year": 1991, "month": 9, "day": 5}, "season": "FALL", "episodes": 7, "duration": 26, "genres": ["Adventure", "Drama", "Fantasy"], "averageScore": 55, "trending": 0, "popularity": 516, "streamingEpisodes": [], "coverImage": {"large": "https://s3.anilist.co/media/anime/cover/medium/1276-QgLf8WBFQ5NX.png", "medium": "https://s3.anilist.co/media/anime/cover/small/1276-QgLf8WBFQ5NX.png"}, "bannerImage": null, "isAdult": false, "format": "OVA"}, {"id": 1277, "title": {"romaji": "Ys: Tenkuu no Shinden - Adol Christine no Bouken", "english": "Ys II: Castle in the Heavens"}, "type": "ANIME", "status": "FINISHED", "description": "Now that Adol Christen has saved the land of Esteria from the evil priest Dark Fact, Adol and the two priestesses travel to the floating land of Ys, where evil has an even greater influence on the people and no one has hope. The future of Ys falls to Adol, heir to the powers of the priests and the only one who can show the people of Ys the truth about their world. But, as Adol's power grows, he may be the one who will save Ys -- or destroy it. <br>", "startDate": {"year": 1992, "month": 12, "day": 16}, "endDate": {"year": 1993, "month": 7, "day": 21}, "season": "WINTER", "episodes": 4, "duration": 30, "genres": ["Adventure", "Drama", "Fantasy"], "averageScore": 57, "trending": 0, "popularity": 325, "streamingEpisodes": [], "coverImage": {"large": "https://s3.anilist.co/media/anime/cover/medium/1277.jpg", "medium": "https://s3.anilist.co/media/anime/cover/small/1277.jpg"}, "bannerImage": null, "isAdult": false, "format": "OVA"}, {"id": 1278, "title": {"romaji": "Bishoujo Senshi Sailor Moon SuperS Gaiden: Ami-chan no Hatsukoi", "english": "Sailor Moon SuperS Plus: Ami's First Love"}, "type": "ANIME", "status": "FINISHED", "description": "Quiet bookworm of the Sailor Senshi Ami takes pride in her studies, but a rival naming himself \"Mercurius\" is suddenly outscoring her on the national exams. Combine this with a sudden love letter and a youma feeding on Ami's stress over the whole situation, and Sailor Mercury finds herself in a huge pinch. <br><br>\n(Source: ANN)", "startDate": {"year": 1995, "month": 12, "day": 23}, "endDate": {"year": 1995, "month": 12, "day": 23}, "season": "WINTER", "episodes": 1, "duration": 15, "genres": ["Comedy", "Romance", "Mahou Shoujo"], "averageScore": 66, "trending": 0, "popularity": 1062, "streamingEpisodes": [], "coverImage": {"large": "https://s3.anilist.co/media/anime/cover/medium/1278.jpg", "medium": "https://s3.anilist.co/media/anime/cover/small/1278.jpg"}, "bannerImage": null, "isAdult": false, "format": "SPECIAL"}, {"id": 1279, "title": {"romaji": "Taiyou no Ko Esteban", "english": "The Mysterious Cities of Gold"}, "type": "ANIME", "status": "FINISHED", "description": "1532. Esteban (12) is a foundling from Barcelona, with a mysterious power of ordering the Sun to appear, for which he is called \"Child of the Sun\". Upon the death of his adoptive father, Esteban learns he was rescued as a baby from a sinking ship in the ocean. The mysterious medallion that Esteban wears since ever has a trace somewhere in the New World, probably coming from the Mysterious Cities of Gold. Esteban leaves Spain to find his parents and find out who he is. On the way he meets Zia, an Inca girl who was kidnapped from her people years back and has exactly the same medallion as him. Later on they are joined by Tao, a young Galapagos robinson, the last descendant of the Empire of Heva, an Empire said to have built the Cities of Gold. Following Coyolite, the shining star represented on their medallions, the three children travel through the unexplored New World, searching for the Cities of Gold, believing that this way is leading them to their lost parents. <br><br>\n(Source: ANN)", "startDate": {"year": 1982, "month": 6, "day": 29}, "endDate": {"year": 1983, "month": 6, "day": 7}, "season": "SUMMER", "episodes": 39, "duration": 22, "genres": ["Adventure", "Sci-Fi"], "averageScore": 66, "trending": 1, "popularity": 714, "streamingEpisodes": [], "coverImage": {"large": "https://s3.anilist.co/media/anime/cover/medium/1279-NlaozKvHo4cg.jpg", "medium": "https://s3.anilist.co/media/anime/cover/small/1279-NlaozKvHo4cg.jpg"}, "bannerImage": "https://s3.anilist.co/media/anime/banner/1279-hgTJF1oO4MP3.jpg", "isAdult": false, "format": "TV"}, {"id": 1280, "title": {"romaji": "Devil Hunter Yohko", "english": "Devil Hunter Yohko"}, "type": "ANIME", "status": "FINISHED", "description": "Yohko Mono is a regular girl making her way through high school--until she learns that she is the 108th successor to a line of warriors charged with defending the earth against demons. Eventually she must fight her ultimate battle against the demon who started it all. <br><br>\n(Source: ANN)", "startDate": {"year": 1990, "month": 12, "day": 1}, "endDate": {"year": 1995, "month": 7, "day": 1}, "season": "WINTER", "episodes": 6, "duration": 40, "genres": ["Comedy", "Fantasy", "Horror", "Supernatural"], "averageScore": 54, "trending": 0, "popularity": 641, "streamingEpisodes": [], "coverImage": {"large": "https://s3.anilist.co/media/anime/cover/medium/n1280-th0KSWQBpMN2.png", "medium": "https://s3.anilist.co/media/anime/cover/small/n1280-th0KSWQBpMN2.png"}, "bannerImage": "https://s3.anilist.co/media/anime/banner/n1280-Si2TcPPEUZ9t.jpg", "isAdult": false, "format": "OVA"}, {"id": 1281, "title": {"romaji": "Gakkou no Kaidan", "english": "Ghost Stories"}, "type": "ANIME", "status": "FINISHED", "description": "Kids and ghosts. When young Satsuki finds an old book of spells from her passed away mother, she gains the power to fight ghosts that are haunting her new school. With the help of her friends, and of a really wicked devil cat, she must protect everyone around her or be haunted for ever more. <br><br>\n(Source: ANN)", "startDate": {"year": 2000, "month": 10, "day": 22}, "endDate": {"year": 2001, "month": 8, "day": 24}, "season": "FALL", "episodes": 19, "duration": 25, "genres": ["Horror", "Mystery", "Supernatural"], "averageScore": 71, "trending": 0, "popularity": 6283, "streamingEpisodes": [{"title": "Episode 1 - Amanojaku: Tonight, the Spirits Will be Resurrected!", "url": "http://www.crunchyroll.com/ghost-stories/episode-1-amanojaku-tonight-the-spirits-will-be-resurrected-692555"}, {"title": "Episode 2 - Akagami Aogami: A Hand Reaches Out from the Toilet...", "url": "http://www.crunchyroll.com/ghost-stories/episode-2-akagami-aogami-a-hand-reaches-out-from-the-toilet-692557"}, {"title": "Episode 3 - The Curtain is Raised! The Cursed School Fine Arts Festival...", "url": "http://www.crunchyroll.com/ghost-stories/episode-3-the-curtain-is-raised-the-cursed-school-fine-arts-festival-692559"}, {"title": "Episode 4 - Elise: Requiem from the Dead", "url": "http://www.crunchyroll.com/ghost-stories/episode-4-elise-requiem-from-the-dead-692561"}, {"title": "Episode 5 - Datto!!: The Blood Soaked School Sports Festival", "url": "http://www.crunchyroll.com/ghost-stories/episode-5-datto-the-blood-soaked-school-sports-festival-692563"}, {"title": "Episode 6 - Night of Tragedy: The Demon Hand That Tears Through Doors", "url": "http://www.crunchyroll.com/ghost-stories/episode-6-night-of-tragedy-the-demon-hand-that-tears-through-doors-692565"}, {"title": "Episode 7 - Utsushimi: The Soul Stolen by the Mirror!", "url": "http://www.crunchyroll.com/ghost-stories/episode-7-utsushimi-the-soul-stolen-by-the-mirror-692567"}, {"title": "Episode 8 - The Ogre of the Underworld: The Circuits That Lead to Hell", "url": "http://www.crunchyroll.com/ghost-stories/episode-8-the-ogre-of-the-underworld-the-circuits-that-lead-to-hell-692569"}, {"title": "Episode 9 - Shirotabi: The Corpse That Wanders the Night", "url": "http://www.crunchyroll.com/ghost-stories/episode-9-shirotabi-the-corpse-that-wanders-the-night-692571"}, {"title": "Episode 10 - Anamaneki: The Tunnel With No Exit", "url": "http://www.crunchyroll.com/ghost-stories/episode-10-anamaneki-the-tunnel-with-no-exit-692573"}, {"title": "Episode 11 - The Shadows of Horror: The Talking Mary Doll", "url": "http://www.crunchyroll.com/ghost-stories/episode-11-the-shadows-of-horror-the-talking-mary-doll-692575"}, {"title": "Episode 12 - A Mother's Feelings: The Nurse Who Announces Death", "url": "http://www.crunchyroll.com/ghost-stories/episode-12-a-mothers-feelings-the-nurse-who-announces-death-692577"}, {"title": "Episode 13 - Da Vinci: The Picture That Swallows People", "url": "http://www.crunchyroll.com/ghost-stories/episode-13-da-vinci-the-picture-that-swallows-people-692579"}, {"title": "Episode 14 - Railroad Crossing of Evil: The Ghost Photograph That Takes Lives", "url": "http://www.crunchyroll.com/ghost-stories/episode-14-railroad-crossing-of-evil-the-ghost-photograph-that-takes-lives-692581"}, {"title": "Episode 15 - Ritual of Darkness: The Devil's Spell", "url": "http://www.crunchyroll.com/ghost-stories/episode-15-ritual-of-darkness-the-devils-spell-692583"}, {"title": "Episode 16 - Nest of Evil Spirits: The Public Housing Block That Consumes People!!", "url": "http://www.crunchyroll.com/ghost-stories/episode-16-nest-of-evil-spirits-the-public-housing-block-that-consumes-people-692585"}, {"title": "Episode 17 - The Snow Specter: The Horror of Bloodstained Lake!!", "url": "http://www.crunchyroll.com/ghost-stories/episode-17-the-snow-specter-the-horror-of-bloodstained-lake-692587"}, {"title": "Episode 18 - The Voice of the Dead: Akane of the Broadcast Room!", "url": "http://www.crunchyroll.com/ghost-stories/episode-18-the-voice-of-the-dead-akane-of-the-broadcast-room-692589"}, {"title": "Episode 19 - Curse of Death: The Headless Rider!!", "url": "http://www.crunchyroll.com/ghost-stories/episode-19-curse-of-death-the-headless-rider-692591"}, {"title": "Episode 20 - Farewell, Amanojaku", "url": "http://www.crunchyroll.com/ghost-stories/episode-20-farewell-amanojaku-692593"}], "coverImage": {"large": "https://s3.anilist.co/media/anime/cover/medium/1281.jpg", "medium": "https://s3.anilist.co/media/anime/cover/small/1281.jpg"}, "bannerImage": "https://s3.anilist.co/media/anime/banner/1281-QjxPqVZpNYDs.jpg", "isAdult": false, "format": "TV"}, {"id": 1283, "title": {"romaji": "Gestalt", "english": null}, "type": "ANIME", "status": "FINISHED", "description": "The story circulates around a mysterious and dangerous island referred to simply as \"G\". A long time ago, a powerful god named Gestalt was banished to the earth and he had found refuge in the island known as G. To utter the name for which it stands is forbidden, for people were so afraid of the wrath of the god that they considered his name a curse. Father Oliver is a priest who has left his order and traveled to the island of G in order to discover the truth behind it. He ends up making the acquaintance of a young girl named Ohri, who turns out to be quite adept in magic.<br><br>\nMeanwhile, the head of the order has hired a dark elf named, Suzu, to track down Oliver and bring him back. Suzu finds him easily enough. However, she hadn't anticipated the powerful sorceress in his company, Ohri. The girl disposes of Suzu for the moment, and she and the Father continue on. As if things weren't rough enough, the island of G has it's share of monsters and magic-users to get in the way of their travels.<br><br>\n(Source: Wikipedia)", "startDate": {"year": 1997, "month": 1, "day": 22}, "endDate": {"year": 1997, "month": 2, "day": 21}, "season": "WINTER", "episodes": 2, "duration": 29, "genres": ["Adventure", "Comedy", "Fantasy"], "averageScore": 50, "trending": 0, "popularity": 220, "streamingEpisodes": [], "coverImage": {"large": "https://s3.anilist.co/media/anime/cover/medium/1283.jpg", "medium": "https://s3.anilist.co/media/anime/cover/small/1283.jpg"}, "bannerImage": null, "isAdult": false, "format": "OVA"}, {"id": 1284, "title": {"romaji": "Houma Hunter Lime", "english": "Jewel BEM Hunter Lime"}, "type": "ANIME", "status": "FINISHED", "description": "For centuries, the magic and human worlds have been at peace with each other, though physically seperated by a magical gate. But when the powerful magic spheres are stolen and fall to the Earth below, the king of magic sends Boss, a fighter; Lime, a master transformer; and Poogie, a master morpher to retrieve them. With not much time, the trio must retrieve the spheres which, when in contact with the human world, suck up the negative emotions of household objects and become BEMs, Bug Eyed Monsters!<br>", "startDate": {"year": 1996, "month": 10, "day": 25}, "endDate": {"year": 1997, "month": 3, "day": 7}, "season": "FALL", "episodes": 3, "duration": 30, "genres": ["Comedy"], "averageScore": null, "trending": 0, "popularity": 126, "streamingEpisodes": [], "coverImage": {"large": "https://s3.anilist.co/media/anime/cover/medium/1284-Zn0h1AsplSP7.jpg", "medium": "https://s3.anilist.co/media/anime/cover/small/1284-Zn0h1AsplSP7.jpg"}, "bannerImage": "https://s3.anilist.co/media/anime/banner/1284-cCT3wKSgqaQu.jpg", "isAdult": false, "format": "OVA"}, {"id": 1285, "title": {"romaji": "MD Geist", "english": null}, "type": "ANIME", "status": "FINISHED", "description": "In the distant future, mankind has colonized other planets in the universe. While many planets lived in peace, the planet Jerra has been ravaged by decades of war. Geist is an M.D.S. (Most Dangerous Soldier), an enhanced human with unsurpassed combat capabilities and an insatiable lust for battle. Because of his uncontrollable nature, Geist is cryogenically frozen and locked in a satellite. Several years later, the satellite crashes and Geist wakes up from his sleep to engage in another war. This time, to help the army stop the planet's central computer from activating a doomsday device that will lead to total annihilation of all life on Jerra. <br><br>\n(Source: ANN)", "startDate": {"year": 1986, "month": 5, "day": 21}, "endDate": {"year": 1986, "month": 5, "day": 21}, "season": "SPRING", "episodes": 1, "duration": 47, "genres": ["Mecha", "Sci-Fi"], "averageScore": 46, "trending": 0, "popularity": 1166, "streamingEpisodes": [], "coverImage": {"large": "https://s3.anilist.co/media/anime/cover/medium/1285.jpg", "medium": "https://s3.anilist.co/media/anime/cover/small/1285.jpg"}, "bannerImage": "https://s3.anilist.co/media/anime/banner/1285-eNkxC25ObMhJ.jpg", "isAdult": false, "format": "OVA"}, {"id": 1286, "title": {"romaji": "MD Geist II: Death Force", "english": null}, "type": "ANIME", "status": "FINISHED", "description": "After unleashing the Death Force machines all over the planet Jerra, Geist has kept himself busy by dismantling them one by one. But now he faces a formidable opponent in the form of Krauser, another M.D.S. (Most Dangerous Soldier) who has aligned himself as the only savior of mankind. <br><br>\n(Source: ANN)", "startDate": {"year": 1996, "month": 3, "day": 1}, "endDate": {"year": 1996, "month": 3, "day": 1}, "season": "SPRING", "episodes": 1, "duration": 48, "genres": ["Mecha", "Sci-Fi"], "averageScore": 42, "trending": 0, "popularity": 578, "streamingEpisodes": [], "coverImage": {"large": "https://s3.anilist.co/media/anime/cover/medium/1286.jpg", "medium": "https://s3.anilist.co/media/anime/cover/small/1286.jpg"}, "bannerImage": null, "isAdult": false, "format": "OVA"}, {"id": 1287, "title": {"romaji": "Odin: Koushi Hansen Starlight", "english": "Odin: Photon Space Sailer Starlight"}, "type": "ANIME", "status": "FINISHED", "description": "In the year 2099, mankind has colonized parts of the Solar System thanks to the evolution of space travel. To venture further beyond what man has accomplished, the space vessel Starlight is launched. After rescuing a mysterious girl from a wreckage near the asteroid fields, the crew of the Starlight plot a perilous journey towards the Canopus system in search of the planet known only as \"Odin\" - the possible key to all forms of life. <br><br>\n(Source: ANN)", "startDate": {"year": 1985, "month": 8, "day": 10}, "endDate": {"year": 1985, "month": 8, "day": 10}, "season": "SUMMER", "episodes": 1, "duration": 139, "genres": ["Adventure", "Drama", "Sci-Fi"], "averageScore": 42, "trending": 0, "popularity": 193, "streamingEpisodes": [], "coverImage": {"large": "https://s3.anilist.co/media/anime/cover/medium/1287.jpg", "medium": "https://s3.anilist.co/media/anime/cover/small/1287.jpg"}, "bannerImage": null, "isAdult": false, "format": "MOVIE"}, {"id": 1288, "title": {"romaji": "Mobile Police Patlabor: Early Days", "english": null}, "type": "ANIME", "status": "FINISHED", "description": "In the future, rapidly advancing technology gives birth to giant robots known as \"Labors,\" so named for their usefulness in heavy industry. However, this also gives rise to \"Labor crimes,\" resulting the the need for a new branch of law enforcement equiped with and dedicated to the policing of Labors. When Izumi Noa, a female police officer, becomes the newest recruit of Special Vechicals Devision 2, she and her top of the line \"Patrol Labor\" (or \"Patlabor\") Alphonse are swept into a series of adventures featuring crazed construction workers, eco-terrorists, and sea monsters. <br><br>\n(Source: ANN)", "startDate": {"year": 1988, "month": 4, "day": 25}, "endDate": {"year": 1989, "month": 6, "day": 25}, "season": "SPRING", "episodes": 7, "duration": 30, "genres": ["Comedy", "Mecha", "Sci-Fi"], "averageScore": 69, "trending": 0, "popularity": 2185, "streamingEpisodes": [], "coverImage": {"large": "https://s3.anilist.co/media/anime/cover/medium/1288-5XFOZjW78BbM.png", "medium": "https://s3.anilist.co/media/anime/cover/small/1288-5XFOZjW78BbM.png"}, "bannerImage": "https://s3.anilist.co/media/anime/banner/1288-3deqPwV3wR2E.jpg", "isAdult": false, "format": "OVA"}, {"id": 1289, "title": {"romaji": "Mobile Police Patlabor: The New Files", "english": null}, "type": "ANIME", "status": "FINISHED", "description": "Special Vehicles Division 2 is back on duty, along with their Ingram Patrol Labor (Patlabor) robots. Using their courage as well as the Ingrams, Captain Goto's motley crew of officers battle crime in Tokyo city. They also deal with their personal lives, as well as the supernatural. <br><br>\n(Source: ANN)", "startDate": {"year": 1990, "month": 11, "day": 22}, "endDate": {"year": 1992, "month": 4, "day": 23}, "season": "FALL", "episodes": 16, "duration": 30, "genres": ["Comedy", "Mecha", "Sci-Fi"], "averageScore": 69, "trending": 0, "popularity": 670, "streamingEpisodes": [], "coverImage": {"large": "https://s3.anilist.co/media/anime/cover/medium/1289.jpg", "medium": "https://s3.anilist.co/media/anime/cover/small/1289.jpg"}, "bannerImage": null, "isAdult": false, "format": "OVA"}, {"id": 1290, "title": {"romaji": "Mobile Police Patlabor: WXIII", "english": null}, "type": "ANIME", "status": "FINISHED", "description": "When the level of Labor accidents begin to escalate around Tokyo Bay, police detectives Kusumi and Hata are assigned to investigate. What they discover leads to a series of government cover-ups, conspiracy concerning a new biological weapon entitled WXIII-Wasted Thirteen and a tragic, personal connection to Hata. The only hope to stop this threat is to cooperate with the military and lead WXIII into a showdown with the Labors of Special Vehicle Division 2. <br><br>\n(Source: ANN)", "startDate": {"year": 2001, "month": 12, "day": 10}, "endDate": {"year": 2001, "month": 12, "day": 10}, "season": "WINTER", "episodes": 1, "duration": 102, "genres": ["Mecha", "Sci-Fi"], "averageScore": 63, "trending": 0, "popularity": 812, "streamingEpisodes": [], "coverImage": {"large": "https://s3.anilist.co/media/anime/cover/medium/1290-bP0icqyy2QSf.jpg", "medium": "https://s3.anilist.co/media/anime/cover/small/1290-bP0icqyy2QSf.jpg"}, "bannerImage": "https://s3.anilist.co/media/anime/banner/1290-mXuwA7p2aO2R.jpg", "isAdult": false, "format": "MOVIE"}, {"id": 1292, "title": {"romaji": "Afro Samurai", "english": null}, "type": "ANIME", "status": "FINISHED", "description": "After watching his father die in a duel against an unbeatable villian known only as 'Justice,' young Afro fixes his life on the study of swords and revenge. The tale of Afro Samurai is one of bloody hardship and pain. Along his solitary path of revenge for his murdered father, he sheds no tears &amp; knows no love. Forever chased by powerful enemies in a lawless technology-speckled dystopia, he evades bullets and blade to reach his final prey: a man who will not die. But Afro will reach his quarry - even if it means painting a road of blood and brains from here to the bitter inevitable end.", "startDate": {"year": 2007, "month": 1, "day": 4}, "endDate": {"year": 2007, "month": 2, "day": 1}, "season": "WINTER", "episodes": 5, "duration": 27, "genres": ["Action", "Adventure"], "averageScore": 68, "trending": 0, "popularity": 10188, "streamingEpisodes": [], "coverImage": {"large": "https://s3.anilist.co/media/anime/cover/medium/1292.jpg", "medium": "https://s3.anilist.co/media/anime/cover/small/1292.jpg"}, "bannerImage": "https://s3.anilist.co/media/anime/banner/1292-TNtXfuGwQYo6.jpg", "isAdult": false, "format": "TV"}, {"id": 1293, "title": {"romaji": "Urusei Yatsura", "english": null}, "type": "ANIME", "status": "FINISHED", "description": "Urusei Yatsura concerns the tempestuous relationship between two focal characters: Ataru Moroboshi who is possibly the most unfaithful, unlucky and lecherous idiot to have ever been born, and there's Lum, a tigerskin-bikini clad alien package of sex appeal, jealousy and electricity who's fallen for him. The series chronicles the misadventures of these two stubborn teenagers along with a veritable entourage of weird characters. Among these characters is the richest boy on the planet, a superhuman schoolgirl, a fire-breathing baby, a powerful priestess/school nurse, a cute and psychotic alien vixen with a split personality, a gender-bending martial artist, an alien biker chick, an ice queen of Neptune, a deranged monk, a giant ghost cat and hundreds of other lunatic personalities; aliens, humans and inhumans alike interract in endless hysteria in a town named Tomobiki.<br><br>\r\n(Source: AniDB)", "startDate": {"year": 1981, "month": 10, "day": 14}, "endDate": {"year": 1986, "month": 3, "day": 19}, "season": "FALL", "episodes": 195, "duration": 25, "genres": ["Action", "Adventure", "Comedy", "Drama", "Romance", "Sci-Fi"], "averageScore": 70, "trending": 0, "popularity": 3800, "streamingEpisodes": [], "coverImage": {"large": "https://s3.anilist.co/media/anime/cover/medium/1293-4EURYxYs4BEe.jpg", "medium": "https://s3.anilist.co/media/anime/cover/small/1293-4EURYxYs4BEe.jpg"}, "bannerImage": "https://s3.anilist.co/media/anime/banner/1293-XmAkK3xVNmQh.jpg", "isAdult": false, "format": "TV"}, {"id": 1295, "title": {"romaji": "Project A-Ko: Vs", "english": "Project A-ko: Uncivil Wars"}, "type": "ANIME", "status": "FINISHED", "description": "A-ko and B-ko are bounty hunters in an untamed world. When a young heiress, C-ko, falls out of the sky and into their hair, they find themselves battling space pirates and galactic police. Turns out the high-pitched, hungry C-ko holds a secret &mdash;the spirit of an ancient evil&mdash; and is the center of a plot to destroy the universe! ", "startDate": {"year": 1990, "month": 7, "day": 21}, "endDate": {"year": 1990, "month": 8, "day": 21}, "season": "SUMMER", "episodes": 2, "duration": 51, "genres": ["Adventure", "Comedy", "Sci-Fi"], "averageScore": 54, "trending": 0, "popularity": 262, "streamingEpisodes": [], "coverImage": {"large": "https://s3.anilist.co/media/anime/cover/medium/1295.jpg", "medium": "https://s3.anilist.co/media/anime/cover/small/1295.jpg"}, "bannerImage": null, "isAdult": false, "format": "OVA"}, {"id": 1296, "title": {"romaji": "Project A-Ko 2: Daitokuji Zaibatsu no Inbou", "english": "Project A-Ko 2: The Plot of the Daitokuji Financial Group"}, "type": "ANIME", "status": "FINISHED", "description": "Three weeks after the incident that left Captain Napolipolita's ship balancing on top of Graviton City, A-Ko and the gang go on summer vacation. While A-Ko ponders losing some weight and B-Ko devises another plan to defeat her redheaded rival to win C-Ko, Napolipolita and Spy-D experience severe homesickness - begging for a way to return to their home planet. Meanwhile, Hikari Daitokuji - B-Ko's father and the CEO of the Daitokuji Financial Group - arms the local military with new mecha to attack Napolipolita's ship and obtain its advanced technology. <br><br>\n(Source: ANN)", "startDate": {"year": 1987, "month": 5, "day": 21}, "endDate": {"year": 1987, "month": 5, "day": 21}, "season": "SPRING", "episodes": 1, "duration": 48, "genres": ["Comedy", "Mecha", "Sci-Fi"], "averageScore": 57, "trending": 0, "popularity": 346, "streamingEpisodes": [], "coverImage": {"large": "https://s3.anilist.co/media/anime/cover/medium/1296.jpg", "medium": "https://s3.anilist.co/media/anime/cover/small/1296.jpg"}, "bannerImage": null, "isAdult": false, "format": "OVA"}, {"id": 1297, "title": {"romaji": "Project A-ko 3: Cinderella Rhapsody", "english": null}, "type": "ANIME", "status": "FINISHED", "description": "In the middle of another break from school, A-Ko dreams of finding the perfect boyfriend. Because of this, she and C-Ko get into an argument that leads to C-Ko running away and nearly getting hit by a motorcyclist named Kei. While working part-time at a fast-food restaurant to raise money for a party dress, A-Ko meets Kei and immediately falls in love with him. B-Ko happens to like him as well; however, both A-Ko and B-Ko are unaware that C-Ko is the apple of Kei's eyes. <br><br>\n(Source: ANN)", "startDate": {"year": 1988, "month": 6, "day": 20}, "endDate": {"year": 1988, "month": 6, "day": 20}, "season": "SUMMER", "episodes": 1, "duration": 45, "genres": ["Comedy", "Mecha", "Sci-Fi"], "averageScore": 57, "trending": 0, "popularity": 302, "streamingEpisodes": [], "coverImage": {"large": "https://s3.anilist.co/media/anime/cover/medium/1297.jpg", "medium": "https://s3.anilist.co/media/anime/cover/small/1297.jpg"}, "bannerImage": null, "isAdult": false, "format": "OVA"}, {"id": 1298, "title": {"romaji": "Project A-Ko 4: Final", "english": null}, "type": "ANIME", "status": "FINISHED", "description": "In Iraq, a group of archaeologists discover ancient relics that prophecize the coming of a superior race and the end of all civilization. Meanwhile, back in Graviton City, as A-Ko and B-Ko's rivalry over Kei intensifies, Mr. Daitokuji sets up an arranged marriage between Miss Ayumi and Kei. Furious over the engagement, both A-Ko and B-Ko do whatever it takes to prevent the wedding from going through. Little do they know that another alien fleet is on its way towards Earth. <br><br>\n(Source: ANN)", "startDate": {"year": 1989, "month": 10, "day": 7}, "endDate": {"year": 1989, "month": 10, "day": 7}, "season": "FALL", "episodes": 1, "duration": 53, "genres": ["Comedy", "Mecha", "Sci-Fi"], "averageScore": 57, "trending": 0, "popularity": 304, "streamingEpisodes": [], "coverImage": {"large": "https://s3.anilist.co/media/anime/cover/medium/1298.jpg", "medium": "https://s3.anilist.co/media/anime/cover/small/1298.jpg"}, "bannerImage": null, "isAdult": false, "format": "OVA"}, {"id": 1299, "title": {"romaji": "Flag", "english": null}, "type": "ANIME", "status": "FINISHED", "description": "In 20xx, a civil war broke out in a small country in Asia in spite of the dispatch of UN forces. But a picture taken by accident in the battle field accelerates the peace process. It is a picture of a flag which became the symbol of peace. However, just before the peace agreement is achieved, the flag is robbed by an armed extremist group in order to obstruct the truce. The UN decides to send SDC (Special Development Command) and a cameraman to record their activities. That cameraman is Shirasu Saeko - the cameraman who took the picture of the flag. Armed with the HAVWC (High Agility Versatile Weapon Carrier), Saeko documents their journey.<br><br>\n(Source: ANN)", "startDate": {"year": 2006, "month": 6, "day": 16}, "endDate": {"year": 2007, "month": 3, "day": 2}, "season": "SUMMER", "episodes": 13, "duration": 24, "genres": ["Mecha"], "averageScore": 65, "trending": 0, "popularity": 1689, "streamingEpisodes": [], "coverImage": {"large": "https://s3.anilist.co/media/anime/cover/medium/1299-wDv4d8BKOR0b.jpg", "medium": "https://s3.anilist.co/media/anime/cover/small/1299-wDv4d8BKOR0b.jpg"}, "bannerImage": null, "isAdult": false, "format": "TV"}, {"id": 1300, "title": {"romaji": "Omishi Mahou Gekijou: Risky/Safety", "english": null}, "type": "ANIME", "status": "FINISHED", "description": "An apprentice shinigami (Japanese Death God), Risky, is determined to take Moe's life. However, Risky is magically joined with an apprentice angel, Safety, so Risky turns into Safety whenever someone says something nice. As an apprentice shinigami can only take someone's life when that person is really depressed, Risky has quite a problem taking Moe's soul, while dealing with Safety, who often cheers Moe up. <br><br>\n(Source: ANN)", "startDate": {"year": 1999, "month": 10, "day": 5}, "endDate": {"year": 2000, "month": 4, "day": 4}, "season": "FALL", "episodes": 24, "duration": 10, "genres": ["Comedy"], "averageScore": 51, "trending": 0, "popularity": 251, "streamingEpisodes": [], "coverImage": {"large": "https://s3.anilist.co/media/anime/cover/medium/1300.jpg", "medium": "https://s3.anilist.co/media/anime/cover/small/1300.jpg"}, "bannerImage": null, "isAdult": false, "format": "TV_SHORT"}, {"id": 1301, "title": {"romaji": "Ginga Tetsudou 999 (Movie)", "english": null}, "type": "ANIME", "status": "FINISHED", "description": "After the death of his mother at the hands of the evil robot Count Mecha, young Tetsuro has become a delinquent street urchin who dreams only of revenge. <br>\nTetsuro lives in a far future world in which humans have the choice to travel to another planet where they can exchange their bodies for immortal, robotic counterparts. His goal is to someday acquire (through theft) enough money to board the Galaxy Express 999, a train which is capable of traveling through space, and which will take him to the planet of robots. <br><br>\nOne day, after escaping from the police, he meets the beautiful Maetel, who resembles his mother. She offers to take him on the Galaxy Express 999 to get a robotic body and to get revenge on Count Mecha. Along the journey, the two meet many varied people (including Captain Harlock and Queen Emeraldas), and Tetsuro learns what it means to be human.<br><br>\n(Source: ANN)", "startDate": {"year": 1979, "month": 8, "day": 4}, "endDate": {"year": 1979, "month": 8, "day": 4}, "season": "SUMMER", "episodes": 1, "duration": 128, "genres": ["Drama", "Sci-Fi"], "averageScore": 70, "trending": 0, "popularity": 1140, "streamingEpisodes": [], "coverImage": {"large": "https://s3.anilist.co/media/anime/cover/medium/1301.jpg", "medium": "https://s3.anilist.co/media/anime/cover/small/1301.jpg"}, "bannerImage": null, "isAdult": false, "format": "MOVIE"}, {"id": 1302, "title": {"romaji": "Sayonara Ginga Tetsudou 999: Andromeda Shuuchakueki", "english": "Adieu Galaxy Express 999"}, "type": "ANIME", "status": "FINISHED", "description": "Two years after the events in Galaxy Express 999, Earth has become a battleground. Tetsuro, older and fighting the Machine People, rejoins Maetel aboard the GE999. <br>", "startDate": {"year": 1981, "month": 1, "day": 8}, "endDate": {"year": 1981, "month": 1, "day": 8}, "season": "WINTER", "episodes": 1, "duration": 130, "genres": ["Drama", "Sci-Fi"], "averageScore": 66, "trending": 0, "popularity": 524, "streamingEpisodes": [], "coverImage": {"large": "https://s3.anilist.co/media/anime/cover/medium/1302.jpg", "medium": "https://s3.anilist.co/media/anime/cover/small/1302.jpg"}, "bannerImage": "https://s3.anilist.co/media/anime/banner/1302-palEc3EhS7bI.jpg", "isAdult": false, "format": "MOVIE"}, {"id": 1303, "title": {"romaji": "The Animatrix", "english": null}, "type": "ANIME", "status": "FINISHED", "description": "1. Final Flight of the Osiris<br>\nThe crew of the Osiris discover an army preparing to invade Zion. While one crew member races inside the Matrix to get the message to Zion, the others try desperately to buy her enough time while fighting off an onslaught of Sentinels they can't possibly defeat.<br><br>\n2-3. The Second Renaissance Part 1 and 2<br>\nHumans have created the ultimate AI, which is just as smart as they are. But complications arise when these robots and the humans try to exist peacefully, and eventually all-out war breaks out. The humans ultimately lose the war, and become trapped in the Matrix as seen in the live-action films.<br><br>\n4. Kid's Story<br>\nA young man discovers that his world isn't real, that it's a computer-generated fantasy land created by robots using humans for energy. He escapes with the help of the hacker Neo. Based on the Matrix trilogy. <br><br>\n5. Program<br>\nCis and Duo engage in battle in a virtual recreation of Feudal Japan. <br><br>\n6. World Record<br>\nWhile running the fastest race in his life, a champion track star breaks free of his computer-generated world for a small period of time. When he goes back to the real world, he has no memories and is placed in a nursing home. Based on the Matrix trilogy.<br><br>\n7. Beyond<br>\nWhile looking for her lost pet, a young woman meets up with some kids in Tokyo to play in a \"haunted house\", which is really a glitch in their computer world. Based on the Matrix trilogy.<br><br>\n8. Detective Story<br>\nA detective named Ash is called upon by a mysterious organization to hunt down the notorious hacker Trinity.<br><br>\n9. Matriculated<br>\nA group of scientists capture a robot and place it in a surreal fantasy world. When the robot's friends come in and kill most of the scientists, however, the robot and the last scientist remaining face isolation in the computer-generated world. Based on the Matrix trilogy.<br><br>\n(Source: ANN)", "startDate": {"year": 2003, "month": 6, "day": 3}, "endDate": {"year": 2003, "month": 6, "day": 3}, "season": "SUMMER", "episodes": 9, "duration": 10, "genres": ["Action", "Drama", "Sci-Fi"], "averageScore": 68, "trending": 0, "popularity": 3660, "streamingEpisodes": [], "coverImage": {"large": "https://s3.anilist.co/media/anime/cover/medium/1303.jpg", "medium": "https://s3.anilist.co/media/anime/cover/small/1303.jpg"}, "bannerImage": "https://s3.anilist.co/media/anime/banner/1303-iiLsDyN9UW5N.jpg", "isAdult": false, "format": "OVA"}, {"id": 1311, "title": {"romaji": "Chobits Recap", "english": null}, "type": "ANIME", "status": "FINISHED", "description": "A DVD recap episode of the Chobits TV series.", "startDate": {"year": 2003, "month": 10, "day": 31}, "endDate": {"year": 2003, "month": 10, "day": 31}, "season": "FALL", "episodes": 1, "duration": 24, "genres": ["Comedy", "Drama", "Ecchi", "Romance", "Sci-Fi"], "averageScore": 64, "trending": 0, "popularity": 1899, "streamingEpisodes": [], "coverImage": {"large": "https://s3.anilist.co/media/anime/cover/medium/1311.jpg", "medium": "https://s3.anilist.co/media/anime/cover/small/1311.jpg"}, "bannerImage": null, "isAdult": false, "format": "SPECIAL"}, {"id": 1312, "title": {"romaji": "Chikyuu Bouei Kigyou Dai-Guard", "english": null}, "type": "ANIME", "status": "FINISHED", "description": "Plot Summary: Thirteen years after their sudden disappearance, an alien race known as the Heterodyne resurface without warning. To combat the Heterodyne, three office workers from the 21st Century Security Corporation operate Dai-Guard - a giant robot no longer regarded as an oversized paperweight. Unfortunately, Dai-Guard is somewhat obsolete and in disrepair. It's a tough job, but salarymen can also save the world. <br><br>\n(Source: ANN)", "startDate": {"year": 1999, "month": 10, "day": 5}, "endDate": {"year": 2000, "month": 3, "day": 28}, "season": "FALL", "episodes": 26, "duration": 25, "genres": ["Adventure", "Comedy", "Mecha", "Sci-Fi"], "averageScore": 65, "trending": 0, "popularity": 614, "streamingEpisodes": [], "coverImage": {"large": "https://s3.anilist.co/media/anime/cover/medium/1312.jpg", "medium": "https://s3.anilist.co/media/anime/cover/small/1312.jpg"}, "bannerImage": null, "isAdult": false, "format": "TV"}, {"id": 1313, "title": {"romaji": "Digimon Adventure 02", "english": "Digimon: Digital Monsters 02"}, "type": "ANIME", "status": "FINISHED", "description": "A few years after the adventures of the Chosen Children in the Digital World, a new batch of Chosen Children are summoned to save the Digital World. An evil ruler known as the Digimon Kaiser, or Digimon Emperor, is forcing the Digital World's Digimon into enslavement. The new group of Chosen Children, with the help of their Digimon, then begin a journey to stop the evil Digimon Emperor.<br>", "startDate": {"year": 2000, "month": 4, "day": 2}, "endDate": {"year": 2001, "month": 3, "day": 25}, "season": "SPRING", "episodes": 50, "duration": 25, "genres": ["Action", "Adventure", "Comedy", "Drama", "Fantasy"], "averageScore": 68, "trending": 0, "popularity": 9001, "streamingEpisodes": [{"title": "Episode 1 - Enter Flamedramon", "url": "http://www.crunchyroll.com/digimon-adventure-02/episode-1-enter-flamedramon-680251"}, {"title": "Episode 2 - The Digiteam Complete", "url": "http://www.crunchyroll.com/digimon-adventure-02/episode-2-the-digiteam-complete-680253"}, {"title": "Episode 3 - A New Digitude", "url": "http://www.crunchyroll.com/digimon-adventure-02/episode-3-a-new-digitude-680355"}, {"title": "Episode 4 - Iron Vegiemon", "url": "http://www.crunchyroll.com/digimon-adventure-02/episode-4-iron-vegiemon-680357"}, {"title": "Episode 5 - Old Reliable", "url": "http://www.crunchyroll.com/digimon-adventure-02/episode-5-old-reliable-680359"}, {"title": "Episode 6 - Family Picnic", "url": "http://www.crunchyroll.com/digimon-adventure-02/episode-6-family-picnic-680361"}, {"title": "Episode 7 - Guardian Angel", "url": "http://www.crunchyroll.com/digimon-adventure-02/episode-7-guardian-angel-680363"}, {"title": "Episode 8 - Ken's Secret", "url": "http://www.crunchyroll.com/digimon-adventure-02/episode-8-kens-secret-680365"}, {"title": "Episode 9 - The Emperor's New Home", "url": "http://www.crunchyroll.com/digimon-adventure-02/episode-9-the-emperors-new-home-680367"}, {"title": "Episode 10 - The Captive Digimon", "url": "http://www.crunchyroll.com/digimon-adventure-02/episode-10-the-captive-digimon-680369"}, {"title": "Episode 11 - Storm of Friendship", "url": "http://www.crunchyroll.com/digimon-adventure-02/episode-11-storm-of-friendship-680371"}, {"title": "Episode 12 - The Good, the Bad, and the Digi", "url": "http://www.crunchyroll.com/digimon-adventure-02/episode-12-the-good-the-bad-and-the-digi-680373"}, {"title": "Episode 13 - His Master's Voice", "url": "http://www.crunchyroll.com/digimon-adventure-02/episode-13-his-masters-voice-680375"}, {"title": "Episode 14 - The Samurai of Sincerity", "url": "http://www.crunchyroll.com/digimon-adventure-02/episode-14-the-samurai-of-sincerity-680377"}, {"title": "Episode 15 - Big Trouble in Little Edo", "url": "http://www.crunchyroll.com/digimon-adventure-02/episode-15-big-trouble-in-little-edo-680379"}, {"title": "Episode 16 - 20,000 Digi-Leagues Under the Sea", "url": "http://www.crunchyroll.com/digimon-adventure-02/episode-16-20000-digi-leagues-under-the-sea-680381"}, {"title": "Episode 17 - Ghost of a Chance", "url": "http://www.crunchyroll.com/digimon-adventure-02/episode-17-ghost-of-a-chance-680383"}, {"title": "Episode 18 - Run Yolei Run", "url": "http://www.crunchyroll.com/digimon-adventure-02/episode-18-run-yolei-run-680385"}, {"title": "Episode 19 - An Old Enemy Returns", "url": "http://www.crunchyroll.com/digimon-adventure-02/episode-19-an-old-enemy-returns-680387"}, {"title": "Episode 20 - The Darkness Before Dawn", "url": "http://www.crunchyroll.com/digimon-adventure-02/episode-20-the-darkness-before-dawn-680389"}, {"title": "Episode 21 - The Crest of Kindness", "url": "http://www.crunchyroll.com/digimon-adventure-02/episode-21-the-crest-of-kindness-680391"}, {"title": "Episode 22 - Davis Cries Wolfmon", "url": "http://www.crunchyroll.com/digimon-adventure-02/episode-22-davis-cries-wolfmon-680393"}, {"title": "Episode 23 - Genesis of Evil", "url": "http://www.crunchyroll.com/digimon-adventure-02/episode-23-genesis-of-evil-680395"}, {"title": "Episode 24 - If I had a Tail Hammer", "url": "http://www.crunchyroll.com/digimon-adventure-02/episode-24-if-i-had-a-tail-hammer-680397"}, {"title": "Episode 25 - Spirit Needle", "url": "http://www.crunchyroll.com/digimon-adventure-02/episode-25-spirit-needle-680399"}, {"title": "Episode 26 - United We Stand", "url": "http://www.crunchyroll.com/digimon-adventure-02/episode-26-united-we-stand-680401"}, {"title": "Episode 27 - Fusion Confusion", "url": "http://www.crunchyroll.com/digimon-adventure-02/episode-27-fusion-confusion-680403"}, {"title": "Episode 28 - The Insect Master's Trap", "url": "http://www.crunchyroll.com/digimon-adventure-02/episode-28-the-insect-masters-trap-680405"}, {"title": "Episode 29 - Arukenimon's Tangled Web", "url": "http://www.crunchyroll.com/digimon-adventure-02/episode-29-arukenimons-tangled-web-680407"}, {"title": "Episode 30 - Ultimate Anti-Hero", "url": "http://www.crunchyroll.com/digimon-adventure-02/episode-30-ultimate-anti-hero-680409"}, {"title": "Episode 31 - Opposites Attract", "url": "http://www.crunchyroll.com/digimon-adventure-02/episode-31-opposites-attract-680411"}, {"title": "Episode 32 - If I Only had a Heart", "url": "http://www.crunchyroll.com/digimon-adventure-02/episode-32-if-i-only-had-a-heart-680413"}, {"title": "Episode 33 - A Chance Encounter", "url": "http://www.crunchyroll.com/digimon-adventure-02/episode-33-a-chance-encounter-680415"}, {"title": "Episode 34 - Destiny in Doubt", "url": "http://www.crunchyroll.com/digimon-adventure-02/episode-34-destiny-in-doubt-680417"}, {"title": "Episode 35 - Cody Takes a Stand", "url": "http://www.crunchyroll.com/digimon-adventure-02/episode-35-cody-takes-a-stand-680419"}, {"title": "Episode 36 - Stone Soup", "url": "http://www.crunchyroll.com/digimon-adventure-02/episode-36-stone-soup-680421"}, {"title": "Episode 37 - Kyoto Dragon", "url": "http://www.crunchyroll.com/digimon-adventure-02/episode-37-kyoto-dragon-680423"}, {"title": "Episode 38 - A Very Digi-Christmas", "url": "http://www.crunchyroll.com/digimon-adventure-02/episode-38-a-very-digi-christmas-680425"}, {"title": "Episode 39 - Dramon Power", "url": "http://www.crunchyroll.com/digimon-adventure-02/episode-39-dramon-power-680427"}, {"title": "Episode 40 - Digimon World Tour, Part 1", "url": "http://www.crunchyroll.com/digimon-adventure-02/episode-40-digimon-world-tour-part-1-680429"}, {"title": "Episode 41 - Digimon World Tour, Part 2", "url": "http://www.crunchyroll.com/digimon-adventure-02/episode-41-digimon-world-tour-part-2-680431"}, {"title": "Episode 42 - Digimon World Tour, Part 3", "url": "http://www.crunchyroll.com/digimon-adventure-02/episode-42-digimon-world-tour-part-3-680433"}, {"title": "Episode 43 - Invasion of the Daemon Corps", "url": "http://www.crunchyroll.com/digimon-adventure-02/episode-43-invasion-of-the-daemon-corps-680435"}, {"title": "Episode 44 - Dark Sun, Dark Spore", "url": "http://www.crunchyroll.com/digimon-adventure-02/episode-44-dark-sun-dark-spore-680437"}, {"title": "Episode 45 - The Dark Gate", "url": "http://www.crunchyroll.com/digimon-adventure-02/episode-45-the-dark-gate-680439"}, {"title": "Episode 46 - Duel of the WarGreymon", "url": "http://www.crunchyroll.com/digimon-adventure-02/episode-46-duel-of-the-wargreymon-680441"}, {"title": "Episode 47 - Black WarGreymon's Destiny", "url": "http://www.crunchyroll.com/digimon-adventure-02/episode-47-black-wargreymons-destiny-680443"}, {"title": "Episode 48 - Oikawa's Shame", "url": "http://www.crunchyroll.com/digimon-adventure-02/episode-48-oikawas-shame-680445"}, {"title": "Episode 49 - The Last Temptation of the DigiDestined", "url": "http://www.crunchyroll.com/digimon-adventure-02/episode-49-the-last-temptation-of-the-digidestined-680447"}, {"title": "Episode 50 - A Million Points of Light", "url": "http://www.crunchyroll.com/digimon-adventure-02/episode-50-a-million-points-of-light-680449"}], "coverImage": {"large": "https://s3.anilist.co/media/anime/cover/medium/nx1313-oCvzzU6fiCZB.png", "medium": "https://s3.anilist.co/media/anime/cover/small/nx1313-oCvzzU6fiCZB.png"}, "bannerImage": "https://s3.anilist.co/media/anime/banner/1313-wiSJWvPXTwGF.jpg", "isAdult": false, "format": "TV"}, {"id": 1314, "title": {"romaji": "DT Eightron", "english": "DT Eightron"}, "type": "ANIME", "status": "FINISHED", "description": "Shu is from Datania, a country that makes young children work. He and his friends were trying to escape when they met the Returners. The Returners are some kind of rebels to Datania. Shu goes with the Returners to fight Zero, Nines, and his men who are after DT, a special substance inside humans.<br><br>\n(Source: ANN)", "startDate": {"year": 1998, "month": 4, "day": 18}, "endDate": {"year": 1998, "month": 11, "day": 6}, "season": "SPRING", "episodes": 26, "duration": 25, "genres": ["Sci-Fi"], "averageScore": null, "trending": 0, "popularity": 134, "streamingEpisodes": [], "coverImage": {"large": "https://s3.anilist.co/media/anime/cover/medium/1314.jpg", "medium": "https://s3.anilist.co/media/anime/cover/small/1314.jpg"}, "bannerImage": null, "isAdult": false, "format": "TV"}, {"id": 1316, "title": {"romaji": "Idaten Jump", "english": "Idaten Jump"}, "type": "ANIME", "status": "FINISHED", "description": "Sho liked MTB very much and he always practiced at the practice field, &ldquo;X-Zone&rdquo;, with his friends, Takumi and Makoto. Takumi was a good mechanic and Makoto was a competitive girl rider. <br><br>\nOne day, he was challenged by a MTB team, &ldquo;Shark Tooth&rdquo;, of Samejima brothers&rsquo; betting the X-Zone. For Sho, X-Zone was a memorable place where he had spent days with his dead father, and he couldn&rsquo;t lose the game. <br><br>\nThe day came, and during the race with the leader of Shark Tooth, black smoke suddenly covered around, and they were sent to another world. When he came to, he found Kakeru, Makoto, and his MTB, &ldquo;Flame Caesar&rdquo;, were also there. <br><br>\nWhile they were wondering what had happened, MTB riders came. <br>\nThey challenged Sho to a MTB bout. They said Sho had to collect 10 pieces of emblems by winning MTB bout, &ldquo;Idaten Battle&rdquo;. <br><br>\nThis is how Sho came down to compete in Idaten Battle at various courses, such as, volcanos, ruins, deserts, snowy montains, and grave yards. <br>\nWhether will show win the race to come back to his world? <br>", "startDate": {"year": 2005, "month": 10, "day": 1}, "endDate": {"year": 2006, "month": 9, "day": 30}, "season": "FALL", "episodes": 52, "duration": 20, "genres": ["Sports"], "averageScore": 60, "trending": 0, "popularity": 333, "streamingEpisodes": [], "coverImage": {"large": "https://s3.anilist.co/media/anime/cover/medium/1316.jpg", "medium": "https://s3.anilist.co/media/anime/cover/small/1316.jpg"}, "bannerImage": null, "isAdult": false, "format": "TV"}, {"id": 1317, "title": {"romaji": "Eyeshield 21: Maboroshi no Golden Bowl", "english": "The Illusionary Golden Bowl"}, "type": "ANIME", "status": "FINISHED", "description": "The Uraharajuku Boarders may have been knocked out of the Kantou Tournament, but a mysterious proposition from a mysterious man may influence the Governor, a graduate of Uraharajuku High School, to allow Uraharajuku to play Sena Kobayakawa and the Deimon Devilbats in the equally mysterious Golden Bowl, whose winner will seemingly receive a place in the Kantou Tournament. However, when Sena and company arrive at the field, they find the Golden Bowl may be something they didn't bargain for against opponents they may not be able to beat. <br><br>\n(Source: ANN)", "startDate": {"year": 2004, "month": null, "day": null}, "endDate": {"year": 2004, "month": null, "day": null}, "season": null, "episodes": 1, "duration": 30, "genres": ["Sports"], "averageScore": 58, "trending": 0, "popularity": 480, "streamingEpisodes": [], "coverImage": {"large": "https://s3.anilist.co/media/anime/cover/medium/1317.jpg", "medium": "https://s3.anilist.co/media/anime/cover/small/1317.jpg"}, "bannerImage": null, "isAdult": false, "format": "MOVIE"}, {"id": 1324, "title": {"romaji": "Earthian", "english": "Earthian"}, "type": "ANIME", "status": "FINISHED", "description": "Angels from the planet Eden have been watching Earthians, the inhabitants of Earth, for 5 billion years. Chihaya, an angel with unlucky black hair and wings, is a plus checker who travels to Earth with Kagetsuya, a minus checker. Each team of plus and minus checkers keep track of Earth events and, if the score ever reaches minus 10,000, the Earth will be destroyed. The story follows Chihaya and Kagetsuya and the different people and events they observe on Earth.<br><br>\n(Source: ANN)", "startDate": {"year": 1989, "month": 7, "day": 26}, "endDate": {"year": 1996, "month": 12, "day": 21}, "season": "SUMMER", "episodes": 4, "duration": 45, "genres": ["Drama"], "averageScore": 51, "trending": 0, "popularity": 337, "streamingEpisodes": [], "coverImage": {"large": "https://s3.anilist.co/media/anime/cover/medium/1324.jpg", "medium": "https://s3.anilist.co/media/anime/cover/small/1324.jpg"}, "bannerImage": "https://s3.anilist.co/media/anime/banner/1324-fHT4nKlC28zg.jpg", "isAdult": false, "format": "OVA"}, {"id": 1325, "title": {"romaji": "Violinist of Hamelin", "english": "Violinist of Hamelin"}, "type": "ANIME", "status": "FINISHED", "description": "Trouble arises in Staccato one day. Demons show up and start to wreak havoc on the townspeople. The entire country seems to be suffering. The source of the problem is that the \"barrier\" which until now has kept the demons from crossing over to the human world, is weakening. The person who sustains it is losing her strength after holding it up for so many years. That person is Queen Horn of Sforzando. Hell King Bass is trying to break through the barrier and release their \"supreme leader,\" Kestra (Orchestra). One whose power is unparalleled yet is trapped somewhere in the world of the humans.<br><br>\n(Source: AniDB)", "startDate": {"year": 1996, "month": 10, "day": 2}, "endDate": {"year": 1997, "month": 3, "day": 26}, "season": "FALL", "episodes": 25, "duration": 23, "genres": ["Adventure", "Drama", "Fantasy"], "averageScore": 53, "trending": 0, "popularity": 395, "streamingEpisodes": [], "coverImage": {"large": "https://s3.anilist.co/media/anime/cover/medium/1325.jpg", "medium": "https://s3.anilist.co/media/anime/cover/small/1325.jpg"}, "bannerImage": null, "isAdult": false, "format": "TV"}, {"id": 1327, "title": {"romaji": "Aoki Densetsu Shoot!", "english": "Blue Legend Shoot!"}, "type": "ANIME", "status": "FINISHED", "description": "Aoki Densetsu Shoot! (Legendary Blue Shot!) or also known as just \"Shoot!\", is the story of Toshihiko Tanaka, Kenji Shiraishi, and Kazuhiro Hiramatsu. Three high school freshmen who have become best friends during their junior high years while playing soccer together. There they were known as the Kakenishi golden trio for their role in making Kakenishi Junior High`s soccer team into a force to be reckoned with. After junior high, all of them decided to go to the same high school, Kakegawa High, a school only founded a year before, because of their star soccer player, Yoshiharu Kubo, whom they had idolized. <br><br>\nThis young man led Kakegawa High Soccer Club to the best 8 of their prefecture in their first ever appearance with a freshmen only team almost single-handedly. He refuses offers from a number of foreign professional soccer clubs so he can stay at Kake-High to lead them to the All-Japan High School Championship. As the three of them start playing soccer for Kake-High, they experience hardships, romance, and losses on their road to becoming the best Japanese high school soccer team - a team of legends. <br><br>\n(Source: AniDB)", "startDate": {"year": 1993, "month": 11, "day": 7}, "endDate": {"year": 1994, "month": 12, "day": 25}, "season": "FALL", "episodes": 58, "duration": 25, "genres": ["Action", "Comedy", "Drama", "Romance"], "averageScore": 65, "trending": 0, "popularity": 589, "streamingEpisodes": [], "coverImage": {"large": "https://s3.anilist.co/media/anime/cover/medium/1327.jpg", "medium": "https://s3.anilist.co/media/anime/cover/small/1327.jpg"}, "bannerImage": null, "isAdult": false, "format": "TV"}, {"id": 1328, "title": {"romaji": "One Pound Gospel", "english": null}, "type": "ANIME", "status": "FINISHED", "description": "Hatanaka Kosaku, a hopeful boxer, has a mean KO punch. Unfortunately, his dietary willpower is weak, and he eats even greasy hamburgers right before a bout. As a result, he has to compete in higher weight classes, and as soon as he takes an abdomenal punch, he vomits, which causes him to lose the match in shame. As he tries to grapple with his weak will, he meets Sister Angela, a novitiate at a local convent. While Sister Angela strives to help Hatanaka in his endeavor, he seems to make her training to be a nun more difficult.", "startDate": {"year": 1988, "month": 12, "day": 2}, "endDate": {"year": 1988, "month": 12, "day": 2}, "season": "WINTER", "episodes": 1, "duration": 50, "genres": ["Sports"], "averageScore": 59, "trending": 0, "popularity": 311, "streamingEpisodes": [], "coverImage": {"large": "https://s3.anilist.co/media/anime/cover/medium/1328-ok5dA3xiBibE.png", "medium": "https://s3.anilist.co/media/anime/cover/small/1328-ok5dA3xiBibE.png"}, "bannerImage": "https://s3.anilist.co/media/anime/banner/1328-mlHUI0J3lJ82.jpg", "isAdult": false, "format": "OVA"}]}}}