{"data": {"Page": {"pageInfo": {"total": 12297, "hasNextPage": true}, "media": [{"id": 13175, "title": {"romaji": "Shiranpuri", "english": null}, "type": "ANIME", "status": "FINISHED", "description": "Don-chan is being bullied by Yaragase, but when Boku keeps seeing it happen, he has to ask himself, what will he do?<br><br>\nShiranpuri is one of the four anime works that each received 38 million yen (about US$470,000) from the \"2011 Young Animator Training Project.\" Just like in 2010, the animation labor group received 214.5 million yen (US$2.65 million) from the Japanese government's Agency for Cultural Affairs, and it distributed most of those funds to studios who train young animators on-the-job.<br><br>\n(Source: AniDB) ", "startDate": {"year": 2012, "month": 3, "day": 26}, "endDate": {"year": 2012, "month": 3, "day": 26}, "season": "SPRING", "episodes": 1, "duration": 24, "genres": ["Drama"], "averageScore": 58, "trending": 0, "popularity": 617, "streamingEpisodes": [], "coverImage": {"large": "https://s3.anilist.co/media/anime/cover/medium/13175.jpg", "medium": "https://s3.anilist.co/media/anime/cover/small/13175.jpg"}, "bannerImage": null, "isAdult": false, "format": "MOVIE"}, {"id": 13177, "title": {"romaji": "Little Charo", "english": null}, "type": "ANIME", "status": "FINISHED", "description": "NHK's English education program featured the adventures of a puppy named Charo in New York.", "startDate": {"year": 2008, "month": 4, "day": 2}, "endDate": {"year": 2009, "month": 3, "day": 25}, "season": "SPRING", "episodes": 50, "duration": 20, "genres": ["Slice of Life"], "averageScore": null, "trending": 0, "popularity": 30, "streamingEpisodes": [], "coverImage": {"large": "https://s3.anilist.co/media/anime/cover/medium/13177.jpg", "medium": "https://s3.anilist.co/media/anime/cover/small/13177.jpg"}, "bannerImage": null, "isAdult": false, "format": "TV"}, {"id": 13179, "title": {"romaji": "Little Charo 2", "english": null}, "type": "ANIME", "status": "FINISHED", "description": "NHK's English education program. In Little Charo 2, the puppy journeys with his master through a mysterious place called the Middle World, which lies between the World of the Living and the World of the Dead.<br><br>\n(Source: AniDB)", "startDate": {"year": 2010, "month": 3, "day": 28}, "endDate": {"year": 2012, "month": 4, "day": 1}, "season": "SPRING", "episodes": 50, "duration": 20, "genres": ["Slice of Life"], "averageScore": null, "trending": 0, "popularity": 19, "streamingEpisodes": [], "coverImage": {"large": "https://s3.anilist.co/media/anime/cover/medium/13179.jpg", "medium": "https://s3.anilist.co/media/anime/cover/small/13179.jpg"}, "bannerImage": null, "isAdult": false, "format": "TV"}, {"id": 13183, "title": {"romaji": "Fate/Zero Remix", "english": null}, "type": "ANIME", "status": "FINISHED", "description": "Two recap specials titled \"Fate/Zero Remix I\" and \"Fate/Zero Remix II\" serve to summarize the first 13 episodes of Fate/Zero.", "startDate": {"year": 2012, "month": 3, "day": 25}, "endDate": {"year": 2012, "month": 4, "day": 1}, "season": "SPRING", "episodes": 2, "duration": 24, "genres": ["Action", "Fantasy", "Supernatural"], "averageScore": 67, "trending": 0, "popularity": 1639, "streamingEpisodes": [], "coverImage": {"large": "https://s3.anilist.co/media/anime/cover/medium/13183.jpg", "medium": "https://s3.anilist.co/media/anime/cover/small/13183.jpg"}, "bannerImage": null, "isAdult": false, "format": "SPECIAL"}, {"id": 13185, "title": {"romaji": "Juusen Battle Monsuno", "english": "Monsuno: World Master"}, "type": "ANIME", "status": "FINISHED", "description": "Chase Suno and his friends, Jinja and Bren, are on a search for Chase's father, Jeredy Suno. However, they soon become involved in something else upon reaching their father's lab and becoming involved with an organism known as Monsuno. Chase, choosing to side with his father's work, denies S.T.O.R.M. access to the Monsuno and escapes. They are now on the run from the military organization, S.T.O.R.M., while still looking for Chase's father. However, a mysterious organization also has his eyes set on Chase and the group's Monsuno. <br><br>\r\n(Source: Animeultima) ", "startDate": {"year": 2012, "month": 10, "day": 3}, "endDate": {"year": 2013, "month": 9, "day": 25}, "season": "FALL", "episodes": 52, "duration": 22, "genres": ["Action", "Adventure"], "averageScore": 49, "trending": 0, "popularity": 276, "streamingEpisodes": [], "coverImage": {"large": "https://s3.anilist.co/media/anime/cover/medium/13185.jpg", "medium": "https://s3.anilist.co/media/anime/cover/small/13185.jpg"}, "bannerImage": null, "isAdult": false, "format": "TV"}, {"id": 13195, "title": {"romaji": "Misenai Namida wa, Kitto Itsuka", "english": null}, "type": "ANIME", "status": "FINISHED", "description": "The music video of GReeeeN's song \"Misenai Namida wa, Kitto Itsuka\" follows a solitary girl as she struggles to change a world controlled by evil. It is the theme song of the live-action television series <em>Strawberry Night</em>.", "startDate": {"year": 2012, "month": 2, "day": 29}, "endDate": {"year": 2012, "month": 2, "day": 29}, "season": null, "episodes": 1, "duration": 4, "genres": ["Fantasy"], "averageScore": null, "trending": 0, "popularity": 57, "streamingEpisodes": [], "coverImage": {"large": "https://s3.anilist.co/media/anime/cover/medium/13195.jpg", "medium": "https://s3.anilist.co/media/anime/cover/small/13195.jpg"}, "bannerImage": null, "isAdult": false, "format": "MUSIC"}, {"id": 13201, "title": {"romaji": "Monster Farm: Legend e no Michi", "english": "Monster Rancher (2000)"}, "type": "ANIME", "status": "FINISHED", "description": "Genki is a boy who loves playing video games. One day he's zapped into the world of Monster Rancher and meets the girl Holly and the monsters Mochi, Suezo, Golem, Tiger and Hare.<br><br>\nContinuing from where the original story left off, Genki and friends journey to conquer the legend cup in hopes of freeing Holly's father from the mystery disc.<br><br>\n(Source: AniDB)", "startDate": {"year": 2000, "month": 4, "day": 1}, "endDate": {"year": 2000, "month": 9, "day": 30}, "season": "SPRING", "episodes": 25, "duration": 24, "genres": ["Action", "Adventure", "Comedy", "Fantasy"], "averageScore": 60, "trending": 0, "popularity": 835, "streamingEpisodes": [], "coverImage": {"large": "https://s3.anilist.co/media/anime/cover/medium/13201.jpg", "medium": "https://s3.anilist.co/media/anime/cover/small/13201.jpg"}, "bannerImage": null, "isAdult": false, "format": "TV"}, {"id": 13203, "title": {"romaji": "Lupin the Third: Mine Fujiko to Iu Onna", "english": "Lupin the Third: The Woman Called Fujiko Mine"}, "type": "ANIME", "status": "FINISHED", "description": "What happened when Lupin III met Fujiko Mine for the first time? Find out in the first new chapter of the Lupin III franchise in 25 years! <br><br>\r\n(Source: FUNimation) ", "startDate": {"year": 2012, "month": 4, "day": 5}, "endDate": {"year": 2012, "month": 6, "day": 28}, "season": "SPRING", "episodes": 13, "duration": 23, "genres": ["Action", "Adventure", "Comedy", "Ecchi"], "averageScore": 76, "trending": 0, "popularity": 4131, "streamingEpisodes": [], "coverImage": {"large": "https://s3.anilist.co/media/anime/cover/medium/13203.jpg", "medium": "https://s3.anilist.co/media/anime/cover/small/13203.jpg"}, "bannerImage": "https://s3.anilist.co/media/anime/banner/13203-e45A5VcpIjow.jpg", "isAdult": false, "format": "TV"}, {"id": 13207, "title": {"romaji": "Himitsukessha Taka no Tsume Gaiden: Mukashi no Yoshida-kun", "english": null}, "type": "ANIME", "status": "FINISHED", "description": "The television shorts follow the original anime's Yoshida-kun character as he travels through western Japan's Shimane Prefecture, his birthplace, in the past. Each episode of the Shimane sightseeing guide program introduce one famous place in the prefecture.<br><br>\n(Source: ANN)", "startDate": {"year": 2012, "month": 1, "day": 22}, "endDate": {"year": 2012, "month": 3, "day": 18}, "season": "WINTER", "episodes": 11, "duration": 3, "genres": ["Comedy"], "averageScore": null, "trending": 0, "popularity": 32, "streamingEpisodes": [], "coverImage": {"large": "https://s3.anilist.co/media/anime/cover/medium/13207.jpg", "medium": "https://s3.anilist.co/media/anime/cover/small/13207.jpg"}, "bannerImage": null, "isAdult": false, "format": "TV_SHORT"}, {"id": 13215, "title": {"romaji": "Guskou Budori no Denki (2012)", "english": "The Life of Budori Gusuko"}, "type": "ANIME", "status": "FINISHED", "description": "The fairy tale follows a young man named Guskou in the Tohoku forests of northeastern Japan in the 1920s. After an onslaught of droughts and natural disasters, Guskou is forced to leave his home and search for a better life elsewhere. Guskou joins a group of scientists at the Ihatov Volcano Department, which deals with the same natural disasters that drove Guskou from his home.<br><br>\n(Source: ANN)", "startDate": {"year": 2012, "month": 7, "day": 7}, "endDate": {"year": 2012, "month": 7, "day": 7}, "season": "SUMMER", "episodes": 1, "duration": 106, "genres": ["Drama", "Fantasy", "Slice of Life"], "averageScore": 56, "trending": 0, "popularity": 573, "streamingEpisodes": [], "coverImage": {"large": "https://s3.anilist.co/media/anime/cover/medium/13215.jpg", "medium": "https://s3.anilist.co/media/anime/cover/small/13215.jpg"}, "bannerImage": "https://s3.anilist.co/media/anime/banner/13215-9eddGvaNqvEz.jpg", "isAdult": false, "format": "MOVIE"}, {"id": 13217, "title": {"romaji": "Hishoka Drop The Animation", "english": null}, "type": "ANIME", "status": "FINISHED", "description": "A young assistant finds himself surrounded by hot office ladies so he thinks his dearest dream just came true, but soon he realizes that -more than a harem master- he is like the office sexual toy. <br><br>\r\n(Source: ANN) ", "startDate": {"year": 2012, "month": 5, "day": 25}, "endDate": {"year": 2012, "month": 5, "day": 25}, "season": "SPRING", "episodes": 1, "duration": 30, "genres": ["Hentai"], "averageScore": 55, "trending": 0, "popularity": 231, "streamingEpisodes": [], "coverImage": {"large": "https://s3.anilist.co/media/anime/cover/medium/13217.jpg", "medium": "https://s3.anilist.co/media/anime/cover/small/13217.jpg"}, "bannerImage": null, "isAdult": true, "format": "OVA"}, {"id": 13219, "title": {"romaji": "Hime-sama Gentei!", "english": null}, "type": "ANIME", "status": "FINISHED", "description": "This is the first title by Princess Sugar. Celina is the princess of the prosperous western European country of Mellberg and came to Japan to study at a normal school while concealing her true identity. Since she is a distant relative to Yuu, she ends up living in his house. One day, the princess of the resource-rich country of Marualand, Olivia, was exiled to Japan in a coup d&rsquo;&eacute;tat. Quickly gaining notice around the town, she was treated like a honored guest. However, Yuu disapproved of her snobby attitude since he had grown accustomed to being around princess Celina. Then, Celina told Olivia not to be near him as he is her most precious person. Not backing down from the challenge, she states that she will make him hers. <br><br>\n(Source: VNDB) ", "startDate": {"year": 2012, "month": 5, "day": 25}, "endDate": {"year": 2012, "month": 10, "day": 26}, "season": "SPRING", "episodes": 2, "duration": 30, "genres": ["Hentai"], "averageScore": 60, "trending": 0, "popularity": 454, "streamingEpisodes": [], "coverImage": {"large": "https://s3.anilist.co/media/anime/cover/medium/13219.jpg", "medium": "https://s3.anilist.co/media/anime/cover/small/13219.jpg"}, "bannerImage": "https://s3.anilist.co/media/anime/banner/13219-L464TGWtip7F.jpg", "isAdult": true, "format": "OVA"}, {"id": 13221, "title": {"romaji": "Kyonyuu Fantasy", "english": null}, "type": "ANIME", "status": "FINISHED", "description": "Based on the erotic game by Waffle.<br>\n<br>\nThe story follows Ryuuto Hende, a soldier with unbelievable luck who was assigned to the province where a succubus is drying out men to death, and the local \"first lady\", who happens to be sexually frustrated. The H-parts show mostly a big-breasts theme and mutual love/appreciation.", "startDate": {"year": 2012, "month": 5, "day": 25}, "endDate": {"year": 2012, "month": 7, "day": 27}, "season": "SPRING", "episodes": 2, "duration": 29, "genres": ["Hentai", "Supernatural", "Fantasy"], "averageScore": 66, "trending": 0, "popularity": 997, "streamingEpisodes": [], "coverImage": {"large": "https://s3.anilist.co/media/anime/cover/medium/13221.jpg", "medium": "https://s3.anilist.co/media/anime/cover/small/13221.jpg"}, "bannerImage": null, "isAdult": true, "format": "OVA"}, {"id": 13223, "title": {"romaji": "Bible Black: New Testament Recap", "english": null}, "type": "ANIME", "status": "FINISHED", "description": "A summary of episodes 1-6. 1 hour of material cut out but 4 new scenes (7.5 minutes) added. ", "startDate": {"year": 2008, "month": 6, "day": 25}, "endDate": {"year": 2008, "month": 6, "day": 25}, "season": "SUMMER", "episodes": 1, "duration": 80, "genres": ["Hentai"], "averageScore": 52, "trending": 0, "popularity": 283, "streamingEpisodes": [], "coverImage": {"large": "https://s3.anilist.co/media/anime/cover/medium/13223.jpg", "medium": "https://s3.anilist.co/media/anime/cover/small/13223.jpg"}, "bannerImage": null, "isAdult": true, "format": "OVA"}, {"id": 13231, "title": {"romaji": "Metal Fight Beyblade Zero G", "english": "Beyblade: Shogun Steel"}, "type": "ANIME", "status": "FINISHED", "description": "Seven years after the Nemesis Crisis, much of the world has been devastated and ruined after the tragic fighting.  As a result, most people lost faith and interest in Beyblading.  Otori Tsubasa, who became leader of the WBBA, made it his life goal to ensure humanity could restore itself, as well as restore the popularity of Beyblading.  He created the Zero-G battling style as a result, and hopes a new generation of bladers will rise up to accept the sport once again.  One of these is a teenager named Zero Kurogane, who aims to become the top blader after having a destined encounter with the hero of the Nemesis Crisis, Ginga Hagane.", "startDate": {"year": 2012, "month": 4, "day": 8}, "endDate": {"year": 2012, "month": 12, "day": 23}, "season": "SPRING", "episodes": 38, "duration": 12, "genres": ["Adventure", "Sports"], "averageScore": 51, "trending": 0, "popularity": 423, "streamingEpisodes": [], "coverImage": {"large": "https://s3.anilist.co/media/anime/cover/medium/13231.jpg", "medium": "https://s3.anilist.co/media/anime/cover/small/13231.jpg"}, "bannerImage": null, "isAdult": false, "format": "TV_SHORT"}, {"id": 13233, "title": {"romaji": "Mugen no Ryvius: Illusion", "english": null}, "type": "ANIME", "status": "FINISHED", "description": "A collection of comedy shorts with the characters of Mugen no Ryvius.", "startDate": {"year": 2000, "month": null, "day": null}, "endDate": {"year": 2000, "month": null, "day": null}, "season": null, "episodes": 6, "duration": 7, "genres": ["Comedy"], "averageScore": null, "trending": 0, "popularity": 77, "streamingEpisodes": [], "coverImage": {"large": "https://s3.anilist.co/media/anime/cover/medium/13233.jpg", "medium": "https://s3.anilist.co/media/anime/cover/small/13233.jpg"}, "bannerImage": null, "isAdult": false, "format": "SPECIAL"}, {"id": 13239, "title": {"romaji": "Mass Effect: Paragon Lost", "english": "Mass Effect: Paragon Lost"}, "type": "ANIME", "status": "FINISHED", "description": "Mass Effect: Paragon Lost is the prequel to the highly-anticipated Mass Effect 3 and follows the early career of Alliance Marine, James Vega. Vega leads an elite Special Forces squad into battle against a mysterious alien threat known as The Collectors. Stationed at a colony in a remote star system, Vega and his soldiers must protect the civilians from a ruthless invasion determined to capture the population for unknown purposes. Learn more about the Mass Effect universe with an unprecedented glimpse into the haunted past of Mass Effect's newest hero! <br><br>\n(Source: masseffectparagonlost.com) ", "startDate": {"year": 2012, "month": 11, "day": 29}, "endDate": {"year": 2012, "month": 11, "day": 29}, "season": "FALL", "episodes": 1, "duration": 95, "genres": ["Action", "Adventure", "Sci-Fi"], "averageScore": 54, "trending": 0, "popularity": 602, "streamingEpisodes": [], "coverImage": {"large": "https://s3.anilist.co/media/anime/cover/medium/13239.jpg", "medium": "https://s3.anilist.co/media/anime/cover/small/13239.jpg"}, "bannerImage": null, "isAdult": false, "format": "MOVIE"}, {"id": 13245, "title": {"romaji": "New Prince of Tennis Specials", "english": "Prince of Tennis II Specials"}, "type": "ANIME", "status": "FINISHED", "description": "Short Special releases with the DVDs that takes place before the events of the U-17.", "startDate": {"year": 2012, "month": 4, "day": 20}, "endDate": {"year": 2013, "month": 4, "day": 24}, "season": "SPRING", "episodes": 7, "duration": 23, "genres": ["Action", "Comedy", "Sports"], "averageScore": 68, "trending": 0, "popularity": 539, "streamingEpisodes": [], "coverImage": {"large": "https://s3.anilist.co/media/anime/cover/medium/13245.jpg", "medium": "https://s3.anilist.co/media/anime/cover/small/13245.jpg"}, "bannerImage": null, "isAdult": false, "format": "SPECIAL"}, {"id": 13247, "title": {"romaji": "Lupin III: Lupin Ikka Seizoroi", "english": null}, "type": "ANIME", "status": "FINISHED", "description": "Special included with the Lupin 40th anniversary Bluray set.", "startDate": {"year": 2012, "month": 3, "day": 28}, "endDate": {"year": 2012, "month": 3, "day": 28}, "season": "SPRING", "episodes": 1, "duration": 10, "genres": ["Adventure", "Comedy"], "averageScore": 59, "trending": 0, "popularity": 273, "streamingEpisodes": [], "coverImage": {"large": "https://s3.anilist.co/media/anime/cover/medium/13247.jpg", "medium": "https://s3.anilist.co/media/anime/cover/small/13247.jpg"}, "bannerImage": null, "isAdult": false, "format": "SPECIAL"}, {"id": 13249, "title": {"romaji": "Lupin VIII", "english": null}, "type": "ANIME", "status": "FINISHED", "description": "Pilot of Lupin sequel to be included with the Lupin 40th anniversary Bluray set.<br><br>\n5 generations after Lupin the 3rd, Lupin the 8th plies his trade in an airship that flies above a futuristic Paris.<br><br>\n(Source: ANN)", "startDate": {"year": 2012, "month": 3, "day": 28}, "endDate": {"year": 2012, "month": 3, "day": 28}, "season": "SPRING", "episodes": 1, "duration": 22, "genres": ["Adventure", "Comedy"], "averageScore": 49, "trending": 0, "popularity": 234, "streamingEpisodes": [], "coverImage": {"large": "https://s3.anilist.co/media/anime/cover/medium/13249.jpg", "medium": "https://s3.anilist.co/media/anime/cover/small/13249.jpg"}, "bannerImage": null, "isAdult": false, "format": "SPECIAL"}, {"id": 13251, "title": {"romaji": "Shin Hikari Shinwa: Palutena no Kagami", "english": "Kid Icarus: Uprising"}, "type": "ANIME", "status": "FINISHED", "description": "Anime shorts of the 3DS game \"Kid Icarus: Uprising\", known as \"Shin Hikari Shinwa: Palutena no Kagami\" in Japan.<br><br>\nEpisode 1 - Thanatos Rising<br>\nAnimation: Production I.G<br>\nDirector: Junichi Fujisaku<br><br>\nEpisode 2 - Medusa's Revenge<br>\nAnimation: Studio 4&deg;C<br>\nDirector: Kazuto Nakazawa<br><br>\nEpisode 3 - Palutena's Revolting Dinner<br>\nAnimation: SHAFT<br>\nDirector: Akiyuki Shinbou", "startDate": {"year": 2012, "month": 3, "day": 13}, "endDate": {"year": 2012, "month": 3, "day": 19}, "season": "SPRING", "episodes": 3, "duration": 6, "genres": ["Adventure", "Comedy", "Fantasy"], "averageScore": 56, "trending": 0, "popularity": 372, "streamingEpisodes": [], "coverImage": {"large": "https://s3.anilist.co/media/anime/cover/medium/13251-vBClSkjq1lKI.jpg", "medium": "https://s3.anilist.co/media/anime/cover/small/13251-vBClSkjq1lKI.jpg"}, "bannerImage": null, "isAdult": false, "format": "ONA"}, {"id": 13253, "title": {"romaji": "Blossom", "english": null}, "type": "ANIME", "status": "FINISHED", "description": "Zapuni unites Japanese visual artists with world-renowned musicians to create and dedicate videos to charities that help children affected by the Great Tohoku Earthquake and Fukushima Nuclear Disaster in Japan with the power of music.<br>\n<br>\nMusic video that was part of the Zapuni Project to raise money for various charities to help children affected by the 3.11 Tohoku earthquake.<br>\n<br>\n(Source: zapuni.com)", "startDate": {"year": 2012, "month": 3, "day": 24}, "endDate": {"year": 2012, "month": 3, "day": 24}, "season": "SPRING", "episodes": 1, "duration": 5, "genres": ["Music"], "averageScore": 61, "trending": 0, "popularity": 560, "streamingEpisodes": [], "coverImage": {"large": "https://s3.anilist.co/media/anime/cover/medium/13253.jpg", "medium": "https://s3.anilist.co/media/anime/cover/small/13253.jpg"}, "bannerImage": null, "isAdult": false, "format": "MOVIE"}, {"id": 13255, "title": {"romaji": "Haru wa Kuru", "english": null}, "type": "ANIME", "status": "FINISHED", "description": "A short promotional film for the Johnnie Walker whiskey brand, animated by STUDIO 4&deg;C.", "startDate": {"year": 2012, "month": 1, "day": 27}, "endDate": {"year": 2012, "month": 1, "day": 27}, "season": "WINTER", "episodes": 1, "duration": 4, "genres": ["Adventure"], "averageScore": 47, "trending": 0, "popularity": 105, "streamingEpisodes": [], "coverImage": {"large": "https://s3.anilist.co/media/anime/cover/medium/13255.jpg", "medium": "https://s3.anilist.co/media/anime/cover/small/13255.jpg"}, "bannerImage": null, "isAdult": false, "format": "ONA"}, {"id": 13259, "title": {"romaji": "Kyoto Animation: Ajisai-hen", "english": null}, "type": "ANIME", "status": "FINISHED", "description": "Kyoto Animation commercial.", "startDate": {"year": 2011, "month": 6, "day": 16}, "endDate": {"year": 2011, "month": 6, "day": 16}, "season": "SUMMER", "episodes": 1, "duration": null, "genres": [], "averageScore": 51, "trending": 0, "popularity": 624, "streamingEpisodes": [], "coverImage": {"large": "https://s3.anilist.co/media/anime/cover/medium/13259.jpg", "medium": "https://s3.anilist.co/media/anime/cover/small/13259.jpg"}, "bannerImage": null, "isAdult": false, "format": "SPECIAL"}, {"id": 13261, "title": {"romaji": "Inazuma Eleven Go: Chrono Stone", "english": null}, "type": "ANIME", "status": "FINISHED", "description": "The story is set after the end of Holy Road tournament finals of the first Inazuma Eleven GO anime, and Tenma returns to Raimon Junior High School. However, this is not the Raimon that Tenma remembers, and the members of the Raimon team no longer play soccer. <br><br>\nTenma realizes that this is a parallel world when Alpha, the captain and forward of the Protocol Omega team, appears before him. Alpha is part of a secret project in the future to wipe out soccer. <br><br>\nTo aid Tenma in his adventures, the Inazuma Caravan van seen in previous Inazuma Eleven anime has been modified into a flying time machine.<br><br>\n(Source: ANN)", "startDate": {"year": 2012, "month": 4, "day": 18}, "endDate": {"year": 2013, "month": 5, "day": 1}, "season": "SPRING", "episodes": 51, "duration": 23, "genres": ["Sports"], "averageScore": 68, "trending": 0, "popularity": 1517, "streamingEpisodes": [], "coverImage": {"large": "https://s3.anilist.co/media/anime/cover/medium/13261.jpg", "medium": "https://s3.anilist.co/media/anime/cover/small/13261.jpg"}, "bannerImage": null, "isAdult": false, "format": "TV"}, {"id": 13263, "title": {"romaji": "Fate/Zero: Onegai! Einzbern Soudanshitsu", "english": "Fate/Zero: Please! Einzbern Counseling Room"}, "type": "ANIME", "status": "FINISHED", "description": "Written by Kinoko Nasu, these specials are included in the BD box sets I &amp; II.<br><br>\nJoin Irisviel as she helps Disciple No. Zero understand more details and history relating to the Holy Grail War.", "startDate": {"year": 2012, "month": 3, "day": 7}, "endDate": {"year": 2012, "month": 9, "day": 19}, "season": "SPRING", "episodes": 6, "duration": 20, "genres": ["Comedy"], "averageScore": 64, "trending": 0, "popularity": 2983, "streamingEpisodes": [], "coverImage": {"large": "https://s3.anilist.co/media/anime/cover/medium/13263-TtCqlSFIpfrM.jpg", "medium": "https://s3.anilist.co/media/anime/cover/small/13263-TtCqlSFIpfrM.jpg"}, "bannerImage": null, "isAdult": false, "format": "SPECIAL"}, {"id": 13267, "title": {"romaji": "Shinryaku!! Ika Musume", "english": "Squid Girl OVA"}, "type": "ANIME", "status": "FINISHED", "description": "Original anime DVD bundled with the 12th, 14th, and 17th volumes of the manga.", "startDate": {"year": 2012, "month": 8, "day": 8}, "endDate": {"year": 2014, "month": 9, "day": 8}, "season": null, "episodes": 3, "duration": 24, "genres": ["Comedy", "Slice of Life"], "averageScore": 72, "trending": 0, "popularity": 2334, "streamingEpisodes": [{"title": "Squid Girl Preview #1", "url": "http://www.crunchyroll.com/squid-girl/squid-girl-season-1-squid-girl-preview-1-560298"}, {"title": "Interview with Squid Girl (Hisako Kanemoto)", "url": "http://www.crunchyroll.com/squid-girl/squid-girl-season-1-interview-with-squid-girl-hisako-kanemoto-568238"}, {"title": "Hat Making", "url": "http://www.crunchyroll.com/squid-girl/squid-girl-season-1-hat-making-568240"}, {"title": "Squid Girl Preview #2", "url": "http://www.crunchyroll.com/squid-girl/squid-girl-season-1-squid-girl-preview-2-560300"}, {"title": "Episode 1 - Who's up for a squid-vasion? / Hold on a squid, aren't you a compatriot? / Aren't I just the squiddiest?", "url": "http://www.crunchyroll.com/squid-girl/episode-1-whos-up-for-a-squid-vasion-hold-on-a-squid-arent-you-a-compatriot-arent-i-just-the-squiddiest-560036"}, {"title": "Episode 2 - Wait a squid, aren't you on my side? / Up for a squid-celebration? / Wanna play with this squid?", "url": "http://www.crunchyroll.com/squid-girl/episode-2-wait-a-squid-arent-you-on-my-side-up-for-a-squid-celebration-wanna-play-with-this-squid-560104"}, {"title": "Episode 3 - Aren't you a fraidy-squid? / You're the squid's sworn enemy, aren't you? / Squidzooks! Aren't you a new recruit?", "url": "http://www.crunchyroll.com/squid-girl/episode-3-arent-you-a-fraidy-squid-youre-the-squids-sworn-enemy-arent-you-squidzooks-arent-you-a-new-recruit-560106"}, {"title": "Episode 4 - How much is that squiddy in the window? / Ride 'em, Squiddy! / You're phonier than an 11-tentacled squid!", "url": "http://www.crunchyroll.com/squid-girl/episode-4-how-much-is-that-squiddy-in-the-window-ride-em-squiddy-youre-phonier-than-an-11-tentacled-squid-560108"}, {"title": "Episode 5 - Not from this sea, are you? / Why not join the school of fish? / Wouldn't having a pet be squidtastic?", "url": "http://www.crunchyroll.com/squid-girl/episode-5-not-from-this-sea-are-you-why-not-join-the-school-of-fish-wouldnt-having-a-pet-be-squidtastic-560110"}, {"title": "Episode 6 - Up for an inkredible Hero Stage Show? / Squidn't you be studying right now? / Is this inkfatuation or love?", "url": "http://www.crunchyroll.com/squid-girl/episode-6-up-for-an-inkredible-hero-stage-show-squidnt-you-be-studying-right-now-is-this-inkfatuation-or-love-560114"}, {"title": "Episode 7 - Focus your tentacles on her! / Feeling inkuisitive? / A squiddle work never killed anyone.", "url": "http://www.crunchyroll.com/squid-girl/episode-7-focus-your-tentacles-on-her-feeling-inkuisitive-a-squiddle-work-never-killed-anyone-560118"}, {"title": "Episode 8 - Aren't you a squiddle under the weather? / Ink that a new ability? / Squidn't you bring an umbrella?", "url": "http://www.crunchyroll.com/squid-girl/episode-8-arent-you-a-squiddle-under-the-weather-ink-that-a-new-ability-squidnt-you-bring-an-umbrella-560120"}, {"title": "Episode 9 - Wanna doorbell ditch, squiddo? / Can squids put on make-up? / Holy squid! Is that a secret weapon?", "url": "http://www.crunchyroll.com/squid-girl/episode-9-wanna-doorbell-ditch-squiddo-can-squids-put-on-make-up-holy-squid-is-that-a-secret-weapon-560122"}, {"title": "Episode 10 - Isn't that a Teru Teru bosquid? / What squidsn't there to like? / One! Two! Three squids, you're out!", "url": "http://www.crunchyroll.com/squid-girl/episode-10-isnt-that-a-teru-teru-bosquid-what-squidsnt-there-to-like-one-two-three-squids-youre-out-560124"}, {"title": "Episode 11 - I ink that's a doll? / Isn't that fishy? / Squids to match my mountains.", "url": "http://www.crunchyroll.com/squid-girl/episode-11-i-ink-thats-a-doll-isnt-that-fishy-squids-to-match-my-mountains-560128"}, {"title": "Episode 12 - You feeling lucky, squid? / Quite the squidicament we're in. / An even worse squidicament!", "url": "http://www.crunchyroll.com/squid-girl/episode-12-you-feeling-lucky-squid-quite-the-squidicament-were-in-an-even-worse-squidicament-560130"}], "coverImage": {"large": "https://s3.anilist.co/media/anime/cover/medium/13267.jpg", "medium": "https://s3.anilist.co/media/anime/cover/small/13267.jpg"}, "bannerImage": null, "isAdult": false, "format": "OVA"}, {"id": 13271, "title": {"romaji": "Hunter x Hunter: Phantom Rouge", "english": null}, "type": "ANIME", "status": "FINISHED", "description": "Kurapika became a Hunter to take vengeance on the Class-A crime group Phantom Troupe who massacred his clan for their unique eyes. The eyes of the Kurta clan turn scarlet in times of anger or emotional agitation and are considered the most beautiful treasures in the world. Kurapika continues to pursue the Phantom Troupe but an unknown party has stolen his \"scarlet eyes\". With the help of Gon, Killua and Leorio, Kurapika' s life was saved. However, the Phantom Troupe shows up before them and blocks their way. The true identity of the one with the No.4 spider tattoo is about to be unveiled. <br><br>\n(Source: Hunterpedia)", "startDate": {"year": 2013, "month": 1, "day": 12}, "endDate": {"year": 2013, "month": 1, "day": 12}, "season": "WINTER", "episodes": 1, "duration": 97, "genres": ["Action", "Adventure"], "averageScore": 68, "trending": 0, "popularity": 6018, "streamingEpisodes": [], "coverImage": {"large": "https://s3.anilist.co/media/anime/cover/medium/13271.jpg", "medium": "https://s3.anilist.co/media/anime/cover/small/13271.jpg"}, "bannerImage": "https://s3.anilist.co/media/anime/banner/13271-JeaNxflV2oOy.jpg", "isAdult": false, "format": "MOVIE"}, {"id": 13281, "title": {"romaji": "FlashBack", "english": null}, "type": "ANIME", "status": "FINISHED", "description": "Music video from Akane Aki.", "startDate": {"year": 2012, "month": 2, "day": 24}, "endDate": {"year": 2012, "month": 2, "day": 24}, "season": null, "episodes": 1, "duration": 3, "genres": ["Music"], "averageScore": 60, "trending": 0, "popularity": 309, "streamingEpisodes": [], "coverImage": {"large": "https://s3.anilist.co/media/anime/cover/medium/13281.jpg", "medium": "https://s3.anilist.co/media/anime/cover/small/13281.jpg"}, "bannerImage": null, "isAdult": false, "format": "MUSIC"}, {"id": 13283, "title": {"romaji": "One Off", "english": null}, "type": "ANIME", "status": "FINISHED", "description": "A slice of life of high school girls in the early summer. Shiozaki Haruno is a 17-year-old girl who loves her motor cycle, HONDA's Giorno. She lives in remote highlands and longs for a vivid life in a city. <br><br>\nEncounters with people staying at Haruno's parents' boardinghouse encourage her to step forward to her dream.", "startDate": {"year": 2012, "month": 8, "day": 5}, "endDate": {"year": 2012, "month": 10, "day": 7}, "season": "SUMMER", "episodes": 4, "duration": 15, "genres": ["Slice of Life"], "averageScore": 60, "trending": 0, "popularity": 1759, "streamingEpisodes": [], "coverImage": {"large": "https://s3.anilist.co/media/anime/cover/medium/13283.jpg", "medium": "https://s3.anilist.co/media/anime/cover/small/13283.jpg"}, "bannerImage": null, "isAdult": false, "format": "OVA"}, {"id": 13287, "title": {"romaji": "Galaxy Angel: Sukiyaki Bentou Goninmae", "english": null}, "type": "ANIME", "status": "FINISHED", "description": "DVD only episode.", "startDate": {"year": 2002, "month": 1, "day": 25}, "endDate": {"year": 2002, "month": 1, "day": 25}, "season": "WINTER", "episodes": 1, "duration": 15, "genres": ["Comedy", "Sci-Fi"], "averageScore": 58, "trending": 0, "popularity": 202, "streamingEpisodes": [], "coverImage": {"large": "https://s3.anilist.co/media/anime/cover/medium/13287.jpg", "medium": "https://s3.anilist.co/media/anime/cover/small/13287.jpg"}, "bannerImage": null, "isAdult": false, "format": "SPECIAL"}, {"id": 13299, "title": {"romaji": "Houkago no Tinker Bell", "english": null}, "type": "ANIME", "status": "FINISHED", "description": "Based on a story from the After School Series line of light novels.<br><br>\nKenichi Akizuki and Misako Watanabe work together to solve the mysterious disappearance of their classmate Ryouko Miyazaki.  The only clue left by the kidnapper is signed Koushin Okazaki, her late classmate who'd committed suicide to preserve his youth and become like Peter Pan.", "startDate": {"year": 1992, "month": 7, "day": 22}, "endDate": {"year": 1992, "month": 7, "day": 22}, "season": "SUMMER", "episodes": 1, "duration": 46, "genres": ["Comedy", "Drama", "Romance", "Slice of Life"], "averageScore": null, "trending": 0, "popularity": 58, "streamingEpisodes": [], "coverImage": {"large": "https://s3.anilist.co/media/anime/cover/medium/13299.jpg", "medium": "https://s3.anilist.co/media/anime/cover/small/13299.jpg"}, "bannerImage": null, "isAdult": false, "format": "OVA"}, {"id": 13303, "title": {"romaji": "Usogui", "english": null}, "type": "ANIME", "status": "FINISHED", "description": "There are gamblers out there who even bet their lives as ante. But to secure the integrity of these life-threatening gambles, a violent and powerful organization by the name of \"Kagerou\" referees these games as a neutral party. Follow Bak Madarame a.k.a. Usogui (The Lie Eater) as he gambles against maniacal opponents at games&mdash;such as Escape the Abandoned Building, Old Maid, and Hangman&mdash;to ultimately \"out-gamble\" and control the neutral organization of Kagerou itself. <br><br>\n(Source: MU) ", "startDate": {"year": 2012, "month": 10, "day": 19}, "endDate": {"year": 2012, "month": 10, "day": 19}, "season": "FALL", "episodes": 1, "duration": null, "genres": ["Psychological"], "averageScore": null, "trending": 0, "popularity": 141, "streamingEpisodes": [], "coverImage": {"large": "https://s3.anilist.co/media/anime/cover/medium/13303.jpg", "medium": "https://s3.anilist.co/media/anime/cover/small/13303.jpg"}, "bannerImage": null, "isAdult": false, "format": "OVA"}, {"id": 13307, "title": {"romaji": "Shounen Ninja Kaze no Fujimaru", "english": null}, "type": "ANIME", "status": "FINISHED", "description": "It's a pretty basic story about a boy practicing the arts of ninjutsu, fighting evil and trying to find his mother.<br><br>\nYoung Fujimaru got snatched away from his mother by an eagle and was rescued by a ninja named Sasuke who raised him and taught him ninja techniques.<br>\nLater Fujimaru embarks on a quest to find his mother, encounters his arch enemy and learns about a secret book that contains secret ninja arts.<br><br>\nThe series is pretty old, but portraits loads of classic ninja techniques, like elemental manipulation (fire &amp; wind), creating illusionary clones and breathing through a reed.", "startDate": {"year": 1964, "month": 6, "day": 7}, "endDate": {"year": 1965, "month": 8, "day": 31}, "season": "SUMMER", "episodes": 65, "duration": 24, "genres": ["Action", "Adventure"], "averageScore": null, "trending": 0, "popularity": 39, "streamingEpisodes": [], "coverImage": {"large": "https://s3.anilist.co/media/anime/cover/medium/13307-LahAsvEwVqMy.png", "medium": "https://s3.anilist.co/media/anime/cover/small/13307-LahAsvEwVqMy.png"}, "bannerImage": "https://s3.anilist.co/media/anime/banner/13307-UflOa9RnVhKl.jpg", "isAdult": false, "format": "TV"}, {"id": 13309, "title": {"romaji": "Kyoto Animation: Hoshi-hen", "english": "Star"}, "type": "ANIME", "status": "FINISHED", "description": "Kyoto Animation commercial.", "startDate": {"year": 2011, "month": 8, "day": 19}, "endDate": {"year": 2011, "month": 8, "day": 19}, "season": "SUMMER", "episodes": 1, "duration": null, "genres": ["Fantasy"], "averageScore": 52, "trending": 0, "popularity": 572, "streamingEpisodes": [], "coverImage": {"large": "https://s3.anilist.co/media/anime/cover/medium/13309.jpg", "medium": "https://s3.anilist.co/media/anime/cover/small/13309.jpg"}, "bannerImage": null, "isAdult": false, "format": "SPECIAL"}, {"id": 13311, "title": {"romaji": "Henshin Gattai! 5 tsu no Atsuki Tamashii", "english": null}, "type": "ANIME", "status": "FINISHED", "description": "Animator Sakamoto Shouta (&#22338;&#26412;&#28169;&#22826;) conceived, designed, animated, and also composed music for the above animated short, which the anime studio Gainax began featuring on its official website. The video mimics the popular sentai genre, with five young people transforming into a costumed superhero team.<br><br>\nThe video is the first one of a planned \"MUSIC is SF\" series.<br><br>\n(Source: AniDB)", "startDate": {"year": 2011, "month": 1, "day": 28}, "endDate": {"year": 2011, "month": 1, "day": 28}, "season": "WINTER", "episodes": 1, "duration": 1, "genres": ["Music"], "averageScore": null, "trending": 0, "popularity": 69, "streamingEpisodes": [], "coverImage": {"large": "https://s3.anilist.co/media/anime/cover/medium/13311.jpg", "medium": "https://s3.anilist.co/media/anime/cover/small/13311.jpg"}, "bannerImage": null, "isAdult": false, "format": "MUSIC"}, {"id": 13325, "title": {"romaji": "Crimson Girls: Chikan Shihai", "english": null}, "type": "ANIME", "status": "FINISHED", "description": "The Crimson Girls protect women from train molesters. Mitsu, one of the two members, caught the attention of a unique man who could make a woman orgasm with just a touch. He and some of his friends trap Mitsu on the train and brought her to the hotel where she was tortured and had her virginity taken. Now that one of the Crimson Girls has succumbed to his will, his next target is Saki&hellip;<br><br>\nSource: HentaiTake", "startDate": {"year": 2012, "month": 5, "day": 25}, "endDate": {"year": 2015, "month": 9, "day": 20}, "season": "SPRING", "episodes": 3, "duration": 21, "genres": ["Hentai"], "averageScore": 55, "trending": 0, "popularity": 389, "streamingEpisodes": [], "coverImage": {"large": "https://s3.anilist.co/media/anime/cover/medium/nx13325-5YEOH1yVgr6O.jpg", "medium": "https://s3.anilist.co/media/anime/cover/small/nx13325-5YEOH1yVgr6O.jpg"}, "bannerImage": null, "isAdult": true, "format": "OVA"}, {"id": 13331, "title": {"romaji": "Jormungand: Perfect Order", "english": null}, "type": "ANIME", "status": "FINISHED", "description": "A ruthless arms dealer on a quixotic quest for world peace. A child soldier born into chaotic conflict. Their lives will intertwine as they journey together through the seedy underbelly of the world's arms market. <br><br>\n(Source: FUNimation) ", "startDate": {"year": 2012, "month": 10, "day": 10}, "endDate": {"year": 2012, "month": 12, "day": 26}, "season": "FALL", "episodes": 12, "duration": 24, "genres": ["Action", "Adventure"], "averageScore": 77, "trending": 0, "popularity": 8943, "streamingEpisodes": [], "coverImage": {"large": "https://s3.anilist.co/media/anime/cover/medium/13331.jpg", "medium": "https://s3.anilist.co/media/anime/cover/small/13331.jpg"}, "bannerImage": null, "isAdult": false, "format": "TV"}, {"id": 13333, "title": {"romaji": "Tari Tari", "english": null}, "type": "ANIME", "status": "FINISHED", "description": "The last year of high school is always a time of both looking forward and looking back. Before you lives the future, alternately bright and scary. Behind you lie memories, both happy and sad. And somehow, in the course of one year, you have to reconcile those two and decide where your life is going to go.<br><br>\nFor Wakana Sakai, who had started studying music, it's time to face the tragedy that made her abandon that path. For Sawa Okita, it's about her dreams of riding professionally. And for Konatsu Miyamoto, it's about bringing her friends together through the magic of a song. Can something as simple as the formation of a choir club really help solve the hurts and pangs that come with growing up? Can music bring people together despite their differences?<br><br>\n(Source: Sentai Filmworks) ", "startDate": {"year": 2012, "month": 7, "day": 1}, "endDate": {"year": 2012, "month": 9, "day": 23}, "season": "SUMMER", "episodes": 13, "duration": 24, "genres": ["Music", "Slice of Life"], "averageScore": 71, "trending": 0, "popularity": 10859, "streamingEpisodes": [{"title": "Episode 1 - Running and Inviting", "url": "http://www.crunchyroll.com/tari-tari/episode-1-running-and-inviting-603781"}, {"title": "Episode 2 - Gathering and Struggling", "url": "http://www.crunchyroll.com/tari-tari/episode-2-gathering-and-struggling-603783"}, {"title": "Episode 3 - Swinging and Meeting", "url": "http://www.crunchyroll.com/tari-tari/episode-3-swinging-and-meeting-603785"}, {"title": "Episode 4 - Getting Angry and Dancing", "url": "http://www.crunchyroll.com/tari-tari/episode-4-getting-angry-and-dancing-606675"}, {"title": "Episode 5 - Throwing Away and Holding On", "url": "http://www.crunchyroll.com/tari-tari/episode-5-throwing-away-and-holding-on-606677"}, {"title": "Episode 6 - Laughing and Remembering", "url": "http://www.crunchyroll.com/tari-tari/episode-6-laughing-and-remembering-606679"}, {"title": "Episode 7 - Spinning in Circles and Losing Sight", "url": "http://www.crunchyroll.com/tari-tari/episode-7-spinning-in-circles-and-losing-sight-606681"}, {"title": "Episode 8 - Worrying and Racing Ahead", "url": "http://www.crunchyroll.com/tari-tari/episode-8-worrying-and-racing-ahead-606683"}, {"title": "Episode 9 - Turning White and Turning Red", "url": "http://www.crunchyroll.com/tari-tari/episode-9-turning-white-and-turning-red-606685"}, {"title": "Episode 10 - Crushing and Burning", "url": "http://www.crunchyroll.com/tari-tari/episode-10-crushing-and-burning-606687"}, {"title": "Episode 11 - Waxing and Waning", "url": "http://www.crunchyroll.com/tari-tari/episode-11-waxing-and-waning-606689"}, {"title": "Episode 12 - Piling Up and Rippling", "url": "http://www.crunchyroll.com/tari-tari/episode-12-piling-up-and-rippling-606691"}, {"title": "Episode 13 - Sunny Days and Crying and Sometimes Singing", "url": "http://www.crunchyroll.com/tari-tari/episode-13-sunny-days-and-crying-and-sometimes-singing-611425"}], "coverImage": {"large": "https://s3.anilist.co/media/anime/cover/medium/13333.jpg", "medium": "https://s3.anilist.co/media/anime/cover/small/13333.jpg"}, "bannerImage": "https://s3.anilist.co/media/anime/banner/13333-7nMTQrwPi90k.jpg", "isAdult": false, "format": "TV"}, {"id": 13335, "title": {"romaji": "Fuse Teppou Musume no Torimonochou", "english": "FUSE - Memoirs of the Hunter Girl"}, "type": "ANIME", "status": "FINISHED", "description": "In Kyokutei Bakin's classic Japanese epic novel Nansou Satomi Hakkenden, eight samurai serve the Satomi clan during Japan's tumultuous Sengoku (Warring States) era. The Edo-era samurai are the reincarnations of the spirits that Princess Fuse mothered with a dog named Yatsufusa. In Fuse Gansaku: Satomi Hakkenden, the female hunter Hamaji comes to her brother in order to hunt Fuse. Thus, the karmic cycle of retribution that began long ago with the Satomi family begins anew.<br><br>\n(Source: ANN) <br><br>\nFuse were hybrid creatures of humans and dogs in the Edo period. As there were rumors saying that they killed humans and ate their souls, the Shogun Government offered high bounty for hunting them.<br><br>\nHamaji was a young female huntress living in the rural part of Mutsu while her brother Dousetsu was living in Edo. The story began as Hamaji went to Edo in order to help his brother to earn some bounty. But in Edo, she met a mysterious young men being chased by others. His name was Shino ...<br><br>\n(partially translated from Wikipedia JP, main spoilers removed)", "startDate": {"year": 2012, "month": 10, "day": 20}, "endDate": {"year": 2012, "month": 10, "day": 20}, "season": "FALL", "episodes": 1, "duration": 110, "genres": ["Action", "Drama"], "averageScore": 68, "trending": 0, "popularity": 2012, "streamingEpisodes": [], "coverImage": {"large": "https://s3.anilist.co/media/anime/cover/medium/13335.jpg", "medium": "https://s3.anilist.co/media/anime/cover/small/13335.jpg"}, "bannerImage": null, "isAdult": false, "format": "MOVIE"}, {"id": 13349, "title": {"romaji": "Chouyaku Hyakuninisshu: Uta Koi.", "english": "Utakoi"}, "type": "ANIME", "status": "FINISHED", "description": "Uta Koi tells the \"super-liberal interpretation\" of the Hyakuninisshu anthology compiled during Japan's Heian period of 100 romantic poems from 100 different poets such as The Tale of Genji's Murasaki Shikibu.", "startDate": {"year": 2012, "month": 7, "day": 3}, "endDate": {"year": 2012, "month": 9, "day": 25}, "season": "SUMMER", "episodes": 13, "duration": 24, "genres": [], "averageScore": 68, "trending": 1, "popularity": 2083, "streamingEpisodes": [{"title": "Episode 1 - Takaiko and Narihira / Yukihira and Hiroko", "url": "http://www.crunchyroll.com/utakoi/episode-1-takaiko-and-narihira-yukihira-and-hiroko-603793"}, {"title": "Episode 2 - Sadaakira and Yasuko", "url": "http://www.crunchyroll.com/utakoi/episode-2-sadaakira-and-yasuko-606509"}, {"title": "Episode 3 - Munesada and Yoshiko \\ The Monk Henjo", "url": "http://www.crunchyroll.com/utakoi/episode-3-munesada-and-yoshiko-the-monk-henjo-606711"}, {"title": "Episode 4 - Yasuhide and Narihira \\ Funya no Yasuhide", "url": "http://www.crunchyroll.com/utakoi/episode-4-yasuhide-and-narihira-funya-no-yasuhide-606713"}, {"title": "Episode 5 - Eastward Ono no Komachi", "url": "http://www.crunchyroll.com/utakoi/episode-5-eastward-ono-no-komachi-606715"}, {"title": "Episode 6 - Uta Hen+", "url": "http://www.crunchyroll.com/utakoi/episode-6-uta-hen-606717"}, {"title": "Episode 7 - Yoshitaka & the Daughter of Minamoto no Yasumitsu \\ Ko no Naishi & Michitaka", "url": "http://www.crunchyroll.com/utakoi/episode-7-yoshitaka-the-daughter-of-minamoto-no-yasumitsu-ko-no-naishi-michitaka-606719"}, {"title": "Episode 8 - Mount Suenomatsu \\ Kiyohara no Motosuke", "url": "http://www.crunchyroll.com/utakoi/episode-8-mount-suenomatsu-kiyohara-no-motosuke-606721"}, {"title": "Episode 9 - Shonagon and Yukinari \\ Sei Shonagon", "url": "http://www.crunchyroll.com/utakoi/episode-9-shonagon-and-yukinari-sei-shonagon-606723"}, {"title": "Episode 10 - Nakoso Falls \\ Councilor Kinto", "url": "http://www.crunchyroll.com/utakoi/episode-10-nakoso-falls-councilor-kinto-606725"}, {"title": "Episode 11 - Kaoriko and Fujiko \\ Murasaki Shikibu", "url": "http://www.crunchyroll.com/utakoi/episode-11-kaoriko-and-fujiko-murasaki-shikibu-606727"}, {"title": "Episode 12 - Michimasa and Masako \\ Midnight Moon", "url": "http://www.crunchyroll.com/utakoi/episode-12-michimasa-and-masako-midnight-moon-606729"}, {"title": "Episode 13 - Teika and Noriko \\ Princess Shokushi Gon Chunagon Teika", "url": "http://www.crunchyroll.com/utakoi/episode-13-teika-and-noriko-princess-shokushi-gon-chunagon-teika-606731"}], "coverImage": {"large": "https://s3.anilist.co/media/anime/cover/medium/13349.jpg", "medium": "https://s3.anilist.co/media/anime/cover/small/13349.jpg"}, "bannerImage": null, "isAdult": false, "format": "TV"}, {"id": 13357, "title": {"romaji": "High School DxD Specials", "english": null}, "type": "ANIME", "status": "FINISHED", "description": "A series of 3-5 minute specials that were bundled with the HighSchool DxD DVD and Blu-rays. They are a stand alone set of episodes that are not a part of any story line in particular.<br><br>\nSpecial 1: Going Sunbathing! - The Occult Research Club goes on a beach outing.<br><br>\nSpecial 2: Issei's Private Training! - Issei is being given lessons in magic by Akeno.<br><br>\nSpecial 3: A Little Bold, Koneko-Chan... Nyan! - Koneko accidentally has her personality reversed magically, making her incredibly sexually active and reversing her sexual preference.<br><br>\nSpecial 4: The Untold Story of The Dress Break's Birth! - A few flashbacks of how Issei first found out and eventually perfected his special move, Dress Break.<br><br>\nSpecial 5: Making Udon! - As part of a penalty for losing a bet, Sona and Tsubaki make udon for the Occult Research Club but the udon comes to life in a peculiar way...<br><br>\nSpecial 6: Asia Transforms! - Asia wants to prove she is just as bad as any demon by using ideas found in Issei's magazines, going as far as dressing up like a harlot and seducing him.<br><br>\n(Source: Wikipedia)", "startDate": {"year": 2012, "month": 3, "day": 21}, "endDate": {"year": 2012, "month": 8, "day": 29}, "season": "SPRING", "episodes": 6, "duration": 3, "genres": ["Comedy", "Ecchi", "Romance"], "averageScore": 67, "trending": 0, "popularity": 8292, "streamingEpisodes": [], "coverImage": {"large": "https://s3.anilist.co/media/anime/cover/medium/13357.jpg", "medium": "https://s3.anilist.co/media/anime/cover/small/13357.jpg"}, "bannerImage": null, "isAdult": false, "format": "SPECIAL"}, {"id": 13359, "title": {"romaji": "PistStar", "english": null}, "type": "ANIME", "status": "FINISHED", "description": "The Nagoya Keirin Golden Dolphin Competition is a bicycle race&mdash;specifically a Japanese style track cycling event held in a velodrome&mdash;and this year's 62nd annual competition will be supporting areas affected by the 2011 earthquake. An anime clip was created as part of a promotional campaign.", "startDate": {"year": 2012, "month": 3, "day": 19}, "endDate": {"year": 2012, "month": 3, "day": 19}, "season": "SPRING", "episodes": 1, "duration": 1, "genres": [], "averageScore": 40, "trending": 0, "popularity": 82, "streamingEpisodes": [], "coverImage": {"large": "https://s3.anilist.co/media/anime/cover/medium/13359.jpg", "medium": "https://s3.anilist.co/media/anime/cover/small/13359.jpg"}, "bannerImage": null, "isAdult": false, "format": "ONA"}, {"id": 13365, "title": {"romaji": "Samchongsa: Taimmeosin 001", "english": null}, "type": "ANIME", "status": "FINISHED", "description": null, "startDate": {"year": 1980, "month": 1, "day": 12}, "endDate": {"year": 1980, "month": 1, "day": 12}, "season": "WINTER", "episodes": 1, "duration": 71, "genres": ["Sci-Fi"], "averageScore": null, "trending": 0, "popularity": 21, "streamingEpisodes": [], "coverImage": {"large": "https://s3.anilist.co/media/anime/cover/medium/13365.jpg", "medium": "https://s3.anilist.co/media/anime/cover/small/13365.jpg"}, "bannerImage": null, "isAdult": false, "format": "MOVIE"}, {"id": 13367, "title": {"romaji": "Kono Naka ni Hitori, Imouto ga Iru!", "english": "NAKAIMO - My Little Sister Is Among Them!"}, "type": "ANIME", "status": "FINISHED", "description": "Is insanity hereditary? Shougo Mikadono's beginning to think so, because the terms of his late father's will seem crazy and following them may drive Shougo bonkers as well. Oh, it sounds simple at first: before Shougo can claim his VERY large inheritance, he just has to start attending a certain new school and find a nice girl to marry. It's a little unromantic, but perfectly do-able, right? After all, all the girls seem quite friendly, so all Shougo has to do is find one he has something in common with. EXCEPT, and here's the kicker, it turns out that Shougo has WAY too much in common with one of them, because she's actually his long lost sister! And he has no idea which one she is! Will Shougo meet and court his Miss Right without committing something very morally wrong? Can he find his future bride without slipping into the wrong set of genes? And if his little sister does reveal herself, just how much will be revealed and under what circumstances? <br><br>\n(Source: Sentai Filmworks) ", "startDate": {"year": 2012, "month": 7, "day": 6}, "endDate": {"year": 2012, "month": 9, "day": 28}, "season": "SUMMER", "episodes": 12, "duration": 24, "genres": ["Comedy", "Ecchi", "Romance"], "averageScore": 62, "trending": 0, "popularity": 10033, "streamingEpisodes": [], "coverImage": {"large": "https://s3.anilist.co/media/anime/cover/medium/13367.jpg", "medium": "https://s3.anilist.co/media/anime/cover/small/13367.jpg"}, "bannerImage": "https://s3.anilist.co/media/anime/banner/13367-DtBXQ4MPjgZF.jpg", "isAdult": false, "format": "TV"}, {"id": 13369, "title": {"romaji": "Cornelis", "english": null}, "type": "ANIME", "status": "FINISHED", "description": null, "startDate": {"year": 2008, "month": null, "day": null}, "endDate": {"year": 2008, "month": null, "day": null}, "season": null, "episodes": 1, "duration": 4, "genres": ["Comedy"], "averageScore": null, "trending": 0, "popularity": 44, "streamingEpisodes": [], "coverImage": {"large": "https://s3.anilist.co/media/anime/cover/medium/13369.jpg", "medium": "https://s3.anilist.co/media/anime/cover/small/13369.jpg"}, "bannerImage": null, "isAdult": false, "format": "OVA"}, {"id": 13373, "title": {"romaji": "Kyoto Animation: Hana-hen", "english": "Flower"}, "type": "ANIME", "status": "FINISHED", "description": "Kyoto Animation commercial.", "startDate": {"year": 2010, "month": 6, "day": 16}, "endDate": {"year": 2010, "month": 6, "day": 16}, "season": "SUMMER", "episodes": 1, "duration": null, "genres": ["Slice of Life"], "averageScore": 53, "trending": 0, "popularity": 607, "streamingEpisodes": [], "coverImage": {"large": "https://s3.anilist.co/media/anime/cover/medium/13373.jpg", "medium": "https://s3.anilist.co/media/anime/cover/small/13373.jpg"}, "bannerImage": null, "isAdult": false, "format": "SPECIAL"}, {"id": 13375, "title": {"romaji": "Kyoto Animation: Sora-hen", "english": "Sky"}, "type": "ANIME", "status": "FINISHED", "description": "Kyoto Animation commercial.", "startDate": {"year": 2010, "month": 7, "day": 16}, "endDate": {"year": 2010, "month": 7, "day": 16}, "season": "SUMMER", "episodes": 1, "duration": null, "genres": ["Slice of Life"], "averageScore": 51, "trending": 0, "popularity": 586, "streamingEpisodes": [], "coverImage": {"large": "https://s3.anilist.co/media/anime/cover/medium/13375.jpg", "medium": "https://s3.anilist.co/media/anime/cover/small/13375.jpg"}, "bannerImage": null, "isAdult": false, "format": "SPECIAL"}, {"id": 13377, "title": {"romaji": "Recorder to Randoseru Re\u266a", "english": "Recorder and Randsell Re"}, "type": "ANIME", "status": "FINISHED", "description": "Second season.", "startDate": {"year": 2012, "month": 4, "day": 4}, "endDate": {"year": 2012, "month": 6, "day": 27}, "season": "SPRING", "episodes": 13, "duration": 3, "genres": ["Comedy"], "averageScore": 64, "trending": 0, "popularity": 2228, "streamingEpisodes": [{"title": "Episode 1 - Atsushi and Atsumi", "url": "http://www.crunchyroll.com/recorder-and-randsell/episode-1-atsushi-and-atsumi-589514"}, {"title": "Episode 2 - Atsumi and the Everyday", "url": "http://www.crunchyroll.com/recorder-and-randsell/episode-2-atsumi-and-the-everyday-589516"}, {"title": "Episode 3 - Sayo and Atsumi", "url": "http://www.crunchyroll.com/recorder-and-randsell/episode-3-sayo-and-atsumi-589518"}, {"title": "Episode 4 - Atsushi and Grade School", "url": "http://www.crunchyroll.com/recorder-and-randsell/episode-4-atsushi-and-grade-school-589520"}, {"title": "Episode 5 - Atsushi and the Bean-Throwing Festival", "url": "http://www.crunchyroll.com/recorder-and-randsell/episode-5-atsushi-and-the-bean-throwing-festival-589522"}, {"title": "Episode 6 - Atsushi and Chocolate", "url": "http://www.crunchyroll.com/recorder-and-randsell/episode-6-atsushi-and-chocolate-589524"}, {"title": "Episode 7 - Movies and Misunderstandings", "url": "http://www.crunchyroll.com/recorder-and-randsell/episode-7-movies-and-misunderstandings-589526"}, {"title": "Episode 8 - Atsushi and the Doll Festival", "url": "http://www.crunchyroll.com/recorder-and-randsell/episode-8-atsushi-and-the-doll-festival-589528"}, {"title": "Episode 9 - Take and Finding a Job", "url": "http://www.crunchyroll.com/recorder-and-randsell/episode-9-take-and-finding-a-job-589530"}, {"title": "Episode 10 - Atsushi and White Day", "url": "http://www.crunchyroll.com/recorder-and-randsell/episode-10-atsushi-and-white-day-589532"}, {"title": "Episode 11 - Atsushi and the Library", "url": "http://www.crunchyroll.com/recorder-and-randsell/episode-11-atsushi-and-the-library-589534"}, {"title": "Episode 12 - Atsushi and Misunderstandings", "url": "http://www.crunchyroll.com/recorder-and-randsell/episode-12-atsushi-and-misunderstandings-589536"}, {"title": "Episode 13 - Flower Viewing and Siblings", "url": "http://www.crunchyroll.com/recorder-and-randsell/episode-13-flower-viewing-and-siblings-589538"}, {"title": "Episode 14 - The New Students and the Misunderstanding", "url": "http://www.crunchyroll.com/recorder-and-randsell/episode-14-the-new-students-and-the-misunderstanding-589540"}, {"title": "Episode 15 - Atsushi and the Bike", "url": "http://www.crunchyroll.com/recorder-and-randsell/episode-15-atsushi-and-the-bike-589542"}, {"title": "Episode 16 - Atsushi and his Dream", "url": "http://www.crunchyroll.com/recorder-and-randsell/episode-16-atsushi-and-his-dream-589544"}, {"title": "Episode 17 - Pastries and Cheering ", "url": "http://www.crunchyroll.com/recorder-and-randsell/episode-17-pastries-and-cheering-589546"}, {"title": "Episode 18 - Family and Hot Springs ", "url": "http://www.crunchyroll.com/recorder-and-randsell/episode-18-family-and-hot-springs-589548"}, {"title": "Episode 19 - Atsushi and Sports Day - Part 1", "url": "http://www.crunchyroll.com/recorder-and-randsell/episode-19-atsushi-and-sports-day-part-1-589550"}, {"title": "Episode 20 - Atsushi and Sports Day - Part 2", "url": "http://www.crunchyroll.com/recorder-and-randsell/episode-20-atsushi-and-sports-day-part-2-589552"}, {"title": "Episode 21 - Misunderstandings and Truth", "url": "http://www.crunchyroll.com/recorder-and-randsell/episode-21-misunderstandings-and-truth-589554"}, {"title": "Episode 22 - Atsushi and Hand-Me-Downs", "url": "http://www.crunchyroll.com/recorder-and-randsell/episode-22-atsushi-and-hand-me-downs-589556"}, {"title": "Episode 23 - Atsushi and Culture Fairs", "url": "http://www.crunchyroll.com/recorder-and-randsell/episode-23-atsushi-and-culture-fairs-589558"}, {"title": "Episode 24 - Big Sister and Little Sister", "url": "http://www.crunchyroll.com/recorder-and-randsell/episode-24-big-sister-and-little-sister-589560"}, {"title": "Episode 25 - Atsushi and Chases", "url": "http://www.crunchyroll.com/recorder-and-randsell/episode-25-atsushi-and-chases-589562"}, {"title": "Episode 26 - Atsushi and Bye-Byes", "url": "http://www.crunchyroll.com/recorder-and-randsell/episode-26-atsushi-and-bye-byes-589564"}], "coverImage": {"large": "https://s3.anilist.co/media/anime/cover/medium/13377.jpg", "medium": "https://s3.anilist.co/media/anime/cover/small/13377.jpg"}, "bannerImage": null, "isAdult": false, "format": "TV_SHORT"}, {"id": 13379, "title": {"romaji": "Oku-sama wa Michael", "english": null}, "type": "ANIME", "status": "FINISHED", "description": null, "startDate": {"year": 2012, "month": 4, "day": 20}, "endDate": {"year": 2014, "month": 6, "day": 6}, "season": "SPRING", "episodes": 2, "duration": 30, "genres": ["Hentai"], "averageScore": 52, "trending": 0, "popularity": 208, "streamingEpisodes": [], "coverImage": {"large": "https://s3.anilist.co/media/anime/cover/medium/13379.jpg", "medium": "https://s3.anilist.co/media/anime/cover/small/13379.jpg"}, "bannerImage": null, "isAdult": true, "format": "OVA"}]}}}